Time_s,RMS,RMS_max,RMS_norm,Class
0.1,190.652317526941,190.652317526941,1,Kontraksi
0.2,12.4179313380723,190.652317526941,0.0651339123444829,Relaksasi
0.3,9.280623815183,190.652317526941,0.0486782638447158,Relaksasi
0.4,7.45065821169081,190.652317526941,0.0390798197910075,Relaksasi
0.5,6.21097248268988,190.652317526941,0.0325774822108428,Relaksasi
0.6,5.81564205927054,190.652317526941,0.0305039148472387,Relaksasi
0.7,6.37575439694962,190.652317526941,0.0334417880655904,Relaksasi
0.8,6.78996488004228,190.652317526941,0.0356143841738655,Relaksasi
0.9,6.51720050039041,190.652317526941,0.0341836940926221,Relaksasi
1,6.17734152932885,190.652317526941,0.0324010828163991,Relaksasi
1.1,5.9440037149243,190.652317526941,0.0311771909831851,Relaksasi
1.2,6.17843771303271,190.652317526941,0.0324068324643346,Relaksasi
1.3,6.92389846899656,190.652317526941,0.0363168859356674,Relaksasi
1.4,7.02465552324219,190.652317526941,0.0368453717970123,Relaksasi
1.5,6.66079512721559,190.652317526941,0.0349368694470464,Relaksasi
1.6,6.41948849230661,190.652317526941,0.0336711799551005,Relaksasi
1.7,6.74714343402404,190.652317526941,0.0353897792670188,Relaksasi
1.8,6.96358901678262,190.652317526941,0.0365250688117053,Relaksasi
1.9,6.17512818637282,190.652317526941,0.0323894735006313,Relaksasi
2,5.85515349076583,190.652317526941,0.0307111582314672,Relaksasi
2.1,5.99719835382612,190.652317526941,0.0314562048425068,Relaksasi
2.2,5.82062968859925,190.652317526941,0.0305300757111265,Relaksasi
2.3,6.05122274291195,190.652317526941,0.0317395708659919,Relaksasi
2.4,6.20005077837359,190.652317526941,0.0325201962336359,Relaksasi
2.5,6.03674540389608,190.652317526941,0.0316636350515016,Relaksasi
2.6,5.8743811477703,190.652317526941,0.0308120101762738,Relaksasi
2.7,6.02787357818966,190.652317526941,0.0316171009950501,Relaksasi
2.8,6.37323105971128,190.652317526941,0.0334285527833181,Relaksasi
2.9,6.10503951853244,190.652317526941,0.0320218479257129,Relaksasi
3,5.70862138597621,190.652317526941,0.0299425753645481,Relaksasi
3.1,5.6257090287952,190.652317526941,0.0295076876157051,Relaksasi
3.2,5.78452243919035,190.652317526941,0.0303406877725099,Relaksasi
3.3,6.08699987710385,190.652317526941,0.0319272273007837,Relaksasi
3.4,6.45794287036335,190.652317526941,0.033872878935504,Relaksasi
3.5,6.42846028961957,190.652317526941,0.0337182383776224,Relaksasi
3.6,6.02115917854029,190.652317526941,0.0315818829618446,Relaksasi
3.7,6.11591615128927,190.652317526941,0.0320788974958305,Relaksasi
3.8,6.05030225199423,190.652317526941,0.0317347427530707,Relaksasi
3.9,5.79347988356656,190.652317526941,0.0303876709117259,Relaksasi
4,5.83701502742178,190.652317526941,0.0306160192707699,Relaksasi
4.1,5.55079041081357,190.652317526941,0.0291147282278862,Relaksasi
4.2,5.38393311671545,190.652317526941,0.028239536694615,Relaksasi
4.3,5.44634599213419,190.652317526941,0.028566901587045,Relaksasi
4.4,5.54683290365894,190.652317526941,0.0290939705093021,Relaksasi
4.5,5.78091510600794,190.652317526941,0.0303217667689302,Relaksasi
4.6,6.02454708923403,190.652317526941,0.0315996530615616,Relaksasi
4.7,6.08219377746432,190.652317526941,0.031902018587342,Relaksasi
4.8,6.51780621975779,190.652317526941,0.0341868711815514,Relaksasi
4.9,6.3964899747361,190.652317526941,0.0335505492810608,Relaksasi
5,6.3259223944856,190.652317526941,0.0331804117387226,Relaksasi
5.1,6.58611515052343,190.652317526941,0.0345451617685829,Relaksasi
5.2,5.91161085275316,190.652317526941,0.0310072855627248,Relaksasi
5.3,6.08866582967839,190.652317526941,0.0319359654719014,Relaksasi
5.4,6.67678872469537,190.652317526941,0.0350207582645926,Relaksasi
5.5,6.29431690897884,190.652317526941,0.03301463622696,Relaksasi
5.6,5.82728161391896,190.652317526941,0.0305649660571029,Relaksasi
5.7,5.90634073304016,190.652317526941,0.0309796429944027,Relaksasi
5.8,6.0061948244967,190.652317526941,0.03150339268049,Relaksasi
5.9,6.15320636563718,190.652317526941,0.0322744902629765,Relaksasi
6,5.96070424049244,190.652317526941,0.0312647877445818,Relaksasi
6.1,6.05772995062731,190.652317526941,0.0317737021464283,Relaksasi
6.2,6.14939097934942,190.652317526941,0.0322544779896549,Relaksasi
6.3,5.94183164122354,190.652317526941,0.0311657981308509,Relaksasi
6.4,5.71057851637495,190.652317526941,0.0299528408070255,Relaksasi
6.5,5.66332928740948,190.652317526941,0.0297050115145293,Relaksasi
6.6,5.92258968770781,190.652317526941,0.0310648711986985,Relaksasi
6.7,6.10979444209242,190.652317526941,0.0320467882129418,Relaksasi
6.8,6.02936797433678,190.652317526941,0.0316249393269755,Relaksasi
6.9,5.89551814524929,190.652317526941,0.0309228768982375,Relaksasi
7,6.23938093470823,190.652317526941,0.0327264888024586,Relaksasi
7.1,6.45115634561952,190.652317526941,0.0338372825953605,Relaksasi
7.2,5.93009179755974,190.652317526941,0.0311042208900595,Relaksasi
7.3,5.97935568511672,190.652317526941,0.0313626173690323,Relaksasi
7.4,6.28168317399798,190.652317526941,0.0329483703921423,Relaksasi
7.5,6.23348702081039,190.652317526941,0.0326955743400787,Relaksasi
7.6,6.70018895156483,190.652317526941,0.0351434959641548,Relaksasi
7.7,6.34896864197944,190.652317526941,0.0333012927633689,Relaksasi
7.8,5.91449635062093,190.652317526941,0.0310224204318164,Relaksasi
7.9,5.91094413414497,190.652317526941,0.0310037885236285,Relaksasi
8,5.8037342569525,190.652317526941,0.0304414566381149,Relaksasi
8.1,5.82891174500631,190.652317526941,0.0305735163391477,Relaksasi
8.2,5.55439904147262,190.652317526941,0.0291336560369255,Relaksasi
8.3,5.70115182310381,190.652317526941,0.0299033963869764,Relaksasi
8.4,5.85067314907202,190.652317526941,0.0306876581673089,Relaksasi
8.5,5.67421651554265,190.652317526941,0.0297621166589848,Relaksasi
8.6,5.55941076426008,190.652317526941,0.029159943274618,Relaksasi
8.7,5.51331514677887,190.652317526941,0.0289181648473786,Relaksasi
8.8,5.82539738453887,190.652317526941,0.0305550829914023,Relaksasi
8.9,6.16575587312251,190.652317526941,0.0323403143119476,Relaksasi
9,6.51396116293372,190.652317526941,0.0341667032818168,Relaksasi
9.1,6.2341905982731,190.652317526941,0.0326992647093951,Relaksasi
9.2,5.95706331586977,190.652317526941,0.0312456905488598,Relaksasi
9.3,5.75889845303537,190.652317526941,0.0302062861219695,Relaksasi
9.4,5.53360252157535,190.652317526941,0.0290245751709438,Relaksasi
9.5,6.3510097241313,190.652317526941,0.0333119985453827,Relaksasi
9.6,6.46265641290221,190.652317526941,0.0338976021730707,Relaksasi
9.7,5.43841426343719,190.652317526941,0.0285252984804062,Relaksasi
9.8,5.45838964618644,190.652317526941,0.0286300723588902,Relaksasi
9.9,6.17164160266992,190.652317526941,0.032371185846182,Relaksasi
10,5.93256293873095,190.652317526941,0.0311171823961312,Relaksasi
10.1,5.72186905986383,190.652317526941,0.0300120614010121,Relaksasi
10.2,6.0264011183126,190.652317526941,0.0316093777221512,Relaksasi
10.3,5.88828450365884,190.652317526941,0.0308849353631736,Relaksasi
10.4,5.67733440867722,190.652317526941,0.0297784704761061,Relaksasi
10.5,5.85142548712502,190.652317526941,0.0306916042932347,Relaksasi
10.6,5.82582758612344,190.652317526941,0.0305573394632362,Relaksasi
10.7,5.73926320735705,190.652317526941,0.0301032963134373,Relaksasi
10.8,5.75255528722317,190.652317526941,0.0301730152659186,Relaksasi
10.9,5.49504667995577,190.652317526941,0.0288223439989354,Relaksasi
11,5.21736767804601,190.652317526941,0.0273658759868404,Relaksasi
11.1,5.77582813465134,190.652317526941,0.0302950848412066,Relaksasi
11.2,5.68354045621732,190.652317526941,0.0298110221262543,Relaksasi
11.3,5.16040100961801,190.652317526941,0.0270670772669143,Relaksasi
11.4,5.71821217710141,190.652317526941,0.0299928805024537,Relaksasi
11.5,5.7993243492021,190.652317526941,0.0304183260105537,Relaksasi
11.6,6.05040419726757,190.652317526941,0.0317352774713194,Relaksasi
11.7,6.37824048895363,190.652317526941,0.0334548279910225,Relaksasi
11.8,6.054910525473,190.652317526941,0.0317589138386286,Relaksasi
11.9,6.01386598790528,190.652317526941,0.0315436290831107,Relaksasi
12,6.24891124312519,190.652317526941,0.032776476699488,Relaksasi
12.1,5.9322446301502,190.652317526941,0.0311155128198843,Relaksasi
12.2,5.81771182578823,190.652317526941,0.0305147710830534,Relaksasi
12.3,5.52207490981459,190.652317526941,0.0289641111183149,Relaksasi
12.4,5.24071748801007,190.652317526941,0.0274883492421722,Relaksasi
12.5,5.80512747419558,190.652317526941,0.0304487642715135,Relaksasi
12.6,5.59140299926355,190.652317526941,0.0293277473454967,Relaksasi
12.7,5.32087744891296,190.652317526941,0.0279088002597244,Relaksasi
12.8,5.40316462645213,190.652317526941,0.0283404088475799,Relaksasi
12.9,5.65355819779635,190.652317526941,0.0296537606840129,Relaksasi
13,5.6596021748907,190.652317526941,0.0296854622503654,Relaksasi
13.1,5.34835506497528,190.652317526941,0.0280529244771415,Relaksasi
13.2,5.68202859712289,190.652317526941,0.0298030921985512,Relaksasi
13.3,5.52978907056456,190.652317526941,0.02900457304844,Relaksasi
13.4,5.4819957931641,190.652317526941,0.0287538901403044,Relaksasi
13.5,5.57097494123152,190.652317526941,0.0292205991172611,Relaksasi
13.6,4.80922886912066,190.652317526941,0.0252251267202197,Relaksasi
13.7,4.26914690922139,190.652317526941,0.0223923158375356,Relaksasi
13.8,4.6164834899275,190.652317526941,0.0242141482978571,Relaksasi
13.9,5.30648898128848,190.652317526941,0.0278333305890111,Relaksasi
14,5.23660240349205,190.652317526941,0.0274667650066832,Relaksasi
14.1,5.71585021519052,190.652317526941,0.0299804916579774,Relaksasi
14.2,5.76055269872662,190.652317526941,0.0302149628887285,Relaksasi
14.3,5.2543658341203,190.652317526941,0.0275599368645377,Relaksasi
14.4,5.14304004721675,190.652317526941,0.0269760164152737,Relaksasi
14.5,4.88881925255504,190.652317526941,0.0256425902185228,Relaksasi
14.6,5.02594947008713,190.652317526941,0.0263618587766546,Relaksasi
14.7,5.02987416150181,190.652317526941,0.0263824443717608,Relaksasi
14.8,5.03537112034426,190.652317526941,0.0264112767453388,Relaksasi
14.9,5.3026768548873,190.652317526941,0.0278133354142835,Relaksasi
15,5.16480911759272,190.652317526941,0.0270901984543822,Relaksasi
15.1,4.90982596235673,190.652317526941,0.0257527735620781,Relaksasi
15.2,5.08557748895228,190.652317526941,0.0266746166787803,Relaksasi
15.3,5.24194519811798,190.652317526941,0.0274947887658236,Relaksasi
15.4,5.3130368568087,190.652317526941,0.0278676751781835,Relaksasi
15.5,4.90381563593238,190.652317526941,0.0257212484985367,Relaksasi
15.6,4.63021036789829,190.652317526941,0.0242861478316097,Relaksasi
15.7,4.7704985350928,190.652317526941,0.0250219803093591,Relaksasi
15.8,5.05453003038638,190.652317526941,0.026511768102017,Relaksasi
15.9,5.28472123521643,190.652317526941,0.0277191554960754,Relaksasi
16,5.40154550640951,190.652317526941,0.0283319163201161,Relaksasi
16.1,5.45858206910653,190.652317526941,0.0286310816459662,Relaksasi
16.2,5.42917579728376,190.652317526941,0.0284768413398203,Relaksasi
16.3,5.42212014714744,190.652317526941,0.0284398333966291,Relaksasi
16.4,5.38591628978742,190.652317526941,0.0282499387348194,Relaksasi
16.5,4.89714800702014,190.652317526941,0.0256862757848622,Relaksasi
16.6,4.90456512314666,190.652317526941,0.0257251796713858,Relaksasi
16.7,5.39223051881999,190.652317526941,0.028283057813121,Relaksasi
16.8,5.30584809572389,190.652317526941,0.027829969048103,Relaksasi
16.9,5.54571815443299,190.652317526941,0.0290881234824188,Relaksasi
17,5.5781290502535,190.652317526941,0.0292581234920748,Relaksasi
17.1,4.9387332563498,190.652317526941,0.025904396654669,Relaksasi
17.2,5.11469146416149,190.652317526941,0.0268273238453486,Relaksasi
17.3,5.41122091026556,190.652317526941,0.0283826652644854,Relaksasi
17.4,5.23559154218322,190.652317526941,0.0274614628875065,Relaksasi
17.5,5.33033143044097,190.652317526941,0.0279583878107736,Relaksasi
17.6,5.91534139163179,190.652317526941,0.03102685279866,Relaksasi
17.7,5.70953548699357,190.652317526941,0.0299473699614837,Relaksasi
17.8,5.5778739667356,190.652317526941,0.0292567855407652,Relaksasi
17.9,6.16686425550107,190.652317526941,0.0323461279437614,Relaksasi
18,5.62281376923523,190.652317526941,0.0294925015450739,Relaksasi
18.1,5.0404548192992,190.652317526941,0.026437941508825,Relaksasi
18.2,6.15945007795359,190.652317526941,0.0323072394705256,Relaksasi
18.3,6.56843723132045,190.652317526941,0.0344524384309792,Relaksasi
18.4,6.1277517758672,190.652317526941,0.032140977121882,Relaksasi
18.5,5.96278121930122,190.652317526941,0.031275681809945,Relaksasi
18.6,5.78113205792703,190.652317526941,0.0303229047142849,Relaksasi
18.7,5.67412194028233,190.652317526941,0.0297616205975598,Relaksasi
18.8,5.56351142873714,190.652317526941,0.0291814518748294,Relaksasi
18.9,5.5647409759498,190.652317526941,0.0291879010343708,Relaksasi
19,5.43952820212083,190.652317526941,0.0285311412558736,Relaksasi
19.1,5.71942672414363,190.652317526941,0.0299992509838513,Relaksasi
19.2,6.11762180536331,190.652317526941,0.0320878439072676,Relaksasi
19.3,5.58568412777325,190.652317526941,0.0292977510067976,Relaksasi
19.4,5.10962154539408,190.652317526941,0.0268007313610129,Relaksasi
19.5,5.53337015137692,190.652317526941,0.0290233563544015,Relaksasi
19.6,5.79674790865663,190.652317526941,0.0304048121934709,Relaksasi
19.7,5.5959975751879,190.652317526941,0.0293518465853274,Relaksasi
19.8,5.63835216277305,190.652317526941,0.0295740027496717,Relaksasi
19.9,5.79685521566732,190.652317526941,0.0304053750348362,Relaksasi
20,5.97224709370614,190.652317526941,0.0313253317409173,Relaksasi
20.1,5.74671863167226,190.652317526941,0.0301424011321561,Relaksasi
20.2,5.30501732960274,190.652317526941,0.027825611555197,Relaksasi
20.3,5.25950682576507,190.652317526941,0.0275869021367749,Relaksasi
20.4,5.53660708832986,190.652317526941,0.0290403345742045,Relaksasi
20.5,5.52084168436805,190.652317526941,0.0289576426658852,Relaksasi
20.6,5.08621305671008,190.652317526941,0.0266779503269943,Relaksasi
20.7,5.19550478849899,190.652317526941,0.0272512018521087,Relaksasi
20.8,5.85265866137512,190.652317526941,0.0306980724771314,Relaksasi
20.9,6.23498401046953,190.652317526941,0.0327034262753635,Relaksasi
21,6.34719378002536,190.652317526941,0.033291983346221,Relaksasi
21.1,6.10649755269826,190.652317526941,0.0320294955335927,Relaksasi
21.2,6.00353963857187,190.652317526941,0.031489465832082,Relaksasi
21.3,6.18806776582429,190.652317526941,0.0324573435355689,Relaksasi
21.4,6.28405814613883,190.652317526941,0.032960827477226,Relaksasi
21.5,6.54821342216583,190.652317526941,0.0343463615187394,Relaksasi
21.6,6.55703187447621,190.652317526941,0.0343926156237237,Relaksasi
21.7,6.68257383326461,190.652317526941,0.0350511020267052,Relaksasi
21.8,6.38800051079037,190.652317526941,0.0335060207693918,Relaksasi
21.9,6.74192955351747,190.652317526941,0.0353624316817694,Relaksasi
22,6.69558035535684,190.652317526941,0.0351193231858337,Relaksasi
22.1,5.97843009004447,190.652317526941,0.031357762484055,Relaksasi
22.2,5.88911011920194,190.652317526941,0.0308892658405253,Relaksasi
22.3,6.26590123809957,190.652317526941,0.0328655917713359,Relaksasi
22.4,6.31549451080423,190.652317526941,0.0331257159248105,Relaksasi
22.5,5.9362905160502,190.652317526941,0.0311367340982432,Relaksasi
22.6,5.78633827572083,190.652317526941,0.0303502121074566,Relaksasi
22.7,5.75404939938079,190.652317526941,0.0301808521082765,Relaksasi
22.8,6.14038275419041,190.652317526941,0.0322072284976169,Relaksasi
22.9,6.59074534610905,190.652317526941,0.0345694478388793,Relaksasi
23,6.52950781357754,190.652317526941,0.034248247796174,Relaksasi
23.1,5.99508077296334,190.652317526941,0.0314450978132808,Relaksasi
23.2,6.46130235464304,190.652317526941,0.0338904999344159,Relaksasi
23.3,7.3425230131143,190.652317526941,0.0385126344560522,Relaksasi
23.4,7.08962596317066,190.652317526941,0.0371861514988865,Relaksasi
23.5,6.87300144552276,190.652317526941,0.0360499234138684,Relaksasi
23.6,7.06073543953069,190.652317526941,0.0370346163693128,Relaksasi
23.7,7.25985617769167,190.652317526941,0.0380790345056559,Relaksasi
23.8,7.50585456485666,190.652317526941,0.0393693329418668,Relaksasi
23.9,7.31232608389611,190.652317526941,0.0383542470332824,Relaksasi
24,6.62288214533034,190.652317526941,0.0347380101707625,Relaksasi
24.1,6.61861545873744,190.652317526941,0.0347156307596531,Relaksasi
24.2,7.18424317909588,190.652317526941,0.0376824329873706,Relaksasi
24.3,6.85434781643476,190.652317526941,0.0359520823315781,Relaksasi
24.4,6.95495801354213,190.652317526941,0.0364797979052068,Relaksasi
24.5,7.55276412985216,190.652317526941,0.0396153806458968,Relaksasi
24.6,7.63732776826934,190.652317526941,0.0400589296124874,Relaksasi
24.7,7.41475051816984,190.652317526941,0.0388914785529531,Relaksasi
24.8,7.65047180327974,190.652317526941,0.0401278720474963,Relaksasi
24.9,7.44203959702755,190.652317526941,0.0390346138644546,Relaksasi
25,6.91763611918605,190.652317526941,0.0362840389716664,Relaksasi
25.1,7.08897173552703,190.652317526941,0.0371827199767728,Relaksasi
25.2,7.19287550750349,190.652317526941,0.0377277108445695,Relaksasi
25.3,7.13372345182083,190.652317526941,0.0374174494407221,Relaksasi
25.4,6.88543167845758,190.652317526941,0.0361151218499329,Relaksasi
25.5,6.71300215142536,190.652317526941,0.0352107031191831,Relaksasi
25.6,6.78218506020052,190.652317526941,0.0355735778519562,Relaksasi
25.7,6.31453521298968,190.652317526941,0.033120684263895,Relaksasi
25.8,6.21258844660289,190.652317526941,0.0325859581839333,Relaksasi
25.9,6.69835174027049,190.652317526941,0.0351338595153659,Relaksasi
26,7.32412077429127,190.652317526941,0.0384161119534059,Relaksasi
26.1,7.54102701305797,190.652317526941,0.0395538177079455,Relaksasi
26.2,7.51106098995254,190.652317526941,0.0393966414223689,Relaksasi
26.3,7.27504749717852,190.652317526941,0.0381587152548013,Relaksasi
26.4,6.69250488436759,190.652317526941,0.0351031918792273,Relaksasi
26.5,6.36541178077118,190.652317526941,0.0333875394925198,Relaksasi
26.6,6.29007344213824,190.652317526941,0.032992378606934,Relaksasi
26.7,6.38462319987319,190.652317526941,0.0334883062670926,Relaksasi
26.8,6.62469905525901,190.652317526941,0.0347475401358437,Relaksasi
26.9,6.76313606404649,190.652317526941,0.0354736630101063,Relaksasi
27,6.51806871722599,190.652317526941,0.0341882480201423,Relaksasi
27.1,6.42047210071658,190.652317526941,0.0336763391287352,Relaksasi
27.2,6.71892277092276,190.652317526941,0.0352417576564381,Relaksasi
27.3,7.31342806386861,190.652317526941,0.0383600270835162,Relaksasi
27.4,7.27134734480313,190.652317526941,0.0381393074006331,Relaksasi
27.5,6.89723925624725,190.652317526941,0.0361770543663734,Relaksasi
27.6,7.54379402008776,190.652317526941,0.0395683310748202,Relaksasi
27.7,8.40584191870322,190.652317526941,0.0440899015954285,Relaksasi
27.8,7.98385514022044,190.652317526941,0.0418765176515215,Relaksasi
27.9,7.20155474631146,190.652317526941,0.037773234753854,Relaksasi
28,7.77066737575989,190.652317526941,0.040758315852425,Relaksasi
28.1,7.69940890968147,190.652317526941,0.0403845545102984,Relaksasi
28.2,6.95498441051147,190.652317526941,0.03647993636127,Relaksasi
28.3,7.28525781620161,190.652317526941,0.0382122699094498,Relaksasi
28.4,7.67831609746579,190.652317526941,0.0402739195466678,Relaksasi
28.5,7.79170047865472,190.652317526941,0.0408686376317123,Relaksasi
28.6,7.19914633040062,190.652317526941,0.0377606022511806,Relaksasi
28.7,7.05590274348906,190.652317526941,0.0370092681537531,Relaksasi
28.8,7.17286038294091,190.652317526941,0.037622728514314,Relaksasi
28.9,7.26642112355138,190.652317526941,0.0381134686313191,Relaksasi
29,7.04529773578483,190.652317526941,0.0369536432977755,Relaksasi
29.1,6.43165092328126,190.652317526941,0.0337349737297182,Relaksasi
29.2,7.18986864892167,190.652317526941,0.0377119394203307,Relaksasi
29.3,7.58314758280549,190.652317526941,0.0397747464136328,Relaksasi
29.4,6.96744545602006,190.652317526941,0.0365452964139053,Relaksasi
29.5,6.76029490324121,190.652317526941,0.0354587606955573,Relaksasi
29.6,6.92831346185349,190.652317526941,0.036340043235375,Relaksasi
29.7,6.40197247803085,190.652317526941,0.033579305833123,Relaksasi
29.8,6.95071668183924,190.652317526941,0.0364575514842983,Relaksasi
29.9,7.27012640231295,190.652317526941,0.0381329033741517,Relaksasi
30,6.64965483012665,190.652317526941,0.0348784369179618,Relaksasi
30.1,6.45991406335443,190.652317526941,0.0338832181383872,Relaksasi
30.2,6.01582072872488,190.652317526941,0.031553881991887,Relaksasi
30.3,5.87964252691568,190.652317526941,0.0308396068990078,Relaksasi
30.4,6.35860410873278,190.652317526941,0.0333518322316446,Relaksasi
30.5,7.00807765141819,190.652317526941,0.0367584183728995,Relaksasi
30.6,6.65826634981124,190.652317526941,0.0349236056302874,Relaksasi
30.7,6.3498769232513,190.652317526941,0.0333060568348664,Relaksasi
30.8,6.51813908678978,190.652317526941,0.0341886171190586,Relaksasi
30.9,6.34622082297176,190.652317526941,0.033286880040548,Relaksasi
31,6.78287999336964,190.652317526941,0.0355772228806563,Relaksasi
31.1,7.20233368017985,190.652317526941,0.0377773203788203,Relaksasi
31.2,6.72916843413804,190.652317526941,0.0352954976966757,Relaksasi
31.3,6.61781319396304,190.652317526941,0.0347114227605854,Relaksasi
31.4,6.72149854864892,190.652317526941,0.0352552679969343,Relaksasi
31.5,6.28180737192439,190.652317526941,0.0329490218288938,Relaksasi
31.6,6.44693254336396,190.652317526941,0.0338151281190324,Relaksasi
31.7,6.52057464776248,190.652317526941,0.0342013920016527,Relaksasi
31.8,6.60554359445523,190.652317526941,0.0346470668709379,Relaksasi
31.9,6.74362703928395,190.652317526941,0.0353713352492083,Relaksasi
32,6.78416391748632,190.652317526941,0.0355839572552148,Relaksasi
32.1,6.73921570979985,190.652317526941,0.0353481971644406,Relaksasi
32.2,7.10674531821312,190.652317526941,0.0372759450836933,Relaksasi
32.3,7.36714572542576,190.652317526941,0.0386417842751096,Relaksasi
32.4,6.83506347017055,190.652317526941,0.0358509330431017,Relaksasi
32.5,6.42762955758568,190.652317526941,0.0337138810635091,Relaksasi
32.6,6.37009211923391,190.652317526941,0.0334120885697271,Relaksasi
32.7,6.44844275079749,190.652317526941,0.0338230493835264,Relaksasi
32.8,6.18051004109536,190.652317526941,0.0324177021358368,Relaksasi
32.9,6.3369932469551,190.652317526941,0.0332384800203628,Relaksasi
33,6.66976326828604,190.652317526941,0.034983908692028,Relaksasi
33.1,6.50660278518242,190.652317526941,0.034128107486881,Relaksasi
33.2,6.76698285386463,190.652317526941,0.0354938399996548,Relaksasi
33.3,7.14620356024339,190.652317526941,0.0374829094812003,Relaksasi
33.4,7.22826755155767,190.652317526941,0.0379133474238321,Relaksasi
33.5,7.20158942480084,190.652317526941,0.0377734166477319,Relaksasi
33.6,6.83255235968237,190.652317526941,0.0358377618919678,Relaksasi
33.7,6.66802079600618,190.652317526941,0.0349747691635792,Relaksasi
33.8,6.88593981512731,190.652317526941,0.0361177871029774,Relaksasi
33.9,6.59380418210359,190.652317526941,0.0345854918924435,Relaksasi
34,6.56997717275525,190.652317526941,0.0344605156547695,Relaksasi
34.1,6.40109480938477,190.652317526941,0.0335747023294391,Relaksasi
34.2,6.24964905783549,190.652317526941,0.0327803466483031,Relaksasi
34.3,6.76769811251357,190.652317526941,0.035497591638545,Relaksasi
34.4,6.43712169149119,190.652317526941,0.0337636687295005,Relaksasi
34.5,6.03136696909619,190.652317526941,0.0316354243543034,Relaksasi
34.6,5.86885242117333,190.652317526941,0.0307830111760587,Relaksasi
34.7,5.85281145699497,190.652317526941,0.0306988739130743,Relaksasi
34.8,6.2185312940909,190.652317526941,0.0326171293103329,Relaksasi
34.9,6.27953969726794,190.652317526941,0.0329371275352085,Relaksasi
35,6.12852935486376,190.652317526941,0.0321450556403424,Relaksasi
35.1,5.72133288384798,190.652317526941,0.0300092490773918,Relaksasi
35.2,5.56300427467842,190.652317526941,0.029178791775727,Relaksasi
35.3,6.33946742041591,190.652317526941,0.0332514574312482,Relaksasi
35.4,6.61494681357734,190.652317526941,0.0346963881655547,Relaksasi
35.5,6.23180874571835,190.652317526941,0.0326867715355085,Relaksasi
35.6,6.54357445475004,190.652317526941,0.0343220294388782,Relaksasi
35.7,6.72687361040392,190.652317526941,0.0352834610020061,Relaksasi
35.8,6.17156825907166,190.652317526941,0.0323708011480088,Relaksasi
35.9,6.21776371298617,190.652317526941,0.0326131032323147,Relaksasi
36,6.40653615331047,190.652317526941,0.0336032429944375,Relaksasi
36.1,6.35580250188168,190.652317526941,0.0333371373835177,Relaksasi
36.2,6.47515653260998,190.652317526941,0.0339631671757411,Relaksasi
36.3,6.70393814964359,190.652317526941,0.0351631610703932,Relaksasi
36.4,6.55644588067066,190.652317526941,0.0343895419983246,Relaksasi
36.5,6.69990058619799,190.652317526941,0.0351419834445559,Relaksasi
36.6,6.81935112822316,190.652317526941,0.0357685194530064,Relaksasi
36.7,6.63226133581301,190.652317526941,0.0347872054315615,Relaksasi
36.8,6.54062454413633,190.652317526941,0.0343065567152734,Relaksasi
36.9,6.7659384725772,190.652317526941,0.0354883620631629,Relaksasi
37,6.92005540664282,190.652317526941,0.0362967284972286,Relaksasi
37.1,6.5083199309772,190.652317526941,0.034137114174117,Relaksasi
37.2,6.72661640077792,190.652317526941,0.0352821118989407,Relaksasi
37.3,6.72813294273845,190.652317526941,0.0352900663889789,Relaksasi
37.4,6.31272366823663,190.652317526941,0.0331111824399647,Relaksasi
37.5,6.55071650793205,190.652317526941,0.0343594905790031,Relaksasi
37.6,6.74918793185623,190.652317526941,0.0354005029647882,Relaksasi
37.7,6.08922715712728,190.652317526941,0.0319389097185603,Relaksasi
37.8,5.97672297418116,190.652317526941,0.0313488084053139,Relaksasi
37.9,6.20080284241189,190.652317526941,0.0325241409223134,Relaksasi
38,6.36218313388563,190.652317526941,0.0333706047553635,Relaksasi
38.1,6.62566572312083,190.652317526941,0.0347526104537625,Relaksasi
38.2,6.45612112943387,190.652317526941,0.0338633236310991,Relaksasi
38.3,6.85322327097329,190.652317526941,0.0359461839219701,Relaksasi
38.4,6.98182997410935,190.652317526941,0.0366207453687141,Relaksasi
38.5,6.31789264506762,190.652317526941,0.0331382944987009,Relaksasi
38.6,6.16459426217077,190.652317526941,0.032334221488284,Relaksasi
38.7,6.76372110530229,190.652317526941,0.0354767316392391,Relaksasi
38.8,7.00827867197649,190.652317526941,0.0367594727558774,Relaksasi
38.9,6.84913055172408,190.652317526941,0.0359247169956705,Relaksasi
39,6.60523932899401,190.652317526941,0.0346454709529593,Relaksasi
39.1,6.72681248020732,190.652317526941,0.0352831403649564,Relaksasi
39.2,7.07703117842199,190.652317526941,0.0371200899638785,Relaksasi
39.3,7.02164427234218,190.652317526941,0.0368295773344058,Relaksasi
39.4,6.69884768494913,190.652317526941,0.0351364608195886,Relaksasi
39.5,6.95221655457739,190.652317526941,0.036465418541765,Relaksasi
39.6,7.37798828857646,190.652317526941,0.0386986551450331,Relaksasi
39.7,7.04407022749457,190.652317526941,0.036947204832688,Relaksasi
39.8,6.72958428538146,190.652317526941,0.035297678898818,Relaksasi
39.9,6.70352359657525,190.652317526941,0.0351609866773739,Relaksasi
40,6.62453233516023,190.652317526941,0.0347466656639204,Relaksasi
40.1,6.71251393843152,190.652317526941,0.0352081423688069,Relaksasi
40.2,7.11823490959788,190.652317526941,0.0373362097137476,Relaksasi
40.3,6.98172584200399,190.652317526941,0.0366201991802034,Relaksasi
40.4,7.09777725320842,190.652317526941,0.037228906237688,Relaksasi
40.5,7.36020750586952,190.652317526941,0.0386053922729234,Relaksasi
40.6,7.40274009232776,190.652317526941,0.0388284820680539,Relaksasi
40.7,7.45212616428908,190.652317526941,0.0390875194225531,Relaksasi
40.8,7.11746111874216,190.652317526941,0.037332151064654,Relaksasi
40.9,6.87850713997518,190.652317526941,0.0360788016070309,Relaksasi
41,6.83932341137114,190.652317526941,0.0358732770736168,Relaksasi
41.1,7.21736399767875,190.652317526941,0.0378561566483914,Relaksasi
41.2,6.96072320138551,190.652317526941,0.0365100371801244,Relaksasi
41.3,6.81250927389662,190.652317526941,0.0357326329009031,Relaksasi
41.4,6.889104588402,190.652317526941,0.0361343868134647,Relaksasi
41.5,6.98790248787812,190.652317526941,0.036652596614204,Relaksasi
41.6,7.12742270192923,190.652317526941,0.0373844010625365,Relaksasi
41.7,6.4684262172192,190.652317526941,0.0339278656620848,Relaksasi
41.8,6.52562268813746,190.652317526941,0.0342278697305388,Relaksasi
41.9,6.37606787241626,190.652317526941,0.0334434322914288,Relaksasi
42,5.72403130019326,190.652317526941,0.0300234026758389,Relaksasi
42.1,6.18991456800981,190.652317526941,0.0324670302900205,Relaksasi
42.2,6.62839910119301,190.652317526941,0.0347669474317108,Relaksasi
42.3,6.80282586552009,190.652317526941,0.0356818419716234,Relaksasi
42.4,6.93637521672556,190.652317526941,0.0363823283488037,Relaksasi
42.5,6.59229278451848,190.652317526941,0.0345775643854259,Relaksasi
42.6,6.83943336564317,190.652317526941,0.0358738538002649,Relaksasi
42.7,7.10011544792856,190.652317526941,0.0372411704196841,Relaksasi
42.8,7.16342581674116,190.652317526941,0.0375732427995736,Relaksasi
42.9,6.90166669849739,190.652317526941,0.0362002769650157,Relaksasi
43,6.70765177235867,190.652317526941,0.0351826395785134,Relaksasi
43.1,6.75509909382691,190.652317526941,0.0354315078958971,Relaksasi
43.2,6.53746072445869,190.652317526941,0.0342899620065456,Relaksasi
43.3,6.69539819733076,190.652317526941,0.0351183677396664,Relaksasi
43.4,6.70976462260078,190.652317526941,0.0351937217949245,Relaksasi
43.5,6.64059354107575,190.652317526941,0.0348309090978522,Relaksasi
43.6,6.79671315889249,190.652317526941,0.0356497799085607,Relaksasi
43.7,7.16802971397427,190.652317526941,0.0375973909310667,Relaksasi
43.8,6.92620060634178,190.652317526941,0.0363289609913241,Relaksasi
43.9,6.38286795029712,190.652317526941,0.0334790997198088,Relaksasi
44,6.54707208282835,190.652317526941,0.034340375022733,Relaksasi
44.1,7.09158333618764,190.652317526941,0.0371964182139329,Relaksasi
44.2,7.2855635402502,190.652317526941,0.038213873477938,Relaksasi
44.3,6.52450320615766,190.652317526941,0.0342219978796517,Relaksasi
44.4,6.79134671451417,190.652317526941,0.035621632102922,Relaksasi
44.5,7.41859662700972,190.652317526941,0.0389116519706685,Relaksasi
44.6,6.96947685632398,190.652317526941,0.0365559514131745,Relaksasi
44.7,7.26088799378941,190.652317526941,0.0380844465358432,Relaksasi
44.8,7.48354615273249,190.652317526941,0.0392523219743971,Relaksasi
44.9,6.93732309062121,190.652317526941,0.0363873000895511,Relaksasi
45,6.34412214045978,190.652317526941,0.0332758721360063,Relaksasi
45.1,6.58351451213663,190.652317526941,0.0345315210301931,Relaksasi
45.2,7.058331626543,190.652317526941,0.0370220080096618,Relaksasi
45.3,7.09770831540188,190.652317526941,0.0372285446485532,Relaksasi
45.4,7.13268709410048,190.652317526941,0.037412013589043,Relaksasi
45.5,6.72212277342137,190.652317526941,0.0352585421494887,Relaksasi
45.6,6.12309243869352,190.652317526941,0.0321165381995855,Relaksasi
45.7,6.64617536615908,190.652317526941,0.0348601866075921,Relaksasi
45.8,7.2111353604909,190.652317526941,0.0378234865121526,Relaksasi
45.9,7.39722856010226,190.652317526941,0.038799573254896,Relaksasi
46,7.19997655964515,190.652317526941,0.0377649569280883,Relaksasi
46.1,6.91556021999205,190.652317526941,0.0362731505690446,Relaksasi
46.2,6.97734410491475,190.652317526941,0.0365972163119852,Relaksasi
46.3,6.89188865292831,190.652317526941,0.0361489896494671,Relaksasi
46.4,7.21308576939919,190.652317526941,0.0378337166994044,Relaksasi
46.5,7.21194059637344,190.652317526941,0.0378277100951281,Relaksasi
46.6,6.66130115313915,190.652317526941,0.0349395236289107,Relaksasi
46.7,6.58876443686042,190.652317526941,0.0345590576727679,Relaksasi
46.8,6.55877271683213,190.652317526941,0.0344017466029769,Relaksasi
46.9,6.87415469529356,190.652317526941,0.0360559723818839,Relaksasi
47,7.30043692433068,190.652317526941,0.0382918866081921,Relaksasi
47.1,7.29723310378272,190.652317526941,0.0382750820889001,Relaksasi
47.2,6.99132501418612,190.652317526941,0.0366705482780096,Relaksasi
47.3,6.77717108596816,190.652317526941,0.0355472788050975,Relaksasi
47.4,6.99418716867601,190.652317526941,0.0366855607075831,Relaksasi
47.5,6.92490774433361,190.652317526941,0.0363221797361841,Relaksasi
47.6,7.42914927597795,190.652317526941,0.0389670021972228,Relaksasi
47.7,7.62701530045526,190.652317526941,0.0400048391721096,Relaksasi
47.8,7.65491468837718,190.652317526941,0.0401511756461888,Relaksasi
47.9,7.4040959314432,190.652317526941,0.0388355936475669,Relaksasi
48,7.12595565757624,190.652317526941,0.0373767061948736,Relaksasi
48.1,7.20184814540267,190.652317526941,0.0377747736760922,Relaksasi
48.2,7.14779908857305,190.652317526941,0.0374912782665911,Relaksasi
48.3,6.95658113031971,190.652317526941,0.0364883113961448,Relaksasi
48.4,6.76145333582737,190.652317526941,0.0354648368482166,Relaksasi
48.5,6.66408028544365,190.652317526941,0.0349541005946699,Relaksasi
48.6,7.06281735795467,190.652317526941,0.0370455363436986,Relaksasi
48.7,7.43236506169316,190.652317526941,0.0389838694756117,Relaksasi
48.8,7.04457297165185,190.652317526941,0.0369498418011959,Relaksasi
48.9,6.92144740332359,190.652317526941,0.0363040297285949,Relaksasi
49,7.06317661872111,190.652317526941,0.0370474207203015,Relaksasi
49.1,7.89073099087534,190.652317526941,0.0413880675211844,Relaksasi
49.2,7.98112004734298,190.652317526941,0.0418621716791623,Relaksasi
49.3,7.35675745970186,190.652317526941,0.0385872962633264,Relaksasi
49.4,6.88040020599763,190.652317526941,0.036088731022246,Relaksasi
49.5,6.44723456378418,190.652317526941,0.0338167122614343,Relaksasi
49.6,7.22992016791211,190.652317526941,0.0379220156444751,Relaksasi
49.7,7.19607455509728,190.652317526941,0.0377444903290011,Relaksasi
49.8,6.71295473152379,190.652317526941,0.0352104543946872,Relaksasi
49.9,6.84910883523081,190.652317526941,0.0359246030894062,Relaksasi
50,6.64720783235529,190.652317526941,0.0348656020476434,Relaksasi
50.1,7.08796658238422,190.652317526941,0.037177447797783,Relaksasi
50.2,7.60478517987544,190.652317526941,0.0398882388555324,Relaksasi
50.3,7.73254771407984,190.652317526941,0.0405583725096189,Relaksasi
50.4,7.21166023443011,190.652317526941,0.0378262395546858,Relaksasi
50.5,6.90199673339702,190.652317526941,0.0362020080475638,Relaksasi
50.6,6.55500946034111,190.652317526941,0.0343820077582577,Relaksasi
50.7,6.93588242701696,190.652317526941,0.0363797435928721,Relaksasi
50.8,7.41115805909342,190.652317526941,0.0388726355662901,Relaksasi
50.9,6.96242658451373,190.652317526941,0.0365189716801101,Relaksasi
51,6.65712446374736,190.652317526941,0.0349176162666191,Relaksasi
51.1,6.94094153008022,190.652317526941,0.0364062793472174,Relaksasi
51.2,6.85919047828513,190.652317526941,0.0359774828192993,Relaksasi
51.3,6.40090654071274,190.652317526941,0.0335737148320173,Relaksasi
51.4,6.70281260662028,190.652317526941,0.0351572574284238,Relaksasi
51.5,7.06529379302442,190.652317526941,0.0370585256170621,Relaksasi
51.6,7.23070257027269,190.652317526941,0.0379261194622033,Relaksasi
51.7,6.84418945509954,190.652317526941,0.0358988002027952,Relaksasi
51.8,6.67358307667883,190.652317526941,0.0350039441599538,Relaksasi
51.9,7.60121931871887,190.652317526941,0.0398695353789483,Relaksasi
52,7.59742274841414,190.652317526941,0.0398496217982797,Relaksasi
52.1,6.54844788195277,190.652317526941,0.0343475912954869,Relaksasi
52.2,6.76248410931271,190.652317526941,0.0354702434097456,Relaksasi
52.3,6.71597791898396,190.652317526941,0.0352263114663419,Relaksasi
52.4,6.72066549311413,190.652317526941,0.0352508984957103,Relaksasi
52.5,6.85882697416141,190.652317526941,0.035975576185651,Relaksasi
52.6,6.52685157446636,190.652317526941,0.0342343154236456,Relaksasi
52.7,6.15117224146134,190.652317526941,0.0322638209765906,Relaksasi
52.8,5.80432171342372,190.652317526941,0.0304445379354148,Relaksasi
52.9,6.80353171441168,190.652317526941,0.035685544254925,Relaksasi
53,7.0476830865507,190.652317526941,0.0369661548203041,Relaksasi
53.1,6.29887484366478,190.652317526941,0.0330385432779996,Relaksasi
53.2,6.27831814490779,190.652317526941,0.0329307203098677,Relaksasi
53.3,6.81763014350614,190.652317526941,0.0357594926300475,Relaksasi
53.4,7.35700571160745,190.652317526941,0.0385885983818047,Relaksasi
53.5,7.35678117476328,190.652317526941,0.0385874206523804,Relaksasi
53.6,7.1703870896862,190.652317526941,0.0376097557202416,Relaksasi
53.7,7.22600987428478,190.652317526941,0.0379015055679229,Relaksasi
53.8,7.1945202691303,190.652317526941,0.0377363378659881,Relaksasi
53.9,6.97968809760261,190.652317526941,0.0366095109051916,Relaksasi
54,7.23932320065833,190.652317526941,0.0379713359615224,Relaksasi
54.1,7.58621658796826,190.652317526941,0.0397908438060096,Relaksasi
54.2,7.19066173882569,190.652317526941,0.0377160992958272,Relaksasi
54.3,6.67635705364294,190.652317526941,0.0350184940851794,Relaksasi
54.4,6.64916901509496,190.652317526941,0.0348758887452567,Relaksasi
54.5,6.85068482282497,190.652317526941,0.0359328693807086,Relaksasi
54.6,6.90948163275777,190.652317526941,0.0362412674673172,Relaksasi
54.7,6.98299568134442,190.652317526941,0.0366268596779981,Relaksasi
54.8,7.52020155423195,190.652317526941,0.039444585052942,Relaksasi
54.9,7.55826482255273,190.652317526941,0.0396442326041207,Relaksasi
55,7.8194346908848,190.652317526941,0.0410141077345143,Relaksasi
55.1,7.72377926417362,190.652317526941,0.040512380674744,Relaksasi
55.2,7.08969280008079,190.652317526941,0.0371865020685045,Relaksasi
55.3,7.28351413272333,190.652317526941,0.0382031240280837,Relaksasi
55.4,7.90379843377994,190.652317526941,0.0414566082191109,Relaksasi
55.5,8.03362557562816,190.652317526941,0.042137571049945,Relaksasi
55.6,7.53463598692854,190.652317526941,0.0395202958173525,Relaksasi
55.7,7.416110026635,190.652317526941,0.0388986093787558,Relaksasi
55.8,6.86289148864951,190.652317526941,0.0359968951737484,Relaksasi
55.9,6.77357447582872,190.652317526941,0.0355284140454864,Relaksasi
56,7.21598613949706,190.652317526941,0.0378489295755734,Relaksasi
56.1,6.98852987148956,190.652317526941,0.0366558873353428,Relaksasi
56.2,6.81985071651405,190.652317526941,0.0357711398685218,Relaksasi
56.3,6.86385935880954,190.652317526941,0.0360019717979017,Relaksasi
56.4,6.92611703868833,190.652317526941,0.036328522666448,Relaksasi
56.5,6.92138359244656,190.652317526941,0.0363036950309743,Relaksasi
56.6,7.30681284299557,190.652317526941,0.0383253292578677,Relaksasi
56.7,7.6651549689313,190.652317526941,0.0402048874535613,Relaksasi
56.8,7.99682846476095,190.652317526941,0.0419445646845122,Relaksasi
56.9,7.85973497479102,190.652317526941,0.0412254887679524,Relaksasi
57,7.28292000121466,190.652317526941,0.0382000077192112,Relaksasi
57.1,7.0671424023761,190.652317526941,0.0370682218503713,Relaksasi
57.2,7.03283305179438,190.652317526941,0.0368882641607573,Relaksasi
57.3,6.90094941424631,190.652317526941,0.0361965147015384,Relaksasi
57.4,6.61927705748411,190.652317526941,0.0347191009443079,Relaksasi
57.5,7.10146251592437,190.652317526941,0.0372482359933592,Relaksasi
57.6,6.85305532293823,190.652317526941,0.035945303009337,Relaksasi
57.7,6.47297006749769,190.652317526941,0.0339516988382949,Relaksasi
57.8,6.86789422879652,190.652317526941,0.0360231352961446,Relaksasi
57.9,6.58844836660171,190.652317526941,0.0345573998368558,Relaksasi
58,6.21560581701719,190.652317526941,0.03260178474431,Relaksasi
58.1,6.63462566479927,190.652317526941,0.0347996066917032,Relaksasi
58.2,6.93754673043138,190.652317526941,0.0363884731138977,Relaksasi
58.3,6.54694333825666,190.652317526941,0.0343396997381451,Relaksasi
58.4,6.74782650430622,190.652317526941,0.0353933620730977,Relaksasi
58.5,6.84376877125073,190.652317526941,0.0358965936529129,Relaksasi
58.6,6.29709975884287,190.652317526941,0.0330292326918765,Relaksasi
58.7,6.49851106048357,190.652317526941,0.0340856651772159,Relaksasi
58.8,7.09290211236962,190.652317526941,0.0372033353928011,Relaksasi
58.9,6.88990067274544,190.652317526941,0.0361385623952451,Relaksasi
59,6.80579665418767,190.652317526941,0.0356974242037521,Relaksasi
59.1,6.73617747286779,190.652317526941,0.0353322611560486,Relaksasi
59.2,6.05214638887559,190.652317526941,0.0317444155276022,Relaksasi
59.3,6.21694227852596,190.652317526941,0.0326087946853698,Relaksasi
59.4,6.43108028752922,190.652317526941,0.0337319806596132,Relaksasi
59.5,6.19733632155988,190.652317526941,0.0325059585005261,Relaksasi
59.6,6.28869233394539,190.652317526941,0.03298513448732,Relaksasi
59.7,6.42604421747317,190.652317526941,0.0337055657168453,Relaksasi
59.8,6.41078050575025,190.652317526941,0.0336255052595641,Relaksasi
59.9,7.04816422701183,190.652317526941,0.0369686784741856,Relaksasi
60,6.79356494950957,190.652317526941,0.03563326707817,Relaksasi
60.1,6.70027439684002,190.652317526941,0.0351439441374385,Relaksasi
60.2,7.80443424814508,190.652317526941,0.0409354281625358,Relaksasi
60.3,7.76346739880169,190.652317526941,0.0407205508934064,Relaksasi
60.4,7.08503325859549,190.652317526941,0.037162062074563,Relaksasi
60.5,6.71136698139854,190.652317526941,0.035202126407145,Relaksasi
60.6,7.06292845149271,190.652317526941,0.0370461190459677,Relaksasi
60.7,6.99473827116935,190.652317526941,0.0366884513228165,Relaksasi
60.8,6.44976089695659,190.652317526941,0.0338299632578301,Relaksasi
60.9,6.25699201227503,190.652317526941,0.0328188615456554,Relaksasi
61,6.60138575991358,190.652317526941,0.0346252584051633,Relaksasi
61.1,6.7511726940516,190.652317526941,0.0354109133401832,Relaksasi
61.2,6.57065104738094,190.652317526941,0.0344640502282508,Relaksasi
61.3,6.87663834833663,190.652317526941,0.0360689995146001,Relaksasi
61.4,6.67495482316346,190.652317526941,0.035011139176004,Relaksasi
61.5,6.24546901260889,190.652317526941,0.0327584216841546,Relaksasi
61.6,6.65627888567188,190.652317526941,0.0349131810827911,Relaksasi
61.7,6.91853355399078,190.652317526941,0.036288746151817,Relaksasi
61.8,7.0176467305833,190.652317526941,0.0368086096283179,Relaksasi
61.9,6.68162891458704,190.652317526941,0.0350461457865198,Relaksasi
62,5.98598964679517,190.652317526941,0.031397413493016,Relaksasi
62.1,6.30594557454532,190.652317526941,0.0330756303219562,Relaksasi
62.2,6.39690867111974,190.652317526941,0.0335527454063902,Relaksasi
62.3,6.04382397799894,190.652317526941,0.0317007632343356,Relaksasi
62.4,6.55531073547183,190.652317526941,0.0343835879915044,Relaksasi
62.5,6.68205926915543,190.652317526941,0.0350484030607767,Relaksasi
62.6,6.78709910645837,190.652317526941,0.0355993527616011,Relaksasi
62.7,7.16516368503398,190.652317526941,0.0375823581794198,Relaksasi
62.8,7.2451899150628,190.652317526941,0.0380021077584801,Relaksasi
62.9,7.43737838942769,190.652317526941,0.0390101651314923,Relaksasi
63,6.96479851497512,190.652317526941,0.0365314128111289,Relaksasi
63.1,6.85684358316455,190.652317526941,0.0359651730023979,Relaksasi
63.2,7.11306380758187,190.652317526941,0.0373090865080972,Relaksasi
63.3,7.02550786700418,190.652317526941,0.0368498424678808,Relaksasi
63.4,6.93617478505069,190.652317526941,0.0363812770546077,Relaksasi
63.5,6.52917642691546,190.652317526941,0.0342465096234291,Relaksasi
63.6,6.50542357932018,190.652317526941,0.0341219223752729,Relaksasi
63.7,6.62081130547535,190.652317526941,0.0347271483051327,Relaksasi
63.8,6.63452489623592,190.652317526941,0.0347990781454749,Relaksasi
63.9,6.82098283813841,190.652317526941,0.0357770780162403,Relaksasi
64,6.83297734357024,190.652317526941,0.0358399909962,Relaksasi
64.1,6.9141153755895,190.652317526941,0.0362655721434514,Relaksasi
64.2,6.85589348623903,190.652317526941,0.0359601896015254,Relaksasi
64.3,6.9461062313718,190.652317526941,0.0364333689801082,Relaksasi
64.4,6.99967167216967,190.652317526941,0.0367143277509886,Relaksasi
64.5,7.26458489338834,190.652317526941,0.038103837328711,Relaksasi
64.6,7.20786055146711,190.652317526941,0.0378063096476578,Relaksasi
64.7,7.07462355546377,190.652317526941,0.0371074616203605,Relaksasi
64.8,7.0028786857418,190.652317526941,0.0367311490181713,Relaksasi
64.9,6.6639637747687,190.652317526941,0.0349534894787051,Relaksasi
65,6.77823254281649,190.652317526941,0.0355528463054673,Relaksasi
65.1,7.13613756203981,190.652317526941,0.0374301118108957,Relaksasi
65.2,7.05805008469954,190.652317526941,0.0370205312804664,Relaksasi
65.3,6.90497537220405,190.652317526941,0.0362176314548513,Relaksasi
65.4,7.52303035292476,190.652317526941,0.039459422526357,Relaksasi
65.5,7.55315171320167,190.652317526941,0.0396174135786958,Relaksasi
65.6,7.04699956321366,190.652317526941,0.0369625696378846,Relaksasi
65.7,6.80864990686818,190.652317526941,0.0357123899420002,Relaksasi
65.8,7.0554921376544,190.652317526941,0.0370071144645665,Relaksasi
65.9,7.49538853713772,190.652317526941,0.0393144370567566,Relaksasi
66,7.85802526440048,190.652317526941,0.0412165210805269,Relaksasi
66.1,7.65563267292926,190.652317526941,0.0401549415828498,Relaksasi
66.2,7.47476039995048,190.652317526941,0.0392062393833435,Relaksasi
66.3,7.11642547550233,190.652317526941,0.0373267189605324,Relaksasi
66.4,6.81703705229253,190.652317526941,0.0357563817776786,Relaksasi
66.5,7.12853207686212,190.652317526941,0.0373902199004467,Relaksasi
66.6,7.07254424547875,190.652317526941,0.0370965553276284,Relaksasi
66.7,7.03676447240903,190.652317526941,0.0369088850515266,Relaksasi
66.8,7.10635591350832,190.652317526941,0.0372739025976126,Relaksasi
66.9,7.17321638782327,190.652317526941,0.0376245958133166,Relaksasi
67,7.06476070266745,190.652317526941,0.0370557294781854,Relaksasi
67.1,7.15352790140988,190.652317526941,0.0375213267491438,Relaksasi
67.2,7.4251847526927,190.652317526941,0.0389462076779813,Relaksasi
67.3,7.56556121106923,190.652317526941,0.0396825032562226,Relaksasi
67.4,7.48490100690554,190.652317526941,0.0392594283877396,Relaksasi
67.5,6.88136942275831,190.652317526941,0.0360938147095216,Relaksasi
67.6,6.616391107563,190.652317526941,0.0347039637041287,Relaksasi
67.7,6.82988698622477,190.652317526941,0.0358237816084225,Relaksasi
67.8,6.50576862645732,190.652317526941,0.0341237321992583,Relaksasi
67.9,6.65421983810028,190.652317526941,0.0349023810694563,Relaksasi
68,7.54052238967127,190.652317526941,0.0395511708825974,Relaksasi
68.1,7.49235168809394,190.652317526941,0.0392985083280469,Relaksasi
68.2,6.81998302958194,190.652317526941,0.0357718338704076,Relaksasi
68.3,6.50811286862356,190.652317526941,0.0341360281010163,Relaksasi
68.4,6.60885599780682,190.652317526941,0.0346644409233206,Relaksasi
68.5,7.25056468850497,190.652317526941,0.038030299251308,Relaksasi
68.6,7.75640602937925,190.652317526941,0.0406835129517016,Relaksasi
68.7,7.5111993177608,190.652317526941,0.0393973669724701,Relaksasi
68.8,6.97135068714003,190.652317526941,0.0365657799368471,Relaksasi
68.9,6.87385230742005,190.652317526941,0.0360543863121344,Relaksasi
69,7.14908457852152,190.652317526941,0.0374980208541723,Relaksasi
69.1,7.43735726555521,190.652317526941,0.039010054333613,Relaksasi
69.2,8.1418008662085,190.652317526941,0.0427049666734734,Relaksasi
69.3,8.08958982934375,190.652317526941,0.0424311119543596,Relaksasi
69.4,7.2579572010193,190.652317526941,0.0380690740881955,Relaksasi
69.5,7.03921059737918,190.652317526941,0.0369217153438717,Relaksasi
69.6,7.2759058156374,190.652317526941,0.0381632172638511,Relaksasi
69.7,6.91559238433366,190.652317526941,0.0362733192758405,Relaksasi
69.8,6.4469956523673,190.652317526941,0.0338154591352201,Relaksasi
69.9,6.52698843785308,190.652317526941,0.0342350332926361,Relaksasi
70,6.73097272348188,190.652317526941,0.0353049614648965,Relaksasi
70.1,7.37149591831573,190.652317526941,0.0386646016892716,Relaksasi
70.2,7.18920680229502,190.652317526941,0.0377084679355083,Relaksasi
70.3,6.57655275710166,190.652317526941,0.0344950055808911,Relaksasi
70.4,6.14741500985282,190.652317526941,0.0322441137332837,Relaksasi
70.5,6.27360411520251,190.652317526941,0.03290599451704,Relaksasi
70.6,6.50902776263021,190.652317526941,0.0341408268572996,Relaksasi
70.7,6.54953186307517,190.652317526941,0.0343532769390524,Relaksasi
70.8,6.82131357149655,190.652317526941,0.0357788127623081,Relaksasi
70.9,6.72592595660042,190.652317526941,0.0352784904156749,Relaksasi
71,6.24140069272601,190.652317526941,0.0327370827361909,Relaksasi
71.1,5.39314770415203,190.652317526941,0.0282878685877496,Relaksasi
71.2,5.16489209941198,190.652317526941,0.02709063370647,Relaksasi
71.3,5.41191588335421,190.652317526941,0.0283863105025694,Relaksasi
71.4,5.63193559680233,190.652317526941,0.0295403468987807,Relaksasi
71.5,5.7757509617658,190.652317526941,0.0302946800578473,Relaksasi
71.6,6.15044717577294,190.652317526941,0.0322600178983075,Relaksasi
71.7,5.94027835242658,190.652317526941,0.0311576508981442,Relaksasi
71.8,5.40166293803424,190.652317526941,0.0283325322666006,Relaksasi
71.9,5.59015395479813,190.652317526941,0.0293211959199404,Relaksasi
72,5.59417910329505,190.652317526941,0.0293423084275098,Relaksasi
72.1,5.70659277429203,190.652317526941,0.0299319349920078,Relaksasi
72.2,5.68658704348211,190.652317526941,0.0298270019333939,Relaksasi
72.3,5.78282210137036,190.652317526941,0.0303317692456226,Relaksasi
72.4,6.02042093869447,190.652317526941,0.0315780107831299,Relaksasi
72.5,5.80551854056477,190.652317526941,0.0304508154732731,Relaksasi
72.6,5.66014631879842,190.652317526941,0.0296883163667737,Relaksasi
72.7,5.97018640480262,190.652317526941,0.0313145231185504,Relaksasi
72.8,6.41855137817821,190.652317526941,0.0336662646509461,Relaksasi
72.9,6.81142560256688,190.652317526941,0.0357269488822466,Relaksasi
73,6.3980012184886,190.652317526941,0.0335584759812032,Relaksasi
73.1,5.47745045485172,190.652317526941,0.0287300491591333,Relaksasi
73.2,5.69862681661533,190.652317526941,0.0298901523492367,Relaksasi
73.3,5.86080206192492,190.652317526941,0.0307407858343853,Relaksasi
73.4,5.34671082546978,190.652317526941,0.0280443001943275,Relaksasi
73.5,5.41374772697441,190.652317526941,0.0283959187971024,Relaksasi
73.6,5.94423624721578,190.652317526941,0.0311784106499298,Relaksasi
73.7,5.96100648330255,190.652317526941,0.0312663730534521,Relaksasi
73.8,5.91513302323633,190.652317526941,0.0310257598751741,Relaksasi
73.9,6.08948586512901,190.652317526941,0.0319402666808312,Relaksasi
74,5.78770379020319,190.652317526941,0.0303573744357202,Relaksasi
74.1,5.81812390102728,190.652317526941,0.0305169324794865,Relaksasi
74.2,5.83853661458758,190.652317526941,0.0306240002236665,Relaksasi
74.3,6.08367941158474,190.652317526941,0.0319098109611232,Relaksasi
74.4,6.11068787366748,190.652317526941,0.0320514743955524,Relaksasi
74.5,6.10974183414106,190.652317526941,0.0320465122763466,Relaksasi
74.6,6.24619278882751,190.652317526941,0.0327622179989753,Relaksasi
74.7,5.76913479445827,190.652317526941,0.0302599772680079,Relaksasi
74.8,5.48223998994361,190.652317526941,0.0287551709890382,Relaksasi
74.9,5.81815810957659,190.652317526941,0.0305171119084583,Relaksasi
75,6.4004442585497,190.652317526941,0.0335712900927378,Relaksasi
75.1,6.52437298443,190.652317526941,0.0342213148471591,Relaksasi
75.2,6.10618873869742,190.652317526941,0.0320278757578415,Relaksasi
75.3,5.85970918270097,190.652317526941,0.0307350535189425,Relaksasi
75.4,5.53750713839909,190.652317526941,0.0290450554718097,Relaksasi
75.5,5.30907048747841,190.652317526941,0.0278468709761589,Relaksasi
75.6,5.30610391733012,190.652317526941,0.0278313108707966,Relaksasi
75.7,5.69550081276809,190.652317526941,0.0298737559902111,Relaksasi
75.8,6.25430253349061,190.652317526941,0.0328047548260556,Relaksasi
75.9,6.03779717581824,190.652317526941,0.0316691517529811,Relaksasi
76,5.60696902689792,190.652317526941,0.0294093934950756,Relaksasi
76.1,5.54362676297745,190.652317526941,0.0290771538205617,Relaksasi
76.2,5.52652176548043,190.652317526941,0.0289874355432342,Relaksasi
76.3,5.41309335890835,190.652317526941,0.0283924865384519,Relaksasi
76.4,6.21485222490296,190.652317526941,0.0325978320406451,Relaksasi
76.5,6.55405035771637,190.652317526941,0.034376977121142,Relaksasi
76.6,5.90617848014956,190.652317526941,0.0309787919536564,Relaksasi
76.7,6.61131177828749,190.652317526941,0.0346773218602666,Relaksasi
76.8,6.60153092887041,190.652317526941,0.0346260198381147,Relaksasi
76.9,6.04839751497214,190.652317526941,0.031724752121712,Relaksasi
77,6.36597998623162,190.652317526941,0.0333905198153808,Relaksasi
77.1,5.7388673999967,190.652317526941,0.030101220244468,Relaksasi
77.2,5.12722558226812,190.652317526941,0.0268930671747202,Relaksasi
77.3,4.87383576110223,190.652317526941,0.0255639995585866,Relaksasi
77.4,4.84027932119202,190.652317526941,0.0253879909983682,Relaksasi
77.5,5.29403730501607,190.652317526941,0.0277680196794249,Relaksasi
77.6,5.92215900607181,190.652317526941,0.0310626122089229,Relaksasi
77.7,5.95573998984763,190.652317526941,0.0312387495053975,Relaksasi
77.8,5.7165904275946,190.652317526941,0.0299843741830559,Relaksasi
77.9,5.4846558544199,190.652317526941,0.0287678425605545,Relaksasi
78,5.71842965458716,190.652317526941,0.0299940212044843,Relaksasi
78.1,5.80666196052493,190.652317526941,0.0304568128824575,Relaksasi
78.2,5.75550721794032,190.652317526941,0.030188498585269,Relaksasi
78.3,6.12825359550103,190.652317526941,0.0321436092411258,Relaksasi
78.4,5.72830575980169,190.652317526941,0.0300458228575806,Relaksasi
78.5,5.15973099013224,190.652317526941,0.0270635629142201,Relaksasi
78.6,5.2640710100656,190.652317526941,0.0276108419679804,Relaksasi
78.7,5.44260720077036,190.652317526941,0.0285472910655873,Relaksasi
78.8,5.58183848831604,190.652317526941,0.0292775800510647,Relaksasi
78.9,5.5675534080974,190.652317526941,0.0292026526628014,Relaksasi
79,5.63283612818016,190.652317526941,0.0295450703209216,Relaksasi
79.1,5.3064822734305,190.652317526941,0.02783329540529,Relaksasi
79.2,5.18675464867189,190.652317526941,0.0272053060563449,Relaksasi
79.3,5.44372194916576,190.652317526941,0.0285531380881142,Relaksasi
79.4,5.41290932794165,190.652317526941,0.0283915212684301,Relaksasi
79.5,5.88342692116894,190.652317526941,0.0308594566144602,Relaksasi
79.6,5.82986763089471,190.652317526941,0.0305785301039988,Relaksasi
79.7,5.48050370629204,190.652317526941,0.028746063920873,Relaksasi
79.8,5.51754421259588,190.652317526941,0.0289403469318761,Relaksasi
79.9,5.40059841823071,190.652317526941,0.0283269487005714,Relaksasi
80,5.63827048450352,190.652317526941,0.0295735743348977,Relaksasi
80.1,5.71229470604225,190.652317526941,0.0299618424792294,Relaksasi
80.2,5.63135912568178,190.652317526941,0.0295373232212926,Relaksasi
80.3,5.8107757561321,190.652317526941,0.0304783903574158,Relaksasi
80.4,5.83864002893065,190.652317526941,0.0306245426474062,Relaksasi
80.5,5.38046425887722,190.652317526941,0.0282213420149844,Relaksasi
80.6,5.31073592055737,190.652317526941,0.0278556064224444,Relaksasi
80.7,5.16747268421514,190.652317526941,0.0271041692608059,Relaksasi
80.8,5.475460597696,190.652317526941,0.0287196120599072,Relaksasi
80.9,5.95426719604769,190.652317526941,0.031231024481023,Relaksasi
81,5.87680825414681,190.652317526941,0.0308247407132428,Relaksasi
81.1,5.60470226904925,190.652317526941,0.0293975040101846,Relaksasi
81.2,5.1549576795233,190.652317526941,0.0270385261841616,Relaksasi
81.3,5.42735242075737,190.652317526941,0.0284672774564643,Relaksasi
81.4,5.80309881892404,190.652317526941,0.0304381236703508,Relaksasi
81.5,5.81179230230094,190.652317526941,0.0304837222945358,Relaksasi
81.6,5.55881913345969,190.652317526941,0.0291568400823355,Relaksasi
81.7,5.94235156532303,190.652317526941,0.0311685252107324,Relaksasi
81.8,5.82328475483601,190.652317526941,0.0305440019317526,Relaksasi
81.9,5.44926442379206,190.652317526941,0.0285822091988051,Relaksasi
82,5.5975607340882,190.652317526941,0.0293600455882064,Relaksasi
82.1,5.66033796542036,190.652317526941,0.0296893215820494,Relaksasi
82.2,5.64917163494441,190.652317526941,0.0296307525039454,Relaksasi
82.3,6.20084639319825,190.652317526941,0.0325243693527198,Relaksasi
82.4,5.96554603759432,190.652317526941,0.0312901836965676,Relaksasi
82.5,5.06716301533675,190.652317526941,0.0265780300028123,Relaksasi
82.6,5.1064908759129,190.652317526941,0.0267843105300374,Relaksasi
82.7,5.43195917878432,190.652317526941,0.0284914405932502,Relaksasi
82.8,5.64650065397298,190.652317526941,0.029616742808149,Relaksasi
82.9,5.67322259545975,190.652317526941,0.0297569033990791,Relaksasi
83,5.87935272549771,190.652317526941,0.0308380868471053,Relaksasi
83.1,5.84658154841485,190.652317526941,0.0306661971081923,Relaksasi
83.2,5.2591185972904,190.652317526941,0.0275848658201977,Relaksasi
83.3,5.16274945615513,190.652317526941,0.0270793952212282,Relaksasi
83.4,6.01097126492463,190.652317526941,0.0315284458269185,Relaksasi
83.5,5.94714177526615,190.652317526941,0.0311936505803333,Relaksasi
83.6,5.50630655908925,190.652317526941,0.0288814037537789,Relaksasi
83.7,6.46618360064247,190.652317526941,0.0339161028017859,Relaksasi
83.8,6.32095553383981,190.652317526941,0.0331543598096917,Relaksasi
83.9,5.49379454364467,190.652317526941,0.0288157763561848,Relaksasi
84,5.96892828095038,190.652317526941,0.0313079240702485,Relaksasi
84.1,6.14368915630329,190.652317526941,0.0322245710726024,Relaksasi
84.2,5.59136211418198,190.652317526941,0.0293275328971118,Relaksasi
84.3,4.93419190794814,190.652317526941,0.0258805766011781,Relaksasi
84.4,5.48091177118859,190.652317526941,0.0287482042824582,Relaksasi
84.5,5.7826024050938,190.652317526941,0.0303306169057014,Relaksasi
84.6,5.33784857848901,190.652317526941,0.0279978163797286,Relaksasi
84.7,5.75095008545444,190.652317526941,0.030164595741889,Relaksasi
84.8,6.49396480670983,190.652317526941,0.0340618193943127,Relaksasi
84.9,6.07194516038285,190.652317526941,0.0318482630536333,Relaksasi
85,5.68019113434493,190.652317526941,0.0297934544306929,Relaksasi
85.1,5.86356309110602,190.652317526941,0.030755267846547,Relaksasi
85.2,5.62491516153448,190.652317526941,0.0295035236628561,Relaksasi
85.3,5.73115036633588,190.652317526941,0.0300607432454945,Relaksasi
85.4,5.9374395708049,190.652317526941,0.0311427610627701,Relaksasi
85.5,5.75529479198924,190.652317526941,0.0301873843792953,Relaksasi
85.6,5.73983344461768,190.652317526941,0.0301062872933951,Relaksasi
85.7,5.6650706501472,190.652317526941,0.0297141452232631,Relaksasi
85.8,5.64557773194774,190.652317526941,0.0296119019437042,Relaksasi
85.9,5.82485807616316,190.652317526941,0.0305522542380847,Relaksasi
86,5.37604856617766,190.652317526941,0.0281981810444972,Relaksasi
86.1,5.22056804426761,190.652317526941,0.0273826623876727,Relaksasi
86.2,5.2027456784215,190.652317526941,0.0272891814057612,Relaksasi
86.3,5.24681243093046,190.652317526941,0.0275203181319263,Relaksasi
86.4,4.99017231750119,190.652317526941,0.0261742022453833,Relaksasi
86.5,4.5084386769818,190.652317526941,0.0236474370490918,Relaksasi
86.6,4.87244108222607,190.652317526941,0.0255566842587032,Relaksasi
86.7,5.00532661522138,190.652317526941,0.0262536888098099,Relaksasi
86.8,5.23806015775941,190.652317526941,0.0274744111464536,Relaksasi
86.9,5.47153617130417,190.652317526941,0.0286990278548855,Relaksasi
87,5.40441077365382,190.652317526941,0.0283469450765534,Relaksasi
87.1,5.23062625533588,190.652317526941,0.0274354192132846,Relaksasi
87.2,5.05536801622214,190.652317526941,0.026516163463409,Relaksasi
87.3,5.1181208711193,190.652317526941,0.0268453115991944,Relaksasi
87.4,5.34889286683103,190.652317526941,0.0280557453285359,Relaksasi
87.5,5.40438736765061,190.652317526941,0.028346822308556,Relaksasi
87.6,4.9911489917605,190.652317526941,0.0261793250483577,Relaksasi
87.7,5.2666490263677,190.652317526941,0.027624364050143,Relaksasi
87.8,5.63255948665626,190.652317526941,0.0295436192946373,Relaksasi
87.9,5.58570390314574,190.652317526941,0.0292978547315923,Relaksasi
88,6.26631133933809,190.652317526941,0.0328677428138401,Relaksasi
88.1,5.80100782338517,190.652317526941,0.0304271560851361,Relaksasi
88.2,5.18175219286464,190.652317526941,0.0271790674253535,Relaksasi
88.3,5.53772017700866,190.652317526941,0.029046172891269,Relaksasi
88.4,5.2741210646493,190.652317526941,0.0276635560116074,Relaksasi
88.5,5.42032483204444,190.652317526941,0.0284304166996474,Relaksasi
88.6,6.08243287329441,190.652317526941,0.0319032726808311,Relaksasi
88.7,5.98093920646388,190.652317526941,0.0313709231759992,Relaksasi
88.8,5.52119495421331,190.652317526941,0.028959495619208,Relaksasi
88.9,5.77328912852617,190.652317526941,0.0302817673732728,Relaksasi
89,5.50531471180397,190.652317526941,0.0288762013660075,Relaksasi
89.1,4.77786129296731,190.652317526941,0.025060599078698,Relaksasi
89.2,4.91434411418734,190.652317526941,0.0257764719460748,Relaksasi
89.3,5.36029386622617,190.652317526941,0.0281155452803174,Relaksasi
89.4,5.44689647475495,190.652317526941,0.0285697889509538,Relaksasi
89.5,5.51914314501507,190.652317526941,0.0289487335722271,Relaksasi
89.6,5.32092222809294,190.652317526941,0.0279090351332395,Relaksasi
89.7,5.11096552667038,190.652317526941,0.0268077807443811,Relaksasi
89.8,5.30222165029611,190.652317526941,0.0278109477979298,Relaksasi
89.9,5.55999946178058,190.652317526941,0.0291630310814076,Relaksasi
90,5.73071677649475,190.652317526941,0.0300584690017467,Relaksasi
90.1,6.1088722635726,190.652317526941,0.0320419512482944,Relaksasi
90.2,6.48967454421295,190.652317526941,0.0340393163240509,Relaksasi
90.3,5.59094311598038,190.652317526941,0.0293253351887019,Relaksasi
90.4,5.6168857840733,190.652317526941,0.0294614083738037,Relaksasi
90.5,6.40747522864582,190.652317526941,0.0336081685854166,Relaksasi
90.6,5.74906525156907,190.652317526941,0.0301547095054675,Relaksasi
90.7,4.93144496406515,190.652317526941,0.0258661684685174,Relaksasi
90.8,5.45129617764367,190.652317526941,0.028592866052485,Relaksasi
90.9,6.07554345979058,190.652317526941,0.0318671366737099,Relaksasi
91,5.5269628605589,190.652317526941,0.0289897491530774,Relaksasi
91.1,4.93232222493083,190.652317526941,0.025870769833332,Relaksasi
91.2,5.45476703246732,190.652317526941,0.0286110712066036,Relaksasi
91.3,5.46016228027625,190.652317526941,0.0286393700905559,Relaksasi
91.4,4.935949565547,190.652317526941,0.0258897957789026,Relaksasi
91.5,5.26821464449013,190.652317526941,0.027632575952011,Relaksasi
91.6,5.9189769058709,190.652317526941,0.0310459216161087,Relaksasi
91.7,5.71320597197398,190.652317526941,0.0299666222057156,Relaksasi
91.8,5.36775218285848,190.652317526941,0.0281546652696732,Relaksasi
91.9,5.73647139609379,190.652317526941,0.0300886528446378,Relaksasi
92,5.45959438168936,190.652317526941,0.0286363913772926,Relaksasi
92.1,5.14089083859519,190.652317526941,0.0269647434937093,Relaksasi
92.2,5.17660285836905,190.652317526941,0.0271520583936124,Relaksasi
92.3,5.29763139265704,190.652317526941,0.0277868712081531,Relaksasi
92.4,5.4533109044744,190.652317526941,0.0286034335968865,Relaksasi
92.5,5.36442884009285,190.652317526941,0.0281372338384231,Relaksasi
92.6,5.31450222296084,190.652317526941,0.0278753612434312,Relaksasi
92.7,5.4606034463062,190.652317526941,0.0286416840725503,Relaksasi
92.8,5.75348960406041,190.652317526941,0.0301779158978615,Relaksasi
92.9,5.79100397930889,190.652317526941,0.0303746844225513,Relaksasi
93,5.57589244658615,190.652317526941,0.0292463921703874,Relaksasi
93.1,5.41207605227257,190.652317526941,0.0283871506125688,Relaksasi
93.2,5.61114569083816,190.652317526941,0.02943130072387,Relaksasi
93.3,5.8674980461655,190.652317526941,0.0307759072760097,Relaksasi
93.4,5.79883358111099,190.652317526941,0.030415751858309,Relaksasi
93.5,5.75519316453352,190.652317526941,0.0301868513280477,Relaksasi
93.6,5.86319142270696,190.652317526941,0.0307533183900501,Relaksasi
93.7,5.64728749739332,190.652317526941,0.0296208699199017,Relaksasi
93.8,5.35504242597911,190.652317526941,0.0280880006885958,Relaksasi
93.9,5.37995259859673,190.652317526941,0.028218658280073,Relaksasi
94,5.24537658233101,190.652317526941,0.0275127868906696,Relaksasi
94.1,5.05392803197207,190.652317526941,0.0265086105300445,Relaksasi
94.2,4.94967633423006,190.652317526941,0.0259617947394246,Relaksasi
94.3,4.89610248563923,190.652317526941,0.0256807918684091,Relaksasi
94.4,5.24870127615657,190.652317526941,0.0275302254084316,Relaksasi
94.5,5.70355863666613,190.652317526941,0.0299160204850914,Relaksasi
94.6,5.41086604984532,190.652317526941,0.0283808039683583,Relaksasi
94.7,5.44888091364929,190.652317526941,0.0285801976305864,Relaksasi
94.8,6.13492407285197,190.652317526941,0.0321785968952884,Relaksasi
94.9,5.82582503023089,190.652317526941,0.0305573260571964,Relaksasi
95,4.87310083387169,190.652317526941,0.0255601447550359,Relaksasi
95.1,5.31255370282518,190.652317526941,0.0278651409630751,Relaksasi
95.2,5.60619336348556,190.652317526941,0.0294053250241416,Relaksasi
95.3,5.23115062760804,190.652317526941,0.0274381696244989,Relaksasi
95.4,4.90421257849387,190.652317526941,0.0257233305218063,Relaksasi
95.5,4.96437694504578,190.652317526941,0.0260389016479921,Relaksasi
95.6,5.42335604052616,190.652317526941,0.0284463158427632,Relaksasi
95.7,5.11059452216232,190.652317526941,0.0268058347700921,Relaksasi
95.8,4.65857720965969,190.652317526941,0.024434936171187,Relaksasi
95.9,4.92351279558852,190.652317526941,0.0258245630551686,Relaksasi
96,5.26236539886022,190.652317526941,0.0276018957813958,Relaksasi
96.1,5.33899384851374,190.652317526941,0.0280038234927791,Relaksasi
96.2,5.18691062322483,190.652317526941,0.0272061241662686,Relaksasi
96.3,5.07980550848434,190.652317526941,0.0266443417755282,Relaksasi
96.4,5.34417235974023,190.652317526941,0.0280309855608497,Relaksasi
96.5,5.59199214940912,190.652317526941,0.0293308375263726,Relaksasi
96.6,5.46153086045639,190.652317526941,0.0286465484988643,Relaksasi
96.7,5.15243965112485,190.652317526941,0.0270253187475508,Relaksasi
96.8,5.29918208488448,190.652317526941,0.0277950048214633,Relaksasi
96.9,5.28587386173894,190.652317526941,0.0277252011950602,Relaksasi
97,5.2650238335719,190.652317526941,0.0276158396701781,Relaksasi
97.1,5.68885523388292,190.652317526941,0.0298388989322358,Relaksasi
97.2,5.33849431363075,190.652317526941,0.0280012033573961,Relaksasi
97.3,5.45721322438272,190.652317526941,0.0286239018500866,Relaksasi
97.4,6.01887993106422,190.652317526941,0.0315699279669846,Relaksasi
97.5,6.0759835053595,190.652317526941,0.0318694447787182,Relaksasi
97.6,6.16922344186437,190.652317526941,0.0323585022300743,Relaksasi
97.7,5.44756644979354,190.652317526941,0.028573303070516,Relaksasi
97.8,4.93797259762108,190.652317526941,0.0259004068855512,Relaksasi
97.9,5.48766630105593,190.652317526941,0.0287836328046757,Relaksasi
98,5.63916286676519,190.652317526941,0.0295782550137022,Relaksasi
98.1,5.81334470756608,190.652317526941,0.0304918648929856,Relaksasi
98.2,5.77671421350241,190.652317526941,0.030299732457677,Relaksasi
98.3,5.52526533418585,190.652317526941,0.028980845372651,Relaksasi
98.4,5.46539082275889,190.652317526941,0.0286667945800688,Relaksasi
98.5,5.01263926057509,190.652317526941,0.0262920447314612,Relaksasi
98.6,4.81165514814256,190.652317526941,0.0252378529175897,Relaksasi
98.7,4.89225830969346,190.652317526941,0.0256606285890132,Relaksasi
98.8,5.41417453073627,190.652317526941,0.0283981574468466,Relaksasi
98.9,5.66017115130805,190.652317526941,0.0296884466170111,Relaksasi
99,5.07052591670617,190.652317526941,0.0265956689248723,Relaksasi
99.1,5.15359637461549,190.652317526941,0.0270313859357478,Relaksasi
99.2,5.71502598526527,190.652317526941,0.0299761684483991,Relaksasi
99.3,5.36209564011291,190.652317526941,0.0281249958545885,Relaksasi
99.4,5.20576453184955,190.652317526941,0.0273050157447675,Relaksasi
99.5,5.56086233897026,190.652317526941,0.0291675570016842,Relaksasi
99.6,5.07097687039324,190.652317526941,0.0265980342445963,Relaksasi
99.7,5.0426919850119,190.652317526941,0.0264496757785245,Relaksasi
99.8,5.39692793192932,190.652317526941,0.0283076964494107,Relaksasi
99.9,5.34230858293849,190.652317526941,0.0280212097719901,Relaksasi
100,5.71911365318703,190.652317526941,0.0299976088797287,Relaksasi
100.1,5.65927405957389,190.652317526941,0.0296837412363171,Relaksasi
100.2,5.17786060324603,190.652317526941,0.0271586554541323,Relaksasi
100.3,4.96361330145457,190.652317526941,0.0260348962228228,Relaksasi
100.4,5.18839684709429,190.652317526941,0.0272139196333719,Relaksasi
100.5,5.38970494520497,190.652317526941,0.0282698108007176,Relaksasi
100.6,5.4069050663373,190.652317526941,0.0283600280157792,Relaksasi
100.7,5.43807086462751,190.652317526941,0.0285234973021456,Relaksasi
100.8,5.51875097571225,190.652317526941,0.0289466765854152,Relaksasi
100.9,5.41455070677324,190.652317526941,0.0284001305465804,Relaksasi
101,5.14188245754108,190.652317526941,0.0269699446838063,Relaksasi
101.1,5.15228402151189,190.652317526941,0.027024502446889,Relaksasi
101.2,5.32180595032604,190.652317526941,0.0279136703888953,Relaksasi
101.3,5.07478506879192,190.652317526941,0.0266180088163617,Relaksasi
101.4,5.15762584989868,190.652317526941,0.0270525211379602,Relaksasi
101.5,5.70052020597295,190.652317526941,0.0299000834603933,Relaksasi
101.6,5.44870321603153,190.652317526941,0.0285792655799296,Relaksasi
101.7,5.94248517194725,190.652317526941,0.0311692259975151,Relaksasi
101.8,5.94667702204246,190.652317526941,0.03119121287997,Relaksasi
101.9,5.66611387555426,190.652317526941,0.029719617096989,Relaksasi
102,5.70987609153339,190.652317526941,0.0299491564833798,Relaksasi
102.1,5.3471468611237,190.652317526941,0.0280465872667301,Relaksasi
102.2,5.73272487459833,190.652317526941,0.0300690017774802,Relaksasi
102.3,5.77533608657875,190.652317526941,0.030292503975267,Relaksasi
102.4,5.79632677583965,190.652317526941,0.0304026032886831,Relaksasi
102.5,5.64481873425373,190.652317526941,0.0296079208869625,Relaksasi
102.6,5.60772584726234,190.652317526941,0.0294133631313971,Relaksasi
102.7,5.48608018748343,190.652317526941,0.0287753134010982,Relaksasi
102.8,4.8303534378542,190.652317526941,0.0253359282515494,Relaksasi
102.9,4.73331551147695,190.652317526941,0.0248269497736794,Relaksasi
103,5.43488949565073,190.652317526941,0.0285068105447117,Relaksasi
103.1,5.89187180954069,190.652317526941,0.0309037513205581,Relaksasi
103.2,5.7732067109971,190.652317526941,0.0302813350809716,Relaksasi
103.3,5.52643387105403,190.652317526941,0.0289869745237851,Relaksasi
103.4,5.36657922466366,190.652317526941,0.0281485129280178,Relaksasi
103.5,5.35634699804676,190.652317526941,0.028094843364754,Relaksasi
103.6,5.23588781475919,190.652317526941,0.0274630168816033,Relaksasi
103.7,5.32427947638121,190.652317526941,0.027926644404041,Relaksasi
103.8,5.8336235646281,190.652317526941,0.0305982305397559,Relaksasi
103.9,5.94071543039796,190.652317526941,0.0311599434376583,Relaksasi
104,5.50070766252052,190.652317526941,0.0288520367015377,Relaksasi
104.1,5.72260566227541,190.652317526941,0.0300159249911386,Relaksasi
104.2,6.18222390510013,190.652317526941,0.0324266916095919,Relaksasi
104.3,6.44427066926134,190.652317526941,0.0338011661901287,Relaksasi
104.4,5.79010121760031,190.652317526941,0.030369949301991,Relaksasi
104.5,5.29975604688924,190.652317526941,0.0277980153382627,Relaksasi
104.6,5.96167853563275,190.652317526941,0.0312698980687203,Relaksasi
104.7,5.99865137192992,190.652317526941,0.031463826140389,Relaksasi
104.8,5.51896531571156,190.652317526941,0.0289478008308588,Relaksasi
104.9,5.59301947973155,190.652317526941,0.0293362260279957,Relaksasi
105,6.09075404412855,190.652317526941,0.0319469184698888,Relaksasi
105.1,5.73649975967929,190.652317526941,0.0300888016158978,Relaksasi
105.2,5.26508665585913,190.652317526941,0.0276161691824969,Relaksasi
105.3,5.6612312240214,190.652317526941,0.0296940068573853,Relaksasi
105.4,5.72922399324456,190.652317526941,0.0300506391297077,Relaksasi
105.5,5.87136415225492,190.652317526941,0.0307961855822981,Relaksasi
105.6,6.44022877500029,190.652317526941,0.0337799658485149,Relaksasi
105.7,6.47171129782716,190.652317526941,0.0339450964025792,Relaksasi
105.8,6.1930635243561,190.652317526941,0.0324835470383461,Relaksasi
105.9,6.21257247576407,190.652317526941,0.0325858744144883,Relaksasi
106,5.82049752846117,190.652317526941,0.0305293825113805,Relaksasi
106.1,5.80584055633899,190.652317526941,0.0304525044943058,Relaksasi
106.2,6.07374620412959,190.652317526941,0.0318577097982105,Relaksasi
106.3,6.0678413640688,190.652317526941,0.0318267380264672,Relaksasi
106.4,6.26472138764549,190.652317526941,0.032859403278747,Relaksasi
106.5,6.44874397013638,190.652317526941,0.0338246293241366,Relaksasi
106.6,6.35314153530804,190.652317526941,0.0333231802147397,Relaksasi
106.7,5.97655430729534,190.652317526941,0.0313479237222007,Relaksasi
106.8,6.20110813779208,190.652317526941,0.0325257422423716,Relaksasi
106.9,6.24780013877851,190.652317526941,0.0327706487905431,Relaksasi
107,5.75314490788305,190.652317526941,0.0301761079147127,Relaksasi
107.1,5.60766730399114,190.652317526941,0.0294130560631591,Relaksasi
107.2,5.54217331660139,190.652317526941,0.0290695302763273,Relaksasi
107.3,5.43155115231053,190.652317526941,0.0284893004331982,Relaksasi
107.4,5.72631963190162,190.652317526941,0.0300354053188597,Relaksasi
107.5,6.16695354646634,190.652317526941,0.0323465962882663,Relaksasi
107.6,6.18552176608258,190.652317526941,0.0324439893850674,Relaksasi
107.7,5.874001681046,190.652317526941,0.0308100198163913,Relaksasi
107.8,5.83840818598001,190.652317526941,0.0306233265963576,Relaksasi
107.9,6.08092622848789,190.652317526941,0.0318953701028501,Relaksasi
108,6.65859141366907,190.652317526941,0.0349253106389758,Relaksasi
108.1,6.73523455656233,190.652317526941,0.0353273154186052,Relaksasi
108.2,6.55709436693449,190.652317526941,0.0343929434060402,Relaksasi
108.3,6.48355411073947,190.652317526941,0.0340072137325227,Relaksasi
108.4,6.61386937319396,190.652317526941,0.0346907368291463,Relaksasi
108.5,6.78816708281704,190.652317526941,0.0356049544577804,Relaksasi
108.6,6.39582180448051,190.652317526941,0.0335470446278562,Relaksasi
108.7,6.56091432420295,190.652317526941,0.0344129796548412,Relaksasi
108.8,6.93428545437493,190.652317526941,0.0363713672318462,Relaksasi
108.9,7.06432705160545,190.652317526941,0.037053454913325,Relaksasi
109,7.22817872634173,190.652317526941,0.0379128815222522,Relaksasi
109.1,7.18523097900779,190.652317526941,0.0376876141460617,Relaksasi
109.2,7.21385034953436,190.652317526941,0.0378377270368873,Relaksasi
109.3,6.77252582653044,190.652317526941,0.0355229137226376,Relaksasi
109.4,6.59346209377669,190.652317526941,0.0345836975878615,Relaksasi
109.5,7.01907011342407,190.652317526941,0.0368160754848007,Relaksasi
109.6,7.03752920297191,190.652317526941,0.0369128961780254,Relaksasi
109.7,7.57129792348931,190.652317526941,0.0397125931732742,Relaksasi
109.8,7.71119773640191,190.652317526941,0.0404463886745685,Relaksasi
109.9,7.24038505877802,190.652317526941,0.0379769055666206,Relaksasi
110,6.79169624272444,190.652317526941,0.0356234654308081,Relaksasi
110.1,6.76168749047931,190.652317526941,0.0354660650244852,Relaksasi
110.2,7.24455070212311,190.652317526941,0.0379987549907405,Relaksasi
110.3,7.39336611128612,190.652317526941,0.0387793141315544,Relaksasi
110.4,7.57351184585947,190.652317526941,0.039724205528156,Relaksasi
110.5,7.49316113697066,190.652317526941,0.0393027540088087,Relaksasi
110.6,7.39052070083565,190.652317526941,0.038764389526979,Relaksasi
110.7,7.13641836441791,190.652317526941,0.0374315846614844,Relaksasi
110.8,6.39845394965536,190.652317526941,0.0335608506240748,Relaksasi
110.9,6.20635304899371,190.652317526941,0.0325532525882707,Relaksasi
111,6.95298477877842,190.652317526941,0.0364694479929198,Relaksasi
111.1,7.17448698922576,190.652317526941,0.0376312603082411,Relaksasi
111.2,7.04328445047891,190.652317526941,0.0369430833143878,Relaksasi
111.3,7.08602095742773,190.652317526941,0.0371672427030759,Relaksasi
111.4,7.29328908667871,190.652317526941,0.0382543951276548,Relaksasi
111.5,7.43964735111782,190.652317526941,0.0390220661758623,Relaksasi
111.6,7.76360237521928,190.652317526941,0.0407212588649608,Relaksasi
111.7,8.36196340184628,190.652317526941,0.0438597521934903,Relaksasi
111.8,7.54228491535345,190.652317526941,0.0395604155941489,Relaksasi
111.9,6.62083566689875,190.652317526941,0.0347272760844523,Relaksasi
112,6.72977991056062,190.652317526941,0.0352987049822231,Relaksasi
112.1,6.75689625690563,190.652317526941,0.0354409342857886,Relaksasi
112.2,6.80328157652863,190.652317526941,0.035684232244212,Relaksasi
112.3,6.3243791602152,190.652317526941,0.0331723172435158,Relaksasi
112.4,6.1816105155247,190.652317526941,0.0324234742892709,Relaksasi
112.5,6.28881386324733,190.652317526941,0.0329857719267359,Relaksasi
112.6,6.02644949980948,190.652317526941,0.0316096314903588,Relaksasi
112.7,6.2470938235233,190.652317526941,0.0327669440610944,Relaksasi
112.8,6.90863003484291,190.652317526941,0.0362368007085287,Relaksasi
112.9,7.43071304801614,190.652317526941,0.0389752044161021,Relaksasi
113,7.31224098718295,190.652317526941,0.0383538006882589,Relaksasi
113.1,7.04310979043808,190.652317526941,0.0369421671962776,Relaksasi
113.2,6.88131825951879,190.652317526941,0.0360935463506568,Relaksasi
113.3,6.72266420914242,190.652317526941,0.0352613820610517,Relaksasi
113.4,6.56163178962978,190.652317526941,0.0344167428686124,Relaksasi
113.5,6.66339022361687,190.652317526941,0.034950481116891,Relaksasi
113.6,6.88008751205264,190.652317526941,0.0360870908956058,Relaksasi
113.7,6.7058733661084,190.652317526941,0.0351733115710003,Relaksasi
113.8,6.25189471046928,190.652317526941,0.0327921254331766,Relaksasi
113.9,6.50565750403887,190.652317526941,0.0341231493455071,Relaksasi
114,6.46600088249233,190.652317526941,0.0339151444176838,Relaksasi
114.1,5.91045877003249,190.652317526941,0.0310012427160623,Relaksasi
114.2,6.03735882321962,190.652317526941,0.0316668525278559,Relaksasi
114.3,5.78988733103941,190.652317526941,0.0303688274348998,Relaksasi
114.4,5.42887854305227,190.652317526941,0.0284752821967931,Relaksasi
114.5,6.30563311229034,190.652317526941,0.0330739914105648,Relaksasi
114.6,6.38922762012247,190.652317526941,0.0335124571418839,Relaksasi
114.7,6.76824664845063,190.652317526941,0.0355004687918058,Relaksasi
114.8,7.00613182917336,190.652317526941,0.0367482122433855,Relaksasi
114.9,6.3045547125312,190.652317526941,0.0330683350420867,Relaksasi
115,6.47998773618312,190.652317526941,0.0339885075630797,Relaksasi
115.1,6.19741756270362,190.652317526941,0.0325063846225098,Relaksasi
115.2,6.45047799281248,190.652317526941,0.0338337245331463,Relaksasi
115.3,6.61482755101249,190.652317526941,0.0346957626155147,Relaksasi
115.4,6.71709202314658,190.652317526941,0.0352321551097713,Relaksasi
115.5,7.28576801994283,190.652317526941,0.0382149460045943,Relaksasi
115.6,7.40963176604283,190.652317526941,0.038864629930322,Relaksasi
115.7,6.86439289563052,190.652317526941,0.0360047702785491,Relaksasi
115.8,6.34840354516585,190.652317526941,0.0332983287458268,Relaksasi
115.9,6.84815756945968,190.652317526941,0.0359196135577631,Relaksasi
116,6.70783628535129,190.652317526941,0.0351836073768334,Relaksasi
116.1,6.39355957775216,190.652317526941,0.0335351789093708,Relaksasi
116.2,6.4883108699717,190.652317526941,0.0340321636481278,Relaksasi
116.3,6.30693107114195,190.652317526941,0.0330807993994131,Relaksasi
116.4,6.30013838387721,190.652317526941,0.0330451707359231,Relaksasi
116.5,6.22022990329487,190.652317526941,0.0326260387703699,Relaksasi
116.6,6.76639584867989,190.652317526941,0.0354907610694201,Relaksasi
116.7,6.98300283384517,190.652317526941,0.0366268971939373,Relaksasi
116.8,6.50247079160358,190.652317526941,0.034106434560832,Relaksasi
116.9,6.58686098321745,190.652317526941,0.0345490737729252,Relaksasi
117,6.59154759378006,190.652317526941,0.0345736557482371,Relaksasi
117.1,6.39104114711996,190.652317526941,0.0335219693629837,Relaksasi
117.2,6.05062131262481,190.652317526941,0.0317364162739317,Relaksasi
117.3,6.31503817340537,190.652317526941,0.0331233223667107,Relaksasi
117.4,6.39494318555951,190.652317526941,0.0335424361398378,Relaksasi
117.5,6.09773029336883,190.652317526941,0.0319835099434716,Relaksasi
117.6,6.26649461252944,190.652317526941,0.0328687041092166,Relaksasi
117.7,5.73445340789557,190.652317526941,0.0300780681938746,Relaksasi
117.8,5.31955928225937,190.652317526941,0.027901886277924,Relaksasi
117.9,5.23381000718653,190.652317526941,0.0274521184692493,Relaksasi
118,5.23850158453779,190.652317526941,0.0274767264961127,Relaksasi
118.1,5.27187318195789,190.652317526941,0.0276517655297472,Relaksasi
118.2,5.09156554971074,190.652317526941,0.0267060249555647,Relaksasi
118.3,5.15337647630581,190.652317526941,0.0270302325361326,Relaksasi
118.4,5.26608974498895,190.652317526941,0.027621430535429,Relaksasi
118.5,5.4977943970564,190.652317526941,0.0288367561872386,Relaksasi
118.6,5.70807183329508,190.652317526941,0.0299396928783122,Relaksasi
118.7,5.7316480519246,190.652317526941,0.0300633536810516,Relaksasi
118.8,5.59138309825546,190.652317526941,0.0293276429617245,Relaksasi
118.9,5.47789111876236,190.652317526941,0.0287323605074366,Relaksasi
119,5.31939171619481,190.652317526941,0.0279010073687833,Relaksasi
119.1,4.9983382362168,190.652317526941,0.0262170337137941,Relaksasi
119.2,5.56579495810183,190.652317526941,0.0291934293288374,Relaksasi
119.3,6.15224240521697,190.652317526941,0.032269434145995,Relaksasi
119.4,5.80181105430686,190.652317526941,0.0304313691517912,Relaksasi
119.5,5.60599900950429,190.652317526941,0.0294043056083601,Relaksasi
119.6,5.36421855553508,190.652317526941,0.0281361308643786,Relaksasi
119.7,5.18617570821026,190.652317526941,0.0272022694267925,Relaksasi
119.8,5.27642094785367,190.652317526941,0.0276756192439573,Relaksasi
119.9,5.58464619165652,190.652317526941,0.0292923068761928,Relaksasi
120,5.56833285910863,190.652317526941,0.0292067410002596,Relaksasi
120.1,5.65874909033697,190.652317526941,0.0296809876939331,Relaksasi
120.2,5.93917979693567,190.652317526941,0.0311518888098299,Relaksasi
120.3,6.17989826214605,190.652317526941,0.0324144932634913,Relaksasi
120.4,6.12368250002413,190.652317526941,0.0321196331597636,Relaksasi
120.5,5.8520073024731,190.652317526941,0.0306946560019977,Relaksasi
120.6,5.43557670780016,190.652317526941,0.0285104150755054,Relaksasi
120.7,5.38546934090006,190.652317526941,0.0282475944208705,Relaksasi
120.8,5.85940198384006,190.652317526941,0.0307334422148425,Relaksasi
120.9,5.96634973413594,190.652317526941,0.031294399205469,Relaksasi
121,5.74859288155694,190.652317526941,0.0301522318539065,Relaksasi
121.1,5.43814212847652,190.652317526941,0.028523871091722,Relaksasi
121.2,5.54437229046579,190.652317526941,0.0290810642240544,Relaksasi
121.3,5.63819527324405,190.652317526941,0.0295731798405614,Relaksasi
121.4,6.18959153269082,190.652317526941,0.0324653359213227,Relaksasi
121.5,6.04911296899305,190.652317526941,0.0317285047853575,Relaksasi
121.6,5.75799199055423,190.652317526941,0.0302015315903021,Relaksasi
121.7,5.63757710973933,190.652317526941,0.0295699374802652,Relaksasi
121.8,5.52011646835377,190.652317526941,0.0289538387991204,Relaksasi
121.9,5.40321713048602,190.652317526941,0.0283406842391123,Relaksasi
122,5.34763390046295,190.652317526941,0.028049141861112,Relaksasi
122.1,5.40590383920994,190.652317526941,0.0283547764293294,Relaksasi
122.2,5.1962305322949,190.652317526941,0.0272550084871673,Relaksasi
122.3,5.81905420168064,190.652317526941,0.0305218120459424,Relaksasi
122.4,6.04841245902076,190.652317526941,0.0317248305054883,Relaksasi
122.5,5.56901157129781,190.652317526941,0.029210300947487,Relaksasi
122.6,5.39803136021981,190.652317526941,0.0283134840962896,Relaksasi
122.7,5.32633635071743,190.652317526941,0.0279374330184303,Relaksasi
122.8,5.30455324871134,190.652317526941,0.0278231773813174,Relaksasi
122.9,5.53603017643659,190.652317526941,0.0290373085847975,Relaksasi
123,5.82675393008374,190.652317526941,0.0305621982762436,Relaksasi
123.1,5.64827828826565,190.652317526941,0.0296260667666286,Relaksasi
123.2,5.0471115158155,190.652317526941,0.026472856880443,Relaksasi
123.3,4.81527543706096,190.652317526941,0.0252568418759479,Relaksasi
123.4,5.01904236998996,190.652317526941,0.0263256300006986,Relaksasi
123.5,5.33383953723238,190.652317526941,0.0279767883570502,Relaksasi
123.6,5.18234495403166,190.652317526941,0.0271821765465785,Relaksasi
123.7,5.08827421730251,190.652317526941,0.0266887614234402,Relaksasi
123.8,5.46016731274685,190.652317526941,0.028639396486619,Relaksasi
123.9,5.51446743870606,190.652317526941,0.0289242087913607,Relaksasi
124,5.30054520155459,190.652317526941,0.0278021545728421,Relaksasi
124.1,5.57971205663446,190.652317526941,0.0292664265979666,Relaksasi
124.2,5.95292259405533,190.652317526941,0.0312239718419059,Relaksasi
124.3,5.77861244187734,190.652317526941,0.0303096889502052,Relaksasi
124.4,5.19032758281567,190.652317526941,0.0272240466318078,Relaksasi
124.5,5.13896853282952,190.652317526941,0.0269546607116555,Relaksasi
124.6,5.28500875469183,190.652317526941,0.0277206635788469,Relaksasi
124.7,5.09266922007925,190.652317526941,0.0267118138721791,Relaksasi
124.8,5.02731931695785,190.652317526941,0.026369043828945,Relaksasi
124.9,5.16256277754335,190.652317526941,0.0270784160639108,Relaksasi
125,5.21206491304177,190.652317526941,0.0273380621890696,Relaksasi
125.1,5.4283597663244,190.652317526941,0.0284725611350479,Relaksasi
125.2,5.2764995305006,190.652317526941,0.0276760314217265,Relaksasi
125.3,4.91083418973996,190.652317526941,0.0257580618659199,Relaksasi
125.4,5.10312684241676,190.652317526941,0.026766665669803,Relaksasi
125.5,5.42775811518022,190.652317526941,0.0284694053845593,Relaksasi
125.6,5.46481358696346,190.652317526941,0.0286637668917464,Relaksasi
125.7,5.50791215391513,190.652317526941,0.0288898253394523,Relaksasi
125.8,6.06956186849791,190.652317526941,0.031835762330244,Relaksasi
125.9,5.92600302731797,190.652317526941,0.0310827746768961,Relaksasi
126,5.53812075191329,190.652317526941,0.0290482739667232,Relaksasi
126.1,5.4037860607369,190.652317526941,0.0283436683636079,Relaksasi
126.2,5.3346538451991,190.652317526941,0.0279810595244679,Relaksasi
126.3,5.68033933738211,190.652317526941,0.0297942317778509,Relaksasi
126.4,5.90860233611063,190.652317526941,0.030991505441709,Relaksasi
126.5,5.67506297202177,190.652317526941,0.0297665564501718,Relaksasi
126.6,5.59188730626234,190.652317526941,0.0293302876083431,Relaksasi
126.7,5.45820987505363,190.652317526941,0.028629129432336,Relaksasi
126.8,5.41728526068272,190.652317526941,0.0284144736919718,Relaksasi
126.9,5.30806037263546,190.652317526941,0.0278415727723077,Relaksasi
127,5.40558053671768,190.652317526941,0.0283530806592677,Relaksasi
127.1,5.50294432935105,190.652317526941,0.0288637683545254,Relaksasi
127.2,5.32810120083744,190.652317526941,0.027946689922007,Relaksasi
127.3,5.96952951476308,190.652317526941,0.0313110776317708,Relaksasi
127.4,5.96009880668537,190.652317526941,0.0312616121534591,Relaksasi
127.5,5.30698231871229,190.652317526941,0.0278359182177912,Relaksasi
127.6,4.88784456895283,190.652317526941,0.0256374778568434,Relaksasi
127.7,5.37570136781369,190.652317526941,0.0281963599370044,Relaksasi
127.8,5.70305000989278,190.652317526941,0.0299133526613799,Relaksasi
127.9,5.49219257092887,190.652317526941,0.028807373769022,Relaksasi
128,5.5157770363713,190.652317526941,0.0289310778275321,Relaksasi
128.1,5.41179832351225,190.652317526941,0.0283856938835664,Relaksasi
128.2,5.37274016784998,190.652317526941,0.0281808279990656,Relaksasi
128.3,5.38143972245448,190.652317526941,0.0282264584677499,Relaksasi
128.4,5.22968544620154,190.652317526941,0.0274304845282698,Relaksasi
128.5,4.95162057238848,190.652317526941,0.0259719925601678,Relaksasi
128.6,5.21832633464975,190.652317526941,0.0273709042845091,Relaksasi
128.7,5.14711579006675,190.652317526941,0.0269973942978133,Relaksasi
128.8,5.45135049588711,190.652317526941,0.0285931509598186,Relaksasi
128.9,5.94570664439301,190.652317526941,0.0311861231036586,Relaksasi
129,5.70866777945971,190.652317526941,0.0299428187053274,Relaksasi
129.1,5.68892909089775,190.652317526941,0.0298392863233558,Relaksasi
129.2,5.35093750451948,190.652317526941,0.0280664697598723,Relaksasi
129.3,5.24454496530646,190.652317526941,0.0275084249346476,Relaksasi
129.4,5.79760305792843,190.652317526941,0.0304092975796592,Relaksasi
129.5,5.5509328369872,190.652317526941,0.0291154752745284,Relaksasi
129.6,4.88500942835659,190.652317526941,0.0256226071191937,Relaksasi
129.7,5.1366556735003,190.652317526941,0.0269425294175846,Relaksasi
129.8,5.68350294961157,190.652317526941,0.0298108253984819,Relaksasi
129.9,5.60736852472535,190.652317526941,0.0294114889210983,Relaksasi
130,5.6469622582855,190.652317526941,0.0296191639920009,Relaksasi
130.1,5.66758697543505,190.652317526941,0.0297273437268034,Relaksasi
130.2,5.68123111966838,190.652317526941,0.0297989093096943,Relaksasi
130.3,5.66310853880336,190.652317526941,0.0297038536549816,Relaksasi
130.4,5.29335380512922,190.652317526941,0.0277644346200051,Relaksasi
130.5,5.41420983049102,190.652317526941,0.0283983425993546,Relaksasi
130.6,5.54119005917507,190.652317526941,0.0290643729436546,Relaksasi
130.7,5.73186843686656,190.652317526941,0.0300645096331262,Relaksasi
130.8,6.14538339346123,190.652317526941,0.0322334576006023,Relaksasi
130.9,6.28790187525865,190.652317526941,0.0329809884129528,Relaksasi
131,5.86121818300661,190.652317526941,0.0307429684518697,Relaksasi
131.1,5.19798234910895,190.652317526941,0.0272641970290994,Relaksasi
131.2,4.98386458963568,190.652317526941,0.0261411172666779,Relaksasi
131.3,5.06732932060822,190.652317526941,0.0265789022989041,Relaksasi
131.4,5.52217338143939,190.652317526941,0.028964627616756,Relaksasi
131.5,5.65926833725437,190.652317526941,0.029683711221893,Relaksasi
131.6,5.11286145150746,190.652317526941,0.0268177251545078,Relaksasi
131.7,5.04922329896712,190.652317526941,0.0264839334998045,Relaksasi
131.8,5.58415845965223,190.652317526941,0.0292897486486789,Relaksasi
131.9,5.57843083608026,190.652317526941,0.0292597064039988,Relaksasi
132,5.2966618260441,190.652317526941,0.0277817856858499,Relaksasi
132.1,5.48419567887711,190.652317526941,0.0287654288708142,Relaksasi
132.2,5.69759871803425,190.652317526941,0.0298847598179818,Relaksasi
132.3,5.79223516503323,190.652317526941,0.0303811421763322,Relaksasi
132.4,5.95390224918854,190.652317526941,0.0312291102800111,Relaksasi
132.5,5.71633227084997,190.652317526941,0.0299830201122113,Relaksasi
132.6,5.42231614932068,190.652317526941,0.0284408614574247,Relaksasi
132.7,5.71847624768094,190.652317526941,0.0299942655922494,Relaksasi
132.8,5.60502453643585,190.652317526941,0.0293991943509619,Relaksasi
132.9,5.40516536100421,190.652317526941,0.0283509030003813,Relaksasi
133,5.11501674125926,190.652317526941,0.0268290299725124,Relaksasi
133.1,5.12935281867156,190.652317526941,0.0269042248487052,Relaksasi
133.2,5.30720369165223,190.652317526941,0.0278370793520633,Relaksasi
133.3,5.31216375110866,190.652317526941,0.0278630956078359,Relaksasi
133.4,5.57297393279295,190.652317526941,0.0292310841278152,Relaksasi
133.5,5.4000978681851,190.652317526941,0.0283243232405082,Relaksasi
133.6,5.30216604991769,190.652317526941,0.0278106561656059,Relaksasi
133.7,5.33018218966066,190.652317526941,0.0279576050204973,Relaksasi
133.8,5.24492801574221,190.652317526941,0.027510434091634,Relaksasi
133.9,5.21374049906626,190.652317526941,0.0273468508890771,Relaksasi
134,5.66678199545018,190.652317526941,0.0297231214860496,Relaksasi
134.1,5.76553059210015,190.652317526941,0.0302410726860711,Relaksasi
134.2,5.7022730956145,190.652317526941,0.0299092776294665,Relaksasi
134.3,5.81533037769936,190.652317526941,0.030502280030651,Relaksasi
134.4,5.67033273445092,190.652317526941,0.0297417456446583,Relaksasi
134.5,5.45340161544079,190.652317526941,0.0286039093895104,Relaksasi
134.6,5.07409674165098,190.652317526941,0.0266143984372703,Relaksasi
134.7,5.38880822365904,190.652317526941,0.0282651073617164,Relaksasi
134.8,5.42597166161687,190.652317526941,0.0284600351676822,Relaksasi
134.9,5.16292932932718,190.652317526941,0.0270803386829935,Relaksasi
135,5.05775691125222,190.652317526941,0.026528693576135,Relaksasi
135.1,4.72892368362056,190.652317526941,0.0248039139778739,Relaksasi
135.2,4.67059227819398,190.652317526941,0.0244979570077032,Relaksasi
135.3,4.88614623445444,190.652317526941,0.0256285698376783,Relaksasi
135.4,4.73130552704642,190.652317526941,0.0248164071038781,Relaksasi
135.5,4.72747320792836,190.652317526941,0.0247963060153219,Relaksasi
135.6,5.07591607920176,190.652317526941,0.0266239411355935,Relaksasi
135.7,5.44398575037102,190.652317526941,0.0285545217650015,Relaksasi
135.8,6.06662036522603,190.652317526941,0.031820333704408,Relaksasi
135.9,5.3979980419256,190.652317526941,0.0283133093368393,Relaksasi
136,4.34036719694158,190.652317526941,0.0227658769284472,Relaksasi
136.1,4.73242201696891,190.652317526941,0.0248222632609759,Relaksasi
136.2,4.98346800672134,190.652317526941,0.0261390371298115,Relaksasi
136.3,5.33089478521977,190.652317526941,0.0279613426910819,Relaksasi
136.4,5.61833211148287,190.652317526941,0.0294689945779911,Relaksasi
136.5,5.66358011816844,190.652317526941,0.0297063271594803,Relaksasi
136.6,5.42527445584056,190.652317526941,0.0284563782188166,Relaksasi
136.7,5.01928262913917,190.652317526941,0.0263268901959709,Relaksasi
136.8,5.20454063289004,190.652317526941,0.0272985962111611,Relaksasi
136.9,5.94596486017453,190.652317526941,0.0311874774841606,Relaksasi
137,6.21422204721025,190.652317526941,0.0325945266641309,Relaksasi
137.1,6.03841520874542,190.652317526941,0.0316723934283785,Relaksasi
137.2,5.60409242225393,190.652317526941,0.0293943052722766,Relaksasi
137.3,5.29064072883819,190.652317526941,0.0277502041279438,Relaksasi
137.4,5.52576244506816,190.652317526941,0.0289834527937868,Relaksasi
137.5,5.53426531406926,190.652317526941,0.0290280516169818,Relaksasi
137.6,5.68554199403292,190.652317526941,0.0298215204922934,Relaksasi
137.7,6.23761431919826,190.652317526941,0.0327172226391469,Relaksasi
137.8,6.25268033135342,190.652317526941,0.0327962461325436,Relaksasi
137.9,5.55583914245406,190.652317526941,0.0291412095825636,Relaksasi
138,5.50292648458218,190.652317526941,0.0288636747560362,Relaksasi
138.1,5.65476052647763,190.652317526941,0.0296600670782748,Relaksasi
138.2,5.22242064120097,190.652317526941,0.0273923795364459,Relaksasi
138.3,5.39624911516128,190.652317526941,0.0283041359536515,Relaksasi
138.4,5.60941326311248,190.652317526941,0.0294222138806144,Relaksasi
138.5,5.07249689991784,190.652317526941,0.0266060070274312,Relaksasi
138.6,5.10865056735961,190.652317526941,0.0267956384355921,Relaksasi
138.7,5.43631211416628,190.652317526941,0.0285142723921941,Relaksasi
138.8,5.49982685561054,190.652317526941,0.0288474167371889,Relaksasi
138.9,5.68563738789664,190.652317526941,0.0298220208474161,Relaksasi
139,5.65892269680617,190.652317526941,0.029681898285902,Relaksasi
139.1,5.4627292661257,190.652317526941,0.02865283431634,Relaksasi
139.2,5.49415130212488,190.652317526941,0.0288176476079211,Relaksasi
139.3,5.4440383734092,190.652317526941,0.0285547977807293,Relaksasi
139.4,5.18594298435323,190.652317526941,0.0272010487552578,Relaksasi
139.5,5.22107443028632,190.652317526941,0.02738531845829,Relaksasi
139.6,5.82782768401489,190.652317526941,0.0305678302766571,Relaksasi
139.7,5.86538867213416,190.652317526941,0.0307648432928454,Relaksasi
139.8,5.51592550692743,190.652317526941,0.028931856577867,Relaksasi
139.9,5.68111679061143,190.652317526941,0.0297983096366433,Relaksasi
140,6.01339357689743,190.652317526941,0.031541151216521,Relaksasi
140.1,5.94477791757931,190.652317526941,0.0311812517922277,Relaksasi
140.2,5.54558720510204,190.652317526941,0.0290874366335378,Relaksasi
140.3,5.57928054643802,190.652317526941,0.0292641632622672,Relaksasi
140.4,5.36399154298052,190.652317526941,0.0281349401494819,Relaksasi
140.5,5.57040393659865,190.652317526941,0.0292176041123208,Relaksasi
140.6,6.04759413348763,190.652317526941,0.0317205382653323,Relaksasi
140.7,5.93244998988606,190.652317526941,0.0311165899624993,Relaksasi
140.8,6.01427820443905,190.652317526941,0.0315457912206557,Relaksasi
140.9,5.62152648390951,190.652317526941,0.0294857495404698,Relaksasi
141,5.4964101374148,190.652317526941,0.0288294955378032,Relaksasi
141.1,5.53474249119717,190.652317526941,0.0290305544825861,Relaksasi
141.2,5.21323041048856,190.652317526941,0.0273441753979826,Relaksasi
141.3,5.58532960738603,190.652317526941,0.0292958914941947,Relaksasi
141.4,5.54228400767558,190.652317526941,0.0290701108676132,Relaksasi
141.5,5.66191372057745,190.652317526941,0.0296975866541846,Relaksasi
141.6,6.02537627984436,190.652317526941,0.0316040022906771,Relaksasi
141.7,5.82904868568782,190.652317526941,0.0305742346135609,Relaksasi
141.8,6.0597950874943,190.652317526941,0.0317845340990307,Relaksasi
141.9,5.90788009396206,190.652317526941,0.0309877171733158,Relaksasi
142,5.42263467090448,190.652317526941,0.0284425321509045,Relaksasi
142.1,5.8287308253617,190.652317526941,0.0305725673884769,Relaksasi
142.2,5.83207518087462,190.652317526941,0.030590109034738,Relaksasi
142.3,5.50392166486235,190.652317526941,0.0288688946258656,Relaksasi
142.4,5.88311753922414,190.652317526941,0.0308578338597578,Relaksasi
142.5,6.242319324627,190.652317526941,0.0327419010982906,Relaksasi
142.6,6.35254884212284,190.652317526941,0.0333200714500895,Relaksasi
142.7,6.5861895791118,190.652317526941,0.0345455521576919,Relaksasi
142.8,6.2124149976522,190.652317526941,0.0325850484181726,Relaksasi
142.9,5.66745580049418,190.652317526941,0.0297266556945645,Relaksasi
143,5.55578477583149,190.652317526941,0.0291409244214742,Relaksasi
143.1,5.60851270150722,190.652317526941,0.0294174902999261,Relaksasi
143.2,5.65720001555109,190.652317526941,0.0296728625643465,Relaksasi
143.3,5.55490143378438,190.652317526941,0.0291362911599509,Relaksasi
143.4,5.69153274235589,190.652317526941,0.0298529428657567,Relaksasi
143.5,6.53792667077927,190.652317526941,0.034292405964881,Relaksasi
143.6,6.59691935681118,190.652317526941,0.0346018314510074,Relaksasi
143.7,5.79471577917955,190.652317526941,0.0303941533695791,Relaksasi
143.8,5.83117083940174,190.652317526941,0.030585365628077,Relaksasi
143.9,5.9093194432392,190.652317526941,0.030995266776152,Relaksasi
144,5.44886441130359,190.652317526941,0.0285801110733081,Relaksasi
144.1,5.10578956607397,190.652317526941,0.0267806320547479,Relaksasi
144.2,5.46850327009273,190.652317526941,0.0286831198331484,Relaksasi
144.3,5.66801780548996,190.652317526941,0.0297296034950585,Relaksasi
144.4,5.69824886303948,190.652317526941,0.0298881699260448,Relaksasi
144.5,5.50782733588985,190.652317526941,0.0288893804561884,Relaksasi
144.6,5.20984592458702,190.652317526941,0.0273264232618143,Relaksasi
144.7,5.5184568689783,190.652317526941,0.0289451339514847,Relaksasi
144.8,5.89626016575728,190.652317526941,0.0309267689070922,Relaksasi
144.9,5.77406930946315,190.652317526941,0.0302858595393009,Relaksasi
145,5.67014912119487,190.652317526941,0.0297407825655915,Relaksasi
145.1,6.02893084745551,190.652317526941,0.0316226465309217,Relaksasi
145.2,5.79155295651809,190.652317526941,0.0303775638903507,Relaksasi
145.3,5.32141753882104,190.652317526941,0.0279116331122965,Relaksasi
145.4,5.32648374994491,190.652317526941,0.0279382061494858,Relaksasi
145.5,5.80166728541075,190.652317526941,0.0304306150623682,Relaksasi
145.6,7.03573002874385,190.652317526941,0.036903459239354,Relaksasi
145.7,6.68252470643635,190.652317526941,0.0350508443491228,Relaksasi
145.8,5.47982444004956,190.652317526941,0.028742501067553,Relaksasi
145.9,5.8726495505109,190.652317526941,0.0308029276889384,Relaksasi
146,6.07985616931503,190.652317526941,0.0318897574819979,Relaksasi
146.1,5.96394158668312,190.652317526941,0.0312817681108982,Relaksasi
146.2,5.49529562529678,190.652317526941,0.0288236497545866,Relaksasi
146.3,5.02677114474545,190.652317526941,0.0263661685834745,Relaksasi
146.4,5.54713272314146,190.652317526941,0.0290955431074557,Relaksasi
146.5,5.51909994885717,190.652317526941,0.0289485070019002,Relaksasi
146.6,5.59404760157595,190.652317526941,0.0293416186812702,Relaksasi
146.7,6.00394920099758,190.652317526941,0.0314916140484322,Relaksasi
146.8,6.09280680759208,190.652317526941,0.0319576855221343,Relaksasi
146.9,6.21478634474775,190.652317526941,0.03259748648935,Relaksasi
147,6.00799210631977,190.652317526941,0.0315128196932134,Relaksasi
147.1,5.91993209407532,190.652317526941,0.0310509317215027,Relaksasi
147.2,5.8103042691941,190.652317526941,0.030475917337711,Relaksasi
147.3,5.71955979383658,190.652317526941,0.029999948954349,Relaksasi
147.4,6.07771875656493,190.652317526941,0.0318785464315485,Relaksasi
147.5,6.24301785449122,190.652317526941,0.0327455649921959,Relaksasi
147.6,5.69339588915251,190.652317526941,0.029862715350145,Relaksasi
147.7,6.15739908810541,190.652317526941,0.0322964817211587,Relaksasi
147.8,6.62826773190428,190.652317526941,0.0347662583800883,Relaksasi
147.9,5.68975532874028,190.652317526941,0.0298436200647614,Relaksasi
148,5.08977087559144,190.652317526941,0.0266966116206387,Relaksasi
148.1,5.22485949404995,190.652317526941,0.0274051716854248,Relaksasi
148.2,5.52150563927381,190.652317526941,0.0289611252089477,Relaksasi
148.3,5.19892813479481,190.652317526941,0.0272691578168734,Relaksasi
148.4,5.168385223382,190.652317526941,0.0271089556656013,Relaksasi
148.5,5.33437517788308,190.652317526941,0.0279795978726001,Relaksasi
148.6,5.19377467938353,190.652317526941,0.0272421271703114,Relaksasi
148.7,5.18109203321784,190.652317526941,0.0271756047889934,Relaksasi
148.8,5.75874196291421,190.652317526941,0.0302054653078132,Relaksasi
148.9,6.28610104714244,190.652317526941,0.03297154279939,Relaksasi
149,5.7644899309214,190.652317526941,0.0302356142621073,Relaksasi
149.1,5.67581503710226,190.652317526941,0.0297705011443158,Relaksasi
149.2,5.17193133766588,190.652317526941,0.0271275555668765,Relaksasi
149.3,6.020052345251,190.652317526941,0.0315760774552363,Relaksasi
149.4,6.5529180825956,190.652317526941,0.0343710381683118,Relaksasi
149.5,5.7701372194571,190.652317526941,0.0302652351374733,Relaksasi
149.6,6.1294204744476,190.652317526941,0.0321497296962123,Relaksasi
149.7,5.93558922289998,190.652317526941,0.0311330557104883,Relaksasi
149.8,5.43038992605798,190.652317526941,0.0284832096273396,Relaksasi
149.9,5.28450302198776,190.652317526941,0.0277180109349628,Relaksasi
150,5.46212963965954,190.652317526941,0.0286496891855914,Relaksasi
150.1,5.78771255016436,190.652317526941,0.0303574203830305,Relaksasi
150.2,5.56558091841351,190.652317526941,0.0291923066585699,Relaksasi
150.3,5.75908555487207,190.652317526941,0.0302072674991651,Relaksasi
150.4,6.05895382772175,190.652317526941,0.0317801215653492,Relaksasi
150.5,6.09180612962253,190.652317526941,0.0319524368160995,Relaksasi
150.6,5.84242998232301,190.652317526941,0.030644421521377,Relaksasi
150.7,5.22121144978514,190.652317526941,0.0273860371461119,Relaksasi
150.8,5.72406124060596,190.652317526941,0.0300235597177941,Relaksasi
150.9,5.67554207511103,190.652317526941,0.0297690694177321,Relaksasi
151,4.85881087726392,190.652317526941,0.0254851917893802,Relaksasi
151.1,5.15937624075721,190.652317526941,0.0270617022005417,Relaksasi
151.2,5.38756431983727,190.652317526941,0.028258582899607,Relaksasi
151.3,5.62380832349585,190.652317526941,0.0294977181313369,Relaksasi
151.4,5.82743351225968,190.652317526941,0.0305657627866821,Relaksasi
151.5,5.67471612209464,190.652317526941,0.0297647371702824,Relaksasi
151.6,5.90872312677092,190.652317526941,0.0309921390068387,Relaksasi
151.7,5.61967448250644,190.652317526941,0.0294760355153423,Relaksasi
151.8,5.20585069673151,190.652317526941,0.0273054676924966,Relaksasi
151.9,5.37623678836907,190.652317526941,0.0281991682981212,Relaksasi
152,5.63486482274105,190.652317526941,0.0295557111281628,Relaksasi
152.1,5.34408765068869,190.652317526941,0.0280305412491695,Relaksasi
152.2,5.40480182368439,190.652317526941,0.0283489961926145,Relaksasi
152.3,5.69049722064525,190.652317526941,0.0298475113990739,Relaksasi
152.4,5.86236615832479,190.652317526941,0.0307489897545902,Relaksasi
152.5,5.9577554547631,190.652317526941,0.0312493209211642,Relaksasi
152.6,5.48879069394319,190.652317526941,0.0287895304140091,Relaksasi
152.7,5.70650844365009,190.652317526941,0.0299314926651426,Relaksasi
152.8,5.80658449396538,190.652317526941,0.0304564065587341,Relaksasi
152.9,5.34763914318975,190.652317526941,0.0280491693600004,Relaksasi
153,5.38580067062307,190.652317526941,0.0282493322949615,Relaksasi
153.1,5.94058225364868,190.652317526941,0.0311592449056341,Relaksasi
153.2,5.71231191897998,190.652317526941,0.0299619327636695,Relaksasi
153.3,5.28100778578153,190.652317526941,0.0276996778968358,Relaksasi
153.4,5.61217599283966,190.652317526941,0.0294367048123954,Relaksasi
153.5,5.79882913449504,190.652317526941,0.0304157285351415,Relaksasi
153.6,5.58016094358919,190.652317526941,0.0292687810773695,Relaksasi
153.7,5.76470242717686,190.652317526941,0.030236728836838,Relaksasi
153.8,5.80816145510078,190.652317526941,0.0304646779564063,Relaksasi
153.9,5.82484046652459,190.652317526941,0.0305521618728893,Relaksasi
154,6.05204068737803,190.652317526941,0.0317438611073941,Relaksasi
154.1,5.91959382951249,190.652317526941,0.0310491574731368,Relaksasi
154.2,5.46386386542831,190.652317526941,0.0286587854598526,Relaksasi
154.3,5.48648287885973,190.652317526941,0.0287774255777637,Relaksasi
154.4,5.62936292503048,190.652317526941,0.0295268528494807,Relaksasi
154.5,5.71156008076954,190.652317526941,0.0299579892594929,Relaksasi
154.6,6.00586405071016,190.652317526941,0.0315016577223692,Relaksasi
154.7,5.81679243443411,190.652317526941,0.0305099487375082,Relaksasi
154.8,5.68203647936605,190.652317526941,0.0298031335420988,Relaksasi
154.9,5.76484758946369,190.652317526941,0.0302374902348043,Relaksasi
155,5.57080785108151,190.652317526941,0.0292197227043636,Relaksasi
155.1,5.41511052876827,190.652317526941,0.028403066896908,Relaksasi
155.2,5.80133546398002,190.652317526941,0.0304288746091965,Relaksasi
155.3,5.59797317648155,190.652317526941,0.0293622089104188,Relaksasi
155.4,5.02330867347681,190.652317526941,0.0263480074023593,Relaksasi
155.5,5.01575791598717,190.652317526941,0.0263084025468423,Relaksasi
155.6,5.01810368059043,190.652317526941,0.0263207064340108,Relaksasi
155.7,5.23273601259112,190.652317526941,0.0274464852065157,Relaksasi
155.8,5.16262746013552,190.652317526941,0.027078755333808,Relaksasi
155.9,5.13619481287981,190.652317526941,0.0269401121345089,Relaksasi
156,5.34255111126755,190.652317526941,0.0280224818694511,Relaksasi
156.1,5.39750230147122,190.652317526941,0.0283107091038035,Relaksasi
156.2,5.33351885937097,190.652317526941,0.027975106353571,Relaksasi
156.3,5.35708755547042,190.652317526941,0.028098727699512,Relaksasi
156.4,5.44685632462019,190.652317526941,0.0285695783574752,Relaksasi
156.5,5.73385149494207,190.652317526941,0.0300749110701569,Relaksasi
156.6,6.16602710159541,190.652317526941,0.0323417369459675,Relaksasi
156.7,5.916804773098,190.652317526941,0.0310345284539323,Relaksasi
156.8,5.77876619697858,190.652317526941,0.0303104954187718,Relaksasi
156.9,5.48479663497939,190.652317526941,0.0287685809757037,Relaksasi
157,5.18959793686677,190.652317526941,0.0272202195293714,Relaksasi
157.1,5.78085593205797,190.652317526941,0.0303214563926875,Relaksasi
157.2,5.85249663511365,190.652317526941,0.0306972226250889,Relaksasi
157.3,5.43735422374914,190.652317526941,0.0285197384132547,Relaksasi
157.4,5.36292799409698,190.652317526941,0.0281293616760737,Relaksasi
157.5,5.14152928054626,190.652317526941,0.026968092217498,Relaksasi
157.6,5.83203052175046,190.652317526941,0.0305898747909336,Relaksasi
157.7,6.23914932321525,190.652317526941,0.0327252739654402,Relaksasi
157.8,5.36223220107197,190.652317526941,0.0281257121373005,Relaksasi
157.9,5.54236358016694,190.652317526941,0.0290705282372649,Relaksasi
158,6.06319252685049,190.652317526941,0.0318023541780114,Relaksasi
158.1,5.52143413680801,190.652317526941,0.0289607501677905,Relaksasi
158.2,5.53942255105142,190.652317526941,0.0290551020984502,Relaksasi
158.3,5.73409257305771,190.652317526941,0.030076175561031,Relaksasi
158.4,5.18922693797739,190.652317526941,0.0272182735845532,Relaksasi
158.5,5.23357037699568,190.652317526941,0.0274508615729579,Relaksasi
158.6,5.58055506894345,190.652317526941,0.0292708483239646,Relaksasi
158.7,5.65047341488116,190.652317526941,0.0296375805349583,Relaksasi
158.8,5.83387995783103,190.652317526941,0.0305995753605598,Relaksasi
158.9,5.88459473809031,190.652317526941,0.0308655819893653,Relaksasi
159,5.89291530896308,190.652317526941,0.0309092246315356,Relaksasi
159.1,6.32586813068244,190.652317526941,0.0331801271169364,Relaksasi
159.2,6.50241477141291,190.652317526941,0.0341061407265298,Relaksasi
159.3,6.05580040105154,190.652317526941,0.0317635813695041,Relaksasi
159.4,5.886092711931,190.652317526941,0.03087343908683,Relaksasi
159.5,5.85215999628388,190.652317526941,0.0306954569039367,Relaksasi
159.6,5.54957105208038,190.652317526941,0.0291083325084478,Relaksasi
159.7,5.71643754274873,190.652317526941,0.0299835722791093,Relaksasi
159.8,5.84849019638444,190.652317526941,0.0306762082530572,Relaksasi
159.9,5.60570715033633,190.652317526941,0.0294027747632503,Relaksasi
160,5.77853533244468,190.652317526941,0.0303092844996657,Relaksasi
160.1,5.82085805945233,190.652317526941,0.0305312735505026,Relaksasi
160.2,5.42198468172328,190.652317526941,0.0284391228601619,Relaksasi
160.3,5.22860107266265,190.652317526941,0.0274247968264209,Relaksasi
160.4,5.28340855431832,190.652317526941,0.0277122702878852,Relaksasi
160.5,5.62449037654234,190.652317526941,0.0295012956018619,Relaksasi
160.6,5.53434861148052,190.652317526941,0.0290284885243971,Relaksasi
160.7,5.60669401815397,190.652317526941,0.029407951032967,Relaksasi
160.8,5.94889718038293,190.652317526941,0.0312028579434513,Relaksasi
160.9,5.46182123186123,190.652317526941,0.0286480715404334,Relaksasi
161,5.24204075987261,190.652317526941,0.0274952900015592,Relaksasi
161.1,5.5663144072767,190.652317526941,0.029196153917668,Relaksasi
161.2,5.38197359789317,190.652317526941,0.028229258724498,Relaksasi
161.3,5.1479364720582,190.652317526941,0.0270016988979467,Relaksasi
161.4,5.50529692538329,190.652317526941,0.0288761080735634,Relaksasi
161.5,5.93850597947105,190.652317526941,0.031148354536167,Relaksasi
161.6,5.69069307695211,190.652317526941,0.0298485386947785,Relaksasi
161.7,5.07511700084604,190.652317526941,0.0266197498497697,Relaksasi
161.8,4.76389252329392,190.652317526941,0.0249873307866857,Relaksasi
161.9,4.93591235436243,190.652317526941,0.0258896006006584,Relaksasi
162,5.28138725917702,190.652317526941,0.0277016682917096,Relaksasi
162.1,6.20033229972098,190.652317526941,0.0325216728553263,Relaksasi
162.2,6.32334894567885,190.652317526941,0.0331669136137581,Relaksasi
162.3,6.06343296419152,190.652317526941,0.0318036153079266,Relaksasi
162.4,6.21395865879541,190.652317526941,0.0325931451523914,Relaksasi
162.5,6.30515322095132,190.652317526941,0.0330714743085162,Relaksasi
162.6,6.44903202871087,190.652317526941,0.0338261402345636,Relaksasi
162.7,6.80147285032964,190.652317526941,0.0356747452040205,Relaksasi
162.8,6.32370135354438,190.652317526941,0.0331687620458679,Relaksasi
162.9,5.34285055472881,190.652317526941,0.0280240524953168,Relaksasi
163,5.60455464551251,190.652317526941,0.0293967297025934,Relaksasi
163.1,5.85093500208209,190.652317526941,0.0306890316256202,Relaksasi
163.2,5.93981821706675,190.652317526941,0.0311552374191695,Relaksasi
163.3,5.25847918229198,190.652317526941,0.0275815119926297,Relaksasi
163.4,4.84825325131877,190.652317526941,0.0254298154578355,Relaksasi
163.5,5.21378660897723,190.652317526941,0.0273470927424759,Relaksasi
163.6,5.47651075553031,190.652317526941,0.0287251202952538,Relaksasi
163.7,5.41452993966767,190.652317526941,0.028400021619997,Relaksasi
163.8,5.07387147754104,190.652317526941,0.0266132168932279,Relaksasi
163.9,5.49029679059341,190.652317526941,0.0287974301168281,Relaksasi
164,5.78690657688418,190.652317526941,0.0303531929322938,Relaksasi
164.1,5.44792614602225,190.652317526941,0.0285751897311838,Relaksasi
164.2,5.93291850900318,190.652317526941,0.0311190474155384,Relaksasi
164.3,5.74009885716951,190.652317526941,0.0301076794220367,Relaksasi
164.4,4.91270375968189,190.652317526941,0.0257678680406687,Relaksasi
164.5,5.35768218258523,190.652317526941,0.028101846607913,Relaksasi
164.6,5.45657242225661,190.652317526941,0.0286205407468259,Relaksasi
164.7,5.0313567744656,190.652317526941,0.0263902208991224,Relaksasi
164.8,5.28818510446842,190.652317526941,0.0277373240098229,Relaksasi
164.9,5.05225864159251,190.652317526941,0.0264998543271239,Relaksasi
165,5.11114530676768,190.652317526941,0.0268087237179554,Relaksasi
165.1,5.4081893548216,190.652317526941,0.0283667643015006,Relaksasi
165.2,4.97635602530879,190.652317526941,0.0261017337206277,Relaksasi
165.3,5.016816121411,190.652317526941,0.0263139529930029,Relaksasi
165.4,5.4655272749115,190.652317526941,0.0286675102920748,Relaksasi
165.5,5.31167689666416,190.652317526941,0.0278605419832547,Relaksasi
165.6,5.38647425107098,190.652317526941,0.0282528653254362,Relaksasi
165.7,5.76572376042071,190.652317526941,0.0302420858828844,Relaksasi
165.8,5.58796970806982,190.652317526941,0.0293097392182509,Relaksasi
165.9,5.49109500504823,190.652317526941,0.028801616871362,Relaksasi
166,5.53952099805765,190.652317526941,0.0290556184677632,Relaksasi
166.1,5.39257867101833,190.652317526941,0.0282848839236182,Relaksasi
166.2,5.20241028032489,190.652317526941,0.0272874221924406,Relaksasi
166.3,5.52770125875712,190.652317526941,0.0289936221623742,Relaksasi
166.4,5.241320580434,190.652317526941,0.0274915125523892,Relaksasi
166.5,5.76501191957287,190.652317526941,0.0302383521708736,Relaksasi
166.6,6.41732310415149,190.652317526941,0.0336598221694559,Relaksasi
166.7,5.78122307313298,190.652317526941,0.0303233821026908,Relaksasi
166.8,5.33301733597667,190.652317526941,0.027972475788148,Relaksasi
166.9,5.54160858958926,190.652317526941,0.0290665681984494,Relaksasi
167,5.96332314066468,190.652317526941,0.0312785242687752,Relaksasi
167.1,5.56147378361576,190.652317526941,0.029170764120556,Relaksasi
167.2,4.6548531639529,190.652317526941,0.024415402992912,Relaksasi
167.3,5.41822432390404,190.652317526941,0.0284193992194109,Relaksasi
167.4,6.34608741354176,190.652317526941,0.0332861802880785,Relaksasi
167.5,5.99026887602191,190.652317526941,0.0314198586921211,Relaksasi
167.6,5.72862840638164,190.652317526941,0.0300475151872839,Relaksasi
167.7,5.96741567456785,190.652317526941,0.0312999902229071,Relaksasi
167.8,5.81695518352771,190.652317526941,0.0305108023809136,Relaksasi
167.9,5.15856589606136,190.652317526941,0.0270574518210742,Relaksasi
168,5.09641213998194,190.652317526941,0.0267314460484424,Relaksasi
168.1,5.66271778915237,190.652317526941,0.0297018041144565,Relaksasi
168.2,5.40932138702229,190.652317526941,0.0283727019801786,Relaksasi
168.3,5.36711158839794,190.652317526941,0.0281513052556495,Relaksasi
168.4,5.44308998552014,190.652317526941,0.0285498233440093,Relaksasi
168.5,5.7028454508411,190.652317526941,0.0299122797184735,Relaksasi
168.6,6.13641787085328,190.652317526941,0.0321864320898493,Relaksasi
168.7,5.89952279652443,190.652317526941,0.0309438818948045,Relaksasi
168.8,5.68064585892814,190.652317526941,0.0297958395293328,Relaksasi
168.9,5.58043014152026,190.652317526941,0.0292701930608931,Relaksasi
169,5.82106003641954,190.652317526941,0.0305323329499887,Relaksasi
169.1,6.09870451326848,190.652317526941,0.0319886198729615,Relaksasi
169.2,5.82660307365327,190.652317526941,0.0305614070116399,Relaksasi
169.3,5.63671718784952,190.652317526941,0.0295654270609797,Relaksasi
169.4,6.26141752173549,190.652317526941,0.0328420740065259,Relaksasi
169.5,6.18301688667316,190.652317526941,0.0324308509168761,Relaksasi
169.6,5.61894620832094,190.652317526941,0.0294722156080107,Relaksasi
169.7,5.6975606754752,190.652317526941,0.0298845602790539,Relaksasi
169.8,5.21325414471118,190.652317526941,0.02734429988754,Relaksasi
169.9,5.06385379200441,190.652317526941,0.0265606726301076,Relaksasi
170,5.64347602934599,190.652317526941,0.0296008781983387,Relaksasi
170.1,5.664094903354,190.652317526941,0.0297090272849875,Relaksasi
170.2,5.27971701109542,190.652317526941,0.0276929075900131,Relaksasi
170.3,5.001423661,190.652317526941,0.0262332172295427,Relaksasi
170.4,5.20827256295904,190.652317526941,0.0273181707440983,Relaksasi
170.5,5.41312613247551,190.652317526941,0.0283926584407272,Relaksasi
170.6,5.29599831002786,190.652317526941,0.0277783054448288,Relaksasi
170.7,5.12004686823372,190.652317526941,0.026855413742926,Relaksasi
170.8,5.44665774655457,190.652317526941,0.0285685367857377,Relaksasi
170.9,5.37048719891268,190.652317526941,0.0281690108390829,Relaksasi
171,5.21900937786405,190.652317526941,0.0273744869486128,Relaksasi
171.1,5.40143262242183,190.652317526941,0.0283313242266701,Relaksasi
171.2,5.22159654167852,190.652317526941,0.0273880570108499,Relaksasi
171.3,4.9919894729141,190.652317526941,0.0261837334980661,Relaksasi
171.4,4.79363345132318,190.652317526941,0.0251433264148273,Relaksasi
171.5,4.76603825116567,190.652317526941,0.0249985854511953,Relaksasi
171.6,4.85486994795532,190.652317526941,0.025464521024085,Relaksasi
171.7,5.40275346484978,190.652317526941,0.0283382522433083,Relaksasi
171.8,5.24846695112945,190.652317526941,0.0275289963385196,Relaksasi
171.9,4.58477512766052,190.652317526941,0.0240478331820574,Relaksasi
172,4.88202776712596,190.652317526941,0.0256069678588411,Relaksasi
172.1,4.92038989518928,190.652317526941,0.0258081829741932,Relaksasi
172.2,5.23868000588349,190.652317526941,0.027477662342831,Relaksasi
172.3,5.29143108664065,190.652317526941,0.0277543496731579,Relaksasi
172.4,5.45366329159472,190.652317526941,0.0286052819201846,Relaksasi
172.5,5.9055202724533,190.652317526941,0.0309753395555697,Relaksasi
172.6,5.17629592593411,190.652317526941,0.0271504484869566,Relaksasi
172.7,4.65974496551051,190.652317526941,0.0244410612257679,Relaksasi
172.8,5.46170370144378,190.652317526941,0.0286474550757663,Relaksasi
172.9,5.52914094159581,190.652317526941,0.0290011735147908,Relaksasi
173,4.97555461071334,190.652317526941,0.0260975301808762,Relaksasi
173.1,5.08645218547812,190.652317526941,0.0266792045932479,Relaksasi
173.2,5.0173123012167,190.652317526941,0.0263165555305023,Relaksasi
173.3,5.49655428709157,190.652317526941,0.0288302516244779,Relaksasi
173.4,5.7498053568506,190.652317526941,0.0301585914686722,Relaksasi
173.5,5.51657558954115,190.652317526941,0.0289352663586772,Relaksasi
173.6,5.49075603444463,190.652317526941,0.0287998389197064,Relaksasi
173.7,5.10007070006356,190.652317526941,0.0267506357447916,Relaksasi
173.8,5.58084465752195,190.652317526941,0.0292723672594922,Relaksasi
173.9,6.39072210484355,190.652317526941,0.033520295938393,Relaksasi
174,5.8861359113676,190.652317526941,0.0308736656743542,Relaksasi
174.1,5.24999489805999,190.652317526941,0.0275370106493361,Relaksasi
174.2,5.22714869457609,190.652317526941,0.0274171788855251,Relaksasi
174.3,5.39476407284996,190.652317526941,0.0282963466839978,Relaksasi
174.4,5.66587864532757,190.652317526941,0.0297183832791695,Relaksasi
174.5,5.41562678730213,190.652317526941,0.028405774750348,Relaksasi
174.6,5.37841614365235,190.652317526941,0.0282105993434479,Relaksasi
174.7,5.72629448257703,190.652317526941,0.0300352734068803,Relaksasi
174.8,5.91865575760774,190.652317526941,0.0310442371453018,Relaksasi
174.9,5.90743478509287,190.652317526941,0.0309853814615082,Relaksasi
175,5.50337541480857,190.652317526941,0.0288660294624055,Relaksasi
175.1,5.38511828752078,190.652317526941,0.0282457530932442,Relaksasi
175.2,5.67501240107299,190.652317526941,0.0297662911979606,Relaksasi
175.3,6.22528219314139,190.652317526941,0.0326525387883716,Relaksasi
175.4,6.25185342825514,190.652317526941,0.0327919089017719,Relaksasi
175.5,6.2374560686346,190.652317526941,0.0327163925912056,Relaksasi
175.6,6.19857745713157,190.652317526941,0.0325124684427486,Relaksasi
175.7,5.65705788345753,190.652317526941,0.0296721170601984,Relaksasi
175.8,5.52171788126523,190.652317526941,0.0289622384500254,Relaksasi
175.9,5.74225918422775,190.652317526941,0.0301190106614691,Relaksasi
176,5.8702208695807,190.652317526941,0.0307901888931991,Relaksasi
176.1,5.28064754249782,190.652317526941,0.0276977883667824,Relaksasi
176.2,5.25202998142708,190.652317526941,0.027547684966824,Relaksasi
176.3,5.30286459476606,190.652317526941,0.0278143201381054,Relaksasi
176.4,4.75526757518415,190.652317526941,0.0249420916402559,Relaksasi
176.5,5.19873740427532,190.652317526941,0.0272681574066923,Relaksasi
176.6,5.0881926889459,190.652317526941,0.0266883337949819,Relaksasi
176.7,4.78603886877663,190.652317526941,0.0251034916903137,Relaksasi
176.8,5.7200310868829,190.652317526941,0.0300024209570628,Relaksasi
176.9,6.25182222766296,190.652317526941,0.0327917452499863,Relaksasi
177,5.86519301693974,190.652317526941,0.0307638170520058,Relaksasi
177.1,5.75242783332935,190.652317526941,0.0301723467511297,Relaksasi
177.2,5.67932172446694,190.652317526941,0.0297888942454863,Relaksasi
177.3,5.47830346560542,190.652317526941,0.0287345233284734,Relaksasi
177.4,5.73109188409249,190.652317526941,0.0300604364973566,Relaksasi
177.5,5.52882505682753,190.652317526941,0.0289995166518039,Relaksasi
177.6,5.92529786599233,190.652317526941,0.0310790759999811,Relaksasi
177.7,5.78809205914145,190.652317526941,0.0303594109645351,Relaksasi
177.8,5.195270747437,190.652317526941,0.0272499742716364,Relaksasi
177.9,5.23727718693106,190.652317526941,0.0274703043470267,Relaksasi
178,5.26120407602127,190.652317526941,0.0275958044689271,Relaksasi
178.1,5.90711297067969,190.652317526941,0.0309836934966445,Relaksasi
178.2,5.72526762807165,190.652317526941,0.030029887400989,Relaksasi
178.3,5.3768083565848,190.652317526941,0.0282021662591381,Relaksasi
178.4,5.94468762438234,190.652317526941,0.0311807781908672,Relaksasi
178.5,5.57836966651814,190.652317526941,0.0292593855604711,Relaksasi
178.6,5.03567342065733,190.652317526941,0.0264128623558207,Relaksasi
178.7,4.90979041877494,190.652317526941,0.0257525871306607,Relaksasi
178.8,5.09794088289516,190.652317526941,0.0267394645343074,Relaksasi
178.9,5.89532118269513,190.652317526941,0.0309218438000999,Relaksasi
179,5.78882603256489,190.652317526941,0.0303632607652244,Relaksasi
179.1,5.61435269946678,190.652317526941,0.0294481219651233,Relaksasi
179.2,5.40112875050863,190.652317526941,0.0283297303729098,Relaksasi
179.3,5.11409684867862,190.652317526941,0.0268242049979588,Relaksasi
179.4,5.36885027918099,190.652317526941,0.0281604249495803,Relaksasi
179.5,5.60657734077838,190.652317526941,0.0294073390426325,Relaksasi
179.6,5.50660693674949,190.652317526941,0.0288829792796583,Relaksasi
179.7,5.10311727224793,190.652317526941,0.0267666154728321,Relaksasi
179.8,5.23036022642886,190.652317526941,0.0274340238517675,Relaksasi
179.9,5.65685482741634,190.652317526941,0.0296710520008075,Relaksasi
180,5.64102714654067,190.652317526941,0.0295880334407345,Relaksasi
180.1,5.37389169439395,190.652317526941,0.0281868679284979,Relaksasi
180.2,5.43424620733587,190.652317526941,0.028503436401018,Relaksasi
180.3,5.25208037783645,190.652317526941,0.0275479493035498,Relaksasi
180.4,5.21280433385491,190.652317526941,0.027341940562135,Relaksasi
180.5,5.01748174296336,190.652317526941,0.0263174442778768,Relaksasi
180.6,5.20606101699915,190.652317526941,0.0273065708538449,Relaksasi
180.7,5.61092527804681,190.652317526941,0.0294301446257212,Relaksasi
180.8,5.84006947454892,190.652317526941,0.0306320403040663,Relaksasi
180.9,5.68074183176572,190.652317526941,0.0297963429212601,Relaksasi
181,5.17979606416866,190.652317526941,0.0271688072369574,Relaksasi
181.1,5.05013042278525,190.652317526941,0.0264886915002836,Relaksasi
181.2,5.07928790796854,190.652317526941,0.0266416268831916,Relaksasi
181.3,5.49600341528614,190.652317526941,0.0288273622192371,Relaksasi
181.4,5.98850023496236,190.652317526941,0.0314105819044981,Relaksasi
181.5,5.75415007476766,190.652317526941,0.0301813801657802,Relaksasi
181.6,5.05588215088271,190.652317526941,0.0265188601768151,Relaksasi
181.7,5.3044773063205,190.652317526941,0.0278227790520874,Relaksasi
181.8,5.48257614798386,190.652317526941,0.0287569341883773,Relaksasi
181.9,5.83920779576933,190.652317526941,0.0306275206696304,Relaksasi
182,6.00348925112292,190.652317526941,0.031489201542355,Relaksasi
182.1,5.94455493156881,190.652317526941,0.0311800821971586,Relaksasi
182.2,5.61035152773047,190.652317526941,0.0294271352192593,Relaksasi
182.3,5.38895565858386,190.652317526941,0.0282658806800097,Relaksasi
182.4,5.79186587482736,190.652317526941,0.0303792051938152,Relaksasi
182.5,5.67494004926237,190.652317526941,0.0297659117018624,Relaksasi
182.6,5.69078854841827,190.652317526941,0.0298490394569376,Relaksasi
182.7,5.74239998853919,190.652317526941,0.0301197492012009,Relaksasi
182.8,5.49025281051408,190.652317526941,0.0287971994347157,Relaksasi
182.9,5.25261006977861,190.652317526941,0.0275507276172311,Relaksasi
183,5.78390521066457,190.652317526941,0.0303374503163186,Relaksasi
183.1,6.46785243648241,190.652317526941,0.0339248560960631,Relaksasi
183.2,6.04603409105883,190.652317526941,0.0317123556088137,Relaksasi
183.3,5.67037511275837,190.652317526941,0.0297419679252369,Relaksasi
