Time_s,RMS,RMS_max,RMS_norm,Class
0.1,3.9405170514743,170.051898532406,0.0231724378585716,Relaksasi
0.2,3.70052684635185,170.051898532406,0.0217611616117691,Relaksasi
0.3,4.02667428794633,170.051898532406,0.023679090458252,Relaksasi
0.4,4.11780226310221,170.051898532406,0.024214973773536,Relaksasi
0.5,3.94554934499653,170.051898532406,0.0232020305509535,Relaksasi
0.6,4.30937925589841,170.051898532406,0.0253415533321858,Relaksasi
0.7,4.40116557512533,170.051898532406,0.0258813080777609,Relaksasi
0.8,3.89220449065393,170.051898532406,0.0228883330574061,Relaksasi
0.9,3.90966398093371,170.051898532406,0.022991004597274,Relaksasi
1,4.49170719989211,170.051898532406,0.0264137433257538,Relaksasi
1.1,4.74568957614228,170.051898532406,0.027907301342113,Relaksasi
1.2,4.26636978598296,170.051898532406,0.025088633663034,Relaksasi
1.3,3.6072177912744,170.051898532406,0.0212124523301749,Relaksasi
1.4,3.91354623738695,170.051898532406,0.0230138344303234,Relaksasi
1.5,4.96235607682181,170.051898532406,0.0291814211993414,Relaksasi
1.6,4.91321732795673,170.051898532406,0.0288924579517143,Relaksasi
1.7,4.47871709329587,170.051898532406,0.0263373542544859,Relaksasi
1.8,5.10751886925225,170.051898532406,0.0300350593749998,Relaksasi
1.9,4.79677615104659,170.051898532406,0.0282077188931383,Relaksasi
2,3.9794220427414,170.051898532406,0.0234012209042351,Relaksasi
2.1,3.94998955139074,170.051898532406,0.0232281414408202,Relaksasi
2.2,4.10980383662774,170.051898532406,0.0241679385652054,Relaksasi
2.3,3.91659956445071,170.051898532406,0.0230317896962753,Relaksasi
2.4,3.79283955329265,170.051898532406,0.0223040118106642,Relaksasi
2.5,3.88257727630308,170.051898532406,0.022831719668,Relaksasi
2.6,4.36991668491258,170.051898532406,0.0256975471760453,Relaksasi
2.7,4.28079946750085,170.051898532406,0.025173488237681,Relaksasi
2.8,3.74830741309153,170.051898532406,0.0220421379910512,Relaksasi
2.9,4.11648581118122,170.051898532406,0.0242072323020655,Relaksasi
3,3.90547548775196,170.051898532406,0.022966373921475,Relaksasi
3.1,3.65008490876381,170.051898532406,0.0214645348876727,Relaksasi
3.2,4.09153910833388,170.051898532406,0.0240605317767398,Relaksasi
3.3,4.49179395211305,170.051898532406,0.0264142534771941,Relaksasi
3.4,4.44518658253933,170.051898532406,0.0261401761515308,Relaksasi
3.5,4.40177205570225,170.051898532406,0.0258848745217827,Relaksasi
3.6,4.41778170086284,170.051898532406,0.0259790201637823,Relaksasi
3.7,4.49685519973129,170.051898532406,0.026444016435808,Relaksasi
3.8,4.22824206952712,170.051898532406,0.0248644214267409,Relaksasi
3.9,3.73393842945575,170.051898532406,0.0219576403538017,Relaksasi
4,3.90080961922911,170.051898532406,0.0229389360124418,Relaksasi
4.1,4.2929125588896,170.051898532406,0.0252447199704244,Relaksasi
4.2,4.78930881773975,170.051898532406,0.02816380680882,Relaksasi
4.3,4.63975490585383,170.051898532406,0.0272843464018701,Relaksasi
4.4,4.1789943140263,170.051898532406,0.0245748171593034,Relaksasi
4.5,3.98647432717343,170.051898532406,0.0234426922696999,Relaksasi
4.6,3.81678069949537,170.051898532406,0.0224447991021284,Relaksasi
4.7,3.8432813441071,170.051898532406,0.02260063767165,Relaksasi
4.8,3.9583867186058,170.051898532406,0.0232775214670801,Relaksasi
4.9,4.19042601315556,170.051898532406,0.0246420419255537,Relaksasi
5,4.19986050284272,170.051898532406,0.0246975219864562,Relaksasi
5.1,4.23062398366669,170.051898532406,0.0248784284102566,Relaksasi
5.2,4.27719213020768,170.051898532406,0.0251522750826131,Relaksasi
5.3,4.43216643247787,170.051898532406,0.0260636104079323,Relaksasi
5.4,4.44483667318283,170.051898532406,0.0261381184893728,Relaksasi
5.5,4.51351124684854,170.051898532406,0.0265419632818061,Relaksasi
5.6,4.43100423460954,170.051898532406,0.0260567760363178,Relaksasi
5.7,4.1800176229048,170.051898532406,0.0245808347862005,Relaksasi
5.8,4.13936463091018,170.051898532406,0.0243417725214127,Relaksasi
5.9,4.08084756044755,170.051898532406,0.0239976595125745,Relaksasi
6,4.09685490784664,170.051898532406,0.0240917916424551,Relaksasi
6.1,3.96934473611443,170.051898532406,0.0233419607212325,Relaksasi
6.2,4.81724585160454,170.051898532406,0.0283280921482128,Relaksasi
6.3,4.79961592419541,170.051898532406,0.0282244183429729,Relaksasi
6.4,4.15594202685615,170.051898532406,0.0244392568546606,Relaksasi
6.5,4.31775029338172,170.051898532406,0.0253907797010505,Relaksasi
6.6,3.64041166465845,170.051898532406,0.0214076508176397,Relaksasi
6.7,3.63686358880517,170.051898532406,0.021386786152888,Relaksasi
6.8,4.19278089674165,170.051898532406,0.0246558899543403,Relaksasi
6.9,4.07044641149805,170.051898532406,0.0239364949561111,Relaksasi
7,4.43387713804964,170.051898532406,0.0260736703107416,Relaksasi
7.1,4.5452547283487,170.051898532406,0.0267286326561214,Relaksasi
7.2,4.29879016852034,170.051898532406,0.0252792835929506,Relaksasi
7.3,4.26704831967929,170.051898532406,0.0250926238195814,Relaksasi
7.4,4.41778006631538,170.051898532406,0.0259790105517317,Relaksasi
7.5,4.48798680112709,170.051898532406,0.0263918653061779,Relaksasi
7.6,4.30846888280739,170.051898532406,0.0253361998307026,Relaksasi
7.7,4.14864582752505,170.051898532406,0.0243963511335597,Relaksasi
7.8,3.79874020360557,170.051898532406,0.0223387109252512,Relaksasi
7.9,4.15357819938114,170.051898532406,0.0244253562308192,Relaksasi
8,4.32373320368636,170.051898532406,0.0254259625502647,Relaksasi
8.1,4.0287481234611,170.051898532406,0.0236912857676409,Relaksasi
8.2,4.34410780142886,170.051898532406,0.0255457765477462,Relaksasi
8.3,4.70028548762268,170.051898532406,0.0276402999801085,Relaksasi
8.4,3.94577240263109,170.051898532406,0.0232033422542422,Relaksasi
8.5,3.66144230259431,170.051898532406,0.0215313226973268,Relaksasi
8.6,3.89505236226855,170.051898532406,0.022905080130736,Relaksasi
8.7,3.84867581444462,170.051898532406,0.022632360165689,Relaksasi
8.8,4.29820758896178,170.051898532406,0.0252758577002461,Relaksasi
8.9,4.471319195941,170.051898532406,0.0262938504922891,Relaksasi
9,4.30326205733781,170.051898532406,0.0253055807931351,Relaksasi
9.1,3.87088462893427,170.051898532406,0.0227629603805724,Relaksasi
9.2,3.64553784345397,170.051898532406,0.0214377956077877,Relaksasi
9.3,4.05245393935084,170.051898532406,0.0238306891856229,Relaksasi
9.4,4.17053379877769,170.051898532406,0.0245250646112776,Relaksasi
9.5,4.35808078579987,170.051898532406,0.0256279454884732,Relaksasi
9.6,4.57344706178421,170.051898532406,0.0268944192993686,Relaksasi
9.7,4.10645062086915,170.051898532406,0.0241482197864825,Relaksasi
9.8,4.01588195410029,170.051898532406,0.0236156255164361,Relaksasi
9.9,4.40356253418817,170.051898532406,0.0258954035338159,Relaksasi
10,4.71043759828871,170.051898532406,0.0277000000525784,Relaksasi
10.1,4.23627274175707,170.051898532406,0.0249116462580968,Relaksasi
10.2,3.93183755597748,170.051898532406,0.0231213975845627,Relaksasi
10.3,3.99254868354084,170.051898532406,0.0234784128727619,Relaksasi
10.4,3.73082112417022,170.051898532406,0.0219393088602257,Relaksasi
10.5,3.92292874195689,170.051898532406,0.0230690087897449,Relaksasi
10.6,4.20787661288813,170.051898532406,0.0247446611840458,Relaksasi
10.7,4.1537070745797,170.051898532406,0.0244261140888595,Relaksasi
10.8,4.43794328480352,170.051898532406,0.0260975815213131,Relaksasi
10.9,4.68611770643788,170.051898532406,0.0275569855254798,Relaksasi
11,4.43308740566779,170.051898532406,0.0260690262439087,Relaksasi
11.1,4.15377753102055,170.051898532406,0.0244265284120247,Relaksasi
11.2,4.35169047674266,170.051898532406,0.0255903669073908,Relaksasi
11.3,4.09934874617437,170.051898532406,0.0241064568026165,Relaksasi
11.4,3.5121154453361,170.051898532406,0.0206531974982144,Relaksasi
11.5,3.9691635162814,170.051898532406,0.0233408950475494,Relaksasi
11.6,4.39898759221569,170.051898532406,0.025868500323608,Relaksasi
11.7,4.54060496150652,170.051898532406,0.0267012894339503,Relaksasi
11.8,4.19317050813599,170.051898532406,0.0246581810866223,Relaksasi
11.9,3.88994800124798,170.051898532406,0.0228750636412724,Relaksasi
12,3.93140861612264,170.051898532406,0.0231188751789998,Relaksasi
12.1,3.84353762090126,170.051898532406,0.0226021447221232,Relaksasi
12.2,4.30266316504456,170.051898532406,0.0253020589724532,Relaksasi
12.3,5.01545125080007,170.051898532406,0.0294936504331017,Relaksasi
12.4,4.67676813424614,170.051898532406,0.0275020048268082,Relaksasi
12.5,4.44970762883795,170.051898532406,0.0261667624251193,Relaksasi
12.6,4.45299490145373,170.051898532406,0.0261860934213865,Relaksasi
12.7,4.02720738360199,170.051898532406,0.0236822253580106,Relaksasi
12.8,4.37482043348436,170.051898532406,0.0257263839524301,Relaksasi
12.9,4.64001828140627,170.051898532406,0.027285895197001,Relaksasi
13,3.94699274778957,170.051898532406,0.0232105185643512,Relaksasi
13.1,4.31067532066297,170.051898532406,0.0253491749158067,Relaksasi
13.2,4.61114884505649,170.051898532406,0.0271161268110027,Relaksasi
13.3,4.09860840467024,170.051898532406,0.0241021031816895,Relaksasi
13.4,4.08683018488185,170.051898532406,0.0240328406807116,Relaksasi
13.5,4.45934932667631,170.051898532406,0.0262234609855091,Relaksasi
13.6,4.41577311205644,170.051898532406,0.0259672085414262,Relaksasi
13.7,3.83185580727798,170.051898532406,0.0225334491431612,Relaksasi
13.8,4.18846774057375,170.051898532406,0.0246305261906592,Relaksasi
13.9,4.38871468452602,170.051898532406,0.0258080898972714,Relaksasi
14,4.28311036305166,170.051898532406,0.0251870775922884,Relaksasi
14.1,4.52833584167418,170.051898532406,0.0266291401669428,Relaksasi
14.2,4.47972745029226,170.051898532406,0.026343295717093,Relaksasi
14.3,4.68811693973439,170.051898532406,0.0275687421322203,Relaksasi
14.4,5.94502291413805,170.051898532406,0.0349600502284609,Relaksasi
14.5,8.699645771856,170.051898532406,0.0511587688637193,Relaksasi
14.6,32.5580702333003,170.051898532406,0.191459610355928,Relaksasi
14.7,170.051898532406,170.051898532406,1,Kontraksi
14.8,167.238386063554,170.051898532406,0.983454977608993,Kontraksi
14.9,9.29117389198107,170.051898532406,0.0546372841007153,Relaksasi
15,6.70357230010185,170.051898532406,0.0394207436550577,Relaksasi
15.1,5.27264419865091,170.051898532406,0.0310060884009838,Relaksasi
15.2,4.48564452716297,170.051898532406,0.0263780914290008,Relaksasi
15.3,4.0530577588147,170.051898532406,0.0238342399808158,Relaksasi
15.4,4.03104371164496,170.051898532406,0.0237047851063938,Relaksasi
15.5,4.64836227360696,170.051898532406,0.027334962524521,Relaksasi
15.6,4.67684047691717,170.051898532406,0.0275024302420589,Relaksasi
15.7,3.95615705379434,170.051898532406,0.0232644097945219,Relaksasi
15.8,4.46625359776277,170.051898532406,0.0262640619499561,Relaksasi
15.9,4.58262027168263,170.051898532406,0.0269483628893996,Relaksasi
16,4.20724534173397,170.051898532406,0.0247409489576043,Relaksasi
16.1,4.23228898383048,170.051898532406,0.0248882195397774,Relaksasi
16.2,3.96870354626841,170.051898532406,0.0233381901673512,Relaksasi
16.3,4.2915108035014,170.051898532406,0.0252364768669936,Relaksasi
16.4,4.34806473453887,170.051898532406,0.0255690455211841,Relaksasi
16.5,4.15805802073745,170.051898532406,0.0244517000787561,Relaksasi
16.6,4.18235403883857,170.051898532406,0.0245945742148922,Relaksasi
16.7,3.89602969134322,170.051898532406,0.022910827370744,Relaksasi
16.8,4.1432866606113,170.051898532406,0.0243648362433409,Relaksasi
16.9,4.25326042824783,170.051898532406,0.025011543328564,Relaksasi
17,4.11524522953671,170.051898532406,0.024199936990133,Relaksasi
17.1,4.10662819632401,170.051898532406,0.0241492640291895,Relaksasi
17.2,4.36873126658782,170.051898532406,0.0256905762551971,Relaksasi
17.3,4.61163935333272,170.051898532406,0.0271190112732196,Relaksasi
17.4,4.98068295708681,170.051898532406,0.0292891934760591,Relaksasi
17.5,4.67822699884071,170.051898532406,0.0275105837642218,Relaksasi
17.6,4.01229900380911,170.051898532406,0.0235945557705403,Relaksasi
17.7,4.43097938566557,170.051898532406,0.0260566299106692,Relaksasi
17.8,4.72915088272243,170.051898532406,0.0278100446013028,Relaksasi
17.9,4.69090368582941,170.051898532406,0.0275851297534058,Relaksasi
18,4.2230320809037,170.051898532406,0.0248337837880648,Relaksasi
18.1,4.81416819456942,170.051898532406,0.0283099938084608,Relaksasi
18.2,4.74741609445575,170.051898532406,0.0279174542326621,Relaksasi
18.3,3.98372943194664,170.051898532406,0.0234265507549596,Relaksasi
18.4,4.22479211092192,170.051898532406,0.024844133746127,Relaksasi
18.5,4.18838276936155,170.051898532406,0.0246300265125437,Relaksasi
18.6,3.87736070106093,170.051898532406,0.0228010432963325,Relaksasi
18.7,3.98155087949847,170.051898532406,0.0234137396516024,Relaksasi
18.8,4.1013016365435,170.051898532406,0.0241179408870989,Relaksasi
18.9,4.30631711084748,170.051898532406,0.0253235462115517,Relaksasi
19,4.94581273313241,170.051898532406,0.0290841371123529,Relaksasi
19.1,4.76888472167072,170.051898532406,0.0280437017335737,Relaksasi
19.2,3.97582908689452,170.051898532406,0.0233800923200917,Relaksasi
19.3,3.91922296146066,170.051898532406,0.023047216733742,Relaksasi
19.4,4.16501344106525,170.051898532406,0.0244926018292677,Relaksasi
19.5,3.97422664804846,170.051898532406,0.0233706690860091,Relaksasi
19.6,3.96268100752644,170.051898532406,0.0233027742808252,Relaksasi
19.7,4.1809679801852,170.051898532406,0.0245864234170162,Relaksasi
19.8,4.31049246714053,170.051898532406,0.0253480996351188,Relaksasi
19.9,4.08683438844484,170.051898532406,0.0240328654000063,Relaksasi
20,4.18149080346969,170.051898532406,0.0245894979095035,Relaksasi
20.1,4.31716531260005,170.051898532406,0.0253873396878151,Relaksasi
20.2,4.3575228844704,170.051898532406,0.0256246647175186,Relaksasi
20.3,4.67904372829398,170.051898532406,0.0275153865888908,Relaksasi
20.4,4.44880529559635,170.051898532406,0.0261614562024344,Relaksasi
20.5,4.32042236327614,170.051898532406,0.0254064929622225,Relaksasi
20.6,4.67096286047734,170.051898532406,0.0274678665794914,Relaksasi
20.7,4.71338278143633,170.051898532406,0.0277173193719924,Relaksasi
20.8,4.93917222140852,170.051898532406,0.0290450872000543,Relaksasi
20.9,4.89592243367297,170.051898532406,0.0287907543280969,Relaksasi
21,4.22741151426144,170.051898532406,0.0248595372985844,Relaksasi
21.1,3.96275566200005,170.051898532406,0.0233032132907642,Relaksasi
21.2,4.33178127043903,170.051898532406,0.025473289671115,Relaksasi
21.3,4.95205759327794,170.051898532406,0.0291208603727188,Relaksasi
21.4,4.59885443345672,170.051898532406,0.0270438288142978,Relaksasi
21.5,4.05748052588905,170.051898532406,0.023860248317756,Relaksasi
21.6,4.56541231006409,170.051898532406,0.0268471704783354,Relaksasi
21.7,4.42462259412783,170.051898532406,0.0260192484312938,Relaksasi
21.8,3.95463798434993,170.051898532406,0.0232554768190154,Relaksasi
21.9,4.81459031922634,170.051898532406,0.0283124761368591,Relaksasi
22,5.68019210979424,170.051898532406,0.0334026974048266,Relaksasi
22.1,4.96479520609944,170.051898532406,0.0291957646397774,Relaksasi
22.2,4.24327482210188,170.051898532406,0.0249528223955304,Relaksasi
22.3,4.31614945212221,170.051898532406,0.0253813658616678,Relaksasi
22.4,4.45467757459852,170.051898532406,0.0261959884778917,Relaksasi
22.5,4.42549906063179,170.051898532406,0.0260244025431356,Relaksasi
22.6,4.43971181988827,170.051898532406,0.0261079814939097,Relaksasi
22.7,4.56349596119477,170.051898532406,0.0268359012782508,Relaksasi
22.8,4.05577151431315,170.051898532406,0.0238501983765871,Relaksasi
22.9,4.01341305772471,170.051898532406,0.0236011070288632,Relaksasi
23,4.18016882429043,170.051898532406,0.0245817239346718,Relaksasi
23.1,4.12618074076706,170.051898532406,0.0242642438948175,Relaksasi
23.2,4.56429757492039,170.051898532406,0.0268406152140113,Relaksasi
23.3,4.96523057915227,170.051898532406,0.0291983248761323,Relaksasi
23.4,4.93246377258737,170.051898532406,0.0290056377797359,Relaksasi
23.5,4.54469129611531,170.051898532406,0.0267253193603672,Relaksasi
23.6,4.65185958621949,170.051898532406,0.0273555286731069,Relaksasi
23.7,4.52120994287225,170.051898532406,0.0265872359079288,Relaksasi
23.8,3.69574462398933,170.051898532406,0.021733039477269,Relaksasi
23.9,3.99955012862116,170.051898532406,0.023519585274486,Relaksasi
24,4.02350282474713,170.051898532406,0.0236604404859402,Relaksasi
24.1,4.00897238919574,170.051898532406,0.0235749934213864,Relaksasi
24.2,4.3108346212822,170.051898532406,0.0253501116922885,Relaksasi
24.3,4.02997407546234,170.051898532406,0.0236984950491121,Relaksasi
24.4,4.6302098795397,170.051898532406,0.0272282163239556,Relaksasi
24.5,4.9851479806116,170.051898532406,0.029315450304494,Relaksasi
24.6,4.60649321448299,170.051898532406,0.0270887491068214,Relaksasi
24.7,4.29117021473792,170.051898532406,0.0252344740151206,Relaksasi
24.8,4.32761206298515,170.051898532406,0.0254487724061514,Relaksasi
24.9,4.74967696443999,170.051898532406,0.0279307494090392,Relaksasi
25,4.62518812076476,170.051898532406,0.0271986855817629,Relaksasi
25.1,4.08411125582254,170.051898532406,0.0240168518615172,Relaksasi
25.2,4.04096617532789,170.051898532406,0.0237631347265307,Relaksasi
25.3,4.57909783060119,170.051898532406,0.0269276489714026,Relaksasi
25.4,4.58286778465943,170.051898532406,0.0269498184037392,Relaksasi
25.5,4.51082143921214,170.051898532406,0.0265261457128192,Relaksasi
25.6,4.43069647378414,170.051898532406,0.0260549662310286,Relaksasi
25.7,4.47903914623684,170.051898532406,0.0263392481053852,Relaksasi
25.8,4.96407008554848,170.051898532406,0.0291915005265437,Relaksasi
25.9,4.77428513033247,170.051898532406,0.0280754591482709,Relaksasi
26,4.39293171165335,170.051898532406,0.0258328883685836,Relaksasi
26.1,4.63688541949635,170.051898532406,0.0272674722217978,Relaksasi
26.2,5.23441043547922,170.051898532406,0.0307812525508601,Relaksasi
26.3,5.3503187596464,170.051898532406,0.0314628581381396,Relaksasi
26.4,4.95255027057221,170.051898532406,0.0291237575899714,Relaksasi
26.5,4.83092445601867,170.051898532406,0.0284085299706199,Relaksasi
26.6,4.87109641207758,170.051898532406,0.0286447634758357,Relaksasi
26.7,5.01664605507837,170.051898532406,0.0295006765485913,Relaksasi
26.8,5.16872629269009,170.051898532406,0.0303949931597212,Relaksasi
26.9,5.04229648135842,170.051898532406,0.0296515153601624,Relaksasi
27,4.89532004651492,170.051898532406,0.028787211955661,Relaksasi
27.1,4.82378857851663,170.051898532406,0.0283665670312842,Relaksasi
27.2,5.0929500431863,170.051898532406,0.0299493865528103,Relaksasi
27.3,5.21199062013187,170.051898532406,0.0306494115332599,Relaksasi
27.4,5.48211812453185,170.051898532406,0.0322379119071531,Relaksasi
27.5,5.49521133093852,170.051898532406,0.0323149072628044,Relaksasi
27.6,5.28218337760206,170.051898532406,0.0310621840931429,Relaksasi
27.7,5.49389597785918,170.051898532406,0.0323071722531356,Relaksasi
27.8,5.23167857621416,170.051898532406,0.0307651876948447,Relaksasi
27.9,4.99401889652922,170.051898532406,0.0293676162373309,Relaksasi
28,4.64452206481597,170.051898532406,0.0273123799551752,Relaksasi
28.1,4.82904731179926,170.051898532406,0.028397491315741,Relaksasi
28.2,5.44746088571962,170.051898532406,0.032034108014863,Relaksasi
28.3,5.19131311400975,170.051898532406,0.0305278162655765,Relaksasi
28.4,5.10134917362199,170.051898532406,0.0299987781239023,Relaksasi
28.5,5.08807349759139,170.051898532406,0.0299207097451005,Relaksasi
28.6,4.67836574909109,170.051898532406,0.027511399693074,Relaksasi
28.7,5.05449712368203,170.051898532406,0.0297232619412292,Relaksasi
28.8,5.35685533304113,170.051898532406,0.0315012968350971,Relaksasi
28.9,4.82671551021531,170.051898532406,0.0283837790219996,Relaksasi
29,4.95313711281934,170.051898532406,0.0291272085496619,Relaksasi
29.1,4.87123922073242,170.051898532406,0.0286456032703695,Relaksasi
29.2,4.58477019450809,170.051898532406,0.0269610056346086,Relaksasi
29.3,5.04458097646077,170.051898532406,0.0296649494654095,Relaksasi
29.4,4.80151785102184,170.051898532406,0.0282356027334022,Relaksasi
29.5,4.3224691418829,170.051898532406,0.0254185291619028,Relaksasi
29.6,4.33665918065411,170.051898532406,0.0255019745035525,Relaksasi
29.7,4.65535718430492,170.051898532406,0.0273760965004326,Relaksasi
29.8,4.88950132709994,170.051898532406,0.028752994640446,Relaksasi
29.9,4.96306291952763,170.051898532406,0.0291855778286523,Relaksasi
30,4.53504024854335,170.051898532406,0.0266685658183294,Relaksasi
30.1,4.06161754097624,170.051898532406,0.02388457627365,Relaksasi
30.2,4.30294736019751,170.051898532406,0.0253037301984459,Relaksasi
30.3,4.67385151077695,170.051898532406,0.027484853454231,Relaksasi
30.4,4.96277866801691,170.051898532406,0.0291839062712445,Relaksasi
30.5,4.70354159698173,170.051898532406,0.0276594477190468,Relaksasi
30.6,4.46497810328711,170.051898532406,0.0262565613311059,Relaksasi
30.7,5.35589671727339,170.051898532406,0.0314956596397702,Relaksasi
30.8,5.48557968279516,170.051898532406,0.0322582678002257,Relaksasi
30.9,5.14197986804625,170.051898532406,0.0302377092665412,Relaksasi
31,5.06787480260031,170.051898532406,0.0298019301538968,Relaksasi
31.1,5.14671887803152,170.051898532406,0.0302655772881638,Relaksasi
31.2,5.30907136303788,170.051898532406,0.0312203004427272,Relaksasi
31.3,5.07434968986243,170.051898532406,0.0298400061019926,Relaksasi
31.4,4.79873266954445,170.051898532406,0.028219224313041,Relaksasi
31.5,4.27128748180245,170.051898532406,0.0251175524570135,Relaksasi
31.6,4.41566022670066,170.051898532406,0.025966544712579,Relaksasi
31.7,4.79473803727225,170.051898532406,0.0281957336475049,Relaksasi
31.8,4.83326505178299,170.051898532406,0.0284222939790463,Relaksasi
31.9,4.42415984429658,170.051898532406,0.026016527204214,Relaksasi
32,4.53948326787855,170.051898532406,0.026694693249858,Relaksasi
32.1,4.69764807583658,170.051898532406,0.0276247905279421,Relaksasi
32.2,4.59770249828795,170.051898532406,0.0270370547930801,Relaksasi
32.3,4.87181773683961,170.051898532406,0.0286490052677137,Relaksasi
32.4,5.18575766157105,170.051898532406,0.0304951471070041,Relaksasi
32.5,5.31766634481293,170.051898532406,0.0312708437289195,Relaksasi
32.6,5.08174379315782,170.051898532406,0.0298834875530038,Relaksasi
32.7,5.19723490800986,170.051898532406,0.0305626397168359,Relaksasi
32.8,5.05201761026914,170.051898532406,0.0297086810195559,Relaksasi
32.9,4.71674194957871,170.051898532406,0.0277370731540517,Relaksasi
33,4.59058713648057,170.051898532406,0.0269952124974704,Relaksasi
33.1,4.59237916462426,170.051898532406,0.0270057506223555,Relaksasi
33.2,4.77518826159101,170.051898532406,0.0280807700637404,Relaksasi
33.3,4.65781599691655,170.051898532406,0.0273905556898498,Relaksasi
33.4,4.67533757787566,170.051898532406,0.0274935923575396,Relaksasi
33.5,4.73507042425064,170.051898532406,0.0278448548067713,Relaksasi
33.6,4.83969704759913,170.051898532406,0.0284601177015195,Relaksasi
33.7,4.68841569006257,170.051898532406,0.0275704989507607,Relaksasi
33.8,4.80174694813905,170.051898532406,0.0282369499522171,Relaksasi
33.9,5.23634250638803,170.051898532406,0.0307926142053049,Relaksasi
34,4.74887209045963,170.051898532406,0.0279260163011627,Relaksasi
34.1,4.7527958185787,170.051898532406,0.0279490900107357,Relaksasi
34.2,4.96610999910531,170.051898532406,0.0292034963559019,Relaksasi
34.3,4.53650886027618,170.051898532406,0.0266772020743519,Relaksasi
34.4,4.54424041016271,170.051898532406,0.0267226678995103,Relaksasi
34.5,5.52622449143712,170.051898532406,0.0324972819423361,Relaksasi
34.6,5.68032799176748,170.051898532406,0.0334034964666096,Relaksasi
34.7,4.93463354934452,170.051898532406,0.0290183972771356,Relaksasi
34.8,4.69919164017763,170.051898532406,0.0276338675471014,Relaksasi
34.9,4.79368721615669,170.051898532406,0.0281895542333106,Relaksasi
35,5.11862381556098,170.051898532406,0.0301003626524378,Relaksasi
35.1,4.85185353956404,170.051898532406,0.0285316046538548,Relaksasi
35.2,4.18605015557699,170.051898532406,0.0246163094426098,Relaksasi
35.3,4.75154063551174,170.051898532406,0.027941708834296,Relaksasi
35.4,5.27528483145331,170.051898532406,0.0310216167945224,Relaksasi
35.5,4.78482481838377,170.051898532406,0.0281374383919151,Relaksasi
35.6,4.47167861215425,170.051898532406,0.0262959640600667,Relaksasi
35.7,5.0095072835905,170.051898532406,0.0294586965910049,Relaksasi
35.8,5.28472764339923,170.051898532406,0.0310771457949477,Relaksasi
35.9,4.96703189520991,170.051898532406,0.0292089176191313,Relaksasi
36,4.59155737071551,170.051898532406,0.0270009180158639,Relaksasi
36.1,4.97349817962635,170.051898532406,0.0292469429776968,Relaksasi
36.2,5.02847581723786,170.051898532406,0.029570242147456,Relaksasi
36.3,4.52353162689432,170.051898532406,0.0266008887047638,Relaksasi
36.4,4.59178295374709,170.051898532406,0.0270022445698956,Relaksasi
36.5,4.57939298100447,170.051898532406,0.0269293846203769,Relaksasi
36.6,4.7304584861582,170.051898532406,0.0278177340387454,Relaksasi
36.7,4.77518276853926,170.051898532406,0.0280807377615327,Relaksasi
36.8,4.7491615472776,170.051898532406,0.0279277184686802,Relaksasi
36.9,4.89011988773782,170.051898532406,0.0287566321219633,Relaksasi
37,4.96775172400878,170.051898532406,0.0292131506139116,Relaksasi
37.1,5.59900185779294,170.051898532406,0.032925253443883,Relaksasi
37.2,5.70864341954522,170.051898532406,0.0335700069732379,Relaksasi
37.3,4.96606709510633,170.051898532406,0.0292032440564606,Relaksasi
37.4,4.57947493398612,170.051898532406,0.0269298665496136,Relaksasi
37.5,4.67297429160753,170.051898532406,0.0274796949162965,Relaksasi
37.6,4.89443734206874,170.051898532406,0.0287820211612399,Relaksasi
37.7,4.7911237832689,170.051898532406,0.0281744798183237,Relaksasi
37.8,4.85297751397206,170.051898532406,0.0285382142502058,Relaksasi
37.9,5.01508229073503,170.051898532406,0.0294914807421531,Relaksasi
38,5.67177547704806,170.051898532406,0.0333532029103881,Relaksasi
38.1,5.38750788403698,170.051898532406,0.0316815509296435,Relaksasi
38.2,4.58664763859365,170.051898532406,0.0269720460528678,Relaksasi
38.3,4.83195130666689,170.051898532406,0.0284145684250981,Relaksasi
38.4,4.78429034559045,170.051898532406,0.028134295393819,Relaksasi
38.5,4.61304363524545,170.051898532406,0.0271272692340237,Relaksasi
38.6,4.48551889829794,170.051898532406,0.0263773526612122,Relaksasi
38.7,4.78262380697255,170.051898532406,0.0281244952173301,Relaksasi
38.8,4.79675694382657,170.051898532406,0.0282076059439729,Relaksasi
38.9,5.27919641336669,170.051898532406,0.0310446190776321,Relaksasi
39,5.52225567982597,170.051898532406,0.0324739431166869,Relaksasi
39.1,4.81358197117351,170.051898532406,0.0283065464879606,Relaksasi
39.2,4.94224497267334,170.051898532406,0.0290631566911411,Relaksasi
39.3,5.03962974639141,170.051898532406,0.0296358334713389,Relaksasi
39.4,4.48903521048682,170.051898532406,0.0263980305379029,Relaksasi
39.5,4.51217132863999,170.051898532406,0.0265340838154778,Relaksasi
39.6,4.54443085812939,170.051898532406,0.0267237878397658,Relaksasi
39.7,5.22578714131849,170.051898532406,0.0307305427720505,Relaksasi
39.8,5.41491848597215,170.051898532406,0.0318427405557031,Relaksasi
39.9,4.7794633637595,170.051898532406,0.0281059100486826,Relaksasi
40,4.90539203855979,170.051898532406,0.0288464408859569,Relaksasi
40.1,5.31985292509521,170.051898532406,0.0312837020404181,Relaksasi
40.2,5.41147036091929,170.051898532406,0.0318224636573996,Relaksasi
40.3,5.37722413804965,170.051898532406,0.0316210767680723,Relaksasi
40.4,5.38503229705615,170.051898532406,0.0316669930975804,Relaksasi
40.5,4.80899848081213,170.051898532406,0.0282795930084586,Relaksasi
40.6,4.32376353226124,170.051898532406,0.025426140899199,Relaksasi
40.7,4.82621174195655,170.051898532406,0.0283808165836905,Relaksasi
40.8,4.83481542504672,170.051898532406,0.0284314110384682,Relaksasi
40.9,4.95258317992081,170.051898532406,0.0291239511152945,Relaksasi
41,5.08465511971214,170.051898532406,0.0299006077767676,Relaksasi
41.1,4.80383627770134,170.051898532406,0.0282492363752463,Relaksasi
41.2,5.54336632134284,170.051898532406,0.0325980854620477,Relaksasi
41.3,5.63670551963029,170.051898532406,0.0331469720025274,Relaksasi
41.4,5.08757173176031,170.051898532406,0.0299177590821828,Relaksasi
41.5,4.97333561585396,170.051898532406,0.0292459870120545,Relaksasi
41.6,4.98868430717389,170.051898532406,0.0293362458768623,Relaksasi
41.7,4.81699873354614,170.051898532406,0.0283266389562136,Relaksasi
41.8,4.44648625555715,170.051898532406,0.0261478189536932,Relaksasi
41.9,4.70566827053084,170.051898532406,0.0276719537455449,Relaksasi
42,5.23312876461301,170.051898532406,0.0307737156113888,Relaksasi
42.1,5.04132670292525,170.051898532406,0.0296458125221375,Relaksasi
42.2,4.85173852093607,170.051898532406,0.0285309282801773,Relaksasi
42.3,5.42059526249651,170.051898532406,0.0318761231675607,Relaksasi
42.4,5.41605503470468,170.051898532406,0.0318494240960948,Relaksasi
42.5,4.58881405802422,170.051898532406,0.0269847858073149,Relaksasi
42.6,4.567517843309,170.051898532406,0.0268595521880551,Relaksasi
42.7,4.7872258977629,170.051898532406,0.0281515580777278,Relaksasi
42.8,4.6168475631911,170.051898532406,0.0271496384517653,Relaksasi
42.9,4.69747802417595,170.051898532406,0.0276237905293411,Relaksasi
43,4.55652727241433,170.051898532406,0.026794921501838,Relaksasi
43.1,4.37273622960936,170.051898532406,0.0257141276713007,Relaksasi
43.2,4.75912224646721,170.051898532406,0.02798629293492,Relaksasi
43.3,4.96974385589719,170.051898532406,0.029224865460412,Relaksasi
43.4,4.72375919385651,170.051898532406,0.027778338463868,Relaksasi
43.5,4.61919934637979,170.051898532406,0.0271634682484861,Relaksasi
43.6,4.96207277923728,170.051898532406,0.0291797552515515,Relaksasi
43.7,5.14926133284097,170.051898532406,0.0302805283403507,Relaksasi
43.8,5.12588960683716,170.051898532406,0.0301430895572174,Relaksasi
43.9,5.0333269466578,170.051898532406,0.0295987694938826,Relaksasi
44,5.00812212128488,170.051898532406,0.0294505510641535,Relaksasi
44.1,4.81971025218756,170.051898532406,0.0283425841980182,Relaksasi
44.2,4.27910486045066,170.051898532406,0.0251635230031567,Relaksasi
44.3,4.04195408872377,170.051898532406,0.0237689442082502,Relaksasi
44.4,4.25658920201151,170.051898532406,0.0250311183747258,Relaksasi
44.5,4.71991590621001,170.051898532406,0.0277557377891347,Relaksasi
44.6,5.18619573050245,170.051898532406,0.0304977231966284,Relaksasi
44.7,5.2808217796439,170.051898532406,0.0310541771377963,Relaksasi
44.8,5.25703884662802,170.051898532406,0.030914320228105,Relaksasi
44.9,4.9260135685508,170.051898532406,0.0289677069827719,Relaksasi
45,4.58581060067267,170.051898532406,0.0269671238030828,Relaksasi
45.1,5.07846088095048,170.051898532406,0.0298641821983699,Relaksasi
45.2,4.99528183908041,170.051898532406,0.0293750430438651,Relaksasi
45.3,4.7764476579798,170.051898532406,0.0280881760168622,Relaksasi
45.4,4.45869940269474,170.051898532406,0.02621963907004,Relaksasi
45.5,4.70837606486673,170.051898532406,0.0276878770863559,Relaksasi
45.6,5.00527702220076,170.051898532406,0.0294338202948491,Relaksasi
45.7,4.75483584810717,170.051898532406,0.0279610865220718,Relaksasi
45.8,4.93311438077123,170.051898532406,0.0290094637186962,Relaksasi
45.9,4.64872542786848,170.051898532406,0.027337098074107,Relaksasi
46,4.60448973765763,170.051898532406,0.0270769675457647,Relaksasi
46.1,4.57539955064155,170.051898532406,0.0269059010227377,Relaksasi
46.2,4.26987642394049,170.051898532406,0.0251092546498492,Relaksasi
46.3,4.40122997179723,170.051898532406,0.0258816867661052,Relaksasi
46.4,4.96648622729085,170.051898532406,0.0292057087874524,Relaksasi
46.5,5.30096481407598,170.051898532406,0.0311726294138716,Relaksasi
46.6,5.03569936418136,170.051898532406,0.0296127206320001,Relaksasi
46.7,4.73822354498823,170.051898532406,0.0278633969151793,Relaksasi
46.8,4.7029813556888,170.051898532406,0.0276561531878021,Relaksasi
46.9,4.54212736876981,170.051898532406,0.0267102420376932,Relaksasi
47,4.73264533629118,170.051898532406,0.0278305939371168,Relaksasi
47.1,4.94906434128469,170.051898532406,0.029103258381685,Relaksasi
47.2,4.92092877110514,170.051898532406,0.0289378055380392,Relaksasi
47.3,4.67481857925311,170.051898532406,0.0274905403561975,Relaksasi
47.4,4.70538401613759,170.051898532406,0.0276702821711861,Relaksasi
47.5,5.18793546177338,170.051898532406,0.0305079537867361,Relaksasi
47.6,5.3497411249784,170.051898532406,0.0314594613241494,Relaksasi
47.7,5.26563414824588,170.051898532406,0.0309648653951513,Relaksasi
47.8,5.57138639934859,170.051898532406,0.0327628591473025,Relaksasi
47.9,5.3864252115368,170.051898532406,0.0316751842115443,Relaksasi
48,4.57899606392083,170.051898532406,0.0269270505265675,Relaksasi
48.1,4.60032910521726,170.051898532406,0.0270525007066628,Relaksasi
48.2,5.03971087938269,170.051898532406,0.0296363105785749,Relaksasi
48.3,5.02541984427051,170.051898532406,0.0295522713221154,Relaksasi
48.4,4.93365570487138,170.051898532406,0.0290126470062973,Relaksasi
48.5,5.35518435510457,170.051898532406,0.0314914705529386,Relaksasi
48.6,5.15584035558694,170.051898532406,0.0303192166631672,Relaksasi
48.7,4.49370174399169,170.051898532406,0.0264254723574012,Relaksasi
48.8,4.53819180708972,170.051898532406,0.026687098740182,Relaksasi
48.9,4.54891049542633,170.051898532406,0.0267501306053309,Relaksasi
49,4.12713809114886,170.051898532406,0.0242698736489694,Relaksasi
49.1,4.42801825299685,170.051898532406,0.0260392167991763,Relaksasi
49.2,4.83113685227171,170.051898532406,0.0284097789790395,Relaksasi
49.3,4.74920941060055,170.051898532406,0.0279279999317121,Relaksasi
49.4,4.48802899018598,170.051898532406,0.0263921134013727,Relaksasi
49.5,4.82010945761814,170.051898532406,0.0283449317485837,Relaksasi
49.6,5.30713191058934,170.051898532406,0.0312088953807122,Relaksasi
49.7,4.89124550229031,170.051898532406,0.0287632513632784,Relaksasi
49.8,4.87085378038555,170.051898532406,0.0286433366661727,Relaksasi
49.9,4.90282974458724,170.051898532406,0.0288313731684267,Relaksasi
50,4.65512502628072,170.051898532406,0.0273747312817776,Relaksasi
50.1,4.70488083249732,170.051898532406,0.0276673231707598,Relaksasi
50.2,4.53299555115644,170.051898532406,0.0266565418573825,Relaksasi
50.3,4.49794072849013,170.051898532406,0.0264503999503009,Relaksasi
50.4,4.65096734804513,170.051898532406,0.0273502818150473,Relaksasi
50.5,4.74722980090704,170.051898532406,0.0279163587227013,Relaksasi
50.6,4.73451756335032,170.051898532406,0.0278416036763511,Relaksasi
50.7,4.67550355225454,170.051898532406,0.02749456837945,Relaksasi
50.8,4.87532406262688,170.051898532406,0.0286696244187936,Relaksasi
50.9,5.24898573788463,170.051898532406,0.0308669634575374,Relaksasi
51,5.31669827046816,170.051898532406,0.0312651509118846,Relaksasi
51.1,4.85733491894053,170.051898532406,0.0285638382215115,Relaksasi
51.2,4.73238157596315,170.051898532406,0.0278290428792909,Relaksasi
51.3,5.27910921736188,170.051898532406,0.0310441063164953,Relaksasi
51.4,4.7919181821859,170.051898532406,0.0281791513269858,Relaksasi
51.5,4.21856575714085,170.051898532406,0.024807519313505,Relaksasi
51.6,4.99112132879423,170.051898532406,0.0293505769230979,Relaksasi
51.7,5.09231005293034,170.051898532406,0.0299456230531876,Relaksasi
51.8,4.49630938490936,170.051898532406,0.0264408067402583,Relaksasi
51.9,4.386264597901,170.051898532406,0.025793682021522,Relaksasi
52,4.39278235201953,170.051898532406,0.0258320100506401,Relaksasi
52.1,4.34620147876707,170.051898532406,0.0255580885381226,Relaksasi
52.2,4.8506597778161,170.051898532406,0.0285245846690252,Relaksasi
52.3,5.48237693655503,170.051898532406,0.0322394338661869,Relaksasi
52.4,5.25669602917434,170.051898532406,0.0309123042702907,Relaksasi
52.5,4.87370389351858,170.051898532406,0.028660096920881,Relaksasi
52.6,4.88611532872476,170.051898532406,0.0287330830816549,Relaksasi
52.7,5.95279374133566,170.051898532406,0.0350057470261131,Relaksasi
52.8,6.22561904827717,170.051898532406,0.0366101119834942,Relaksasi
52.9,5.0799517069622,170.051898532406,0.0298729490867409,Relaksasi
53,4.5999118310614,170.051898532406,0.0270500469019158,Relaksasi
53.1,4.48055365037625,170.051898532406,0.0263481542343523,Relaksasi
53.2,4.78437059500324,170.051898532406,0.0281347673051207,Relaksasi
53.3,5.14213013346047,170.051898532406,0.0302385929109786,Relaksasi
53.4,5.12047618538318,170.051898532406,0.0301112556200447,Relaksasi
53.5,4.4748749155468,170.051898532406,0.0263147601065686,Relaksasi
53.6,4.3440660655574,170.051898532406,0.0255455311175463,Relaksasi
53.7,4.61588085528547,170.051898532406,0.0271439536701546,Relaksasi
53.8,4.63999071740485,170.051898532406,0.0272857331053004,Relaksasi
53.9,4.82450455230311,170.051898532406,0.0283707773564417,Relaksasi
54,4.64975747912681,170.051898532406,0.027343167111073,Relaksasi
54.1,4.45891295407689,170.051898532406,0.0262208948712629,Relaksasi
54.2,4.76713666830223,170.051898532406,0.0280334222048911,Relaksasi
54.3,5.24102132778651,170.051898532406,0.0308201282844705,Relaksasi
54.4,4.86449254319789,170.051898532406,0.0286059290438965,Relaksasi
54.5,4.46768825013707,170.051898532406,0.0262724985060116,Relaksasi
54.6,4.54526425662524,170.051898532406,0.0267286886877012,Relaksasi
54.7,4.84859369303218,170.051898532406,0.0285124349382563,Relaksasi
54.8,4.76577822847664,170.051898532406,0.0280254338211252,Relaksasi
54.9,4.54223927533366,170.051898532406,0.0267109001106981,Relaksasi
55,4.72788272847117,170.051898532406,0.0278025871470656,Relaksasi
55.1,4.76731638932569,170.051898532406,0.028034479064738,Relaksasi
55.2,4.68265002054195,170.051898532406,0.0275365935985101,Relaksasi
55.3,4.43389394901039,170.051898532406,0.0260737691685661,Relaksasi
55.4,4.47947456585356,170.051898532406,0.0263418086155617,Relaksasi
55.5,4.892592358341,170.051898532406,0.0287711716279877,Relaksasi
55.6,4.73335989451439,170.051898532406,0.0278347959379729,Relaksasi
55.7,4.7022726723191,170.051898532406,0.027651985734361,Relaksasi
55.8,5.00515174024052,170.051898532406,0.0294330835670542,Relaksasi
55.9,5.05219434107532,170.051898532406,0.0297097202952577,Relaksasi
56,5.20854234693929,170.051898532406,0.0306291337638123,Relaksasi
56.1,4.85612026205875,170.051898532406,0.0285566953616418,Relaksasi
56.2,5.09047548381794,170.051898532406,0.0299348347636817,Relaksasi
56.3,5.07707738986111,170.051898532406,0.0298560464992021,Relaksasi
56.4,4.43881544361418,170.051898532406,0.0261027103015159,Relaksasi
56.5,4.73806455180876,170.051898532406,0.0278624619466148,Relaksasi
56.6,4.98565478551739,170.051898532406,0.0293184305999812,Relaksasi
56.7,4.74201966552951,170.051898532406,0.0278857202210292,Relaksasi
56.8,4.6353575614004,170.051898532406,0.0272584875641189,Relaksasi
56.9,5.70279635749037,170.051898532406,0.0335356229874941,Relaksasi
57,6.12784182652947,170.051898532406,0.0360351273900168,Relaksasi
57.1,5.31153354545364,170.051898532406,0.031234779448472,Relaksasi
57.2,4.88472129971029,170.051898532406,0.0287248854136106,Relaksasi
57.3,4.82506407121258,170.051898532406,0.0283740676396688,Relaksasi
57.4,4.67448662564669,170.051898532406,0.0274885882838638,Relaksasi
57.5,4.47178387641178,170.051898532406,0.026296583072606,Relaksasi
57.6,4.65535988214525,170.051898532406,0.0273761123652383,Relaksasi
57.7,4.98915804131445,170.051898532406,0.0293390316978066,Relaksasi
57.8,5.35015952103331,170.051898532406,0.0314619217262885,Relaksasi
57.9,5.1892523129144,170.051898532406,0.030515697605843,Relaksasi
58,5.35241307086562,170.051898532406,0.0314751738560898,Relaksasi
58.1,5.66522133748991,170.051898532406,0.0333146609145932,Relaksasi
58.2,5.54325261263586,170.051898532406,0.0325974167914362,Relaksasi
58.3,5.41406875317651,170.051898532406,0.0318377436529753,Relaksasi
58.4,4.88194859828257,170.051898532406,0.0287085803829014,Relaksasi
58.5,4.81844338058933,170.051898532406,0.0283351342864961,Relaksasi
58.6,5.15794995929864,170.051898532406,0.0303316223095017,Relaksasi
58.7,4.9861154531103,170.051898532406,0.0293211395823383,Relaksasi
58.8,4.65141191211816,170.051898532406,0.0273528960997267,Relaksasi
58.9,4.66113651223998,170.051898532406,0.0274100821717773,Relaksasi
59,4.92465548642603,170.051898532406,0.0289597207024864,Relaksasi
59.1,5.02372802843062,170.051898532406,0.0295423225014643,Relaksasi
59.2,4.95651581769506,170.051898532406,0.0291470772186087,Relaksasi
59.3,4.73908367347286,170.051898532406,0.027868454950356,Relaksasi
59.4,4.66772556557088,170.051898532406,0.0274488294800271,Relaksasi
59.5,4.87708074715031,170.051898532406,0.0286799547034807,Relaksasi
59.6,5.06246279827442,170.051898532406,0.0297701045502276,Relaksasi
59.7,5.47132139484235,170.051898532406,0.0321744211153262,Relaksasi
59.8,4.83352679034067,170.051898532406,0.028423833147735,Relaksasi
59.9,4.62552307855305,170.051898532406,0.0272006553203614,Relaksasi
60,5.12905614586093,170.051898532406,0.0301617105726315,Relaksasi
60.1,4.71991059062371,170.051898532406,0.0277557065305229,Relaksasi
60.2,4.74983488653271,170.051898532406,0.0279316780790163,Relaksasi
60.3,4.92566089639689,170.051898532406,0.0289656330738244,Relaksasi
60.4,4.59480536770659,170.051898532406,0.0270200180495543,Relaksasi
60.5,4.45513243006322,170.051898532406,0.0261986632816936,Relaksasi
60.6,4.66450436870015,170.051898532406,0.0274298870459906,Relaksasi
60.7,5.12013696816659,170.051898532406,0.0301092608336323,Relaksasi
60.8,5.42296262661709,170.051898532406,0.0318900445888504,Relaksasi
60.9,5.25198783518334,170.051898532406,0.0308846174639002,Relaksasi
61,5.1291014578099,170.051898532406,0.0301619770321616,Relaksasi
61.1,5.17347815389838,170.051898532406,0.0304229367537022,Relaksasi
61.2,5.03054294765349,170.051898532406,0.0295823980271226,Relaksasi
61.3,4.62753645110006,170.051898532406,0.0272124950737801,Relaksasi
61.4,4.69283732183573,170.051898532406,0.0275965006114968,Relaksasi
61.5,4.55125762553992,170.051898532406,0.0267639330393751,Relaksasi
61.6,4.22195986885639,170.051898532406,0.0248274785832623,Relaksasi
61.7,4.79155704064965,170.051898532406,0.0281770276133468,Relaksasi
61.8,5.01961830031088,170.051898532406,0.0295181550081566,Relaksasi
61.9,4.86541985957142,170.051898532406,0.02861138218133,Relaksasi
62,5.41479294087498,170.051898532406,0.0318420022805162,Relaksasi
62.1,5.42929169401988,170.051898532406,0.0319272630348508,Relaksasi
62.2,4.77179480693141,170.051898532406,0.0280608146578386,Relaksasi
62.3,5.33258979579389,170.051898532406,0.0313586019433807,Relaksasi
62.4,5.15970500038091,170.051898532406,0.0303419429298383,Relaksasi
62.5,4.38104955605486,170.051898532406,0.0257630146670782,Relaksasi
62.6,5.08156426256167,170.051898532406,0.0298824318129756,Relaksasi
62.7,5.12306459563441,170.051898532406,0.0301264769158584,Relaksasi
62.8,4.72301306029679,170.051898532406,0.0277739507824239,Relaksasi
62.9,4.6885888239062,170.051898532406,0.0275715170743167,Relaksasi
63,4.54721157314855,170.051898532406,0.0267401399948617,Relaksasi
63.1,4.3401750115489,170.051898532406,0.0255226495499656,Relaksasi
63.2,4.19822744303491,170.051898532406,0.0246879186840415,Relaksasi
63.3,4.28185981235504,170.051898532406,0.0251797236567698,Relaksasi
63.4,5.31646594459096,170.051898532406,0.0312637847061603,Relaksasi
63.5,5.6694098959741,170.051898532406,0.0333392919744069,Relaksasi
63.6,5.33086745732495,170.051898532406,0.0313484736326485,Relaksasi
63.7,5.85826990481101,170.051898532406,0.0344498941521351,Relaksasi
63.8,5.46366998725005,170.051898532406,0.0321294265715526,Relaksasi
63.9,4.43305901719371,170.051898532406,0.0260688593038491,Relaksasi
64,4.37279005848398,170.051898532406,0.0257144442151034,Relaksasi
64.1,4.75560057086846,170.051898532406,0.0279655835183881,Relaksasi
64.2,4.9468922784763,170.051898532406,0.029090485441029,Relaksasi
64.3,4.60403219695325,170.051898532406,0.0270742769512561,Relaksasi
64.4,4.48596204395298,170.051898532406,0.0263799586048027,Relaksasi
64.5,5.09914477164935,170.051898532406,0.0299858150109252,Relaksasi
64.6,5.25011571835925,170.051898532406,0.0308736083729095,Relaksasi
64.7,4.76273853974476,170.051898532406,0.0280075587561708,Relaksasi
64.8,5.14382341939285,170.051898532406,0.0302485503765935,Relaksasi
64.9,5.72213227046017,170.051898532406,0.0336493289392457,Relaksasi
65,5.46986721249229,170.051898532406,0.0321658697121216,Relaksasi
65.1,4.74133485358453,170.051898532406,0.0278816931448783,Relaksasi
65.2,4.60309435592951,170.051898532406,0.0270687619230098,Relaksasi
65.3,5.18066435249612,170.051898532406,0.0304651956091444,Relaksasi
65.4,5.28614006550487,170.051898532406,0.0310854516246257,Relaksasi
65.5,4.71553878950535,170.051898532406,0.0277299979018272,Relaksasi
65.6,4.28762414931917,170.051898532406,0.0252136211728451,Relaksasi
65.7,4.4179575382958,170.051898532406,0.0259800541859513,Relaksasi
65.8,5.34244899971625,170.051898532406,0.0314165795608461,Relaksasi
65.9,5.44214576105371,170.051898532406,0.0320028521176235,Relaksasi
66,4.91844700916144,170.051898532406,0.0289232113937508,Relaksasi
66.1,4.9574308300347,170.051898532406,0.0291524580014612,Relaksasi
66.2,4.77839607304867,170.051898532406,0.0280996337840831,Relaksasi
66.3,4.67363851249444,170.051898532406,0.0274836009055424,Relaksasi
66.4,5.29434217966295,170.051898532406,0.0311336846301309,Relaksasi
66.5,5.30289796397608,170.051898532406,0.0311839974133869,Relaksasi
66.6,4.79887225597123,170.051898532406,0.0282200451590767,Relaksasi
66.7,4.94091150068051,170.051898532406,0.0290553151321562,Relaksasi
66.8,5.054452642736,170.051898532406,0.0297230003684598,Relaksasi
66.9,4.92690176685078,170.051898532406,0.0289729300841172,Relaksasi
67,4.63590462256096,170.051898532406,0.0272617045888348,Relaksasi
67.1,4.65333391347492,170.051898532406,0.0273641985395897,Relaksasi
67.2,5.32022611395954,170.051898532406,0.0312858965990649,Relaksasi
67.3,5.38786761596805,170.051898532406,0.0316836663540178,Relaksasi
67.4,5.01560268991473,170.051898532406,0.0294945409795524,Relaksasi
67.5,5.01868205786845,170.051898532406,0.0295126493804599,Relaksasi
67.6,4.78155256523153,170.051898532406,0.0281181957184697,Relaksasi
67.7,5.05408511296572,170.051898532406,0.0297208390884421,Relaksasi
67.8,4.83622310720035,170.051898532406,0.028439688994585,Relaksasi
67.9,4.48977685592046,170.051898532406,0.0264023918266627,Relaksasi
68,5.11758147360984,170.051898532406,0.0300942331004591,Relaksasi
68.1,5.31592190527522,170.051898532406,0.0312605854515772,Relaksasi
68.2,5.31854922912659,170.051898532406,0.0312760355810615,Relaksasi
68.3,4.93501504358716,170.051898532406,0.0290206406760388,Relaksasi
68.4,4.50400020717431,170.051898532406,0.0264860330642884,Relaksasi
68.5,4.56450707782029,170.051898532406,0.0268418472079008,Relaksasi
68.6,4.31707666151809,170.051898532406,0.0253868183700131,Relaksasi
68.7,4.50560564815712,170.051898532406,0.0264954739526093,Relaksasi
68.8,4.60493724902877,170.051898532406,0.0270795991622007,Relaksasi
68.9,4.55009772576017,170.051898532406,0.026757112181803,Relaksasi
69,4.56569926404544,170.051898532406,0.0268488579277777,Relaksasi
69.1,4.50125382129657,170.051898532406,0.0264698827836891,Relaksasi
69.2,4.69097069549623,170.051898532406,0.0275855238076174,Relaksasi
69.3,4.64122134292157,170.051898532406,0.0272929698696491,Relaksasi
69.4,4.80762537085416,170.051898532406,0.0282715183561329,Relaksasi
69.5,5.20490780284329,170.051898532406,0.0306077606175706,Relaksasi
69.6,4.93876510027793,170.051898532406,0.0290426931007581,Relaksasi
69.7,4.81776329437563,170.051898532406,0.0283311350002807,Relaksasi
69.8,4.94097873912412,170.051898532406,0.029055710531703,Relaksasi
69.9,4.84852300384806,170.051898532406,0.0285120192464308,Relaksasi
70,5.02426631237048,170.051898532406,0.0295454879112274,Relaksasi
70.1,5.13626884047916,170.051898532406,0.0302041252394507,Relaksasi
70.2,5.09584490422313,170.051898532406,0.0299664099501485,Relaksasi
70.3,4.93552948376055,170.051898532406,0.0290236658711576,Relaksasi
70.4,4.51981272172778,170.051898532406,0.0265790194683799,Relaksasi
70.5,4.10757614348488,170.051898532406,0.0241548384871582,Relaksasi
70.6,4.29771261155471,170.051898532406,0.0252729469570475,Relaksasi
70.7,4.50092736139623,170.051898532406,0.0264679630174109,Relaksasi
70.8,4.78989903309256,170.051898532406,0.0281672776042531,Relaksasi
70.9,4.92410355744688,170.051898532406,0.0289564750522824,Relaksasi
71,4.87133350121592,170.051898532406,0.0286461576921919,Relaksasi
71.1,4.85524751380197,170.051898532406,0.028551563115167,Relaksasi
71.2,4.63193356552717,170.051898532406,0.0272383525588483,Relaksasi
71.3,4.83615572212531,170.051898532406,0.0284392927327636,Relaksasi
71.4,4.68364785601765,170.051898532406,0.0275424614275924,Relaksasi
71.5,4.3149641374821,170.051898532406,0.0253743955505432,Relaksasi
71.6,4.58506506334429,170.051898532406,0.0269627396278115,Relaksasi
71.7,4.79404195051882,170.051898532406,0.0281916402691926,Relaksasi
71.8,4.48984460537201,170.051898532406,0.0264027902312211,Relaksasi
71.9,4.20171874041799,170.051898532406,0.0247084494597236,Relaksasi
72,4.88280301832624,170.051898532406,0.0287136048492616,Relaksasi
72.1,5.20120147278818,170.051898532406,0.0305859653298549,Relaksasi
72.2,4.38282867221766,170.051898532406,0.0257734768623148,Relaksasi
72.3,4.45249711626339,170.051898532406,0.0261831661668564,Relaksasi
72.4,4.90791776284039,170.051898532406,0.0288612935533037,Relaksasi
72.5,4.53240579965246,170.051898532406,0.0266530737896393,Relaksasi
72.6,4.5677882818235,170.051898532406,0.0268611425173418,Relaksasi
72.7,5.28602877669279,170.051898532406,0.0310847971843458,Relaksasi
72.8,5.41709308522616,170.051898532406,0.0318555284120739,Relaksasi
72.9,4.70516543284965,170.051898532406,0.0276689967795509,Relaksasi
73,4.30604403761276,170.051898532406,0.0253219403886407,Relaksasi
73.1,4.85173426818399,170.051898532406,0.0285309032716234,Relaksasi
73.2,5.28970213875951,170.051898532406,0.0311063986019037,Relaksasi
73.3,4.97208693251845,170.051898532406,0.0292386440576607,Relaksasi
73.4,5.32382080984628,170.051898532406,0.0313070354156131,Relaksasi
73.5,5.53560172058801,170.051898532406,0.0325524252793515,Relaksasi
73.6,4.95044119736118,170.051898532406,0.0291113550632768,Relaksasi
73.7,4.57336127660111,170.051898532406,0.0268939148346503,Relaksasi
73.8,4.40412842109245,170.051898532406,0.0258987312644038,Relaksasi
73.9,4.89680986722676,170.051898532406,0.0287959729323081,Relaksasi
74,5.01956900094974,170.051898532406,0.0295178651004192,Relaksasi
74.1,4.6544909904177,170.051898532406,0.0273710027973061,Relaksasi
74.2,4.84468804338795,170.051898532406,0.0284894675401976,Relaksasi
74.3,5.02236604670455,170.051898532406,0.0295343132893483,Relaksasi
74.4,5.19289803097114,170.051898532406,0.0305371364612054,Relaksasi
74.5,5.4580376526669,170.051898532406,0.0320963053030942,Relaksasi
74.6,5.4126972623423,170.051898532406,0.0318296785220003,Relaksasi
74.7,5.48039741450618,170.051898532406,0.0322277931725755,Relaksasi
74.8,5.14994942684597,170.051898532406,0.0302845747168448,Relaksasi
74.9,4.69740797938144,170.051898532406,0.0276233786268859,Relaksasi
75,4.75230740500622,170.051898532406,0.027946217866545,Relaksasi
75.1,4.17001833192697,170.051898532406,0.0245220333787236,Relaksasi
75.2,4.21947160901496,170.051898532406,0.0248128462277113,Relaksasi
75.3,5.01447989830159,170.051898532406,0.0294879383386949,Relaksasi
75.4,5.07475958777884,170.051898532406,0.0298424165303381,Relaksasi
75.5,5.10145269374863,170.051898532406,0.0299993868799793,Relaksasi
75.6,5.22065676784404,170.051898532406,0.0307003733148511,Relaksasi
75.7,5.25255147128409,170.051898532406,0.0308879319585081,Relaksasi
75.8,5.27107273919423,170.051898532406,0.0309968473429877,Relaksasi
75.9,4.99423027173265,170.051898532406,0.0293688592414093,Relaksasi
76,4.55990942888574,170.051898532406,0.0268148104680924,Relaksasi
76.1,4.77620968118601,170.051898532406,0.0280867765805968,Relaksasi
76.2,5.61804381974337,170.051898532406,0.0330372307997065,Relaksasi
76.3,6.02983464680791,170.051898532406,0.0354587905154075,Relaksasi
76.4,5.3336475096203,170.051898532406,0.0313648218905589,Relaksasi
76.5,5.04658309782518,170.051898532406,0.0296767230555998,Relaksasi
76.6,5.01392759859144,170.051898532406,0.0294846905083859,Relaksasi
76.7,4.48788802331089,170.051898532406,0.026391284437531,Relaksasi
76.8,5.38664550524716,170.051898532406,0.0316764796614173,Relaksasi
76.9,5.42985030979227,170.051898532406,0.0319305480071281,Relaksasi
77,5.10795520215477,170.051898532406,0.0300376252558061,Relaksasi
77.1,5.01243479858342,170.051898532406,0.0294759120118157,Relaksasi
77.2,4.77679035849325,170.051898532406,0.0280901912870027,Relaksasi
77.3,5.31267978997939,170.051898532406,0.0312415200055351,Relaksasi
77.4,5.13990764584409,170.051898532406,0.0302255234443301,Relaksasi
77.5,4.88715969273149,170.051898532406,0.0287392245244481,Relaksasi
77.6,4.79382638728015,170.051898532406,0.0281903726371312,Relaksasi
77.7,4.61940713948739,170.051898532406,0.0271646901878434,Relaksasi
77.8,4.68586573375387,170.051898532406,0.0275555037855747,Relaksasi
77.9,4.70955167007038,170.051898532406,0.0276947903005794,Relaksasi
78,4.46277150907359,170.051898532406,0.0262435853265298,Relaksasi
78.1,5.23330889361007,170.051898532406,0.0307747748703481,Relaksasi
78.2,5.28908681138265,170.051898532406,0.0311027801337645,Relaksasi
78.3,4.86110194567394,170.051898532406,0.0285859904395456,Relaksasi
78.4,5.39919522876997,170.051898532406,0.0317502790346152,Relaksasi
78.5,4.81884937307021,170.051898532406,0.0283375217487025,Relaksasi
78.6,4.37152506081795,170.051898532406,0.0257070053233477,Relaksasi
78.7,4.41218425009952,170.051898532406,0.025946104031639,Relaksasi
78.8,4.59249271929449,170.051898532406,0.027006418387145,Relaksasi
78.9,5.13818925270732,170.051898532406,0.0302154183343514,Relaksasi
79,5.41006342393794,170.051898532406,0.0318141900833114,Relaksasi
79.1,5.47509292429549,170.051898532406,0.0321965998118635,Relaksasi
79.2,5.16732901872481,170.051898532406,0.0303867764095565,Relaksasi
79.3,4.98514163435419,170.051898532406,0.0293154129849611,Relaksasi
79.4,4.91920263315918,170.051898532406,0.0289276548842632,Relaksasi
79.5,4.90766207410001,170.051898532406,0.0288597899609147,Relaksasi
79.6,4.67538273791289,170.051898532406,0.0274938579237439,Relaksasi
79.7,4.38673281767575,170.051898532406,0.0257964354149201,Relaksasi
79.8,4.6596924760341,170.051898532406,0.0274015904335589,Relaksasi
79.9,5.98292339579116,170.051898532406,0.0351829261973869,Relaksasi
80,5.9886760847526,170.051898532406,0.0352167552167103,Relaksasi
80.1,4.90835623359626,170.051898532406,0.02886387200588,Relaksasi
80.2,5.17992984916417,170.051898532406,0.0304608763199257,Relaksasi
80.3,5.01348528265862,170.051898532406,0.0294820894440248,Relaksasi
80.4,5.07658842106262,170.051898532406,0.0298531710899729,Relaksasi
80.5,5.15177461553509,170.051898532406,0.0302953078442305,Relaksasi
80.6,5.14256220708044,170.051898532406,0.0302411337448282,Relaksasi
80.7,5.3000418357304,170.051898532406,0.0311672017864617,Relaksasi
80.8,4.78593208694249,170.051898532406,0.0281439497485555,Relaksasi
80.9,4.78680333616132,170.051898532406,0.0281490731798512,Relaksasi
81,4.55810017761952,170.051898532406,0.0268041710616415,Relaksasi
81.1,4.464131823425,170.051898532406,0.0262515847335529,Relaksasi
81.2,5.04477332967958,170.051898532406,0.02966608060961,Relaksasi
81.3,4.94911938315518,170.051898532406,0.0291035820585799,Relaksasi
81.4,4.94026927708609,170.051898532406,0.0290515384992579,Relaksasi
81.5,5.17818578974752,170.051898532406,0.0304506202779073,Relaksasi
81.6,5.1431170666218,170.051898532406,0.0302443966283722,Relaksasi
81.7,4.78144420302231,170.051898532406,0.0281175584882466,Relaksasi
81.8,4.78513595519948,170.051898532406,0.0281392680499101,Relaksasi
81.9,5.18532780464079,170.051898532406,0.0304926193085262,Relaksasi
82,4.81899091116782,170.051898532406,0.0283383540716512,Relaksasi
82.1,5.29994813116635,170.051898532406,0.0311666507513668,Relaksasi
82.2,5.66261139277794,170.051898532406,0.0332993129841408,Relaksasi
82.3,4.96142778097478,170.051898532406,0.0291759623020575,Relaksasi
82.4,4.72126169631504,170.051898532406,0.0277636517854891,Relaksasi
82.5,4.47310166283212,170.051898532406,0.0263043323916769,Relaksasi
82.6,4.50760365195824,170.051898532406,0.0265072233292311,Relaksasi
82.7,4.81442122481,170.051898532406,0.0283114817673884,Relaksasi
82.8,5.07375052930239,170.051898532406,0.0298364827037524,Relaksasi
82.9,5.44825311776119,170.051898532406,0.0320387667810891,Relaksasi
83,5.14627490807251,170.051898532406,0.0302629664972062,Relaksasi
83.1,4.4506615208011,170.051898532406,0.0261723718418408,Relaksasi
83.2,4.42544980174206,170.051898532406,0.0260241128733927,Relaksasi
83.3,5.02549520234758,170.051898532406,0.0295527144696352,Relaksasi
83.4,4.82490376067883,170.051898532406,0.0283731249243264,Relaksasi
83.5,4.63817711706046,170.051898532406,0.0272750681238445,Relaksasi
83.6,5.5765677062716,170.051898532406,0.0327933281215846,Relaksasi
83.7,5.65453804681599,170.051898532406,0.0332518372074419,Relaksasi
83.8,4.99609197705255,170.051898532406,0.029379807106949,Relaksasi
83.9,4.75389893868063,170.051898532406,0.0279555769721366,Relaksasi
84,4.76076891003624,170.051898532406,0.0279959762350374,Relaksasi
84.1,4.88811067756728,170.051898532406,0.0287448168456395,Relaksasi
84.2,4.34134550490153,170.051898532406,0.0255295327036541,Relaksasi
84.3,4.24279989940002,170.051898532406,0.0249500295851827,Relaksasi
84.4,4.67059868321139,170.051898532406,0.0274657250140688,Relaksasi
84.5,4.53070641870738,170.051898532406,0.0266430804819506,Relaksasi
84.6,4.89838966106955,170.051898532406,0.0288052630011425,Relaksasi
84.7,4.89149222691918,170.051898532406,0.0287647022416926,Relaksasi
84.8,4.89092272866957,170.051898532406,0.0287613532743801,Relaksasi
84.9,4.79590434700038,170.051898532406,0.0282025921991482,Relaksasi
85,5.09024294631409,170.051898532406,0.0299334673134747,Relaksasi
85.1,5.17365774887993,170.051898532406,0.0304239928723525,Relaksasi
85.2,4.28850102103162,170.051898532406,0.0252187776675388,Relaksasi
85.3,4.34004431973365,170.051898532406,0.0255218810092061,Relaksasi
85.4,5.2118346793021,170.051898532406,0.0306484945142139,Relaksasi
85.5,5.28132289811859,170.051898532406,0.0310571239938974,Relaksasi
85.6,5.19897231123422,170.051898532406,0.0305728566167315,Relaksasi
85.7,5.64674333851818,170.051898532406,0.0332059999756022,Relaksasi
85.8,5.06776081660179,170.051898532406,0.0298012598526564,Relaksasi
85.9,5.15249752770339,170.051898532406,0.0302995589709426,Relaksasi
86,5.59482959415428,170.051898532406,0.0329007182068485,Relaksasi
86.1,4.92557001719486,170.051898532406,0.0289650986534339,Relaksasi
86.2,4.73441421388502,170.051898532406,0.027840995923858,Relaksasi
86.3,4.93935349986417,170.051898532406,0.0290461532184711,Relaksasi
86.4,4.77495146296731,170.051898532406,0.0280793775557723,Relaksasi
86.5,4.8513250063032,170.051898532406,0.0285284965835222,Relaksasi
86.6,5.34426466547369,170.051898532406,0.0314272566880826,Relaksasi
86.7,5.58542794350081,170.051898532406,0.0328454312577782,Relaksasi
86.8,5.13838605743455,170.051898532406,0.0302165756559039,Relaksasi
86.9,4.84203740990064,170.051898532406,0.0284738803370544,Relaksasi
87,4.99916691120967,170.051898532406,0.0293978894346599,Relaksasi
87.1,4.79891737438751,170.051898532406,0.0282203104805267,Relaksasi
87.2,4.6720444658477,170.051898532406,0.0274742270222721,Relaksasi
87.3,4.66494053896814,170.051898532406,0.0274324519704152,Relaksasi
87.4,4.7623566272467,170.051898532406,0.0280053128976926,Relaksasi
87.5,4.86420029162583,170.051898532406,0.0286042104416663,Relaksasi
87.6,4.80463225909844,170.051898532406,0.028253917189774,Relaksasi
87.7,4.80371564857674,170.051898532406,0.0282485270087197,Relaksasi
87.8,4.84499452561895,170.051898532406,0.0284912698266386,Relaksasi
87.9,4.76871275149234,170.051898532406,0.0280426904530183,Relaksasi
88,4.7652351599841,170.051898532406,0.028022240275524,Relaksasi
88.1,4.87218288032875,170.051898532406,0.0286511525150675,Relaksasi
88.2,4.92796619694968,170.051898532406,0.0289791895267231,Relaksasi
88.3,5.0083433938024,170.051898532406,0.0294518522699585,Relaksasi
88.4,5.55015675259215,170.051898532406,0.0326380169847647,Relaksasi
88.5,5.50434522649501,170.051898532406,0.0323686196625795,Relaksasi
88.6,5.34157569426138,170.051898532406,0.0314114440377357,Relaksasi
88.7,5.51008957584356,170.051898532406,0.0324023996403282,Relaksasi
88.8,5.61423576632506,170.051898532406,0.0330148373218849,Relaksasi
88.9,5.33184860494238,170.051898532406,0.0313542433278175,Relaksasi
89,4.50641949533345,170.051898532406,0.0265002598278824,Relaksasi
89.1,4.18124389066715,170.051898532406,0.0245880459245232,Relaksasi
89.2,4.53850324808382,170.051898532406,0.0266889301869155,Relaksasi
89.3,4.91327629639355,170.051898532406,0.0288928047190091,Relaksasi
89.4,5.1089456249895,170.051898532406,0.0300434494944254,Relaksasi
89.5,5.09921536095545,170.051898532406,0.0299862301154122,Relaksasi
89.6,4.88350081419419,170.051898532406,0.0287177082781206,Relaksasi
89.7,4.67346377411823,170.051898532406,0.0274825733464401,Relaksasi
89.8,4.67413562470494,170.051898532406,0.0274865242025758,Relaksasi
89.9,4.73305509911639,170.051898532406,0.0278330035710506,Relaksasi
90,4.98432283068389,170.051898532406,0.0293105979627393,Relaksasi
90.1,5.09089941482276,170.051898532406,0.0299373277144131,Relaksasi
90.2,4.85166493733665,170.051898532406,0.0285304955675757,Relaksasi
90.3,4.983038716435,170.051898532406,0.0293030466548152,Relaksasi
90.4,5.08413743674473,170.051898532406,0.0298975635122114,Relaksasi
90.5,4.80268227717483,170.051898532406,0.0282424502085733,Relaksasi
90.6,4.71589240093481,170.051898532406,0.0277320773342388,Relaksasi
90.7,4.91571338189972,170.051898532406,0.0289071361409291,Relaksasi
90.8,4.91996696029301,170.051898532406,0.0289321495540694,Relaksasi
90.9,5.06076367676728,170.051898532406,0.0297601127681787,Relaksasi
91,4.94796177086354,170.051898532406,0.0290967746527136,Relaksasi
91.1,5.2853734666359,170.051898532406,0.0310809435957499,Relaksasi
91.2,5.17604388356222,170.051898532406,0.0304380246750132,Relaksasi
91.3,4.78842002595049,170.051898532406,0.0281585802174269,Relaksasi
91.4,4.90366744114715,170.051898532406,0.0288362992913759,Relaksasi
91.5,4.50007993684605,170.051898532406,0.0264629796884537,Relaksasi
91.6,4.53795141237982,170.051898532406,0.0266856850852214,Relaksasi
91.7,4.93876361162133,170.051898532406,0.0290426843466271,Relaksasi
91.8,4.7912861710539,170.051898532406,0.0281754347490619,Relaksasi
91.9,4.81554511144199,170.051898532406,0.0283180908475674,Relaksasi
92,5.0237943696154,170.051898532406,0.0295427126246288,Relaksasi
92.1,4.91773683381308,170.051898532406,0.0289190351666432,Relaksasi
92.2,4.57227125974216,170.051898532406,0.0268875049276256,Relaksasi
92.3,4.48858842179509,170.051898532406,0.0263954031712249,Relaksasi
92.4,5.37928738538851,170.051898532406,0.0316332098130819,Relaksasi
92.5,5.33032153848353,170.051898532406,0.0313452633254063,Relaksasi
92.6,4.91746945233275,170.051898532406,0.0289174628144222,Relaksasi
92.7,5.1253715279723,170.051898532406,0.0301400429645635,Relaksasi
92.8,5.19700466218184,170.051898532406,0.0305612857429608,Relaksasi
92.9,5.18505177755365,170.051898532406,0.0304909961153157,Relaksasi
93,4.99256861247703,170.051898532406,0.0293590877582918,Relaksasi
93.1,4.50157576542216,170.051898532406,0.0264717759946933,Relaksasi
93.2,4.1786061913273,170.051898532406,0.0245725347813803,Relaksasi
93.3,4.53423677133835,170.051898532406,0.026663840924271,Relaksasi
93.4,4.71486916858378,170.051898532406,0.027726060157366,Relaksasi
93.5,5.05320531474998,170.051898532406,0.0297156653842769,Relaksasi
93.6,5.18390789669392,170.051898532406,0.030484269457927,Relaksasi
93.7,4.82069401850506,170.051898532406,0.0283483692926039,Relaksasi
93.8,4.7376127751011,170.051898532406,0.0278598052476214,Relaksasi
93.9,4.85324569110959,170.051898532406,0.0285397912813348,Relaksasi
94,4.97798323423113,170.051898532406,0.0292733176000531,Relaksasi
94.1,5.20364819387797,170.051898532406,0.0306003534143804,Relaksasi
94.2,4.84033404052169,170.051898532406,0.0284638635751502,Relaksasi
94.3,4.71512100599903,170.051898532406,0.0277275411018154,Relaksasi
94.4,5.24993764104399,170.051898532406,0.0308725611789835,Relaksasi
94.5,5.11703111366425,170.051898532406,0.0300909966770475,Relaksasi
94.6,4.79366387680161,170.051898532406,0.0281894169848865,Relaksasi
94.7,4.5781683227055,170.051898532406,0.0269221829465965,Relaksasi
94.8,4.34588971048955,170.051898532406,0.02555625516678,Relaksasi
94.9,4.38737288131515,170.051898532406,0.0258001993460783,Relaksasi
95,4.25927102189983,170.051898532406,0.0250468889712993,Relaksasi
95.1,4.41472947902707,170.051898532406,0.0259610713971875,Relaksasi
95.2,4.8136461731487,170.051898532406,0.0283069240313797,Relaksasi
95.3,5.23433759633883,170.051898532406,0.0307808242160927,Relaksasi
95.4,5.16969518880092,170.051898532406,0.0304006908091988,Relaksasi
95.5,4.71357862434877,170.051898532406,0.0277184710375376,Relaksasi
95.6,5.14134392974919,170.051898532406,0.0302339695946966,Relaksasi
95.7,5.00338840002476,170.051898532406,0.0294227141431843,Relaksasi
95.8,4.56962220766195,170.051898532406,0.0268719270240382,Relaksasi
95.9,4.88635370632914,170.051898532406,0.0287344848749099,Relaksasi
96,5.06554175743765,170.051898532406,0.0297882105472191,Relaksasi
96.1,4.81461428649031,170.051898532406,0.0283126170777377,Relaksasi
96.2,4.49205601796376,170.051898532406,0.0264157945705483,Relaksasi
96.3,4.67984429932806,170.051898532406,0.0275200943930434,Relaksasi
96.4,4.59233195622113,170.051898532406,0.0270054730106174,Relaksasi
96.5,4.71302982227089,170.051898532406,0.027715243775257,Relaksasi
96.6,4.83504812731678,170.051898532406,0.0284327794575924,Relaksasi
96.7,4.81310667054568,170.051898532406,0.0283037514551975,Relaksasi
96.8,4.92899699638229,170.051898532406,0.0289852512022557,Relaksasi
96.9,4.84289824939182,170.051898532406,0.028478942553346,Relaksasi
97,4.8200527680194,170.051898532406,0.0283445983821278,Relaksasi
97.1,4.80381201264674,170.051898532406,0.0282490936831928,Relaksasi
97.2,5.22966249216145,170.051898532406,0.0307533319962603,Relaksasi
97.3,5.44474532994651,170.051898532406,0.0320181390324727,Relaksasi
97.4,5.14036027185701,170.051898532406,0.0302281851377122,Relaksasi
97.5,5.15665936755088,170.051898532406,0.0303240329102718,Relaksasi
97.6,5.30244428955262,170.051898532406,0.0311813295547663,Relaksasi
97.7,4.804257290272,170.051898532406,0.0282517121639572,Relaksasi
97.8,4.81508130170579,170.051898532406,0.0283153633876555,Relaksasi
97.9,5.12932349196894,170.051898532406,0.0301632827168435,Relaksasi
98,4.78814319032561,170.051898532406,0.0281569522695635,Relaksasi
98.1,4.45097439317934,170.051898532406,0.0261742117059113,Relaksasi
98.2,4.89027872100808,170.051898532406,0.0287575661501725,Relaksasi
98.3,4.9269070270839,170.051898532406,0.0289729610172215,Relaksasi
98.4,5.0701103979856,170.051898532406,0.0298150767015366,Relaksasi
98.5,5.42097596103879,170.051898532406,0.0318783618873019,Relaksasi
98.6,4.83793247728052,170.051898532406,0.0284497410439589,Relaksasi
98.7,4.71683353566074,170.051898532406,0.0277376117312908,Relaksasi
98.8,5.2860374225326,170.051898532406,0.0310848480267056,Relaksasi
98.9,5.5771222623989,170.051898532406,0.0327965892208848,Relaksasi
99,5.47153545478464,170.051898532406,0.0321756799071664,Relaksasi
99.1,5.56500813674335,170.051898532406,0.0327253514060759,Relaksasi
99.2,5.6055616682695,170.051898532406,0.0329638287878408,Relaksasi
99.3,5.25679165663961,170.051898532406,0.0309128666131172,Relaksasi
99.4,4.9680363463575,170.051898532406,0.0292148243520537,Relaksasi
99.5,4.75893823222111,170.051898532406,0.0279852108285297,Relaksasi
99.6,4.42852996068833,170.051898532406,0.0260422259257776,Relaksasi
99.7,4.45848158284713,170.051898532406,0.0262183581678596,Relaksasi
99.8,5.14662291991364,170.051898532406,0.0302650130009156,Relaksasi
99.9,5.07189551264019,170.051898532406,0.0298255741712502,Relaksasi
100,4.61071686630042,170.051898532406,0.0271135865350058,Relaksasi
100.1,4.80971554177363,170.051898532406,0.0282838097268115,Relaksasi
100.2,4.73548563539462,170.051898532406,0.0278472964798579,Relaksasi
100.3,4.48038957815929,170.051898532406,0.0263471893982147,Relaksasi
100.4,4.86332442443676,170.051898532406,0.0285990598541302,Relaksasi
100.5,5.15494754190238,170.051898532406,0.0303139664207867,Relaksasi
100.6,5.08567441765651,170.051898532406,0.029906601817135,Relaksasi
100.7,5.08061862831451,170.051898532406,0.0298768709562294,Relaksasi
100.8,5.10102494821833,170.051898532406,0.0299968714977108,Relaksasi
100.9,5.32127020738201,170.051898532406,0.0312920364506719,Relaksasi
101,5.13779027013988,170.051898532406,0.0302130720943453,Relaksasi
101.1,4.57574135212856,170.051898532406,0.0269079110061014,Relaksasi
101.2,4.7630217766725,170.051898532406,0.028009224347265,Relaksasi
101.3,5.17007187332843,170.051898532406,0.0304029059242946,Relaksasi
101.4,4.83547857566994,170.051898532406,0.0284353107339667,Relaksasi
101.5,4.88050176936207,170.051898532406,0.0287000722219636,Relaksasi
101.6,5.1024292180887,170.051898532406,0.030005129387699,Relaksasi
101.7,5.14449563863558,170.051898532406,0.0302525034006322,Relaksasi
101.8,5.26677208216652,170.051898532406,0.0309715570812216,Relaksasi
101.9,5.26066512048976,170.051898532406,0.030935644740757,Relaksasi
102,5.00717816473185,170.051898532406,0.0294450000731845,Relaksasi
102.1,4.67583310374714,170.051898532406,0.0274965063260149,Relaksasi
102.2,4.84816215099424,170.051898532406,0.0285098972304055,Relaksasi
102.3,4.62412865375704,170.051898532406,0.027192455324901,Relaksasi
102.4,3.82737808095684,170.051898532406,0.0225071176151996,Relaksasi
102.5,4.29726271142977,170.051898532406,0.025270301293407,Relaksasi
102.6,5.12836116999632,170.051898532406,0.0301576237269649,Relaksasi
102.7,4.95008170712642,170.051898532406,0.0291092410602114,Relaksasi
102.8,4.85837984676118,170.051898532406,0.0285699829798451,Relaksasi
102.9,4.91539008495583,170.051898532406,0.0289052349745988,Relaksasi
103,4.94663741671802,170.051898532406,0.0290889867117559,Relaksasi
103.1,5.0329115772465,170.051898532406,0.0295963268900959,Relaksasi
103.2,4.9594071862834,170.051898532406,0.0291640800784021,Relaksasi
103.3,5.49192753362928,170.051898532406,0.0322955967032777,Relaksasi
103.4,5.84813332153418,170.051898532406,0.0343902853893732,Relaksasi
103.5,5.07047551307196,170.051898532406,0.0298172237818662,Relaksasi
103.6,4.46213429696001,170.051898532406,0.0262398381639337,Relaksasi
103.7,4.94575720246978,170.051898532406,0.0290838105610876,Relaksasi
103.8,4.59000807123904,170.051898532406,0.02699180727091,Relaksasi
103.9,4.17093859644578,170.051898532406,0.0245274450473186,Relaksasi
104,4.71192483396718,170.051898532406,0.0277087458277877,Relaksasi
104.1,4.54068024776227,170.051898532406,0.0267017321591207,Relaksasi
104.2,4.25044279007406,170.051898532406,0.0249949740447271,Relaksasi
104.3,4.89043645088022,170.051898532406,0.0287584936897854,Relaksasi
104.4,5.32111822337733,170.051898532406,0.0312911426999641,Relaksasi
104.5,5.39138884114183,170.051898532406,0.0317043731217997,Relaksasi
104.6,5.14573782335149,170.051898532406,0.0302598081395186,Relaksasi
104.7,4.80154017255284,170.051898532406,0.028235733996453,Relaksasi
104.8,5.15545631356458,170.051898532406,0.0303169582818984,Relaksasi
104.9,5.9551024886209,170.051898532406,0.0350193237477208,Relaksasi
105,5.57258782107346,170.051898532406,0.0327699241770683,Relaksasi
105.1,4.55722728089872,170.051898532406,0.0267990379421155,Relaksasi
105.2,4.60090315688345,170.051898532406,0.0270558764506041,Relaksasi
105.3,4.82274088855469,170.051898532406,0.0283604060300194,Relaksasi
105.4,4.72727957500151,170.051898532406,0.0277990402682899,Relaksasi
105.5,4.58603334220328,170.051898532406,0.026968433647504,Relaksasi
105.6,5.16036171957451,170.051898532406,0.0303458048049438,Relaksasi
105.7,5.09566093083959,170.051898532406,0.0299653280840527,Relaksasi
105.8,4.69890445977522,170.051898532406,0.0276321787661769,Relaksasi
105.9,4.83123195581747,170.051898532406,0.0284103382409271,Relaksasi
106,4.8423150487594,170.051898532406,0.0284755130083809,Relaksasi
106.1,4.92521463282059,170.051898532406,0.028963008795118,Relaksasi
106.2,4.84495947715347,170.051898532406,0.0284910637221153,Relaksasi
106.3,4.37170899202746,170.051898532406,0.0257080869414367,Relaksasi
106.4,4.24924929215983,170.051898532406,0.0249879556113869,Relaksasi
106.5,4.29968322877101,170.051898532406,0.0252845352852773,Relaksasi
106.6,4.05578122405816,170.051898532406,0.0238502554753028,Relaksasi
106.7,4.29604850397984,170.051898532406,0.0252631610764473,Relaksasi
106.8,4.80220747191449,170.051898532406,0.0282396580888472,Relaksasi
106.9,4.99462543586236,170.051898532406,0.029371183026872,Relaksasi
107,5.15414934174685,170.051898532406,0.0303092725587221,Relaksasi
107.1,5.28688105454986,170.051898532406,0.0310898090534542,Relaksasi
107.2,5.68220661320258,170.051898532406,0.0334145438083407,Relaksasi
107.3,5.75165483244354,170.051898532406,0.0338229380682126,Relaksasi
107.4,5.18164249412785,170.051898532406,0.030470947627441,Relaksasi
107.5,5.02413614154018,170.051898532406,0.02954472243415,Relaksasi
107.6,4.88135347238385,170.051898532406,0.0287050807107198,Relaksasi
107.7,4.63271320609926,170.051898532406,0.0272429372802117,Relaksasi
107.8,4.86837136399312,170.051898532406,0.0286287386733608,Relaksasi
107.9,4.88396735219312,170.051898532406,0.0287204517817389,Relaksasi
108,4.33230638351979,170.051898532406,0.0254763776288813,Relaksasi
108.1,4.80625806505284,170.051898532406,0.0282634778354853,Relaksasi
108.2,4.93972535645307,170.051898532406,0.0290483399425954,Relaksasi
108.3,4.82621283994918,170.051898532406,0.0283808230404994,Relaksasi
108.4,4.95376843278405,170.051898532406,0.0291309210631367,Relaksasi
108.5,4.85319745021264,170.051898532406,0.0285395075979572,Relaksasi
108.6,4.98059474375366,170.051898532406,0.0292886747324643,Relaksasi
108.7,4.80481590113943,170.051898532406,0.0282549971073907,Relaksasi
108.8,4.97713720161227,170.051898532406,0.0292683424564284,Relaksasi
108.9,5.06793025794187,170.051898532406,0.0298022562622322,Relaksasi
109,4.86563467172954,170.051898532406,0.0286126453966188,Relaksasi
109.1,4.73300386873614,170.051898532406,0.0278327023078439,Relaksasi
109.2,4.29919529429565,170.051898532406,0.0252816659584449,Relaksasi
109.3,4.66569450637723,170.051898532406,0.0274368857192624,Relaksasi
109.4,5.25249642223633,170.051898532406,0.0308876082394069,Relaksasi
109.5,4.67648855173346,170.051898532406,0.0275003607257127,Relaksasi
109.6,4.12308017736287,170.051898532406,0.0242460108528407,Relaksasi
109.7,4.19328520468256,170.051898532406,0.0246588555662815,Relaksasi
109.8,4.36700948394176,170.051898532406,0.0256804512130134,Relaksasi
109.9,4.79280529523824,170.051898532406,0.0281843680464696,Relaksasi
110,4.80684837156883,170.051898532406,0.0282669491670086,Relaksasi
110.1,4.76581508003986,170.051898532406,0.0280256505288688,Relaksasi
110.2,4.93761402950266,170.051898532406,0.0290359241626563,Relaksasi
110.3,5.31212593279968,170.051898532406,0.0312382630164366,Relaksasi
110.4,5.05503355020036,170.051898532406,0.0297264164283179,Relaksasi
110.5,4.6333318455607,170.051898532406,0.0272465752252554,Relaksasi
110.6,5.30759518810458,170.051898532406,0.0312116197108681,Relaksasi
110.7,5.21987030297323,170.051898532406,0.0306957484628054,Relaksasi
110.8,4.93193348118894,170.051898532406,0.0290025193705737,Relaksasi
110.9,5.15614642344498,170.051898532406,0.0303210165128641,Relaksasi
111,5.15891885188625,170.051898532406,0.0303373199382607,Relaksasi
111.1,4.81144987540851,170.051898532406,0.0282940085758091,Relaksasi
111.2,4.68588026927732,170.051898532406,0.0275555892625589,Relaksasi
111.3,4.77791159417871,170.051898532406,0.0280967847781376,Relaksasi
111.4,4.68507311201258,170.051898532406,0.0275508427276969,Relaksasi
111.5,5.20106993730656,170.051898532406,0.0305851918278667,Relaksasi
111.6,4.93806689613178,170.051898532406,0.0290385872709957,Relaksasi
111.7,4.33226712371698,170.051898532406,0.0254761467593459,Relaksasi
111.8,4.46320522796613,170.051898532406,0.0262461358354996,Relaksasi
111.9,4.66321812546615,170.051898532406,0.0274223232184468,Relaksasi
112,5.08894755224586,170.051898532406,0.0299258496739222,Relaksasi
112.1,5.22389573850988,170.051898532406,0.0307194202687151,Relaksasi
112.2,5.16584542560559,170.051898532406,0.0303780520546271,Relaksasi
112.3,5.00615167306966,170.051898532406,0.0294389637297443,Relaksasi
112.4,4.63025937981733,170.051898532406,0.027228507413194,Relaksasi
112.5,4.75219812151143,170.051898532406,0.0279455752186491,Relaksasi
112.6,5.47376438656752,170.051898532406,0.0321887872691078,Relaksasi
112.7,5.59635782099574,170.051898532406,0.0329097050329566,Relaksasi
112.8,4.94566401342596,170.051898532406,0.0290832625575391,Relaksasi
112.9,4.72042500719749,170.051898532406,0.0277587315868628,Relaksasi
113,5.06478019709796,170.051898532406,0.0297837321477054,Relaksasi
113.1,5.10246531908008,170.051898532406,0.0300053416816615,Relaksasi
113.2,4.44294647216944,170.051898532406,0.0261270030532636,Relaksasi
113.3,4.00071360549937,170.051898532406,0.0235264271673919,Relaksasi
113.4,4.36925657589529,170.051898532406,0.025693665366886,Relaksasi
113.5,4.65207090257378,170.051898532406,0.0273567713311196,Relaksasi
113.6,4.725826585326,170.051898532406,0.0277904958786768,Relaksasi
113.7,4.58256726998438,170.051898532406,0.0269480512098552,Relaksasi
113.8,4.99167848716883,170.051898532406,0.0293538533250635,Relaksasi
113.9,5.11709260278267,170.051898532406,0.0300913582673559,Relaksasi
114,4.63422079057605,170.051898532406,0.0272518027177035,Relaksasi
114.1,4.96502652893475,170.051898532406,0.029197124947056,Relaksasi
114.2,4.82110593720104,170.051898532406,0.0283507916042602,Relaksasi
114.3,4.37055902954286,170.051898532406,0.025701324520702,Relaksasi
114.4,4.77129052976108,170.051898532406,0.0280578492268455,Relaksasi
114.5,4.99601898642392,170.051898532406,0.0293793778813463,Relaksasi
114.6,5.25171816007512,170.051898532406,0.0308830316238682,Relaksasi
114.7,4.74978140329834,170.051898532406,0.027931363567771,Relaksasi
114.8,4.21937613429138,170.051898532406,0.0248122847830912,Relaksasi
114.9,4.65028521874417,170.051898532406,0.0273462705143394,Relaksasi
115,4.95114090442649,170.051898532406,0.029115469731042,Relaksasi
115.1,4.87259726625913,170.051898532406,0.028653589335438,Relaksasi
115.2,5.07345174887716,170.051898532406,0.0298347257082245,Relaksasi
115.3,5.11578680808063,170.051898532406,0.0300836794662763,Relaksasi
115.4,4.99617330461689,170.051898532406,0.0293802853583831,Relaksasi
115.5,5.01452412778699,170.051898532406,0.0294881984327355,Relaksasi
115.6,4.42244236590014,170.051898532406,0.0260064274734185,Relaksasi
115.7,4.51169631041773,170.051898532406,0.026531290443417,Relaksasi
115.8,4.78017392379039,170.051898532406,0.0281100885379381,Relaksasi
115.9,5.01847893272998,170.051898532406,0.0295114548913644,Relaksasi
116,5.11204825335909,170.051898532406,0.0300616946795505,Relaksasi
116.1,4.9390165190117,170.051898532406,0.029044171583127,Relaksasi
116.2,4.94880877814532,170.051898532406,0.0291017555278999,Relaksasi
116.3,5.09677807288792,170.051898532406,0.0299718975023184,Relaksasi
116.4,4.96009688619245,170.051898532406,0.0291681358985076,Relaksasi
116.5,4.62945615467733,170.051898532406,0.0272237840014184,Relaksasi
116.6,5.09868399888154,170.051898532406,0.0299831054100811,Relaksasi
116.7,5.48000063956842,170.051898532406,0.0322254599146632,Relaksasi
116.8,5.39827132670584,170.051898532406,0.0317448459752251,Relaksasi
116.9,4.97051655265719,170.051898532406,0.0292294093482878,Relaksasi
117,4.83412145494557,170.051898532406,0.0284273301072517,Relaksasi
117.1,4.952416874094,170.051898532406,0.0291229731442854,Relaksasi
117.2,5.0586603493764,170.051898532406,0.0297477440301109,Relaksasi
117.3,5.03881566857907,170.051898532406,0.0296310462397975,Relaksasi
117.4,4.8850515809767,170.051898532406,0.0287268276516524,Relaksasi
117.5,4.9716276648764,170.051898532406,0.0292359433077954,Relaksasi
117.6,5.59602012987301,170.051898532406,0.0329077192208272,Relaksasi
117.7,5.7717925902859,170.051898532406,0.0339413593149976,Relaksasi
117.8,5.07408773873158,170.051898532406,0.0298384656832551,Relaksasi
117.9,5.10569416848762,170.051898532406,0.0300243291168822,Relaksasi
118,5.11597624477693,170.051898532406,0.0300847934596978,Relaksasi
118.1,4.27668360232488,170.051898532406,0.0251492846550602,Relaksasi
118.2,4.21927634073408,170.051898532406,0.0248116979413201,Relaksasi
118.3,4.87730338350033,170.051898532406,0.0286812639293814,Relaksasi
118.4,5.10786976317453,170.051898532406,0.0300371228269536,Relaksasi
118.5,4.74488705423024,170.051898532406,0.02790258206571,Relaksasi
118.6,4.73750495179721,170.051898532406,0.0278591711864623,Relaksasi
118.7,5.36786630432753,170.051898532406,0.0315660474869947,Relaksasi
118.8,5.10103654675368,170.051898532406,0.029996939703567,Relaksasi
118.9,4.46561260851917,170.051898532406,0.026260292575729,Relaksasi
119,4.70955099654146,170.051898532406,0.0276947863398537,Relaksasi
119.1,5.62213801607755,170.051898532406,0.0330613069574531,Relaksasi
119.2,5.66420028077302,170.051898532406,0.0333086565316624,Relaksasi
119.3,5.13028295156239,170.051898532406,0.0301689248743362,Relaksasi
119.4,5.07078746394896,170.051898532406,0.0298190582269956,Relaksasi
119.5,5.05654744082795,170.051898532406,0.0297353189494932,Relaksasi
119.6,5.40184867889916,170.051898532406,0.0317658828011835,Relaksasi
119.7,5.29826201549877,170.051898532406,0.0311567354509077,Relaksasi
119.8,4.99225375569995,170.051898532406,0.0293572362248493,Relaksasi
119.9,5.11370039408105,170.051898532406,0.0300714101883818,Relaksasi
120,5.45021658397607,170.051898532406,0.0320503130574425,Relaksasi
120.1,5.31852160162775,170.051898532406,0.0312758731159607,Relaksasi
120.2,5.41237292723827,170.051898532406,0.0318277712507094,Relaksasi
120.3,5.31886566004192,170.051898532406,0.0312778963713147,Relaksasi
120.4,4.78997130428345,170.051898532406,0.0281677025991606,Relaksasi
120.5,4.82335708972927,170.051898532406,0.0283640296365765,Relaksasi
120.6,4.89708941325797,170.051898532406,0.0287976168188722,Relaksasi
120.7,5.47645113770135,170.051898532406,0.0322045868641551,Relaksasi
120.8,5.76272641000797,170.051898532406,0.0338880451188247,Relaksasi
120.9,5.17406359374631,170.051898532406,0.0304263794665034,Relaksasi
121,4.78264507645425,170.051898532406,0.0281246202937443,Relaksasi
121.1,4.97080187909936,170.051898532406,0.0292310872268921,Relaksasi
121.2,4.99523166460716,170.051898532406,0.0293747479899805,Relaksasi
121.3,5.18890188170566,170.051898532406,0.0305136368749029,Relaksasi
121.4,5.22487291267166,170.051898532406,0.0307251665977488,Relaksasi
121.5,4.65008874125881,170.051898532406,0.0273451151171515,Relaksasi
121.6,4.59084088887417,170.051898532406,0.0269967047030605,Relaksasi
121.7,4.4236859332869,170.051898532406,0.0260137403431806,Relaksasi
121.8,4.1492770674508,170.051898532406,0.0244000631763608,Relaksasi
121.9,4.5204385310015,170.051898532406,0.0265826995759184,Relaksasi
122,4.6721757196675,170.051898532406,0.0274749988679318,Relaksasi
122.1,5.0237970661309,170.051898532406,0.0295427284816437,Relaksasi
122.2,4.68315437620331,170.051898532406,0.0275395594910742,Relaksasi
122.3,4.63187455745482,170.051898532406,0.0272380055584745,Relaksasi
122.4,5.01970816179369,170.051898532406,0.0295186834437906,Relaksasi
122.5,4.91187227516398,170.051898532406,0.0288845482911674,Relaksasi
122.6,4.96430107918896,170.051898532406,0.029192858897973,Relaksasi
122.7,4.86129831376543,170.051898532406,0.0285871451934366,Relaksasi
122.8,4.78349539314525,170.051898532406,0.0281296206301024,Relaksasi
122.9,5.08050829354899,170.051898532406,0.0298762221262753,Relaksasi
123,4.87338928940633,170.051898532406,0.0286582468732487,Relaksasi
123.1,4.70005610893357,170.051898532406,0.0276389511054939,Relaksasi
123.2,4.77795052947792,170.051898532406,0.0280970137394109,Relaksasi
123.3,5.0239433360122,170.051898532406,0.0295435886301194,Relaksasi
123.4,5.13839844899326,170.051898532406,0.0302166485251799,Relaksasi
123.5,5.4347347962004,170.051898532406,0.0319592715112482,Relaksasi
123.6,5.27740904844535,170.051898532406,0.031034108375095,Relaksasi
123.7,4.79068574187916,170.051898532406,0.0281719038906597,Relaksasi
123.8,5.39824434655067,170.051898532406,0.0317446873168661,Relaksasi
123.9,5.18564759795206,170.051898532406,0.0304944998715428,Relaksasi
124,4.74352206222299,170.051898532406,0.0278945551514618,Relaksasi
124.1,4.97932616835258,170.051898532406,0.0292812148016313,Relaksasi
124.2,5.20976181525885,170.051898532406,0.0306363049176193,Relaksasi
124.3,5.11059380556879,170.051898532406,0.0300531417154092,Relaksasi
124.4,4.69964259072869,170.051898532406,0.0276365193878332,Relaksasi
124.5,4.76074812408959,170.051898532406,0.027995854002079,Relaksasi
124.6,4.87182315207124,170.051898532406,0.0286490371122957,Relaksasi
124.7,4.71364584024844,170.051898532406,0.0277188663045134,Relaksasi
124.8,4.73873746963881,170.051898532406,0.0278664190787366,Relaksasi
124.9,4.72775249943843,170.051898532406,0.0278018213277253,Relaksasi
125,4.97415042667655,170.051898532406,0.029250778554105,Relaksasi
125.1,5.03212094819644,170.051898532406,0.0295916775503538,Relaksasi
125.2,4.53089752868414,170.051898532406,0.0266442043151945,Relaksasi
125.3,4.64048226738829,170.051898532406,0.0272886236933366,Relaksasi
125.4,4.96793780450715,170.051898532406,0.0292142448710176,Relaksasi
125.5,5.27312770335866,170.051898532406,0.0310089316783122,Relaksasi
125.6,5.05958050351281,170.051898532406,0.0297531550495958,Relaksasi
125.7,5.06472649471494,170.051898532406,0.0297834163477439,Relaksasi
125.8,5.25112680002468,170.051898532406,0.0308795540969747,Relaksasi
125.9,4.60881661529393,170.051898532406,0.0271024119993324,Relaksasi
126,4.84972778209156,170.051898532406,0.0285191040143981,Relaksasi
126.1,5.21976980237039,170.051898532406,0.0306951574632123,Relaksasi
126.2,4.75729990016978,170.051898532406,0.0279755765223827,Relaksasi
126.3,4.60437022788478,170.051898532406,0.0270762647616507,Relaksasi
126.4,4.73687862791686,170.051898532406,0.0278554880527498,Relaksasi
126.5,4.62850565924171,170.051898532406,0.027218194558173,Relaksasi
126.6,4.68596975120607,170.051898532406,0.0275561154662033,Relaksasi
126.7,5.45233913762631,170.051898532406,0.0320627948566378,Relaksasi
126.8,5.58177601219293,170.051898532406,0.032823955865034,Relaksasi
126.9,4.96001488483988,170.051898532406,0.029167653684823,Relaksasi
127,5.0707661316933,170.051898532406,0.0298189327814355,Relaksasi
127.1,5.33433123318651,170.051898532406,0.0313688425664355,Relaksasi
127.2,5.21660503961561,170.051898532406,0.0306765468932504,Relaksasi
127.3,4.63589762520851,170.051898532406,0.0272616634405,Relaksasi
127.4,4.58949769515874,170.051898532406,0.026988805974925,Relaksasi
127.5,4.68114573986416,170.051898532406,0.027527747589199,Relaksasi
127.6,5.14964631813786,170.051898532406,0.0302827922685998,Relaksasi
127.7,5.72704553787506,170.051898532406,0.0336782216917366,Relaksasi
127.8,5.10805020385999,170.051898532406,0.0300381839188145,Relaksasi
127.9,5.20966255000267,170.051898532406,0.0306357211825535,Relaksasi
128,5.74420608150346,170.051898532406,0.0337791352585741,Relaksasi
128.1,5.15874028110097,170.051898532406,0.0303362698424557,Relaksasi
128.2,5.01497611276051,170.051898532406,0.0294908563564483,Relaksasi
128.3,4.98408826745744,170.051898532406,0.0293092186001537,Relaksasi
128.4,4.60803076897913,170.051898532406,0.027097790784741,Relaksasi
128.5,4.37895058650743,170.051898532406,0.0257506715555602,Relaksasi
128.6,4.55684113091159,170.051898532406,0.0267967671648383,Relaksasi
128.7,4.97545914341936,170.051898532406,0.029258474538414,Relaksasi
128.8,4.55894197106143,170.051898532406,0.0268091212765416,Relaksasi
128.9,4.41564424029441,170.051898532406,0.0259664507035947,Relaksasi
129,4.83259951840962,170.051898532406,0.0284183802716481,Relaksasi
129.1,4.94817492954391,170.051898532406,0.0290980281446311,Relaksasi
129.2,4.97887571046298,170.051898532406,0.0292785658580235,Relaksasi
129.3,5.02174008669735,170.051898532406,0.0295306322954129,Relaksasi
129.4,4.85550347265576,170.051898532406,0.0285530682959736,Relaksasi
129.5,4.6463575773795,170.051898532406,0.0273231737926999,Relaksasi
129.6,4.52743399419889,170.051898532406,0.0266238368008348,Relaksasi
129.7,4.48920275515693,170.051898532406,0.0263990157940015,Relaksasi
129.8,4.76298218748062,170.051898532406,0.0280089915407382,Relaksasi
129.9,4.75027918136206,170.051898532406,0.0279342907803927,Relaksasi
130,5.02100442669005,170.051898532406,0.0295263062042981,Relaksasi
130.1,5.13438354539564,170.051898532406,0.0301930386529452,Relaksasi
130.2,4.79633615726063,170.051898532406,0.0282051314842957,Relaksasi
130.3,4.57338706039839,170.051898532406,0.0268940664577577,Relaksasi
130.4,4.33281848577372,170.051898532406,0.0254793890757299,Relaksasi
130.5,4.74458333445631,170.051898532406,0.0279007960240571,Relaksasi
130.6,4.85821786810231,170.051898532406,0.0285690304549967,Relaksasi
130.7,5.08148514669882,170.051898532406,0.0298819665675798,Relaksasi
130.8,5.20502434036005,170.051898532406,0.0306084459231612,Relaksasi
130.9,5.0657037253156,170.051898532406,0.0297891630086697,Relaksasi
131,4.73349223614036,170.051898532406,0.0278355741805395,Relaksasi
131.1,4.50034845160673,170.051898532406,0.0264645587049951,Relaksasi
131.2,4.45690918844504,170.051898532406,0.0262091116118631,Relaksasi
131.3,4.47721789746025,170.051898532406,0.0263285381468826,Relaksasi
131.4,5.1714520091583,170.051898532406,0.0304110218926653,Relaksasi
131.5,5.16130806726924,170.051898532406,0.0303513698571596,Relaksasi
131.6,4.67019303446768,170.051898532406,0.0274633395732286,Relaksasi
131.7,4.49901585746826,170.051898532406,0.0264567223082835,Relaksasi
131.8,4.93747564769946,170.051898532406,0.029035110400479,Relaksasi
131.9,4.8670364617214,170.051898532406,0.0286208887035384,Relaksasi
132,4.51410169056891,170.051898532406,0.0265454354201678,Relaksasi
132.1,4.8489131232444,170.051898532406,0.0285143133660479,Relaksasi
132.2,5.0698927781018,170.051898532406,0.0298137969752549,Relaksasi
132.3,4.95128098045758,170.051898532406,0.0291162934562241,Relaksasi
132.4,5.27955488107688,170.051898532406,0.0310467270676827,Relaksasi
132.5,5.54778941729624,170.051898532406,0.0326240957329802,Relaksasi
132.6,5.17317051170326,170.051898532406,0.0304211276460253,Relaksasi
132.7,5.23985789688612,170.051898532406,0.0308132866619398,Relaksasi
132.8,5.22621445688139,170.051898532406,0.0307330556258709,Relaksasi
132.9,4.73788178986772,170.051898532406,0.0278613872044765,Relaksasi
133,5.20532935660189,170.051898532406,0.0306102395887684,Relaksasi
133.1,5.22435066742125,170.051898532406,0.0307220955044243,Relaksasi
133.2,4.88515030325804,170.051898532406,0.0287274081937233,Relaksasi
133.3,5.40057929279681,170.051898532406,0.0317584181029749,Relaksasi
133.4,4.88917314338528,170.051898532406,0.0287510647371783,Relaksasi
133.5,4.69346466045127,170.051898532406,0.0276001897124181,Relaksasi
133.6,5.10859841188442,170.051898532406,0.0300414076877295,Relaksasi
133.7,4.47011239696317,170.051898532406,0.026286753841277,Relaksasi
133.8,4.39042620382569,170.051898532406,0.0258181545852546,Relaksasi
133.9,4.68125404147686,170.051898532406,0.0275283844630807,Relaksasi
134,5.15469573520504,170.051898532406,0.0303124856569757,Relaksasi
134.1,5.24242900100836,170.051898532406,0.0308284061880635,Relaksasi
134.2,4.70922670447701,170.051898532406,0.0276928793216596,Relaksasi
134.3,4.74865178623731,170.051898532406,0.0279247207894735,Relaksasi
134.4,4.86409317128153,170.051898532406,0.0286035805143016,Relaksasi
134.5,4.79084318609153,170.051898532406,0.0281728297504339,Relaksasi
134.6,4.56928349933092,170.051898532406,0.0268699352301567,Relaksasi
134.7,4.59098376898677,170.051898532406,0.0269975449178057,Relaksasi
134.8,4.78601847089415,170.051898532406,0.0281444577343669,Relaksasi
134.9,4.78592903730851,170.051898532406,0.0281439318150069,Relaksasi
135,4.42280918920409,170.051898532406,0.0260085845990202,Relaksasi
135.1,4.66068649926583,170.051898532406,0.0274074358445205,Relaksasi
135.2,5.08559458891557,170.051898532406,0.0299061323796184,Relaksasi
135.3,4.93262602047629,170.051898532406,0.0290065918878071,Relaksasi
135.4,5.13113078309757,170.051898532406,0.0301739105965921,Relaksasi
135.5,5.27236990976708,170.051898532406,0.0310044754293781,Relaksasi
135.6,4.98349462470502,170.051898532406,0.0293057276496995,Relaksasi
135.7,4.77189226977852,170.051898532406,0.0280613877937338,Relaksasi
135.8,5.35234570350543,170.051898532406,0.0314747776984416,Relaksasi
135.9,4.97998301054338,170.051898532406,0.029285077400029,Relaksasi
136,3.91154103916572,170.051898532406,0.023002042746499,Relaksasi
136.1,4.7737762753036,170.051898532406,0.0280724667969166,Relaksasi
136.2,5.31740050950178,170.051898532406,0.0312692804690356,Relaksasi
136.3,5.77745040807765,170.051898532406,0.0339746304389343,Relaksasi
136.4,5.55191716243663,170.051898532406,0.0326483691764172,Relaksasi
136.5,4.78886858091041,170.051898532406,0.0281612179707469,Relaksasi
136.6,4.98425095338266,170.051898532406,0.0293101752841227,Relaksasi
136.7,4.70572123955084,170.051898532406,0.027672265232923,Relaksasi
136.8,4.47260881731387,170.051898532406,0.0263014341851735,Relaksasi
136.9,4.98791212210264,170.051898532406,0.0293317049980016,Relaksasi
137,5.00845568312959,170.051898532406,0.0294525125938253,Relaksasi
137.1,5.10528354412118,170.051898532406,0.0300219144166056,Relaksasi
137.2,5.53348788778719,170.051898532406,0.0325399947636145,Relaksasi
137.3,5.07283477716411,170.051898532406,0.0298310975704714,Relaksasi
137.4,4.81483381619481,170.051898532406,0.0283139080348301,Relaksasi
137.5,4.71581353601397,170.051898532406,0.0277316135645219,Relaksasi
137.6,4.73995504807218,170.051898532406,0.0278735791189588,Relaksasi
137.7,4.92151793060506,170.051898532406,0.0289412701244685,Relaksasi
137.8,4.89977946120836,170.051898532406,0.0288134358010395,Relaksasi
137.9,5.20054353973591,170.051898532406,0.0305820963165834,Relaksasi
138,5.10285160463044,170.051898532406,0.0300076132561261,Relaksasi
138.1,5.0974797004269,170.051898532406,0.0299760234635398,Relaksasi
138.2,5.50981899952228,170.051898532406,0.0324008085006608,Relaksasi
138.3,5.23966321570194,170.051898532406,0.0308121418280046,Relaksasi
138.4,5.10530543035105,170.051898532406,0.0300220431198429,Relaksasi
138.5,4.86393839424698,170.051898532406,0.0286026703390205,Relaksasi
138.6,4.68571254306416,170.051898532406,0.0275546029388859,Relaksasi
138.7,4.79511235014935,170.051898532406,0.0281979348159737,Relaksasi
138.8,4.62627282499446,170.051898532406,0.0272050642475647,Relaksasi
138.9,5.13436444889934,170.051898532406,0.0301929263548969,Relaksasi
139,5.11936951915248,170.051898532406,0.030104747805429,Relaksasi
139.1,4.49157874376578,170.051898532406,0.0264129879320921,Relaksasi
139.2,5.06112967506496,170.051898532406,0.0297622650422835,Relaksasi
139.3,5.48081295980483,170.051898532406,0.032230236810678,Relaksasi
139.4,5.03633026014492,170.051898532406,0.0296164306521116,Relaksasi
139.5,4.97858248115451,170.051898532406,0.029276841506158,Relaksasi
139.6,5.00982474839609,170.051898532406,0.0294605634611094,Relaksasi
139.7,5.01854799767434,170.051898532406,0.0295118610317543,Relaksasi
139.8,4.56371023738985,170.051898532406,0.026837161341778,Relaksasi
139.9,4.50506059325467,170.051898532406,0.02649226872581,Relaksasi
140,5.40199951161833,170.051898532406,0.0317667697816905,Relaksasi
140.1,5.40693767889691,170.051898532406,0.0317958089592662,Relaksasi
140.2,4.71916068617531,170.051898532406,0.0277512966741504,Relaksasi
140.3,4.3944189813726,170.051898532406,0.0258416343439716,Relaksasi
140.4,4.58667088376761,170.051898532406,0.0269721827474543,Relaksasi
140.5,4.90115641768111,170.051898532406,0.0288215330730172,Relaksasi
140.6,4.6263754870817,170.051898532406,0.0272056679578915,Relaksasi
140.7,4.46879063653423,170.051898532406,0.0262789811528193,Relaksasi
140.8,4.62759779058596,170.051898532406,0.0272128557841658,Relaksasi
140.9,4.4216040170722,170.051898532406,0.0260014975147696,Relaksasi
141,4.56490353820561,170.051898532406,0.0268441786160694,Relaksasi
141.1,4.77119761901585,170.051898532406,0.028057302859848,Relaksasi
141.2,4.91553166085618,170.051898532406,0.0289060675198486,Relaksasi
141.3,5.21125464321634,170.051898532406,0.030645083578548,Relaksasi
141.4,5.04773372724863,170.051898532406,0.0296834893983069,Relaksasi
141.5,4.69994350078789,170.051898532406,0.0276382889067965,Relaksasi
141.6,5.27249602704116,170.051898532406,0.0310052170692843,Relaksasi
141.7,5.32706795613935,170.051898532406,0.0313261304467247,Relaksasi
141.8,5.01050785279255,170.051898532406,0.0294645804959227,Relaksasi
141.9,5.30489253227991,170.051898532406,0.0311957265873687,Relaksasi
142,5.02595516541835,170.051898532406,0.0295554193090092,Relaksasi
142.1,4.53203479185099,170.051898532406,0.0266508920568584,Relaksasi
142.2,4.9164279739532,170.051898532406,0.028911338340726,Relaksasi
142.3,5.27612953002793,170.051898532406,0.0310265840932231,Relaksasi
142.4,5.06291731547923,170.051898532406,0.0297727773648726,Relaksasi
142.5,5.20018786253335,170.051898532406,0.0305800047362739,Relaksasi
142.6,5.20751331360684,170.051898532406,0.0306230824739335,Relaksasi
142.7,4.70897481973987,170.051898532406,0.027691398098931,Relaksasi
142.8,4.8846658822911,170.051898532406,0.0287245595282798,Relaksasi
142.9,4.7716406094624,170.051898532406,0.028059907890726,Relaksasi
143,4.7646565703344,170.051898532406,0.0280188378457088,Relaksasi
143.1,4.83807966067595,170.051898532406,0.0284506065644071,Relaksasi
143.2,4.32215420049811,170.051898532406,0.0254166771309199,Relaksasi
143.3,4.84553393046135,170.051898532406,0.0284944418279338,Relaksasi
143.4,4.9850338890398,170.051898532406,0.0293147793824238,Relaksasi
143.5,4.60233663213778,170.051898532406,0.0270643060845377,Relaksasi
143.6,4.93781835612168,170.051898532406,0.0290371257171275,Relaksasi
143.7,5.31693206748816,170.051898532406,0.031266525768749,Relaksasi
143.8,5.36201068255731,170.051898532406,0.0315316131653508,Relaksasi
143.9,5.16314693751254,170.051898532406,0.030362183439714,Relaksasi
144,5.02533216708067,170.051898532406,0.0295517557313423,Relaksasi
144.1,4.93313445497836,170.051898532406,0.0290095817662293,Relaksasi
144.2,4.74634702332893,170.051898532406,0.0279111674982237,Relaksasi
144.3,4.43982765500072,170.051898532406,0.0261086626689713,Relaksasi
144.4,4.58773907574759,170.051898532406,0.026978464312019,Relaksasi
144.5,4.98645394721806,170.051898532406,0.0293231301164674,Relaksasi
144.6,4.64695902134419,170.051898532406,0.027326710618633,Relaksasi
144.7,4.90739854909697,170.051898532406,0.0288582402869309,Relaksasi
144.8,5.36468201881053,170.051898532406,0.0315473221123033,Relaksasi
144.9,4.72630128068379,170.051898532406,0.0277932873521146,Relaksasi
145,4.53528663986131,170.051898532406,0.0266700147366896,Relaksasi
145.1,4.72087387407653,170.051898532406,0.0277613711744412,Relaksasi
145.2,4.47414138104749,170.051898532406,0.0263104465146261,Relaksasi
145.3,4.62416397829092,170.051898532406,0.0271926630528604,Relaksasi
145.4,4.59046252633042,170.051898532406,0.0269944797202934,Relaksasi
145.5,5.10932500435199,170.051898532406,0.0300456804566538,Relaksasi
145.6,5.59057094289351,170.051898532406,0.0328756749624182,Relaksasi
145.7,4.98284643398575,170.051898532406,0.0293019159267792,Relaksasi
145.8,4.73493347793289,170.051898532406,0.027844049486049,Relaksasi
145.9,4.94420030287101,170.051898532406,0.0290746551231759,Relaksasi
146,4.89667300067514,170.051898532406,0.0287951680806551,Relaksasi
146.1,5.08290105869767,170.051898532406,0.0298902929197761,Relaksasi
146.2,4.99168989372415,170.051898532406,0.0293539204019702,Relaksasi
146.3,4.90304107328004,170.051898532406,0.0288326158989968,Relaksasi
146.4,5.52570900307893,170.051898532406,0.0324942505833061,Relaksasi
146.5,5.10155794603697,170.051898532406,0.0300000058221331,Relaksasi
146.6,4.44145964897033,170.051898532406,0.026118259703663,Relaksasi
146.7,5.1581281062858,170.051898532406,0.0303326699131374,Relaksasi
146.8,5.37409380450597,170.051898532406,0.0316026686610726,Relaksasi
146.9,5.20161221619492,170.051898532406,0.030588380730155,Relaksasi
147,5.25023314054506,170.051898532406,0.0308742988808475,Relaksasi
147.1,5.45460013566321,170.051898532406,0.0320760907860359,Relaksasi
147.2,5.33964684110972,170.051898532406,0.0314001013054975,Relaksasi
147.3,5.09891945502066,170.051898532406,0.0299844900234911,Relaksasi
147.4,4.87995653794724,170.051898532406,0.028696865957173,Relaksasi
147.5,4.94323272556676,170.051898532406,0.0290689652290166,Relaksasi
147.6,5.20177098218107,170.051898532406,0.0305893143626961,Relaksasi
147.7,5.03224652694622,170.051898532406,0.0295924160234368,Relaksasi
147.8,4.88611699305518,170.051898532406,0.0287330928688459,Relaksasi
147.9,4.88151416338591,170.051898532406,0.0287060256634281,Relaksasi
148,5.03695712526968,170.051898532406,0.0296201169686431,Relaksasi
148.1,4.66781264200699,170.051898532406,0.0274493415380333,Relaksasi
148.2,4.10738095499946,170.051898532406,0.0241536906700088,Relaksasi
148.3,4.49023774133269,170.051898532406,0.0264051020899188,Relaksasi
148.4,4.70481327447919,170.051898532406,0.0276669258919366,Relaksasi
148.5,4.80827700940628,170.051898532406,0.0282753503542331,Relaksasi
148.6,5.31183577814573,170.051898532406,0.0312365567452543,Relaksasi
148.7,5.42465516866558,170.051898532406,0.0318999976800131,Relaksasi
148.8,5.04778122172806,170.051898532406,0.0296837686923332,Relaksasi
148.9,4.7965591289966,170.051898532406,0.0282064426824529,Relaksasi
149,5.07284920749555,170.051898532406,0.029831182428868,Relaksasi
149.1,5.51473512846472,170.051898532406,0.0324297180805294,Relaksasi
149.2,5.13654421695595,170.051898532406,0.0302057446067096,Relaksasi
149.3,4.35986894784943,170.051898532406,0.0256384608785687,Relaksasi
149.4,4.51193581813722,170.051898532406,0.0265326988823791,Relaksasi
149.5,4.74735102091624,170.051898532406,0.0279170715639588,Relaksasi
149.6,4.77668942984279,170.051898532406,0.0280895977702508,Relaksasi
149.7,4.64571106718795,170.051898532406,0.0273193719522199,Relaksasi
149.8,5.13388196568454,170.051898532406,0.0301900890845168,Relaksasi
149.9,5.10702578949095,170.051898532406,0.0300321597910166,Relaksasi
150,4.63470067567113,170.051898532406,0.0272546247096907,Relaksasi
150.1,5.04478341317406,170.051898532406,0.0296661399061811,Relaksasi
150.2,5.00053330121177,170.051898532406,0.0294059245698974,Relaksasi
150.3,5.11600396017993,170.051898532406,0.0300849564417242,Relaksasi
150.4,5.19131204919041,170.051898532406,0.0305278100038449,Relaksasi
150.5,4.64098062724673,170.051898532406,0.0272915543272357,Relaksasi
150.6,4.62944506919253,170.051898532406,0.0272237188125854,Relaksasi
150.7,4.90214754438727,170.051898532406,0.0288273614507931,Relaksasi
150.8,5.15675060776643,170.051898532406,0.0303245694536232,Relaksasi
150.9,5.04194982389626,170.051898532406,0.0296494768209567,Relaksasi
151,4.66506016312369,170.051898532406,0.0274331554271633,Relaksasi
151.1,4.77696197316417,170.051898532406,0.0280912004769758,Relaksasi
151.2,4.6444316895011,170.051898532406,0.0273118484979221,Relaksasi
151.3,4.39389742005957,170.051898532406,0.0258385672725803,Relaksasi
151.4,4.53467784971818,170.051898532406,0.0266664347111304,Relaksasi
151.5,4.86397853126568,170.051898532406,0.0286029063670746,Relaksasi
151.6,5.02102900008154,170.051898532406,0.0295264507095444,Relaksasi
151.7,5.15717468649591,170.051898532406,0.030327063273058,Relaksasi
151.8,5.12476796368084,170.051898532406,0.0301364936699265,Relaksasi
151.9,5.0378624867939,170.051898532406,0.0296254409993186,Relaksasi
152,5.03599422267581,170.051898532406,0.0296144545643877,Relaksasi
152.1,4.78963552381096,170.051898532406,0.0281657280227202,Relaksasi
152.2,5.11131881710438,170.051898532406,0.0300574051875719,Relaksasi
152.3,5.48255110442214,170.051898532406,0.0322404580703776,Relaksasi
152.4,4.86772637192751,170.051898532406,0.0286249457603079,Relaksasi
152.5,4.54210991727808,170.051898532406,0.0267101394131893,Relaksasi
152.6,4.85798264222758,170.051898532406,0.0285676471956696,Relaksasi
152.7,5.10555968736474,170.051898532406,0.0300235382928806,Relaksasi
152.8,4.89037155505549,170.051898532406,0.028758112066144,Relaksasi
152.9,4.76196468831058,170.051898532406,0.0280030080781669,Relaksasi
153,4.94488781907661,170.051898532406,0.0290786981018873,Relaksasi
153.1,4.61890527710324,170.051898532406,0.0271617389571398,Relaksasi
153.2,4.60480327176237,170.051898532406,0.0270788113011561,Relaksasi
153.3,4.72739055529361,170.051898532406,0.0277996928943004,Relaksasi
153.4,4.66504115371932,170.051898532406,0.0274330436412642,Relaksasi
153.5,5.05914323930483,170.051898532406,0.029750583692194,Relaksasi
153.6,4.97654255137662,170.051898532406,0.0292648455814109,Relaksasi
153.7,4.48563386544223,170.051898532406,0.0263780287321369,Relaksasi
153.8,4.70560680603754,170.051898532406,0.0276715923000461,Relaksasi
153.9,4.62354877978567,170.051898532406,0.0271890453425581,Relaksasi
154,4.39736667564801,170.051898532406,0.0258589684302173,Relaksasi
154.1,4.82488649474837,170.051898532406,0.0283730233910262,Relaksasi
154.2,4.948861267472,170.051898532406,0.0291020641944137,Relaksasi
154.3,4.47765333941008,170.051898532406,0.0263310987883902,Relaksasi
154.4,4.57961499749914,170.051898532406,0.0269306902011824,Relaksasi
154.5,4.38716370207578,170.051898532406,0.0257989692554931,Relaksasi
154.6,4.57840068037573,170.051898532406,0.0269235493392815,Relaksasi
154.7,4.75400631215537,170.051898532406,0.0279562083880494,Relaksasi
154.8,4.51963465663423,170.051898532406,0.0265779723463243,Relaksasi
154.9,4.63713496626226,170.051898532406,0.0272689396959516,Relaksasi
155,4.40087961783888,170.051898532406,0.0258796264894404,Relaksasi
155.1,4.61615468716889,170.051898532406,0.0271455639543431,Relaksasi
155.2,5.11481681548085,170.051898532406,0.0300779753688321,Relaksasi
155.3,5.1566494654239,170.051898532406,0.0303239746802428,Relaksasi
155.4,4.86368727984028,170.051898532406,0.0286011936462646,Relaksasi
155.5,4.73921244503389,170.051898532406,0.0278692121989497,Relaksasi
155.6,5.02932341384081,170.051898532406,0.0295752264881794,Relaksasi
155.7,5.05941833197808,170.051898532406,0.0297522013905298,Relaksasi
155.8,4.54243633053979,170.051898532406,0.0267120589052063,Relaksasi
155.9,4.41122763837741,170.051898532406,0.025940478621218,Relaksasi
156,4.59259953230122,170.051898532406,0.0270070465071934,Relaksasi
156.1,4.99560338718841,170.051898532406,0.0293769339260651,Relaksasi
156.2,4.83997839429364,170.051898532406,0.0284617721769881,Relaksasi
156.3,4.8963472854049,170.051898532406,0.0287932526932172,Relaksasi
156.4,5.32253360735012,170.051898532406,0.0312994659470728,Relaksasi
156.5,4.99250315187212,170.051898532406,0.029358702813428,Relaksasi
156.6,4.86586600132813,170.051898532406,0.0286140057436693,Relaksasi
156.7,4.82646406605437,170.051898532406,0.0283823003901048,Relaksasi
156.8,4.97631759807397,170.051898532406,0.0292635227305366,Relaksasi
156.9,5.24470361162215,170.051898532406,0.0308417821670053,Relaksasi
157,4.966021903546,170.051898532406,0.0292029783048829,Relaksasi
157.1,5.08170813492841,170.051898532406,0.0298832778627285,Relaksasi
157.2,4.89039246294672,170.051898532406,0.0287582350162047,Relaksasi
157.3,4.57817330351964,170.051898532406,0.0269222122365614,Relaksasi
157.4,4.60812828645023,170.051898532406,0.0270983642418557,Relaksasi
157.5,4.4886339759139,170.051898532406,0.0263956710548487,Relaksasi
157.6,5.12541323594403,170.051898532406,0.0301402882306974,Relaksasi
157.7,5.32382130105706,170.051898532406,0.0313070383042064,Relaksasi
157.8,5.12171055946763,170.051898532406,0.0301185144280621,Relaksasi
157.9,5.30500097752818,170.051898532406,0.0311963643059077,Relaksasi
158,5.28856822941664,170.051898532406,0.0310997305825952,Relaksasi
158.1,5.13613327010235,170.051898532406,0.0302033280100285,Relaksasi
158.2,5.40939803990801,170.051898532406,0.0318102772541358,Relaksasi
158.3,5.34201121707899,170.051898532406,0.031414005154791,Relaksasi
158.4,5.05262603054286,170.051898532406,0.0297122588700767,Relaksasi
158.5,4.68538753701495,170.051898532406,0.0275526917220632,Relaksasi
158.6,4.53023700850251,170.051898532406,0.0266403200881595,Relaksasi
158.7,4.90973539336275,170.051898532406,0.0288719822344537,Relaksasi
158.8,5.0520243521103,170.051898532406,0.0297087206653418,Relaksasi
158.9,5.21186105355502,170.051898532406,0.0306486496095298,Relaksasi
159,5.20179711391638,170.051898532406,0.0305894680318732,Relaksasi
159.1,5.15703288699502,170.051898532406,0.0303262294129123,Relaksasi
159.2,4.71413307807516,170.051898532406,0.0277217315346633,Relaksasi
159.3,4.74152536280035,170.051898532406,0.0278828134453129,Relaksasi
159.4,4.96645626992177,170.051898532406,0.0292055326214152,Relaksasi
159.5,4.94377752519265,170.051898532406,0.0290721689546473,Relaksasi
159.6,4.85098214269264,170.051898532406,0.0285264803542797,Relaksasi
159.7,4.77849605636393,170.051898532406,0.0281002217417368,Relaksasi
159.8,4.86229001765815,170.051898532406,0.0285929769653914,Relaksasi
159.9,5.01358366238323,170.051898532406,0.0294826679716711,Relaksasi
160,5.03780534913654,170.051898532406,0.029625104998028,Relaksasi
160.1,5.30434127520375,170.051898532406,0.0311924848883291,Relaksasi
160.2,5.57643603210063,170.051898532406,0.0327925538040256,Relaksasi
160.3,5.05695392178227,170.051898532406,0.0297377092841959,Relaksasi
160.4,4.65436180701319,170.051898532406,0.027370243126843,Relaksasi
160.5,4.60786612649618,170.051898532406,0.0270968225951213,Relaksasi
160.6,4.44490417136366,170.051898532406,0.0261385154163193,Relaksasi
160.7,4.58783756338132,170.051898532406,0.0269790434742311,Relaksasi
160.8,5.17277115540716,170.051898532406,0.0304187792082863,Relaksasi
160.9,5.39969890693902,170.051898532406,0.0317532409431467,Relaksasi
161,5.26246443149456,170.051898532406,0.030946225692927,Relaksasi
161.1,4.90506524741127,170.051898532406,0.0288445191717547,Relaksasi
161.2,4.79554176561106,170.051898532406,0.0282004600183702,Relaksasi
161.3,4.83170164007603,170.051898532406,0.0284131002463067,Relaksasi
161.4,4.58458132969347,170.051898532406,0.0269598950041702,Relaksasi
161.5,4.50222679648913,170.051898532406,0.026475604420442,Relaksasi
161.6,4.47749699958917,170.051898532406,0.0263301794230537,Relaksasi
161.7,4.31669759324197,170.051898532406,0.0253845892371461,Relaksasi
161.8,4.37781900156021,170.051898532406,0.0257440172049943,Relaksasi
161.9,4.17364476715022,170.051898532406,0.0245433588402712,Relaksasi
162,4.52610137353602,170.051898532406,0.0266160002481448,Relaksasi
162.1,5.06770412378023,170.051898532406,0.0298009264672485,Relaksasi
162.2,5.01168853749705,170.051898532406,0.0294715235804438,Relaksasi
162.3,4.89812512666758,170.051898532406,0.0288037073913301,Relaksasi
162.4,4.97916305715254,170.051898532406,0.0292802556168092,Relaksasi
162.5,4.99300291224348,170.051898532406,0.0293616416831241,Relaksasi
162.6,4.93016852016191,170.051898532406,0.0289921404154296,Relaksasi
162.7,4.45097142214229,170.051898532406,0.0261741942345565,Relaksasi
162.8,4.54299334876253,170.051898532406,0.0267153344830007,Relaksasi
162.9,5.39700230104042,170.051898532406,0.0317373833965866,Relaksasi
163,5.11450583370933,170.051898532406,0.0300761466225835,Relaksasi
163.1,4.41715594427927,170.051898532406,0.0259753403660913,Relaksasi
163.2,4.82835378468325,170.051898532406,0.0283934129895241,Relaksasi
163.3,4.85811960343581,170.051898532406,0.0285684526039562,Relaksasi
163.4,4.53064177061528,170.051898532406,0.0266427003151153,Relaksasi
163.5,4.59460864511804,170.051898532406,0.027018861211023,Relaksasi
163.6,4.22495324924994,170.051898532406,0.0248450813293614,Relaksasi
163.7,4.64489292018797,170.051898532406,0.0273145607915857,Relaksasi
163.8,4.774624901623,170.051898532406,0.028077457192947,Relaksasi
163.9,5.15515823211131,170.051898532406,0.0303152053967155,Relaksasi
164,5.63104344951201,170.051898532406,0.0331136758725392,Relaksasi
164.1,4.66039380550497,170.051898532406,0.0274057146419736,Relaksasi
164.2,5.03042174915585,170.051898532406,0.029581685312365,Relaksasi
164.3,5.30521759552177,170.051898532406,0.0311976381405161,Relaksasi
164.4,4.67269017187271,170.051898532406,0.0274780241338044,Relaksasi
164.5,4.4178239856474,170.051898532406,0.0259792688218974,Relaksasi
164.6,4.71536926008708,170.051898532406,0.0277290009743025,Relaksasi
164.7,5.15255016449954,170.051898532406,0.0302998685046592,Relaksasi
164.8,5.41874190489362,170.051898532406,0.0318652243912525,Relaksasi
164.9,5.54126801810313,170.051898532406,0.0325857462687907,Relaksasi
165,4.90367071557717,170.051898532406,0.0288363185468506,Relaksasi
165.1,5.00313005051043,170.051898532406,0.0294211949039605,Relaksasi
165.2,5.03236204311515,170.051898532406,0.0295930953229326,Relaksasi
165.3,4.6950887825017,170.051898532406,0.0276097404558349,Relaksasi
165.4,5.01138559611114,170.051898532406,0.0294697421161466,Relaksasi
165.5,4.99942030625524,170.051898532406,0.0293993795388443,Relaksasi
165.6,4.84029587755801,170.051898532406,0.0284636391556406,Relaksasi
165.7,4.85390742824902,170.051898532406,0.0285436826647603,Relaksasi
165.8,4.68191470704849,170.051898532406,0.02753226954509,Relaksasi
165.9,4.91637144034642,170.051898532406,0.0289110058915898,Relaksasi
166,4.98388014831756,170.051898532406,0.0293079947435448,Relaksasi
166.1,4.80778615668175,170.051898532406,0.0282724638664681,Relaksasi
166.2,5.12590537776322,170.051898532406,0.030143182299058,Relaksasi
166.3,5.01237309483285,170.051898532406,0.0294755491593507,Relaksasi
166.4,4.66923974934995,170.051898532406,0.0274577337250966,Relaksasi
166.5,4.59763438781082,170.051898532406,0.0270366542654899,Relaksasi
166.6,4.56678596962782,170.051898532406,0.0268552483626494,Relaksasi
166.7,5.31413831010961,170.051898532406,0.0312500969173062,Relaksasi
166.8,5.44212356810878,170.051898532406,0.0320027216107305,Relaksasi
166.9,5.28733999613338,170.051898532406,0.0310925078859134,Relaksasi
167,4.88154021784327,170.051898532406,0.0287061788781677,Relaksasi
167.1,4.84032282459868,170.051898532406,0.0284637976192679,Relaksasi
167.2,5.28856551357589,170.051898532406,0.031099714611937,Relaksasi
167.3,4.67801485192635,170.051898532406,0.0275093362220527,Relaksasi
167.4,4.6702468959238,170.051898532406,0.0274636563086287,Relaksasi
167.5,4.56729468406679,170.051898532406,0.0268582398872567,Relaksasi
167.6,4.46006663097491,170.051898532406,0.02622767913482,Relaksasi
167.7,4.97820713169179,170.051898532406,0.0292746342419877,Relaksasi
167.8,5.15901225914431,170.051898532406,0.0303378692250306,Relaksasi
167.9,5.04718749776403,170.051898532406,0.0296802772643095,Relaksasi
168,4.95829511179505,170.051898532406,0.0291575404602153,Relaksasi
168.1,4.95824297172634,170.051898532406,0.0291572338475331,Relaksasi
168.2,5.04329676747849,170.051898532406,0.0296573976004003,Relaksasi
168.3,5.24304352724721,170.051898532406,0.0308320199450644,Relaksasi
168.4,4.88195766950983,170.051898532406,0.0287086337267767,Relaksasi
168.5,4.92651121164698,170.051898532406,0.0289706334017092,Relaksasi
168.6,5.39597424149898,170.051898532406,0.0317313378331421,Relaksasi
168.7,4.71533019932086,170.051898532406,0.0277287712752133,Relaksasi
168.8,4.82769597755012,170.051898532406,0.0283895447167274,Relaksasi
168.9,5.32530763497914,170.051898532406,0.0313157787765852,Relaksasi
169,5.44265614910837,170.051898532406,0.0320058534840244,Relaksasi
169.1,5.35795955025405,170.051898532406,0.0315077902481225,Relaksasi
169.2,4.87929231309892,170.051898532406,0.0286929599446318,Relaksasi
169.3,5.3805859440662,170.051898532406,0.0316408460623028,Relaksasi
169.4,5.38801121976007,170.051898532406,0.0316845108244017,Relaksasi
169.5,4.50250047586205,170.051898532406,0.0264772138077837,Relaksasi
169.6,4.57435614161605,170.051898532406,0.0268997651957666,Relaksasi
169.7,4.94124386971601,170.051898532406,0.0290572696474446,Relaksasi
169.8,4.29085744817757,170.051898532406,0.0252326347733182,Relaksasi
169.9,3.99239608686309,170.051898532406,0.0234775155191947,Relaksasi
170,4.52837694224153,170.051898532406,0.0266293818612003,Relaksasi
170.1,4.48101906471889,170.051898532406,0.026350891130245,Relaksasi
170.2,4.5716057954114,170.051898532406,0.0268835916262365,Relaksasi
170.3,5.00960620352071,170.051898532406,0.0294592782953614,Relaksasi
170.4,5.01423013260392,170.051898532406,0.0294864695771002,Relaksasi
170.5,4.9375070184352,170.051898532406,0.0290352948779004,Relaksasi
170.6,4.90181334512089,170.051898532406,0.0288253961727265,Relaksasi
170.7,4.73259993308313,170.051898532406,0.0278303269409325,Relaksasi
170.8,4.97548377455523,170.051898532406,0.0292586193832295,Relaksasi
170.9,5.02630379394919,170.051898532406,0.029557469439198,Relaksasi
171,4.38312046307067,170.051898532406,0.0257751927552599,Relaksasi
171.1,4.41679298389771,170.051898532406,0.0259732059566275,Relaksasi
171.2,4.52197129022128,170.051898532406,0.0265917130549387,Relaksasi
171.3,4.56856180559609,170.051898532406,0.0268656912685128,Relaksasi
171.4,4.82769348844757,170.051898532406,0.0283895300794162,Relaksasi
171.5,4.61984709390848,170.051898532406,0.0271672773651986,Relaksasi
171.6,4.77004743671759,170.051898532406,0.0280505391464864,Relaksasi
171.7,4.89302714956963,170.051898532406,0.0287737284428917,Relaksasi
171.8,4.87444962780319,170.051898532406,0.0286644822543648,Relaksasi
171.9,4.98012051632084,170.051898532406,0.0292858860106863,Relaksasi
172,4.91977654946715,170.051898532406,0.0289310298322227,Relaksasi
172.1,4.61124543882056,170.051898532406,0.0271166948362051,Relaksasi
172.2,4.7524003746477,170.051898532406,0.0279467645798853,Relaksasi
172.3,5.22832947249233,170.051898532406,0.0307454930971911,Relaksasi
172.4,5.4015712013129,170.051898532406,0.0317642510782292,Relaksasi
172.5,5.15058122474444,170.051898532406,0.0302882900408367,Relaksasi
172.6,5.32892836746696,170.051898532406,0.0313370707028681,Relaksasi
172.7,5.21234172519118,170.051898532406,0.0306514762268172,Relaksasi
172.8,4.80843945660247,170.051898532406,0.0282763056343423,Relaksasi
172.9,4.83120875692341,170.051898532406,0.0284102018184922,Relaksasi
173,4.65670355596863,170.051898532406,0.0273840139166763,Relaksasi
173.1,4.96398407532497,170.051898532406,0.0291909947384622,Relaksasi
173.2,4.9807656499935,170.051898532406,0.0292896797564676,Relaksasi
173.3,4.82096217374466,170.051898532406,0.0283499461949609,Relaksasi
173.4,4.81714124554742,170.051898532406,0.028327477006259,Relaksasi
173.5,4.50791015791572,170.051898532406,0.0265090257551971,Relaksasi
173.6,4.71491180853531,170.051898532406,0.027726310904061,Relaksasi
173.7,5.01489945863122,170.051898532406,0.0294904055874187,Relaksasi
173.8,4.57339283277278,170.051898532406,0.0268941004025383,Relaksasi
173.9,4.34064397822195,170.051898532406,0.0255254073355422,Relaksasi
174,4.45585906655199,170.051898532406,0.0262029363094871,Relaksasi
174.1,4.8094816522217,170.051898532406,0.0282824343258078,Relaksasi
174.2,4.96554858322027,170.051898532406,0.0292001949174005,Relaksasi
174.3,4.8160705091227,170.051898532406,0.0283211804789402,Relaksasi
174.4,4.64694641604743,170.051898532406,0.0273266364924581,Relaksasi
174.5,4.59433614907762,170.051898532406,0.0270172587823364,Relaksasi
174.6,4.54800842829332,170.051898532406,0.0267448259475129,Relaksasi
174.7,4.66874790466716,170.051898532406,0.0274548414040638,Relaksasi
174.8,4.61442890221642,170.051898532406,0.0271354153763656,Relaksasi
174.9,4.41015022044377,170.051898532406,0.0259341428029006,Relaksasi
175,4.51724165161252,170.051898532406,0.0265639001422362,Relaksasi
175.1,4.70125181718559,170.051898532406,0.027645982536853,Relaksasi
175.2,4.56969388628935,170.051898532406,0.0268723485343418,Relaksasi
175.3,4.26023755334112,170.051898532406,0.0250525727152012,Relaksasi
175.4,4.83940912331298,170.051898532406,0.0284584245461438,Relaksasi
175.5,5.39832728064316,170.051898532406,0.0317451750155816,Relaksasi
175.6,5.58721847748971,170.051898532406,0.0328559605961999,Relaksasi
175.7,5.36422959333775,170.051898532406,0.0315446615982092,Relaksasi
175.8,4.98406850884817,170.051898532406,0.029309102408512,Relaksasi
175.9,5.04219781221504,170.051898532406,0.0296509351305724,Relaksasi
176,5.3806484637794,170.051898532406,0.0316412137130832,Relaksasi
176.1,5.33929072218756,170.051898532406,0.0313980071276303,Relaksasi
176.2,5.33657298838435,170.051898532406,0.0313820253372084,Relaksasi
176.3,5.72420286915609,170.051898532406,0.0336615052143347,Relaksasi
176.4,5.31998162574225,170.051898532406,0.0312844588719981,Relaksasi
176.5,4.52405086856901,170.051898532406,0.026603942135388,Relaksasi
176.6,4.14320109779939,170.051898532406,0.0243643330862892,Relaksasi
176.7,4.95418188443835,170.051898532406,0.0291333523894428,Relaksasi
176.8,5.4962782969376,170.051898532406,0.0323211816179177,Relaksasi
176.9,5.11799767099513,170.051898532406,0.0300966805731947,Relaksasi
177,4.57512576158746,170.051898532406,0.0269042909904096,Relaksasi
177.1,4.87153958598379,170.051898532406,0.0286473695855589,Relaksasi
177.2,4.92210209604146,170.051898532406,0.028944705343019,Relaksasi
177.3,4.70944217802016,170.051898532406,0.0276941464262612,Relaksasi
177.4,5.26978956542746,170.051898532406,0.0309893015656231,Relaksasi
177.5,4.98092569387631,170.051898532406,0.0292906209037538,Relaksasi
177.6,5.06039268087356,170.051898532406,0.0297579311054221,Relaksasi
177.7,5.23393491101889,170.051898532406,0.030778456201837,Relaksasi
177.8,4.99258739878507,170.051898532406,0.02935919823226,Relaksasi
177.9,5.11415050611525,170.051898532406,0.0300740570981669,Relaksasi
178,4.80061555098434,170.051898532406,0.028230296705976,Relaksasi
178.1,4.36210538706996,170.051898532406,0.0256516123884303,Relaksasi
178.2,4.83864082904404,170.051898532406,0.0284539065473707,Relaksasi
178.3,4.78424895695646,170.051898532406,0.028134052005569,Relaksasi
178.4,4.30467285709817,170.051898532406,0.0253138770825181,Relaksasi
178.5,4.69785014814485,170.051898532406,0.0276259788258089,Relaksasi
178.6,4.73364350867862,170.051898532406,0.027836463747428,Relaksasi
178.7,4.7833795854998,170.051898532406,0.0281289396165621,Relaksasi
178.8,4.88886033788949,170.051898532406,0.0287492252664139,Relaksasi
178.9,4.83447567604121,170.051898532406,0.0284294131248404,Relaksasi
179,4.72358986783002,170.051898532406,0.0277773427324004,Relaksasi
179.1,4.2446032265451,170.051898532406,0.0249606341544974,Relaksasi
179.2,4.52139471684104,170.051898532406,0.0265883224819123,Relaksasi
179.3,4.89726346171514,170.051898532406,0.0287986403208659,Relaksasi
179.4,5.14057996929025,170.051898532406,0.0302294770811432,Relaksasi
179.5,4.73054281975678,170.051898532406,0.0278182299673373,Relaksasi
179.6,3.99220903233792,170.051898532406,0.0234764155342678,Relaksasi
179.7,5.07102734068901,170.051898532406,0.0298204688360045,Relaksasi
179.8,5.15247952027635,170.051898532406,0.0302994530772291,Relaksasi
179.9,4.78129044244908,170.051898532406,0.028116654290325,Relaksasi
180,4.84192189554898,170.051898532406,0.0284732010482451,Relaksasi
180.1,4.61373658942339,170.051898532406,0.0271313441910452,Relaksasi
180.2,4.69216053536834,170.051898532406,0.0275925207296299,Relaksasi
180.3,4.53352845425908,170.051898532406,0.0266596756248219,Relaksasi
180.4,4.82610991736078,170.051898532406,0.0283802177982805,Relaksasi
180.5,5.29088401646738,170.051898532406,0.0311133487019501,Relaksasi
180.6,4.9407481441192,170.051898532406,0.029054354504473,Relaksasi
180.7,5.52856382812696,170.051898532406,0.0325110385467023,Relaksasi
180.8,5.91938421945622,170.051898532406,0.0348092804052299,Relaksasi
180.9,4.94819683214758,170.051898532406,0.0290981569441556,Relaksasi
181,5.08518132531836,170.051898532406,0.0299037021591929,Relaksasi
181.1,5.08829248435486,170.051898532406,0.0299219975093969,Relaksasi
181.2,4.67253185466774,170.051898532406,0.0274770931403469,Relaksasi
181.3,4.78515598685302,170.051898532406,0.0281393858472044,Relaksasi
181.4,4.57981138823093,170.051898532406,0.026931845088211,Relaksasi
181.5,4.5752664659661,170.051898532406,0.0269051184106257,Relaksasi
181.6,5.16337002816776,170.051898532406,0.0303634953371826,Relaksasi
181.7,4.9989691764353,170.051898532406,0.0293967266439114,Relaksasi
181.8,4.76481925347181,170.051898532406,0.0280197945132839,Relaksasi
181.9,4.89051600560506,170.051898532406,0.0287589615159345,Relaksasi
182,4.75950868228262,170.051898532406,0.0279885653930269,Relaksasi
182.1,4.96040121986303,170.051898532406,0.0291699255502152,Relaksasi
182.2,4.97814148341771,170.051898532406,0.0292742481935246,Relaksasi
182.3,4.68078070344979,170.051898532406,0.0275256009715046,Relaksasi
182.4,5.14026946307999,170.051898532406,0.0302276511314599,Relaksasi
182.5,5.2098506299296,170.051898532406,0.0306368271974146,Relaksasi
182.6,4.71620653086644,170.051898532406,0.0277339245934246,Relaksasi
182.7,4.96377341625384,170.051898532406,0.029189755945641,Relaksasi
182.8,5.03655093369272,170.051898532406,0.0296177283356406,Relaksasi
182.9,5.08455272585597,170.051898532406,0.029900005643789,Relaksasi
183,5.22454638411469,170.051898532406,0.0307232464277315,Relaksasi
183.1,4.91452462342304,170.051898532406,0.0289001455781248,Relaksasi
183.2,4.65371743745011,170.051898532406,0.0273664538744522,Relaksasi
183.3,4.96669673655534,170.051898532406,0.029206946699327,Relaksasi
183.4,5.25519842786044,170.051898532406,0.0309034975393643,Relaksasi
183.5,4.91299183597718,170.051898532406,0.0288911319331194,Relaksasi
183.6,4.8082035373836,170.051898532406,0.028274918297765,Relaksasi
183.7,4.78209960552,170.051898532406,0.028121412620446,Relaksasi
183.8,4.66389650824928,170.051898532406,0.0274263124875404,Relaksasi
183.9,5.66478796203708,170.051898532406,0.0333121124252404,Relaksasi
184,5.31790148651791,170.051898532406,0.0312722264932814,Relaksasi
184.1,4.41383940794563,170.051898532406,0.0259558372828429,Relaksasi
184.2,5.23534549662037,170.051898532406,0.0307867512318464,Relaksasi
184.3,5.33423097392832,170.051898532406,0.0313682529860835,Relaksasi
184.4,5.30197277829425,170.051898532406,0.0311785568056088,Relaksasi
184.5,5.49137622488873,170.051898532406,0.0322923547004226,Relaksasi
184.6,5.26442505063828,170.051898532406,0.0309577552269142,Relaksasi
184.7,4.73436766683771,170.051898532406,0.0278407222012608,Relaksasi
184.8,5.07245106010484,170.051898532406,0.0298288411001669,Relaksasi
184.9,5.22772763699566,170.051898532406,0.0307419539688317,Relaksasi
185,5.24161610527814,170.051898532406,0.0308236259078241,Relaksasi
185.1,5.5065834659066,170.051898532406,0.0323817817585685,Relaksasi
185.2,5.15311973511294,170.051898532406,0.0303032178975111,Relaksasi
185.3,4.88910702868533,170.051898532406,0.0287506759458709,Relaksasi
185.4,4.43771969186148,170.051898532406,0.0260962666701178,Relaksasi
185.5,4.2919621861074,170.051898532406,0.0252391312484494,Relaksasi
185.6,4.29993944797787,170.051898532406,0.0252860419971051,Relaksasi
185.7,4.55024349802276,170.051898532406,0.0267579694040031,Relaksasi
185.8,4.62049427963676,170.051898532406,0.0271710831782114,Relaksasi
185.9,5.28064736124146,170.051898532406,0.0310531514603182,Relaksasi
186,5.61367582848259,170.051898532406,0.0330115445750982,Relaksasi
186.1,5.047840383702,170.051898532406,0.0296841165977342,Relaksasi
186.2,4.99539997618556,170.051898532406,0.0293757377559275,Relaksasi
186.3,4.82458142846959,170.051898532406,0.0283712294311739,Relaksasi
186.4,4.36838537480723,170.051898532406,0.0256885422186261,Relaksasi
186.5,4.44246008247436,170.051898532406,0.0261241428106007,Relaksasi
186.6,4.84710521440964,170.051898532406,0.0285036818538427,Relaksasi
186.7,4.88804130740756,170.051898532406,0.0287444089104132,Relaksasi
186.8,4.81140260503029,170.051898532406,0.0282937305996228,Relaksasi
186.9,4.66474868860157,170.051898532406,0.0274313237832663,Relaksasi
187,4.62784980810743,170.051898532406,0.0272143377877403,Relaksasi
187.1,4.8293372051858,170.051898532406,0.0283991960505251,Relaksasi
187.2,4.70563501705849,170.051898532406,0.0276717581965823,Relaksasi
187.3,4.71433224907297,170.051898532406,0.0277229027712065,Relaksasi
187.4,4.97390179965655,170.051898532406,0.0292493164885701,Relaksasi
187.5,4.61767888345072,170.051898532406,0.0271545270785127,Relaksasi
187.6,4.95281532256659,170.051898532406,0.0291253162435158,Relaksasi
187.7,5.35022268615267,170.051898532406,0.031462293172417,Relaksasi
187.8,5.12554995233682,170.051898532406,0.0301410921993327,Relaksasi
187.9,5.40108269862322,170.051898532406,0.0317613784099797,Relaksasi
188,5.79370195102413,170.051898532406,0.0340701985748195,Relaksasi
188.1,5.29898502096004,170.051898532406,0.0311609871262345,Relaksasi
188.2,4.75674166830431,170.051898532406,0.0279722938076921,Relaksasi
188.3,4.85736631800324,170.051898532406,0.0285640228655112,Relaksasi
188.4,4.78466702192978,170.051898532406,0.0281365104607638,Relaksasi
188.5,5.05276261134975,170.051898532406,0.0297130620413913,Relaksasi
188.6,5.07165876454647,170.051898532406,0.0298241819604266,Relaksasi
188.7,4.75471881673935,170.051898532406,0.0279603983123615,Relaksasi
188.8,4.67596769282667,170.051898532406,0.0274972977848618,Relaksasi
188.9,4.85468943667925,170.051898532406,0.0285482813104502,Relaksasi
189,5.72515697646207,170.051898532406,0.0336671158973921,Relaksasi
189.1,5.52808610828604,170.051898532406,0.032508229287617,Relaksasi
189.2,5.11188831487536,170.051898532406,0.0300607541520697,Relaksasi
189.3,4.83411325474053,170.051898532406,0.0284272818854728,Relaksasi
189.4,3.83456197049314,170.051898532406,0.0225493628920727,Relaksasi
189.5,4.49665582495587,170.051898532406,0.0264428440009387,Relaksasi
189.6,5.55400489588071,170.051898532406,0.0326606462133812,Relaksasi
189.7,5.25932911875079,170.051898532406,0.030927788305454,Relaksasi
189.8,4.58822744380806,170.051898532406,0.0269813361885736,Relaksasi
189.9,4.61749832424603,170.051898532406,0.0271534652896927,Relaksasi
190,5.18054465119743,170.051898532406,0.0304644916987516,Relaksasi
190.1,5.46372303214281,170.051898532406,0.0321297385051047,Relaksasi
190.2,5.28586059619398,170.051898532406,0.0310838081892198,Relaksasi
190.3,5.04757773977193,170.051898532406,0.0296825721049509,Relaksasi
190.4,4.47304247683689,170.051898532406,0.0263039843450174,Relaksasi
190.5,4.80964057830018,170.051898532406,0.0282833688997811,Relaksasi
190.6,4.99353513602793,170.051898532406,0.0293647714557938,Relaksasi
190.7,4.72288726804284,170.051898532406,0.0277732110538173,Relaksasi
190.8,4.8377398763587,170.051898532406,0.0284486084431265,Relaksasi
190.9,4.58739742397634,170.051898532406,0.0269764552090675,Relaksasi
191,4.50573681522901,170.051898532406,0.0264962452881429,Relaksasi
191.1,4.3493127358741,170.051898532406,0.025576384465036,Relaksasi
191.2,4.38804525413509,170.051898532406,0.0258041532732366,Relaksasi
191.3,4.90619489268717,170.051898532406,0.0288511621159714,Relaksasi
191.4,4.71017234886228,170.051898532406,0.0276984402380235,Relaksasi
191.5,4.43991397722968,170.051898532406,0.0261091702918188,Relaksasi
191.6,4.49188822341772,170.051898532406,0.0264148078450399,Relaksasi
191.7,4.83288536119563,170.051898532406,0.0284200611866421,Relaksasi
191.8,4.68520286728785,170.051898532406,0.0275516057610789,Relaksasi
191.9,4.57870050794434,170.051898532406,0.0269253124925965,Relaksasi
192,4.67936592588769,170.051898532406,0.0275172812904289,Relaksasi
192.1,4.56692081765371,170.051898532406,0.0268560413442453,Relaksasi
192.2,4.83421453984658,170.051898532406,0.0284278774983823,Relaksasi
192.3,5.23256867778807,170.051898532406,0.0307704219885021,Relaksasi
192.4,5.01505424208969,170.051898532406,0.029491315800476,Relaksasi
192.5,4.91414266996851,170.051898532406,0.0288978994787997,Relaksasi
192.6,4.96472644915795,170.051898532406,0.0291953603106163,Relaksasi
192.7,5.16320671178855,170.051898532406,0.0303625349457926,Relaksasi
192.8,5.00966761337755,170.051898532406,0.0294596394195674,Relaksasi
192.9,4.4006364660568,170.051898532406,0.0258781966213579,Relaksasi
193,5.13111139560925,170.051898532406,0.0301737965873485,Relaksasi
193.1,5.87744844171453,170.051898532406,0.0345626746448496,Relaksasi
193.2,5.67994186389438,170.051898532406,0.0334012258193753,Relaksasi
193.3,4.92776495844559,170.051898532406,0.0289780061320899,Relaksasi
193.4,5.02473362597122,170.051898532406,0.029548235975817,Relaksasi
193.5,5.49977346918385,170.051898532406,0.0323417351799562,Relaksasi
193.6,5.15645871392427,170.051898532406,0.0303228529550444,Relaksasi
193.7,4.84324240206185,170.051898532406,0.0284809663629771,Relaksasi
193.8,4.72523009734785,170.051898532406,0.0277869881967086,Relaksasi
193.9,4.59715634297727,170.051898532406,0.0270338430952667,Relaksasi
194,4.62950796592641,170.051898532406,0.0272240886804577,Relaksasi
194.1,4.84356856111747,170.051898532406,0.0284828843601205,Relaksasi
194.2,5.3394646705096,170.051898532406,0.0313990300407736,Relaksasi
194.3,5.78978779478408,170.051898532406,0.0340471811532334,Relaksasi
194.4,5.92943381962935,170.051898532406,0.0348683776588322,Relaksasi
194.5,5.2467719753245,170.051898532406,0.0308539452990855,Relaksasi
194.6,4.53649980149022,170.051898532406,0.0266771488036384,Relaksasi
194.7,4.79111542438386,170.051898532406,0.028174430663418,Relaksasi
194.8,4.96651594416917,170.051898532406,0.0292058835392698,Relaksasi
194.9,4.78735499046273,170.051898532406,0.0281523172147968,Relaksasi
195,4.66853453177563,170.051898532406,0.0274535866524652,Relaksasi
195.1,4.5307552790436,170.051898532406,0.0266433678079766,Relaksasi
195.2,4.47923544380592,170.051898532406,0.0263404024445651,Relaksasi
195.3,4.5720794136733,170.051898532406,0.0268863767657497,Relaksasi
195.4,4.67512280049899,170.051898532406,0.0274923293467851,Relaksasi
195.5,4.54228911560971,170.051898532406,0.0267111931993168,Relaksasi
195.6,4.42361780761245,170.051898532406,0.0260133397262217,Relaksasi
195.7,4.45182031481751,170.051898532406,0.0261791861969077,Relaksasi
195.8,5.23948037039028,170.051898532406,0.0308110665956006,Relaksasi
195.9,5.64243541129682,170.051898532406,0.0331806669610429,Relaksasi
196,5.36313397533093,170.051898532406,0.0315382187533114,Relaksasi
196.1,5.25945140253795,170.051898532406,0.0309285074023192,Relaksasi
196.2,4.91864552503799,170.051898532406,0.0289243787778157,Relaksasi
196.3,4.47653254051379,170.051898532406,0.0263245078658191,Relaksasi
196.4,4.58825545121185,170.051898532406,0.0269815008877274,Relaksasi
196.5,4.74978954354917,170.051898532406,0.0279314114369857,Relaksasi
196.6,4.79131599632989,170.051898532406,0.0281756101383181,Relaksasi
196.7,5.14371570110082,170.051898532406,0.0302479169329627,Relaksasi
196.8,5.15675422428311,170.051898532406,0.0303245907207582,Relaksasi
196.9,4.93703441535973,170.051898532406,0.0290325157082495,Relaksasi
197,4.4543739763274,170.051898532406,0.0261942031507431,Relaksasi
197.1,4.18172665933012,170.051898532406,0.0245908848734978,Relaksasi
197.2,4.3096955146008,170.051898532406,0.0253434131097309,Relaksasi
197.3,4.33902820859326,170.051898532406,0.0255159057090233,Relaksasi
197.4,4.94806484130964,170.051898532406,0.0290973807644183,Relaksasi
197.5,5.17445464742683,170.051898532406,0.0304286790802324,Relaksasi
197.6,5.01633873973395,170.051898532406,0.0294988693629787,Relaksasi
197.7,4.9485307852802,170.051898532406,0.0291001207748185,Relaksasi
197.8,4.70339270420111,170.051898532406,0.0276585721464604,Relaksasi
197.9,5.1566879017016,170.051898532406,0.0303242007069913,Relaksasi
198,5.4092413349735,170.051898532406,0.0318093557417278,Relaksasi
198.1,5.10841671419575,170.051898532406,0.0300403392039888,Relaksasi
198.2,5.28463101249958,170.051898532406,0.0310765775513674,Relaksasi
198.3,5.24588736094297,170.051898532406,0.0308487432731795,Relaksasi
198.4,4.72838739568955,170.051898532406,0.0278055548717586,Relaksasi
198.5,4.64357293118185,170.051898532406,0.0273067985200821,Relaksasi
198.6,4.84407539052282,170.051898532406,0.0284858647996788,Relaksasi
198.7,4.90555151139964,170.051898532406,0.028847378675192,Relaksasi
198.8,4.79022863902402,170.051898532406,0.0281692158709488,Relaksasi
198.9,4.63355429069696,170.051898532406,0.0272478833267126,Relaksasi
199,4.77653449178776,170.051898532406,0.0280886866480795,Relaksasi
199.1,4.9973469013273,170.051898532406,0.0293871867615461,Relaksasi
199.2,5.26292816460294,170.051898532406,0.0309489527022247,Relaksasi
199.3,5.46901651792714,170.051898532406,0.0321608671536527,Relaksasi
199.4,5.14584895981907,170.051898532406,0.0302604616839279,Relaksasi
199.5,4.73620980330104,170.051898532406,0.0278515549910105,Relaksasi
199.6,4.93621416338648,170.051898532406,0.0290276921691986,Relaksasi
199.7,5.01662557812503,170.051898532406,0.0295005561326858,Relaksasi
199.8,4.58745845284685,170.051898532406,0.0269768140928614,Relaksasi
199.9,4.33471750203351,170.051898532406,0.0254905563504042,Relaksasi
200,4.66116018333172,170.051898532406,0.0274102213709979,Relaksasi
200.1,4.81460886435653,170.051898532406,0.0283125851925672,Relaksasi
200.2,4.55941113214259,170.051898532406,0.0268118802053464,Relaksasi
200.3,4.39365889388379,170.051898532406,0.0258371646056425,Relaksasi
