Time_s,RMS,RMS_max,RMS_norm,Class
0.1,193.104000939814,193.104000939814,1,Kontraksi
0.2,11.4468164791356,193.104000939814,0.0592779871127753,Relaksasi
0.3,7.49913816277251,193.104000939814,0.0388347114833205,Relaksasi
0.4,5.54884637929782,193.104000939814,0.0287350150814704,Relaksasi
0.5,5.15697670584488,193.104000939814,0.026705695794735,Relaksasi
0.6,4.29345589997486,193.104000939814,0.02223390441979,Relaksasi
0.7,3.92881234830125,193.104000939814,0.0203455771458913,Relaksasi
0.8,4.42461559859106,193.104000939814,0.0229131223436956,Relaksasi
0.9,4.45660862318487,193.104000939814,0.0230788000325995,Relaksasi
1,3.99210070966738,193.104000939814,0.0206733195078212,Relaksasi
1.1,3.68901358689462,193.104000939814,0.0191037656855406,Relaksasi
1.2,3.90938257200996,193.104000939814,0.020244958949496,Relaksasi
1.3,4.13110968284541,193.104000939814,0.021393185344373,Relaksasi
1.4,4.337559436716,193.104000939814,0.0224622970813946,Relaksasi
1.5,4.29882273443121,193.104000939814,0.0222616968758253,Relaksasi
1.6,4.39028186094483,193.104000939814,0.0227353231397478,Relaksasi
1.7,4.12405445142678,193.104000939814,0.0213566494290927,Relaksasi
1.8,3.82605280445546,193.104000939814,0.0198134310311259,Relaksasi
1.9,4.22331319212013,193.104000939814,0.0218706664365615,Relaksasi
2,4.31106735002382,193.104000939814,0.0223251063108086,Relaksasi
2.1,4.13666990977238,193.104000939814,0.0214219792942648,Relaksasi
2.2,3.95525337316132,193.104000939814,0.0204825034898893,Relaksasi
2.3,4.29560218468797,193.104000939814,0.0222450190766727,Relaksasi
2.4,4.8506806566338,193.104000939814,0.0251195243652443,Relaksasi
2.5,4.37640638045778,193.104000939814,0.0226634681785895,Relaksasi
2.6,3.73965779925567,193.104000939814,0.0193660296060942,Relaksasi
2.7,3.84554391338438,193.104000939814,0.0199143668420571,Relaksasi
2.8,3.83132546334068,193.104000939814,0.019840735793635,Relaksasi
2.9,3.8068626917764,193.104000939814,0.0197140539463132,Relaksasi
3,3.95085533686841,193.104000939814,0.0204597280099847,Relaksasi
3.1,4.14204477398395,193.104000939814,0.021449813332842,Relaksasi
3.2,3.69865913377046,193.104000939814,0.0191537156960474,Relaksasi
3.3,3.08472548560768,193.104000939814,0.0159744255457924,Relaksasi
3.4,3.70268272261654,193.104000939814,0.0191745520786521,Relaksasi
3.5,4.41671915103811,193.104000939814,0.0228722301430446,Relaksasi
3.6,4.08085224811763,193.104000939814,0.0211329243736878,Relaksasi
3.7,3.76477258128085,193.104000939814,0.0194960879264964,Relaksasi
3.8,3.99957894658544,193.104000939814,0.0207120459810257,Relaksasi
3.9,4.04598820584021,193.104000939814,0.0209523789571883,Relaksasi
4,4.15818750641833,193.104000939814,0.021533409386553,Relaksasi
4.1,4.32803664598427,193.104000939814,0.0224129827705291,Relaksasi
4.2,4.10113418287473,193.104000939814,0.021237955520937,Relaksasi
4.3,4.01051988984999,193.104000939814,0.0207687042750605,Relaksasi
4.4,4.3147937119283,193.104000939814,0.0223444034868709,Relaksasi
4.5,4.14459895764892,193.104000939814,0.021463040317537,Relaksasi
4.6,4.03233810796334,193.104000939814,0.0208816911526351,Relaksasi
4.7,4.21407370002185,193.104000939814,0.0218228192037061,Relaksasi
4.8,4.25579706286604,193.104000939814,0.0220388860000497,Relaksasi
4.9,4.63634905918412,193.104000939814,0.0240095960550769,Relaksasi
5,4.3428819831741,193.104000939814,0.0224898601895239,Relaksasi
5.1,4.06312663616359,193.104000939814,0.0210411312887814,Relaksasi
5.2,4.56137885104691,193.104000939814,0.023621358588363,Relaksasi
5.3,4.48061472032424,193.104000939814,0.0232031169655607,Relaksasi
5.4,4.45663738223394,193.104000939814,0.0230789489629631,Relaksasi
5.5,4.07979340527616,193.104000939814,0.0211274410960949,Relaksasi
5.6,3.68483584775695,193.104000939814,0.0190821310269249,Relaksasi
5.7,3.75988165271261,193.104000939814,0.0194707599760425,Relaksasi
5.8,4.05705886237971,193.104000939814,0.0210097089787602,Relaksasi
5.9,4.6845875328862,193.104000939814,0.0242594017218021,Relaksasi
6,4.63865181619467,193.104000939814,0.0240215210126094,Relaksasi
6.1,4.06759629496645,193.104000939814,0.0210642776699082,Relaksasi
6.2,3.84260890304001,193.104000939814,0.0198991677248452,Relaksasi
6.3,3.79950282416061,193.104000939814,0.0196759404552412,Relaksasi
6.4,4.13782874208185,193.104000939814,0.021427980372978,Relaksasi
6.5,4.18377948506729,193.104000939814,0.0216659388966844,Relaksasi
6.6,3.82870350523954,193.104000939814,0.0198271578351857,Relaksasi
6.7,4.69574857890746,193.104000939814,0.0243171998304221,Relaksasi
6.8,4.81151806046897,193.104000939814,0.0249167186441084,Relaksasi
6.9,3.88648767073029,193.104000939814,0.0201263964071963,Relaksasi
7,3.45892751925544,193.104000939814,0.0179122519596759,Relaksasi
7.1,3.65941901730686,193.104000939814,0.0189505085316561,Relaksasi
7.2,4.09506619321768,193.104000939814,0.0212065320930042,Relaksasi
7.3,4.23032420693119,193.104000939814,0.0219069733736366,Relaksasi
7.4,4.47560455009907,193.104000939814,0.0231771715154365,Relaksasi
7.5,4.34381604971978,193.104000939814,0.0224946973060059,Relaksasi
7.6,4.21937841806468,193.104000939814,0.0218502899863777,Relaksasi
7.7,4.14062704800785,193.104000939814,0.0214424715586209,Relaksasi
7.8,3.79148020169668,193.104000939814,0.0196343948506712,Relaksasi
7.9,3.82505329289993,193.104000939814,0.0198082550039557,Relaksasi
8,3.92336769256223,193.104000939814,0.0203173816879385,Relaksasi
8.1,3.98194302725125,193.104000939814,0.0206207173744284,Relaksasi
8.2,3.83135163817863,193.104000939814,0.019840871341515,Relaksasi
8.3,3.988796344529,193.104000939814,0.0206562076659003,Relaksasi
8.4,4.34279015025928,193.104000939814,0.0224893846275761,Relaksasi
8.5,4.25686737140682,193.104000939814,0.0220444286534156,Relaksasi
8.6,4.04003694776549,193.104000939814,0.0209215600303625,Relaksasi
8.7,3.80940790779237,193.104000939814,0.0197272344915302,Relaksasi
8.8,3.9505193009194,193.104000939814,0.0204579878288006,Relaksasi
8.9,4.28406167295045,193.104000939814,0.0221852558833605,Relaksasi
9,4.07340969728862,193.104000939814,0.0210943827029157,Relaksasi
9.1,3.79626255758908,193.104000939814,0.0196591605513772,Relaksasi
9.2,3.9130595864846,193.104000939814,0.0202640005770995,Relaksasi
9.3,4.35901087323836,193.104000939814,0.0225733845597377,Relaksasi
9.4,4.53498414389895,193.104000939814,0.023484672103259,Relaksasi
9.5,4.19385440097931,193.104000939814,0.0217181124190505,Relaksasi
9.6,4.21158188880421,193.104000939814,0.0218099152182604,Relaksasi
9.7,4.22888379164446,193.104000939814,0.0218995141015359,Relaksasi
9.8,4.16289365812934,193.104000939814,0.0215577804595919,Relaksasi
9.9,3.86185848591069,193.104000939814,0.0199988527794116,Relaksasi
10,3.62791511762301,193.104000939814,0.0187873638037865,Relaksasi
10.1,4.14268850587645,193.104000939814,0.0214531469348873,Relaksasi
10.2,4.33946130214861,193.104000939814,0.0224721459991972,Relaksasi
10.3,3.9220644336431,193.104000939814,0.0203106326878516,Relaksasi
10.4,3.78131080509523,193.104000939814,0.0195817320547065,Relaksasi
10.5,3.76833047453888,193.104000939814,0.0195145126781366,Relaksasi
10.6,3.60256979672709,193.104000939814,0.0186561116247919,Relaksasi
10.7,3.91323775474498,193.104000939814,0.0202649232315215,Relaksasi
10.8,4.78346473946024,193.104000939814,0.0247714429332365,Relaksasi
10.9,5.08563994698169,193.104000939814,0.026336274350767,Relaksasi
11,4.2994810763265,193.104000939814,0.0222651061365971,Relaksasi
11.1,3.7775665322127,193.104000939814,0.0195623421256305,Relaksasi
11.2,3.98012745201641,193.104000939814,0.0206113153152996,Relaksasi
11.3,3.85117214476564,193.104000939814,0.019943512956865,Relaksasi
11.4,3.62201738045213,193.104000939814,0.018756822037991,Relaksasi
11.5,3.84837269555757,193.104000939814,0.0199290158506712,Relaksasi
11.6,3.90470724037714,193.104000939814,0.0202207474799766,Relaksasi
11.7,4.22049757419712,193.104000939814,0.0218560855997622,Relaksasi
11.8,4.81357191423924,193.104000939814,0.0249273546421212,Relaksasi
11.9,4.62607184908327,193.104000939814,0.0239563749408026,Relaksasi
12,4.52376791931915,193.104000939814,0.0234265882493502,Relaksasi
12.1,4.30916445090834,193.104000939814,0.0223152520400207,Relaksasi
12.2,4.30584790209093,193.104000939814,0.0222980771042282,Relaksasi
12.3,4.72177539387935,193.104000939814,0.0244519811650667,Relaksasi
12.4,4.411588039348,193.104000939814,0.0228456583906979,Relaksasi
12.5,4.22285271180624,193.104000939814,0.0218682818131894,Relaksasi
12.6,4.07049640468347,193.104000939814,0.0210792960522458,Relaksasi
12.7,4.48192285671313,193.104000939814,0.0232098912239009,Relaksasi
12.8,4.48887674888509,193.104000939814,0.0232459023481558,Relaksasi
12.9,4.23227001550735,193.104000939814,0.0219170498534956,Relaksasi
13,4.4354603821598,193.104000939814,0.0229692826693023,Relaksasi
13.1,4.58812209724273,193.104000939814,0.0237598500026561,Relaksasi
13.2,4.73988596486491,193.104000939814,0.0245457677821095,Relaksasi
13.3,4.58843950187377,193.104000939814,0.0237614937005054,Relaksasi
13.4,4.52103898438909,193.104000939814,0.0234124563053367,Relaksasi
13.5,4.14218005021348,193.104000939814,0.0214505138684543,Relaksasi
13.6,3.8982892099426,193.104000939814,0.0201875113460627,Relaksasi
13.7,4.37971391113808,193.104000939814,0.0226805964134484,Relaksasi
13.8,4.50313522565197,193.104000939814,0.0233197406772297,Relaksasi
13.9,4.11430076898437,193.104000939814,0.0213061394324332,Relaksasi
14,4.22938862647266,193.104000939814,0.0219021284172712,Relaksasi
14.1,4.34661743280648,193.104000939814,0.0225092044268996,Relaksasi
14.2,3.95389484340594,193.104000939814,0.0204754682666481,Relaksasi
14.3,3.99832410820947,193.104000939814,0.0207055477294625,Relaksasi
14.4,4.33208636773655,193.104000939814,0.0224339544838678,Relaksasi
14.5,4.03405159703563,193.104000939814,0.0208905645527922,Relaksasi
14.6,3.3555190616843,193.104000939814,0.0173767454084504,Relaksasi
14.7,3.43457458348742,193.104000939814,0.0177861389032426,Relaksasi
14.8,4.10882929026419,193.104000939814,0.021277805070154,Relaksasi
14.9,4.37809110572884,193.104000939814,0.0226721926237737,Relaksasi
15,4.33560027256623,193.104000939814,0.0224521514389417,Relaksasi
15.1,4.56097245165503,193.104000939814,0.0236192540261068,Relaksasi
15.2,4.16971203292456,193.104000939814,0.0215930897994401,Relaksasi
15.3,3.65132740392702,193.104000939814,0.0189086056537226,Relaksasi
15.4,4.06908186055494,193.104000939814,0.0210719707554023,Relaksasi
15.5,4.17317061622249,193.104000939814,0.0216110002688301,Relaksasi
15.6,3.84574099943355,193.104000939814,0.0199153874633192,Relaksasi
15.7,4.59967007551223,193.104000939814,0.0238196518618268,Relaksasi
15.8,4.82244063928253,193.104000939814,0.0249732818367942,Relaksasi
15.9,3.90360540686851,193.104000939814,0.0202150415727801,Relaksasi
16,3.79472860138792,193.104000939814,0.019651216872356,Relaksasi
16.1,4.12352639856737,193.104000939814,0.0213539148774685,Relaksasi
16.2,4.04017584155814,193.104000939814,0.0209222792997302,Relaksasi
16.3,4.33152466139415,193.104000939814,0.0224310456557769,Relaksasi
16.4,4.71518968845851,193.104000939814,0.0244178767167446,Relaksasi
16.5,5.19848609271716,193.104000939814,0.0269206545043953,Relaksasi
16.6,5.19306658786026,193.104000939814,0.0268925892917093,Relaksasi
16.7,4.70984568711319,193.104000939814,0.0243902025032674,Relaksasi
16.8,4.71030550059273,193.104000939814,0.0243925836734001,Relaksasi
16.9,4.6428736295615,193.104000939814,0.0240433839121158,Relaksasi
17,4.87260153402291,193.104000939814,0.0252330428696897,Relaksasi
17.1,4.52826254373604,193.104000939814,0.0234498639163225,Relaksasi
17.2,4.39558104122956,193.104000939814,0.0227627652448256,Relaksasi
17.3,5.00797227402783,193.104000939814,0.0259340679098032,Relaksasi
17.4,4.42401317374007,193.104000939814,0.022910002652503,Relaksasi
17.5,3.77824144174697,193.104000939814,0.0195658371828586,Relaksasi
17.6,3.83673044816037,193.104000939814,0.0198687258134864,Relaksasi
17.7,3.83305633079174,193.104000939814,0.0198496991887103,Relaksasi
17.8,4.19447324636395,193.104000939814,0.0217213171449062,Relaksasi
17.9,4.43221883024818,193.104000939814,0.0229524961092319,Relaksasi
18,4.34372618183939,193.104000939814,0.0224942319201001,Relaksasi
18.1,4.58280598139478,193.104000939814,0.0237323201958055,Relaksasi
18.2,4.37462264512194,193.104000939814,0.0226542310041801,Relaksasi
18.3,4.11099475699796,193.104000939814,0.0212890190622165,Relaksasi
18.4,4.44145280794833,193.104000939814,0.0230003147854644,Relaksasi
18.5,4.6387056314904,193.104000939814,0.0240217996981647,Relaksasi
18.6,4.66207835247294,193.104000939814,0.0241428366568438,Relaksasi
18.7,4.38071138162515,193.104000939814,0.02268576187083,Relaksasi
18.8,4.32394616757662,193.104000939814,0.0223917999965433,Relaksasi
18.9,4.23777754472615,193.104000939814,0.0219455709053225,Relaksasi
19,4.6255268514624,193.104000939814,0.023953552639772,Relaksasi
19.1,4.8377763157547,193.104000939814,0.0250526985055195,Relaksasi
19.2,4.61997647258921,193.104000939814,0.0239248096885841,Relaksasi
19.3,4.39315395940441,193.104000939814,0.0227501964642031,Relaksasi
19.4,4.44355784607607,193.104000939814,0.0230112158445699,Relaksasi
19.5,4.27051628496782,193.104000939814,0.022115110324922,Relaksasi
19.6,3.72511664402885,193.104000939814,0.0192907274106138,Relaksasi
19.7,3.86545562549497,193.104000939814,0.0200174807703738,Relaksasi
19.8,4.14786202205172,193.104000939814,0.0214799382812608,Relaksasi
19.9,4.20713882540008,193.104000939814,0.0217869065629115,Relaksasi
20,4.19960758067731,193.104000939814,0.0217479055857897,Relaksasi
20.1,4.02761514366697,193.104000939814,0.0208572330146711,Relaksasi
20.2,3.72023363958851,193.104000939814,0.0192654404957048,Relaksasi
20.3,3.92893763719354,193.104000939814,0.0203462259615124,Relaksasi
20.4,4.19078723657606,193.104000939814,0.0217022289345638,Relaksasi
20.5,4.18960450087161,193.104000939814,0.0216961040707666,Relaksasi
20.6,3.83062974642497,193.104000939814,0.0198371329842042,Relaksasi
20.7,3.68796972695072,193.104000939814,0.0190983599977308,Relaksasi
20.8,4.09298648003101,193.104000939814,0.0211957621805397,Relaksasi
20.9,4.32773522105297,193.104000939814,0.0224114218244594,Relaksasi
21,4.16739115423744,193.104000939814,0.0215810709977797,Relaksasi
21.1,3.81582743775956,193.104000939814,0.0197604783908588,Relaksasi
21.2,3.91466502383972,193.104000939814,0.0202723144253228,Relaksasi
21.3,4.13230109805553,193.104000939814,0.0213993551554816,Relaksasi
21.4,4.40290201594523,193.104000939814,0.0228006773268127,Relaksasi
21.5,4.58896100604302,193.104000939814,0.0237641943393669,Relaksasi
21.6,4.22269031746596,193.104000939814,0.0218674408449056,Relaksasi
21.7,3.97288136793967,193.104000939814,0.0205737910587256,Relaksasi
21.8,4.14456873977136,193.104000939814,0.0214628838325475,Relaksasi
21.9,3.95684513860231,193.104000939814,0.0204907465373313,Relaksasi
22,4.60125475646075,193.104000939814,0.0238278582218235,Relaksasi
22.1,4.92478226720454,193.104000939814,0.0255032637502912,Relaksasi
22.2,4.1732644722507,193.104000939814,0.0216114863075852,Relaksasi
22.3,3.8934390632806,193.104000939814,0.0201623945870189,Relaksasi
22.4,3.92814070348969,193.104000939814,0.0203420989952146,Relaksasi
22.5,4.08796446203668,193.104000939814,0.0211697553760722,Relaksasi
22.6,4.39739349812907,193.104000939814,0.0227721511554784,Relaksasi
22.7,4.32801630932133,193.104000939814,0.0224128774559688,Relaksasi
22.8,3.91141308649775,193.104000939814,0.0202554740837133,Relaksasi
22.9,3.8541190612676,193.104000939814,0.0199587737307879,Relaksasi
23,3.86142761234962,193.104000939814,0.0199966214762849,Relaksasi
23.1,4.08208852453526,193.104000939814,0.0211393265010991,Relaksasi
23.2,4.18663651992124,193.104000939814,0.0216807342134052,Relaksasi
23.3,3.6593389662103,193.104000939814,0.018950093982521,Relaksasi
23.4,3.42619320310215,193.104000939814,0.0177427354504686,Relaksasi
23.5,3.561238694315,193.104000939814,0.0184420761713009,Relaksasi
23.6,3.68998267537622,193.104000939814,0.0191087841651003,Relaksasi
23.7,4.43314396417718,193.104000939814,0.0229572869676527,Relaksasi
23.8,4.71154558688997,193.104000939814,0.0243990055304885,Relaksasi
23.9,4.70010702950579,193.104000939814,0.0243397703135665,Relaksasi
24,5.19875885280157,193.104000939814,0.0269220670079327,Relaksasi
24.1,5.05387143799912,193.104000939814,0.0261717593286651,Relaksasi
24.2,4.46110444101428,193.104000939814,0.0231020818797261,Relaksasi
24.3,4.35631690044406,193.104000939814,0.0225594336691234,Relaksasi
24.4,4.93571710545045,193.104000939814,0.0255598904291414,Relaksasi
24.5,4.9904081154307,193.104000939814,0.025843110920245,Relaksasi
24.6,4.01443816291504,193.104000939814,0.0207889952739315,Relaksasi
24.7,3.7313537129799,193.104000939814,0.0193230264252416,Relaksasi
24.8,3.98433764418603,193.104000939814,0.0206331180337784,Relaksasi
24.9,3.92848333980703,193.104000939814,0.0203438733567797,Relaksasi
25,3.8626384725513,193.104000939814,0.0200028919843831,Relaksasi
25.1,4.08674820818016,193.104000939814,0.0211634569366272,Relaksasi
25.2,4.47511952376272,193.104000939814,0.0231746597790976,Relaksasi
25.3,4.66796831468945,193.104000939814,0.024173338159598,Relaksasi
25.4,4.51129089658712,193.104000939814,0.0233619752808394,Relaksasi
25.5,3.96686726132196,193.104000939814,0.0205426466671623,Relaksasi
25.6,4.52593607498862,193.104000939814,0.0234378161662184,Relaksasi
25.7,5.06727441661685,193.104000939814,0.026241167412146,Relaksasi
25.8,4.55412820435396,193.104000939814,0.0235838107040226,Relaksasi
25.9,4.29533132315918,193.104000939814,0.022243616404913,Relaksasi
26,4.46395000280442,193.104000939814,0.0231168177825365,Relaksasi
26.1,4.41385162714251,193.104000939814,0.0228573805082278,Relaksasi
26.2,4.19063658578706,193.104000939814,0.021701448780925,Relaksasi
26.3,4.07939976182385,193.104000939814,0.0211254025911939,Relaksasi
26.4,4.75892570481389,193.104000939814,0.0246443661532272,Relaksasi
26.5,5.14201268615962,193.104000939814,0.0266282037717193,Relaksasi
26.6,4.5574295623397,193.104000939814,0.0236009069732333,Relaksasi
26.7,4.09063828350358,193.104000939814,0.0211836019118969,Relaksasi
26.8,4.2979164081418,193.104000939814,0.0222570034138307,Relaksasi
26.9,5.18990089318224,193.104000939814,0.0268761955626172,Relaksasi
27,5.3796781730199,193.104000939814,0.0278589679490723,Relaksasi
27.1,4.36616999217255,193.104000939814,0.0226104584623981,Relaksasi
27.2,3.76382545636306,193.104000939814,0.0194911831864953,Relaksasi
27.3,4.22041057605949,193.104000939814,0.0218556350749817,Relaksasi
27.4,4.33343639689861,193.104000939814,0.0224409456863053,Relaksasi
27.5,3.89183206471323,193.104000939814,0.0201540726539697,Relaksasi
27.6,4.49617894633136,193.104000939814,0.0232837171909904,Relaksasi
27.7,4.64889316977094,193.104000939814,0.0240745564418414,Relaksasi
27.8,4.26194866505781,193.104000939814,0.0220707424202266,Relaksasi
27.9,4.59249723953296,193.104000939814,0.0237825069246719,Relaksasi
28,4.56831227559083,193.104000939814,0.0236572637198474,Relaksasi
28.1,3.95932015750205,193.104000939814,0.0205035635628082,Relaksasi
28.2,4.36166468603247,193.104000939814,0.0225871274795177,Relaksasi
28.3,4.71768355559129,193.104000939814,0.0244307913488633,Relaksasi
28.4,4.10093025645812,193.104000939814,0.0212368994764448,Relaksasi
28.5,4.06758690237402,193.104000939814,0.0210642290298366,Relaksasi
28.6,4.30984160242759,193.104000939814,0.022318758707495,Relaksasi
28.7,4.3867952240639,193.104000939814,0.0227172673932901,Relaksasi
28.8,4.70248456775876,193.104000939814,0.024352082529996,Relaksasi
28.9,4.66783202636894,193.104000939814,0.0241726323828153,Relaksasi
29,4.04444597115733,193.104000939814,0.0209443924075809,Relaksasi
29.1,4.36245637410366,193.104000939814,0.0225912272810098,Relaksasi
29.2,4.50992920355758,193.104000939814,0.0233549236764039,Relaksasi
29.3,4.07992379065405,193.104000939814,0.0211281163041551,Relaksasi
29.4,4.7144879574556,193.104000939814,0.0244142427630228,Relaksasi
29.5,4.89392548510355,193.104000939814,0.0253434701574562,Relaksasi
29.6,4.21369675153445,193.104000939814,0.021820867154626,Relaksasi
29.7,4.03995808187811,193.104000939814,0.0209211516189003,Relaksasi
29.8,4.00713574744122,193.104000939814,0.0207511793020289,Relaksasi
29.9,4.1136571610654,193.104000939814,0.0213028064723917,Relaksasi
30,4.23249980893541,193.104000939814,0.0219182398517708,Relaksasi
30.1,4.34853401835238,193.104000939814,0.0225191295736422,Relaksasi
30.2,4.429596795356,193.104000939814,0.0229389177531159,Relaksasi
30.3,3.94046873893624,193.104000939814,0.0204059404246337,Relaksasi
30.4,3.80370033658525,193.104000939814,0.0196976775109428,Relaksasi
30.5,3.94950036433868,193.104000939814,0.0204527112080379,Relaksasi
30.6,4.00562399741086,193.104000939814,0.0207433506189203,Relaksasi
30.7,4.64403613477517,193.104000939814,0.0240494040111713,Relaksasi
30.8,4.24631358918122,193.104000939814,0.0219897752947372,Relaksasi
30.9,3.99482234612167,193.104000939814,0.0206874136562648,Relaksasi
31,4.09615129034856,193.104000939814,0.0212121513299211,Relaksasi
31.1,4.06010345769897,193.104000939814,0.0210254755879678,Relaksasi
31.2,4.38823547645731,193.104000939814,0.0227247258218385,Relaksasi
31.3,3.95899954855642,193.104000939814,0.0205019032712344,Relaksasi
31.4,4.28318144118058,193.104000939814,0.0221806975533125,Relaksasi
31.5,4.73347106428805,193.104000939814,0.0245125478563408,Relaksasi
31.6,4.66665570036956,193.104000939814,0.0241665407120387,Relaksasi
31.7,4.85073606024029,193.104000939814,0.0251198112759567,Relaksasi
31.8,4.40554045815346,193.104000939814,0.0228143406491437,Relaksasi
31.9,4.17123390864539,193.104000939814,0.02160097091901,Relaksasi
32,4.42744167211937,193.104000939814,0.0229277573254389,Relaksasi
32.1,4.14391435077825,193.104000939814,0.0214594950421034,Relaksasi
32.2,4.41519862824618,193.104000939814,0.0228643560296936,Relaksasi
32.3,4.58928253304223,193.104000939814,0.0237658593851332,Relaksasi
32.4,4.18902873506419,193.104000939814,0.0216931224349402,Relaksasi
32.5,4.13083458901874,193.104000939814,0.0213917607554192,Relaksasi
32.6,4.52943421979425,193.104000939814,0.0234559315071156,Relaksasi
32.7,4.66447248133796,193.104000939814,0.024155234788697,Relaksasi
32.8,4.60104953623054,193.104000939814,0.0238267954772444,Relaksasi
32.9,4.22105219283421,193.104000939814,0.0218589577237699,Relaksasi
33,4.11765814362978,193.104000939814,0.0213235257870869,Relaksasi
33.1,4.40682689558575,193.104000939814,0.0228210025382087,Relaksasi
33.2,4.52013304377212,193.104000939814,0.0234077648405687,Relaksasi
33.3,4.28223389206822,193.104000939814,0.0221757906165958,Relaksasi
33.4,4.30072443415631,193.104000939814,0.0222715449355022,Relaksasi
33.5,4.49503093080655,193.104000939814,0.0232777721276089,Relaksasi
33.6,4.18318677686497,193.104000939814,0.021662869523707,Relaksasi
33.7,4.25683462107551,193.104000939814,0.022044259053971,Relaksasi
33.8,4.25277164813454,193.104000939814,0.0220232187186015,Relaksasi
33.9,4.4533868261672,193.104000939814,0.0230621157743657,Relaksasi
34,5.01850913412078,193.104000939814,0.0259886336362598,Relaksasi
34.1,4.61154435087894,193.104000939814,0.0238811434689862,Relaksasi
34.2,4.4575987855656,193.104000939814,0.0230839276445388,Relaksasi
34.3,4.73448930012378,193.104000939814,0.0245178208482559,Relaksasi
34.4,4.32775010037248,193.104000939814,0.0224114988778578,Relaksasi
34.5,4.15600420625761,193.104000939814,0.0215221030430796,Relaksasi
34.6,3.93824112810357,193.104000939814,0.0203944046158372,Relaksasi
34.7,3.99828426175108,193.104000939814,0.0207053413823221,Relaksasi
34.8,4.45325010624504,193.104000939814,0.0230614077625094,Relaksasi
34.9,4.16825283275742,193.104000939814,0.0215855332487729,Relaksasi
35,3.79536868076956,193.104000939814,0.0196545315596672,Relaksasi
35.1,4.20296930481959,193.104000939814,0.0217653144645593,Relaksasi
35.2,4.54409998114918,193.104000939814,0.023531878982484,Relaksasi
35.3,4.52363757140714,193.104000939814,0.0234259132353092,Relaksasi
35.4,4.25164103004211,193.104000939814,0.0220173637488084,Relaksasi
35.5,4.23695364919669,193.104000939814,0.0219413043156846,Relaksasi
35.6,4.57292781264715,193.104000939814,0.0236811655397675,Relaksasi
35.7,4.59217923488211,193.104000939814,0.023780860119586,Relaksasi
35.8,4.27384722274338,193.104000939814,0.0221323597747488,Relaksasi
35.9,4.14299977264561,193.104000939814,0.0214547588474715,Relaksasi
36,4.55194443241696,193.104000939814,0.023572501917429,Relaksasi
36.1,4.38066260512199,193.104000939814,0.0226855092789473,Relaksasi
36.2,3.85350869786768,193.104000939814,0.0199556129293703,Relaksasi
36.3,4.10293455924006,193.104000939814,0.0212472788718596,Relaksasi
36.4,4.56275266893536,193.104000939814,0.0236284729820667,Relaksasi
36.5,4.7437497390303,193.104000939814,0.0245657765553435,Relaksasi
36.6,4.43672444150511,193.104000939814,0.0229758286721772,Relaksasi
36.7,4.30849645396046,193.104000939814,0.0223117927800125,Relaksasi
36.8,4.37239252026133,193.104000939814,0.0226426821763476,Relaksasi
36.9,4.21480958150865,193.104000939814,0.0218266300076419,Relaksasi
37,4.19049759759553,193.104000939814,0.0217007290227074,Relaksasi
37.1,4.41211301456571,193.104000939814,0.0228483770045804,Relaksasi
37.2,4.35049206779496,193.104000939814,0.0225292694435208,Relaksasi
37.3,4.19626434917722,193.104000939814,0.0217305924722145,Relaksasi
37.4,4.2262939897102,193.104000939814,0.0218861026656172,Relaksasi
37.5,4.33224037682701,193.104000939814,0.0224347520286609,Relaksasi
37.6,4.47549886814288,193.104000939814,0.023176624235444,Relaksasi
37.7,4.22480673261165,193.104000939814,0.0218784008205425,Relaksasi
37.8,4.47171709314196,193.104000939814,0.0231570400995249,Relaksasi
37.9,4.75947623982934,193.104000939814,0.0246472171299691,Relaksasi
38,4.38334334121693,193.104000939814,0.0226993916225647,Relaksasi
38.1,4.78246837760399,193.104000939814,0.0247662832169624,Relaksasi
38.2,4.68480624459975,193.104000939814,0.0242605343327915,Relaksasi
38.3,4.29273490589113,193.104000939814,0.0222301707111138,Relaksasi
38.4,4.43932349834431,193.104000939814,0.0229892880351451,Relaksasi
38.5,4.84635572652805,193.104000939814,0.0250971274698682,Relaksasi
38.6,4.82690271435766,193.104000939814,0.0249963889451576,Relaksasi
38.7,4.20062001055885,193.104000939814,0.0217531485112423,Relaksasi
38.8,4.41346839298036,193.104000939814,0.0228553959084253,Relaksasi
38.9,4.42471953802215,193.104000939814,0.0229136605999233,Relaksasi
39,4.27111389501115,193.104000939814,0.0221182050823606,Relaksasi
39.1,3.92434263863789,193.104000939814,0.0203224305013806,Relaksasi
39.2,3.92005501766905,193.104000939814,0.020300226813482,Relaksasi
39.3,3.97361780324591,193.104000939814,0.0205776047306467,Relaksasi
39.4,4.05534167126968,193.104000939814,0.021000816407391,Relaksasi
39.5,4.59150618106347,193.104000939814,0.0237773746722863,Relaksasi
39.6,4.52959941102132,193.104000939814,0.023456786959236,Relaksasi
39.7,4.78508272373587,193.104000939814,0.0247798217563979,Relaksasi
39.8,4.75470427529077,193.104000939814,0.0246225052414771,Relaksasi
39.9,4.32222969444222,193.104000939814,0.0223829111432516,Relaksasi
40,4.20870583585915,193.104000939814,0.0217950214152783,Relaksasi
40.1,4.92111991796724,193.104000939814,0.0254842980674494,Relaksasi
40.2,5.04403291201989,193.104000939814,0.0261208099649474,Relaksasi
40.3,4.54521413762933,193.104000939814,0.0235376487048861,Relaksasi
40.4,4.63022519284021,193.104000939814,0.0239778832665583,Relaksasi
40.5,4.65002295879274,193.104000939814,0.0240804071182453,Relaksasi
40.6,4.40777632204462,193.104000939814,0.0228259191968706,Relaksasi
40.7,4.14979520775846,193.104000939814,0.0214899493928759,Relaksasi
40.8,4.39981039747009,193.104000939814,0.0227846672055304,Relaksasi
40.9,4.25452838194822,193.104000939814,0.0220323160640999,Relaksasi
41,4.08527334010725,193.104000939814,0.021155819248823,Relaksasi
41.1,4.32832339145949,193.104000939814,0.0224144676982044,Relaksasi
41.2,4.11227944595152,193.104000939814,0.0212956718966855,Relaksasi
41.3,4.32413893513221,193.104000939814,0.022392798254242,Relaksasi
41.4,4.62427078523373,193.104000939814,0.0239470480297041,Relaksasi
41.5,4.3693675713552,193.104000939814,0.0226270173072025,Relaksasi
41.6,3.98159128384337,193.104000939814,0.0206188958512794,Relaksasi
41.7,3.9805499854709,193.104000939814,0.0206135034287122,Relaksasi
41.8,4.35631066598915,193.104000939814,0.0225594013836457,Relaksasi
41.9,4.47988869764215,193.104000939814,0.0231993572160032,Relaksasi
42,4.52581538417915,193.104000939814,0.0234371911620296,Relaksasi
42.1,4.42872186262765,193.104000939814,0.0229343868644544,Relaksasi
42.2,4.21471726721626,193.104000939814,0.0218261519528531,Relaksasi
42.3,4.53420671130418,193.104000939814,0.0234806461245585,Relaksasi
42.4,4.41188640751647,193.104000939814,0.0228472035071482,Relaksasi
42.5,4.41580827916838,193.104000939814,0.022867513141505,Relaksasi
42.6,4.93791580429007,193.104000939814,0.0255712765155452,Relaksasi
42.7,4.52895737869083,193.104000939814,0.0234534621584688,Relaksasi
42.8,4.28611064582714,193.104000939814,0.0221958666053896,Relaksasi
42.9,4.38024027490893,193.104000939814,0.0226833222180319,Relaksasi
43,4.1217941736395,193.104000939814,0.0213449444526226,Relaksasi
43.1,3.84835649305925,193.104000939814,0.0199289319451165,Relaksasi
43.2,4.14060115200753,193.104000939814,0.0214423374547173,Relaksasi
43.3,4.14823023266138,193.104000939814,0.0214818450807464,Relaksasi
43.4,3.60572922249641,193.104000939814,0.0186724728899855,Relaksasi
43.5,3.64333859102203,193.104000939814,0.0188672351338675,Relaksasi
43.6,4.01940849253491,193.104000939814,0.0208147344072258,Relaksasi
43.7,4.27703818544625,193.104000939814,0.022148884355738,Relaksasi
43.8,4.32664123277708,193.104000939814,0.0224057565442448,Relaksasi
43.9,4.25504661977864,193.104000939814,0.0220349997880409,Relaksasi
44,4.10838188362772,193.104000939814,0.0212754881495605,Relaksasi
44.1,3.81372744891359,193.104000939814,0.0197496034797448,Relaksasi
44.2,3.83154658574179,193.104000939814,0.0198418808885063,Relaksasi
44.3,3.89756023784513,193.104000939814,0.0201837363227907,Relaksasi
44.4,4.04376501837172,193.104000939814,0.0209408660550336,Relaksasi
44.5,4.76498857426367,193.104000939814,0.0246757630658767,Relaksasi
44.6,4.76935989894863,193.104000939814,0.0246984002182075,Relaksasi
44.7,4.29389491127128,193.104000939814,0.0222361778646399,Relaksasi
44.8,3.94392722718399,193.104000939814,0.020423850401801,Relaksasi
44.9,3.7595853946561,193.104000939814,0.0194692257869265,Relaksasi
45,3.57640682527166,193.104000939814,0.0185206251960898,Relaksasi
45.1,3.35367840415511,193.104000939814,0.0173672134592405,Relaksasi
45.2,3.8938692418153,193.104000939814,0.0201646222909122,Relaksasi
45.3,4.17038359563469,193.104000939814,0.02159656752495,Relaksasi
45.4,4.43990151514648,193.104000939814,0.0229922813278752,Relaksasi
45.5,4.49665745474633,193.104000939814,0.0232861951739045,Relaksasi
45.6,4.00403804648815,193.104000939814,0.0207351376822903,Relaksasi
45.7,4.31620337953022,193.104000939814,0.0223517035303452,Relaksasi
45.8,4.75191902887502,193.104000939814,0.0246080816852474,Relaksasi
45.9,4.34008257620418,193.104000939814,0.0224753633020628,Relaksasi
46,3.75197888356172,193.104000939814,0.0194298350386388,Relaksasi
46.1,3.67023152360278,193.104000939814,0.0190065017075784,Relaksasi
46.2,3.97428159101113,193.104000939814,0.0205810421931642,Relaksasi
46.3,4.35385483982273,193.104000939814,0.0225466837488247,Relaksasi
46.4,4.44470732686331,193.104000939814,0.0230171684958958,Relaksasi
46.5,4.12257595113723,193.104000939814,0.0213489929316491,Relaksasi
46.6,3.72419474590064,193.104000939814,0.0192859533089705,Relaksasi
46.7,4.01406155438665,193.104000939814,0.0207870449853483,Relaksasi
46.8,4.54987441101999,193.104000939814,0.023561782194446,Relaksasi
46.9,4.09780977732654,193.104000939814,0.0212207398986194,Relaksasi
47,4.02194084846359,193.104000939814,0.0208278483557528,Relaksasi
47.1,4.76975682696692,193.104000939814,0.0247004557324193,Relaksasi
47.2,5.03715599146009,193.104000939814,0.0260851974425432,Relaksasi
47.3,4.27821464084195,193.104000939814,0.0221549766966008,Relaksasi
47.4,3.74571555380702,193.104000939814,0.0193974000309527,Relaksasi
47.5,4.02365216421553,193.104000939814,0.0208367105012475,Relaksasi
47.6,3.99523382245207,193.104000939814,0.0206895445097344,Relaksasi
47.7,4.43291242946585,193.104000939814,0.0229560879520435,Relaksasi
47.8,4.50788555941503,193.104000939814,0.0233443405495262,Relaksasi
47.9,4.23427943679743,193.104000939814,0.0219274557553945,Relaksasi
48,4.33356585175049,193.104000939814,0.0224416160755839,Relaksasi
48.1,4.1168087167415,193.104000939814,0.0213191269818621,Relaksasi
48.2,4.45968890058399,193.104000939814,0.0230947514234776,Relaksasi
48.3,5.12769431110371,193.104000939814,0.0265540552559649,Relaksasi
48.4,4.70710847940009,193.104000939814,0.0243760277181786,Relaksasi
48.5,4.27586200707814,193.104000939814,0.0221427934494782,Relaksasi
48.6,4.44021457236007,193.104000939814,0.0229939025123772,Relaksasi
48.7,4.81994414979124,193.104000939814,0.0249603536246435,Relaksasi
48.8,4.30951345450702,193.104000939814,0.0223170593749127,Relaksasi
48.9,3.73692949228956,193.104000939814,0.0193519009140276,Relaksasi
49,4.66349543512044,193.104000939814,0.0241501750995514,Relaksasi
49.1,4.80771599732079,193.104000939814,0.0248970294448702,Relaksasi
49.2,4.34433857056047,193.104000939814,0.022497403209758,Relaksasi
49.3,4.11335760392023,193.104000939814,0.0213012551987583,Relaksasi
49.4,4.40696796060603,193.104000939814,0.0228217330514016,Relaksasi
49.5,4.70321463882469,193.104000939814,0.0243558632443384,Relaksasi
49.6,4.34124572077579,193.104000939814,0.0224813867120695,Relaksasi
49.7,4.12930020166963,193.104000939814,0.021383814843674,Relaksasi
49.8,4.42515112494526,193.104000939814,0.0229158955972357,Relaksasi
49.9,4.48486818039344,193.104000939814,0.0232251437493068,Relaksasi
50,3.97541996197629,193.104000939814,0.0205869373116476,Relaksasi
50.1,4.10872361286965,193.104000939814,0.0212772578137843,Relaksasi
50.2,4.34270673630157,193.104000939814,0.0224889526636742,Relaksasi
50.3,4.20273199661978,193.104000939814,0.0217640855506131,Relaksasi
50.4,4.40080158966848,193.104000939814,0.0227898001504387,Relaksasi
50.5,4.28159953003979,193.104000939814,0.0221725055369219,Relaksasi
50.6,4.18951194393712,193.104000939814,0.0216956247594419,Relaksasi
50.7,4.29553037618769,193.104000939814,0.0222446472122891,Relaksasi
50.8,4.22473501039508,193.104000939814,0.0218780294029839,Relaksasi
50.9,4.21200245961147,193.104000939814,0.0218120931679933,Relaksasi
51,4.33760196149493,193.104000939814,0.0224625172983695,Relaksasi
51.1,4.37835095515711,193.104000939814,0.0226735382687475,Relaksasi
51.2,4.27114971040078,193.104000939814,0.0221183905543832,Relaksasi
51.3,4.28058498375684,193.104000939814,0.0221672516515647,Relaksasi
51.4,4.4368642461719,193.104000939814,0.0229765526585582,Relaksasi
51.5,4.21843557068863,193.104000939814,0.0218454073978686,Relaksasi
51.6,4.03848862437064,193.104000939814,0.0209135419500156,Relaksasi
51.7,4.27866439668159,193.104000939814,0.0221573057826759,Relaksasi
51.8,4.14871253368481,193.104000939814,0.021484342703898,Relaksasi
51.9,3.92171737125361,193.104000939814,0.0203088354056213,Relaksasi
52,4.02401186174655,193.104000939814,0.0208385732152735,Relaksasi
52.1,4.32140745661764,193.104000939814,0.0223786531381322,Relaksasi
52.2,4.25922249646336,193.104000939814,0.0220566248018386,Relaksasi
52.3,4.2053305859127,193.104000939814,0.0217775424923661,Relaksasi
52.4,4.34459999502877,193.104000939814,0.0224987570111657,Relaksasi
52.5,4.19825047622508,193.104000939814,0.0217408777435615,Relaksasi
52.6,4.0192468890535,193.104000939814,0.0208138975344494,Relaksasi
52.7,3.98891870582905,193.104000939814,0.0206568413208192,Relaksasi
52.8,4.52094960629215,193.104000939814,0.0234119934558022,Relaksasi
52.9,5.12461036539766,193.104000939814,0.0265380848685517,Relaksasi
53,4.81433614570722,193.104000939814,0.0249313122580394,Relaksasi
53.1,4.53543945689022,193.104000939814,0.0234870299673584,Relaksasi
53.2,4.18656116244819,193.104000939814,0.0216803439704652,Relaksasi
53.3,3.82469696533674,193.104000939814,0.0198064097414989,Relaksasi
53.4,4.23957850365852,193.104000939814,0.0219548972731016,Relaksasi
53.5,4.08803726752937,193.104000939814,0.0211701324034375,Relaksasi
53.6,4.18866632995895,193.104000939814,0.0216912456995879,Relaksasi
53.7,4.1571114027659,193.104000939814,0.0215278367228734,Relaksasi
53.8,3.99052072644606,193.104000939814,0.0206651374752708,Relaksasi
53.9,4.76083924677219,193.104000939814,0.024654275538579,Relaksasi
54,4.83053674664498,193.104000939814,0.0250152079870709,Relaksasi
54.1,4.51629595618416,193.104000939814,0.0233878942652866,Relaksasi
54.2,4.83261894767014,193.104000939814,0.0250259907829479,Relaksasi
54.3,4.60754880591862,193.104000939814,0.0238604523132314,Relaksasi
54.4,4.06149049841464,193.104000939814,0.0210326584568308,Relaksasi
54.5,3.87978572971866,193.104000939814,0.0200916900262875,Relaksasi
54.6,4.28091929411327,193.104000939814,0.02216898289667,Relaksasi
54.7,4.22591053765376,193.104000939814,0.0218841169374367,Relaksasi
54.8,4.09162160273537,193.104000939814,0.021188694086202,Relaksasi
54.9,4.69866107542371,193.104000939814,0.0243322823585006,Relaksasi
55,4.9146490388404,193.104000939814,0.0254507882535908,Relaksasi
55.1,4.40290111356501,193.104000939814,0.0228006726537857,Relaksasi
55.2,3.88309293255031,193.104000939814,0.0201088165633636,Relaksasi
55.3,4.08779008841113,193.104000939814,0.0211688523723815,Relaksasi
55.4,4.25745393259698,193.104000939814,0.0220474661937426,Relaksasi
55.5,4.6164223960537,193.104000939814,0.0239064047020576,Relaksasi
55.6,4.83860217645466,193.104000939814,0.0250569752719041,Relaksasi
55.7,4.83296696349143,193.104000939814,0.0250277930025787,Relaksasi
55.8,4.79920986900733,193.104000939814,0.0248529799778884,Relaksasi
55.9,4.73807814113228,193.104000939814,0.0245364058645737,Relaksasi
56,4.43582866231166,193.104000939814,0.0229711898289161,Relaksasi
56.1,4.19325342057376,193.104000939814,0.0217150002080004,Relaksasi
56.2,4.5835814917637,193.104000939814,0.0237363362201507,Relaksasi
56.3,4.9985934381934,193.104000939814,0.0258854990775223,Relaksasi
56.4,4.62191453291325,193.104000939814,0.0239348460436809,Relaksasi
56.5,4.35177277994172,193.104000939814,0.0225359016838707,Relaksasi
56.6,4.42928513385972,193.104000939814,0.0229373037964151,Relaksasi
56.7,3.76624030106549,193.104000939814,0.0195036885964851,Relaksasi
56.8,4.17701986868731,193.104000939814,0.0216309338406158,Relaksasi
56.9,4.70403964759236,193.104000939814,0.0243601355989435,Relaksasi
57,4.45047066415936,193.104000939814,0.0230470142643315,Relaksasi
57.1,4.22915242713099,193.104000939814,0.0219009052456097,Relaksasi
57.2,4.37714904423678,193.104000939814,0.0226673141050094,Relaksasi
57.3,4.35071217814234,193.104000939814,0.0225304092974146,Relaksasi
57.4,3.86279688706049,193.104000939814,0.0200037123428863,Relaksasi
57.5,3.79600519005716,193.104000939814,0.0196578277590442,Relaksasi
57.6,4.12256658284571,193.104000939814,0.0213489444174211,Relaksasi
57.7,4.13422503253247,193.104000939814,0.0214093183590795,Relaksasi
57.8,3.921213791826,193.104000939814,0.020306227591049,Relaksasi
57.9,4.07936389798956,193.104000939814,0.0211252168682979,Relaksasi
58,4.43318894941926,193.104000939814,0.0229575199262753,Relaksasi
58.1,4.52358359321169,193.104000939814,0.0234256337061685,Relaksasi
58.2,4.33702601247544,193.104000939814,0.0224595347137691,Relaksasi
58.3,4.13492013320312,193.104000939814,0.0214129179772505,Relaksasi
58.4,4.25216208266764,193.104000939814,0.0220200620493252,Relaksasi
58.5,4.43308405519198,193.104000939814,0.0229569767255816,Relaksasi
58.6,4.4837643922038,193.104000939814,0.023219427719684,Relaksasi
58.7,4.36330599416647,193.104000939814,0.0225956270865999,Relaksasi
58.8,4.22429042073309,193.104000939814,0.0218757270702522,Relaksasi
58.9,4.00519092401565,193.104000939814,0.020741107923828,Relaksasi
59,4.07510923388495,193.104000939814,0.0211031838493863,Relaksasi
59.1,4.64524978943882,193.104000939814,0.0240556889905489,Relaksasi
59.2,4.89203565085761,193.104000939814,0.0253336835438348,Relaksasi
59.3,4.65344489853266,193.104000939814,0.0240981278268959,Relaksasi
59.4,4.3045381457183,193.104000939814,0.0222912944567106,Relaksasi
59.5,4.81482012149537,193.104000939814,0.0249338185540549,Relaksasi
59.6,4.69358005741625,193.104000939814,0.0243059700191253,Relaksasi
59.7,4.03226842055741,193.104000939814,0.0208813302724586,Relaksasi
59.8,4.23903701723382,193.104000939814,0.0219520931549991,Relaksasi
59.9,4.16300096128452,193.104000939814,0.0215583361350552,Relaksasi
60,3.90876529725996,193.104000939814,0.0202417623572607,Relaksasi
60.1,4.38964333086538,193.104000939814,0.0227320164755858,Relaksasi
60.2,4.27495967427989,193.104000939814,0.0221381206680037,Relaksasi
60.3,4.03548587117382,193.104000939814,0.0208979920226075,Relaksasi
60.4,4.32214048201928,193.104000939814,0.0223824491516693,Relaksasi
60.5,4.57624030050273,193.104000939814,0.0236983194456393,Relaksasi
60.6,4.86806805400599,193.104000939814,0.0252095659867931,Relaksasi
60.7,4.38818693597732,193.104000939814,0.0227244744522151,Relaksasi
60.8,3.93809743481881,193.104000939814,0.020393660492028,Relaksasi
60.9,4.17130346064348,193.104000939814,0.0216013310979692,Relaksasi
61,4.31859316444195,193.104000939814,0.0223640791667904,Relaksasi
61.1,4.09351937173122,193.104000939814,0.0211985217903749,Relaksasi
61.2,3.97149071738873,193.104000939814,0.0205665894961263,Relaksasi
61.3,4.70125227267095,193.104000939814,0.0243457010201266,Relaksasi
61.4,4.88208333817614,193.104000939814,0.0252821449292383,Relaksasi
61.5,4.52346005949811,193.104000939814,0.0234249939798398,Relaksasi
61.6,4.36219039024926,193.104000939814,0.0225898498685631,Relaksasi
61.7,3.97247117803702,193.104000939814,0.0205716668670949,Relaksasi
61.8,4.44940228096433,193.104000939814,0.0230414815814775,Relaksasi
61.9,4.54205820690405,193.104000939814,0.0235213055389759,Relaksasi
62,4.15586483145933,193.104000939814,0.0215213812827971,Relaksasi
62.1,4.70986529011254,193.104000939814,0.0243903040185092,Relaksasi
62.2,4.55779232308993,193.104000939814,0.0236027855503133,Relaksasi
62.3,4.10159788965411,193.104000939814,0.0212403568527433,Relaksasi
62.4,4.38541021153196,193.104000939814,0.0227100950274914,Relaksasi
62.5,4.41880043643512,193.104000939814,0.0228830081972893,Relaksasi
62.6,4.41148163680395,193.104000939814,0.0228451073791004,Relaksasi
62.7,4.4863733746733,193.104000939814,0.0232329384830903,Relaksasi
62.8,4.63970632705472,193.104000939814,0.0240269818567914,Relaksasi
62.9,4.81861063263907,193.104000939814,0.024953447930584,Relaksasi
63,4.42784733979058,193.104000939814,0.0229298580984381,Relaksasi
63.1,4.07389949772369,193.104000939814,0.0210969191621951,Relaksasi
63.2,4.14517421184598,193.104000939814,0.0214660193039602,Relaksasi
63.3,4.38041098195512,193.104000939814,0.0226842062341339,Relaksasi
63.4,4.68116904554483,193.104000939814,0.0242416988915929,Relaksasi
63.5,4.67180965498613,193.104000939814,0.024193230757773,Relaksasi
63.6,4.82908584204409,193.104000939814,0.0250076943954632,Relaksasi
63.7,4.57782993792556,193.104000939814,0.0237065514730188,Relaksasi
63.8,4.17675178430108,193.104000939814,0.0216295455504461,Relaksasi
63.9,4.71246686378713,193.104000939814,0.0244037764150516,Relaksasi
64,4.77200671472757,193.104000939814,0.0247121069035483,Relaksasi
64.1,4.11378833024501,193.104000939814,0.0213034857394135,Relaksasi
64.2,3.90070476751282,193.104000939814,0.0202000204476788,Relaksasi
64.3,4.02146637716531,193.104000939814,0.0208253912792761,Relaksasi
64.4,4.24723324914455,193.104000939814,0.0219945378059169,Relaksasi
64.5,4.31967961581912,193.104000939814,0.0223697054167483,Relaksasi
64.6,4.65586659812159,193.104000939814,0.0241106687353036,Relaksasi
64.7,4.58716442380559,193.104000939814,0.0237548906365504,Relaksasi
64.8,4.97430509478417,193.104000939814,0.0257597205162753,Relaksasi
64.9,5.1404592016473,193.104000939814,0.0266201589642333,Relaksasi
65,4.37019838689542,193.104000939814,0.0226313197325079,Relaksasi
65.1,4.45504228783446,193.104000939814,0.0230706886763211,Relaksasi
65.2,4.24541941376922,193.104000939814,0.0219851447567491,Relaksasi
65.3,4.2666210613102,193.104000939814,0.0220949386887122,Relaksasi
65.4,4.75846667126671,193.104000939814,0.0246419890220183,Relaksasi
65.5,4.66598865985075,193.104000939814,0.0241630864049525,Relaksasi
65.6,4.40665861750114,193.104000939814,0.0228201311006218,Relaksasi
65.7,4.57230489038746,193.104000939814,0.0236779397015837,Relaksasi
65.8,4.29140238655218,193.104000939814,0.0222232701842864,Relaksasi
65.9,4.11024302377156,193.104000939814,0.0212851261691498,Relaksasi
66,4.45862046525341,193.104000939814,0.0230892184706368,Relaksasi
66.1,4.64129768252223,193.104000939814,0.0240352227811625,Relaksasi
66.2,4.80520014013988,193.104000939814,0.0248840009360426,Relaksasi
66.3,4.47528431011566,193.104000939814,0.0231755131345544,Relaksasi
66.4,4.06130364998156,193.104000939814,0.0210316908516431,Relaksasi
66.5,4.1527484871224,193.104000939814,0.0215052431172398,Relaksasi
66.6,4.0791909538694,193.104000939814,0.0211243212673817,Relaksasi
66.7,4.62572079922238,193.104000939814,0.0239545570092259,Relaksasi
66.8,5.15694428391493,193.104000939814,0.0267055278959354,Relaksasi
66.9,4.8814789792147,193.104000939814,0.0252790152221453,Relaksasi
67,4.84164963929004,193.104000939814,0.0250727567307064,Relaksasi
67.1,4.61620662210203,193.104000939814,0.0239052873044345,Relaksasi
67.2,4.28458003107343,193.104000939814,0.0221879402302433,Relaksasi
67.3,4.08100053422886,193.104000939814,0.021133692281709,Relaksasi
67.4,3.68632568858833,193.104000939814,0.0190898462520064,Relaksasi
67.5,3.74500033356942,193.104000939814,0.0193936962224654,Relaksasi
67.6,4.1744613516715,193.104000939814,0.0216176844154181,Relaksasi
67.7,4.19585498852955,193.104000939814,0.0217284725749277,Relaksasi
67.8,4.07092009489583,193.104000939814,0.0210814901559945,Relaksasi
67.9,4.06943533214831,193.104000939814,0.0210738012280578,Relaksasi
68,3.89511686030794,193.104000939814,0.0201710831539009,Relaksasi
68.1,4.14156340392955,193.104000939814,0.0214473205307661,Relaksasi
68.2,4.58322782253696,193.104000939814,0.0237345047240396,Relaksasi
68.3,4.59160358266774,193.104000939814,0.0237778790720077,Relaksasi
68.4,4.12636599156606,193.104000939814,0.0213686198705544,Relaksasi
68.5,4.10991777261257,193.104000939814,0.0212834418376113,Relaksasi
68.6,4.30949546411734,193.104000939814,0.0223169662106614,Relaksasi
68.7,4.78127320967684,193.104000939814,0.0247600939721962,Relaksasi
68.8,4.73407510008876,193.104000939814,0.0245156758899277,Relaksasi
68.9,4.24887265163873,193.104000939814,0.0220030275445355,Relaksasi
69,4.20488116068552,193.104000939814,0.0217752151183863,Relaksasi
69.1,4.37717805294558,193.104000939814,0.02266746432825,Relaksasi
69.2,4.36090616869875,193.104000939814,0.0225831994545672,Relaksasi
69.3,4.39191956117229,193.104000939814,0.0227438040630818,Relaksasi
69.4,4.91538244054597,193.104000939814,0.0254545862158391,Relaksasi
69.5,4.76261366810233,193.104000939814,0.0246634644798827,Relaksasi
69.6,4.76377177830346,193.104000939814,0.024669461819117,Relaksasi
69.7,4.70850003736022,193.104000939814,0.0243832339798478,Relaksasi
69.8,4.3560754457652,193.104000939814,0.0225581832824007,Relaksasi
69.9,4.673507654546,193.104000939814,0.0242020239446133,Relaksasi
70,4.75144751196324,193.104000939814,0.0246056399082284,Relaksasi
70.1,4.4000896520105,193.104000939814,0.0227861133409759,Relaksasi
70.2,4.37440190188698,193.104000939814,0.0226530878728421,Relaksasi
70.3,4.39369861090088,193.104000939814,0.0227530169728089,Relaksasi
70.4,4.21195199053774,193.104000939814,0.021811831811038,Relaksasi
70.5,4.34587603859289,193.104000939814,0.0225053650749961,Relaksasi
70.6,4.50196563380163,193.104000939814,0.023313683879625,Relaksasi
70.7,4.53684682092464,193.104000939814,0.0234943180816781,Relaksasi
70.8,4.48617957818971,193.104000939814,0.0232319348970297,Relaksasi
70.9,4.15162749106185,193.104000939814,0.0214994379756835,Relaksasi
71,3.99290270014771,193.104000939814,0.0206774726609223,Relaksasi
71.1,4.25544529544566,193.104000939814,0.0220370643525506,Relaksasi
71.2,4.25541357663619,193.104000939814,0.0220369000949002,Relaksasi
71.3,4.26192801836451,193.104000939814,0.0220706355001565,Relaksasi
71.4,4.25874802720437,193.104000939814,0.0220541677359224,Relaksasi
71.5,4.04253251508956,193.104000939814,0.020934483467018,Relaksasi
71.6,3.99144960287482,193.104000939814,0.0206699477144384,Relaksasi
71.7,3.99184749075194,193.104000939814,0.0206720081993336,Relaksasi
71.8,4.27042079393142,193.104000939814,0.0221146158191845,Relaksasi
71.9,4.31067860655665,193.104000939814,0.0223230931807581,Relaksasi
72,4.70922722833016,193.104000939814,0.0243869997794501,Relaksasi
72.1,4.75205295244512,193.104000939814,0.0246087752160362,Relaksasi
72.2,4.48570085225123,193.104000939814,0.0232294557876578,Relaksasi
72.3,4.23805998334202,193.104000939814,0.021947033529683,Relaksasi
72.4,3.96051646588758,193.104000939814,0.0205097587135027,Relaksasi
72.5,4.31586780847244,193.104000939814,0.0223499657566267,Relaksasi
72.6,4.22649320152594,193.104000939814,0.0218871342952819,Relaksasi
72.7,4.55692413001348,193.104000939814,0.0235982895633207,Relaksasi
72.8,5.02494536211725,193.104000939814,0.0260219640072782,Relaksasi
72.9,4.61698488533222,193.104000939814,0.0239093175846275,Relaksasi
73,4.35683989237452,193.104000939814,0.0225621420124405,Relaksasi
73.1,4.16064651037462,193.104000939814,0.0215461434777387,Relaksasi
73.2,3.91729930040573,193.104000939814,0.0202859561756396,Relaksasi
73.3,4.21265468621537,193.104000939814,0.0218154707603825,Relaksasi
73.4,4.7221162471183,193.104000939814,0.0244537462928595,Relaksasi
73.5,4.58426794267118,193.104000939814,0.0237398910450333,Relaksasi
73.6,4.31609511863486,193.104000939814,0.0223511428951702,Relaksasi
73.7,4.5122910775652,193.104000939814,0.0233671547746522,Relaksasi
73.8,4.52042378891483,193.104000939814,0.0234092704807486,Relaksasi
73.9,4.24266021217414,193.104000939814,0.0219708560750975,Relaksasi
74,4.29706037063774,193.104000939814,0.0222525703751578,Relaksasi
74.1,4.44368541362323,193.104000939814,0.0230118764603341,Relaksasi
74.2,4.40076079323919,193.104000939814,0.0227895888838202,Relaksasi
74.3,4.84253232952813,193.104000939814,0.0250773277920712,Relaksasi
74.4,4.78486868355101,193.104000939814,0.0247787133371843,Relaksasi
74.5,4.50835536101367,193.104000939814,0.023346773443699,Relaksasi
74.6,4.13019531300229,193.104000939814,0.0213884502283802,Relaksasi
74.7,3.92240842578198,193.104000939814,0.0203124140706153,Relaksasi
74.8,4.19530432693964,193.104000939814,0.0217256209427128,Relaksasi
74.9,4.06627458899818,193.104000939814,0.0210574331407331,Relaksasi
75,3.82686795108042,193.104000939814,0.0198176523140666,Relaksasi
75.1,3.75847048155057,193.104000939814,0.0194634521462971,Relaksasi
75.2,3.77705430146231,193.104000939814,0.0195596895096935,Relaksasi
75.3,3.83696541367417,193.104000939814,0.0198699425957004,Relaksasi
75.4,3.99504962397684,193.104000939814,0.0206885906275034,Relaksasi
75.5,4.39996749336033,193.104000939814,0.0227854807354909,Relaksasi
75.6,4.64242139100036,193.104000939814,0.0240410419691268,Relaksasi
75.7,4.49001667694028,193.104000939814,0.0232518055301181,Relaksasi
75.8,3.89100725882583,193.104000939814,0.0201498013499916,Relaksasi
75.9,3.46300868782824,193.104000939814,0.0179333865221549,Relaksasi
76,4.00805288190556,193.104000939814,0.0207559287347691,Relaksasi
76.1,4.3517396173368,193.104000939814,0.0225357299494439,Relaksasi
76.2,4.23148120188727,193.104000939814,0.0219129649375112,Relaksasi
76.3,4.07697089578862,193.104000939814,0.0211128245709385,Relaksasi
76.4,3.9891214035291,193.104000939814,0.0206578910023331,Relaksasi
76.5,3.99747042583372,193.104000939814,0.0207011268869548,Relaksasi
76.6,3.91363952653145,193.104000939814,0.020267003829461,Relaksasi
76.7,4.20182054151392,193.104000939814,0.0217593655287522,Relaksasi
76.8,4.69772518455346,193.104000939814,0.0243274357946506,Relaksasi
76.9,4.68838870052343,193.104000939814,0.0242790862835861,Relaksasi
77,4.46945342989976,193.104000939814,0.0231453175912849,Relaksasi
77.1,4.67890329450358,193.104000939814,0.0242299655715673,Relaksasi
77.2,4.51371994343729,193.104000939814,0.0233745542374553,Relaksasi
77.3,4.29107243754383,193.104000939814,0.0222215615246691,Relaksasi
77.4,4.32357715099865,193.104000939814,0.0223898890233052,Relaksasi
77.5,3.97211942718974,193.104000939814,0.0205698453054205,Relaksasi
77.6,4.02512176444646,193.104000939814,0.0208443209092338,Relaksasi
77.7,4.64618656418939,193.104000939814,0.0240605401316232,Relaksasi
77.8,4.66998638527034,193.104000939814,0.0241837888523391,Relaksasi
77.9,4.26516409886417,193.104000939814,0.0220873937262104,Relaksasi
78,4.32189345896546,193.104000939814,0.0223811699288018,Relaksasi
78.1,4.50577500464506,193.104000939814,0.0233334109221767,Relaksasi
78.2,4.31532542523393,193.104000939814,0.0223471569943231,Relaksasi
78.3,4.38263495528756,193.104000939814,0.0226957232059295,Relaksasi
78.4,4.92223492532641,193.104000939814,0.0254900721961766,Relaksasi
78.5,4.62487193631852,193.104000939814,0.0239501611246263,Relaksasi
78.6,4.08276626832327,193.104000939814,0.0211428362356706,Relaksasi
78.7,4.06480939829975,193.104000939814,0.0210498455677605,Relaksasi
78.8,4.27840673838361,193.104000939814,0.0221559714845945,Relaksasi
78.9,4.40771734965656,193.104000939814,0.0228256138050208,Relaksasi
79,4.29310021973802,193.104000939814,0.0222320625095494,Relaksasi
79.1,4.33884248297968,193.104000939814,0.0224689414091011,Relaksasi
79.2,4.24883746933257,193.104000939814,0.0220028453509715,Relaksasi
79.3,4.26017338312457,193.104000939814,0.022061549022241,Relaksasi
79.4,4.11441166504628,193.104000939814,0.0213067137139673,Relaksasi
79.5,4.34967838911605,193.104000939814,0.0225250557624218,Relaksasi
79.6,4.83319925080238,193.104000939814,0.0250289959155677,Relaksasi
79.7,4.47676114893491,193.104000939814,0.0231831610279801,Relaksasi
79.8,4.1242197258251,193.104000939814,0.0213575053119201,Relaksasi
79.9,4.45734361238663,193.104000939814,0.0230826062157868,Relaksasi
80,4.79207604907315,193.104000939814,0.0248160370875316,Relaksasi
80.1,5.05149492196203,193.104000939814,0.0261594524058384,Relaksasi
80.2,5.07635112809474,193.104000939814,0.0262881716763442,Relaksasi
80.3,4.73049395835075,193.104000939814,0.0244971307447179,Relaksasi
80.4,4.6732757073073,193.104000939814,0.0242008227927077,Relaksasi
80.5,4.37793842509568,193.104000939814,0.0226714019584721,Relaksasi
80.6,4.09486781768104,193.104000939814,0.0212055047940582,Relaksasi
80.7,4.40894064570588,193.104000939814,0.0228319487128599,Relaksasi
80.8,4.62140987994957,193.104000939814,0.0239322326697414,Relaksasi
80.9,4.75241765894634,193.104000939814,0.0246106638692979,Relaksasi
81,5.00860674368861,193.104000939814,0.0259373535468573,Relaksasi
81.1,4.51348900456527,193.104000939814,0.0233733583074337,Relaksasi
81.2,3.75597270010309,193.104000939814,0.0194505172436782,Relaksasi
81.3,4.21632396907536,193.104000939814,0.0218344723493818,Relaksasi
81.4,4.43974378715574,193.104000939814,0.0229914645245466,Relaksasi
81.5,4.57265426727061,193.104000939814,0.0236797489695504,Relaksasi
81.6,4.63772296585015,193.104000939814,0.0240167109085204,Relaksasi
81.7,4.26234116868704,193.104000939814,0.0220727750224891,Relaksasi
81.8,4.71213081185059,193.104000939814,0.0244020361510752,Relaksasi
81.9,4.97051333390764,193.104000939814,0.0257400846679341,Relaksasi
82,4.51620368762819,193.104000939814,0.0233874164473464,Relaksasi
82.1,4.40611473651909,193.104000939814,0.0228173145821685,Relaksasi
82.2,4.12037673710705,193.104000939814,0.0213376041773018,Relaksasi
82.3,3.78607196375664,193.104000939814,0.0196063879843519,Relaksasi
82.4,3.79120253057794,193.104000939814,0.0196329569150645,Relaksasi
82.5,4.13284294079718,193.104000939814,0.0214021611187916,Relaksasi
82.6,4.42232841217074,193.104000939814,0.0229012780193461,Relaksasi
82.7,4.08163507232291,193.104000939814,0.0211369782731486,Relaksasi
82.8,3.93869620007351,193.104000939814,0.020396761231794,Relaksasi
82.9,3.94564606593938,193.104000939814,0.0204327515055949,Relaksasi
83,3.95088346559443,193.104000939814,0.0204598736761846,Relaksasi
83.1,4.23960069323712,193.104000939814,0.0219550121830905,Relaksasi
83.2,4.13850510250547,193.104000939814,0.0214314829437188,Relaksasi
83.3,3.86661736141652,193.104000939814,0.0200234968856065,Relaksasi
83.4,3.98309896592177,193.104000939814,0.0206267034682685,Relaksasi
83.5,3.76055443051438,193.104000939814,0.0194742439939733,Relaksasi
83.6,4.14770553942227,193.104000939814,0.0214791279271061,Relaksasi
83.7,4.73308144512537,193.104000939814,0.0245105301914514,Relaksasi
83.8,4.81829146157259,193.104000939814,0.0249517950851487,Relaksasi
83.9,4.6556796499719,193.104000939814,0.0241097006137277,Relaksasi
84,4.74609561307985,193.104000939814,0.0245779247969031,Relaksasi
84.1,4.41131151612016,193.104000939814,0.0228442263995093,Relaksasi
84.2,3.47620735986127,193.104000939814,0.0180017365924217,Relaksasi
84.3,4.27584791971706,193.104000939814,0.0221427204972814,Relaksasi
84.4,4.27102761284376,193.104000939814,0.0221177582652725,Relaksasi
84.5,3.70002972469053,193.104000939814,0.0191608133787127,Relaksasi
84.6,4.4690622509906,193.104000939814,0.0231432918491601,Relaksasi
84.7,4.49291468955279,193.104000939814,0.0232668130524812,Relaksasi
84.8,4.26711245238193,193.104000939814,0.0220974833851935,Relaksasi
84.9,3.98303218648966,193.104000939814,0.0206263576471991,Relaksasi
85,3.79079481151337,193.104000939814,0.0196308455188087,Relaksasi
85.1,4.05957560581139,193.104000939814,0.0210227420770876,Relaksasi
85.2,4.26300835609136,193.104000939814,0.0220762300902302,Relaksasi
85.3,4.46999080070557,193.104000939814,0.023148100396422,Relaksasi
85.4,4.11510642960207,193.104000939814,0.0213103115915483,Relaksasi
85.5,3.98665427033419,193.104000939814,0.020645114813425,Relaksasi
85.6,3.9295566486041,193.104000939814,0.0203494315471426,Relaksasi
85.7,3.70322504904364,193.104000939814,0.0191773605467546,Relaksasi
85.8,4.4633933358051,193.104000939814,0.023113935050969,Relaksasi
85.9,4.68903774375647,193.104000939814,0.0242824473907091,Relaksasi
86,4.24507044753042,193.104000939814,0.0219833376153274,Relaksasi
86.1,4.19406957341354,193.104000939814,0.0217192267016816,Relaksasi
86.2,4.41870114086371,193.104000939814,0.0228824939895519,Relaksasi
86.3,5.0311549229811,193.104000939814,0.0260541205697193,Relaksasi
86.4,4.54582580801593,193.104000939814,0.0235408162746082,Relaksasi
86.5,3.8014292947805,193.104000939814,0.0196859167923989,Relaksasi
86.6,3.94901364179417,193.104000939814,0.020450190687789,Relaksasi
86.7,4.57760579472366,193.104000939814,0.0237053907347596,Relaksasi
86.8,4.92683160717309,193.104000939814,0.0255138763733263,Relaksasi
86.9,4.53940649810912,193.104000939814,0.0235075735148748,Relaksasi
87,4.01147756933571,193.104000939814,0.0207736636724891,Relaksasi
87.1,3.74059817520088,193.104000939814,0.0193708993961588,Relaksasi
87.2,4.23210115799898,193.104000939814,0.0219161754153299,Relaksasi
87.3,4.45826944392891,193.104000939814,0.0230874006868374,Relaksasi
87.4,4.3561625454757,193.104000939814,0.022558634333182,Relaksasi
87.5,3.93268195373662,193.104000939814,0.0203656161166871,Relaksasi
87.6,3.8262135843651,193.104000939814,0.0198142636389893,Relaksasi
87.7,4.17399068481165,193.104000939814,0.0216152470404412,Relaksasi
87.8,4.02642774206369,193.104000939814,0.0208510839882527,Relaksasi
87.9,3.81216096045664,193.104000939814,0.0197414913305955,Relaksasi
88,4.58271359792965,193.104000939814,0.0237318417828017,Relaksasi
88.1,4.75912011436471,193.104000939814,0.0246453729140911,Relaksasi
88.2,4.40933699479916,193.104000939814,0.0228340012290758,Relaksasi
88.3,4.52501861091299,193.104000939814,0.0234330650265674,Relaksasi
88.4,4.33172916925161,193.104000939814,0.0224321047112935,Relaksasi
88.5,3.82689259235182,193.104000939814,0.0198177799202855,Relaksasi
88.6,3.89351531948835,193.104000939814,0.0201627894841075,Relaksasi
88.7,4.32286054473158,193.104000939814,0.0223861780371859,Relaksasi
88.8,4.44895577011793,193.104000939814,0.0230391692997836,Relaksasi
88.9,4.55086974121908,193.104000939814,0.0235669365682251,Relaksasi
89,4.57629632312201,193.104000939814,0.0236986095619445,Relaksasi
89.1,4.49838556552434,193.104000939814,0.0232951442933924,Relaksasi
89.2,4.47427392428428,193.104000939814,0.0231702807943312,Relaksasi
89.3,4.14461342112826,193.104000939814,0.0214631152174835,Relaksasi
89.4,3.99245656020511,193.104000939814,0.0206751622999747,Relaksasi
89.5,4.641766899076,193.104000939814,0.0240376526456474,Relaksasi
89.6,4.96714577453187,193.104000939814,0.0257226455710777,Relaksasi
89.7,4.38507617770469,193.104000939814,0.0227083652144081,Relaksasi
89.8,4.24488566563607,193.104000939814,0.0219823807118274,Relaksasi
89.9,4.46187323699774,193.104000939814,0.0231060631332461,Relaksasi
90,4.05512403136934,193.104000939814,0.020999689346847,Relaksasi
90.1,3.99393310227877,193.104000939814,0.0206828086566865,Relaksasi
90.2,4.51767980657077,193.104000939814,0.0233950606128499,Relaksasi
90.3,4.63901357106155,193.104000939814,0.0240233943806655,Relaksasi
90.4,4.29599417555473,193.104000939814,0.0222470490235658,Relaksasi
90.5,4.62176109494635,193.104000939814,0.0239340514564835,Relaksasi
90.6,4.74589728336001,193.104000939814,0.024576897735222,Relaksasi
90.7,4.56481264152148,193.104000939814,0.0236391406667138,Relaksasi
90.8,4.77388930607708,193.104000939814,0.0247218560094206,Relaksasi
90.9,4.62696900496959,193.104000939814,0.0239610209133457,Relaksasi
91,4.57257452387753,193.104000939814,0.0236793360138752,Relaksasi
91.1,4.8844755820393,193.104000939814,0.0252945332995026,Relaksasi
91.2,4.56520219046917,193.104000939814,0.0236411579679907,Relaksasi
91.3,3.85816221395585,193.104000939814,0.0199797114258568,Relaksasi
91.4,4.1441034588558,193.104000939814,0.0214604743489878,Relaksasi
91.5,4.62246066415436,193.104000939814,0.0239376742152281,Relaksasi
91.6,4.30221701670483,193.104000939814,0.022279274358721,Relaksasi
91.7,4.39817464765277,193.104000939814,0.0227761963825057,Relaksasi
91.8,4.61165240625268,193.104000939814,0.0238817030398559,Relaksasi
91.9,4.45136741011734,193.104000939814,0.0230516581140374,Relaksasi
92,4.30530110431015,193.104000939814,0.0222952454809676,Relaksasi
92.1,4.46438056135494,193.104000939814,0.0231190474543632,Relaksasi
92.2,4.6109962228871,193.104000939814,0.0238783049571524,Relaksasi
92.3,3.92001754591444,193.104000939814,0.0203000327638795,Relaksasi
92.4,3.87703740845079,193.104000939814,0.0200774576890263,Relaksasi
92.5,4.01637060331583,193.104000939814,0.0207990025259376,Relaksasi
92.6,3.66253787537006,193.104000939814,0.0189666597146871,Relaksasi
92.7,4.30242363883324,193.104000939814,0.0222803443631093,Relaksasi
92.8,4.80483169843775,193.104000939814,0.0248820929398315,Relaksasi
92.9,4.57272366477298,193.104000939814,0.0236801083484448,Relaksasi
93,4.63973206663671,193.104000939814,0.0240271151506737,Relaksasi
93.1,4.79899561710314,193.104000939814,0.0248518704622743,Relaksasi
93.2,4.40601290695605,193.104000939814,0.022816787252012,Relaksasi
93.3,3.96521199311862,193.104000939814,0.0205340747670707,Relaksasi
93.4,4.07182350825233,193.104000939814,0.0210861685332011,Relaksasi
93.5,4.14977258674377,193.104000939814,0.0214898322486708,Relaksasi
93.6,4.46398357944012,193.104000939814,0.0231169916610451,Relaksasi
93.7,4.9257992835229,193.104000939814,0.0255085304268665,Relaksasi
93.8,4.60113638161448,193.104000939814,0.0238272452109812,Relaksasi
93.9,4.44732238531464,193.104000939814,0.0230307107241179,Relaksasi
94,4.58434588678575,193.104000939814,0.0237402946830428,Relaksasi
94.1,4.32429843160333,193.104000939814,0.0223936242157464,Relaksasi
94.2,4.28721187959501,193.104000939814,0.0222015694067947,Relaksasi
94.3,4.915763722874,193.104000939814,0.0254565607079583,Relaksasi
94.4,4.77147700739116,193.104000939814,0.0247093637841213,Relaksasi
94.5,4.2523713007437,193.104000939814,0.0220211454969753,Relaksasi
94.6,4.30532835791791,193.104000939814,0.0222953866153182,Relaksasi
94.7,4.06925366413296,193.104000939814,0.0210728604499565,Relaksasi
94.8,4.28567995335413,193.104000939814,0.0221936362400377,Relaksasi
94.9,4.71427703548207,193.104000939814,0.0244131504916432,Relaksasi
95,4.6915174891546,193.104000939814,0.0242952888926255,Relaksasi
95.1,4.10668286829573,193.104000939814,0.0212666897024868,Relaksasi
95.2,3.78941990551553,193.104000939814,0.0196237254902689,Relaksasi
95.3,3.88710398392239,193.104000939814,0.0201295880199495,Relaksasi
95.4,4.01973831162094,193.104000939814,0.0208164423940331,Relaksasi
95.5,4.48349477528283,193.104000939814,0.0232180314931964,Relaksasi
95.6,4.20314670365568,193.104000939814,0.0217662331344741,Relaksasi
95.7,3.76366281581049,193.104000939814,0.0194903409431871,Relaksasi
95.8,4.37441470224587,193.104000939814,0.0226531541602252,Relaksasi
95.9,4.78992154769057,193.104000939814,0.024804879880161,Relaksasi
96,4.17976193017385,193.104000939814,0.021645133761245,Relaksasi
96.1,3.74128375542309,193.104000939814,0.0193744497121485,Relaksasi
96.2,3.96141600519652,193.104000939814,0.0205144170287348,Relaksasi
96.3,4.27165888638367,193.104000939814,0.0221210273510338,Relaksasi
96.4,4.64052024681766,193.104000939814,0.0240311967863577,Relaksasi
96.5,4.76459903707199,193.104000939814,0.0246737458254788,Relaksasi
96.6,4.49004971052882,193.104000939814,0.0232519765964262,Relaksasi
96.7,4.72798084689709,193.104000939814,0.0244841164547942,Relaksasi
96.8,4.86108922762638,193.104000939814,0.0251734257393325,Relaksasi
96.9,4.73452945099248,193.104000939814,0.0245180287718022,Relaksasi
97,4.45902066282386,193.104000939814,0.0230912909164095,Relaksasi
97.1,3.79768422397275,193.104000939814,0.0196665227312219,Relaksasi
97.2,4.0143009829432,193.104000939814,0.0207882848796819,Relaksasi
97.3,4.27817747603951,193.104000939814,0.0221547842365676,Relaksasi
97.4,4.04082680203603,193.104000939814,0.0209256503354142,Relaksasi
97.5,4.17657127557019,193.104000939814,0.021628610775765,Relaksasi
97.6,4.20147795147781,193.104000939814,0.0217575914068571,Relaksasi
97.7,4.2005936362214,193.104000939814,0.0217530119302429,Relaksasi
97.8,4.55679980155864,193.104000939814,0.0235976457213794,Relaksasi
97.9,4.81953747616722,193.104000939814,0.0249582476422608,Relaksasi
98,4.42891786968971,193.104000939814,0.0229354018981207,Relaksasi
98.1,4.10600660329669,193.104000939814,0.0212631876259076,Relaksasi
98.2,4.37540437439322,193.104000939814,0.0226582792334631,Relaksasi
98.3,4.5488627612168,193.104000939814,0.0235565433086733,Relaksasi
98.4,4.51204617275824,193.104000939814,0.0233658865212458,Relaksasi
98.5,4.61128625110056,193.104000939814,0.0238798068846735,Relaksasi
98.6,4.6437036152185,193.104000939814,0.0240476820398239,Relaksasi
98.7,3.98313413998236,193.104000939814,0.0206268856191323,Relaksasi
98.8,3.91422412223465,193.104000939814,0.0202700311914025,Relaksasi
98.9,4.270700268323,193.104000939814,0.0221160630931417,Relaksasi
99,4.51504781827514,193.104000939814,0.0233814307124708,Relaksasi
99.1,4.30673123952586,193.104000939814,0.0223026515171386,Relaksasi
99.2,4.25612368651776,193.104000939814,0.0220405774391195,Relaksasi
99.3,4.19681546114339,193.104000939814,0.0217334464367284,Relaksasi
99.4,3.8321937540169,193.104000939814,0.0198452322860535,Relaksasi
99.5,4.09654675343825,193.104000939814,0.0212141992579173,Relaksasi
99.6,4.32481777731655,193.104000939814,0.0223963136769212,Relaksasi
99.7,4.60074500642801,193.104000939814,0.0238252184524233,Relaksasi
99.8,4.31971048023007,193.104000939814,0.0223698652498476,Relaksasi
99.9,3.78470817038487,193.104000939814,0.0195993255031753,Relaksasi
100,4.12352606026927,193.104000939814,0.0213539131255726,Relaksasi
100.1,4.06973099043453,193.104000939814,0.0210753323112294,Relaksasi
100.2,4.15207336282154,193.104000939814,0.0215017469478307,Relaksasi
100.3,4.44087470456731,193.104000939814,0.0229973210443808,Relaksasi
100.4,4.27798352434053,193.104000939814,0.0221537798467153,Relaksasi
100.5,4.10584893775447,193.104000939814,0.0212623711459722,Relaksasi
100.6,4.70080932944196,193.104000939814,0.0243434072135414,Relaksasi
100.7,4.72332388485319,193.104000939814,0.024460000113231,Relaksasi
100.8,4.25122345175663,193.104000939814,0.022015201296019,Relaksasi
100.9,5.05669597923032,193.104000939814,0.0261863863753211,Relaksasi
101,5.06666380139877,193.104000939814,0.0262380053066738,Relaksasi
101.1,4.45377324866358,193.104000939814,0.0230641168851376,Relaksasi
101.2,4.36323305014338,193.104000939814,0.0225952493418472,Relaksasi
101.3,4.10794582193307,193.104000939814,0.0212732299793904,Relaksasi
101.4,4.52814144272779,193.104000939814,0.023449236787896,Relaksasi
101.5,4.42851686945477,193.104000939814,0.0229333252957045,Relaksasi
101.6,3.86673331280229,193.104000939814,0.0200240973464215,Relaksasi
101.7,4.14132730094475,193.104000939814,0.0214460978580942,Relaksasi
101.8,4.17666295905119,193.104000939814,0.0216290855638613,Relaksasi
101.9,3.8339868945258,193.104000939814,0.019854518165684,Relaksasi
102,4.26888598041213,193.104000939814,0.0221066677004929,Relaksasi
102.1,4.8918032313003,193.104000939814,0.0253324799460005,Relaksasi
102.2,4.7875448705881,193.104000939814,0.0247925721232481,Relaksasi
102.3,4.15911664021651,193.104000939814,0.0215382209585229,Relaksasi
102.4,4.04403414282143,193.104000939814,0.0209422597312309,Relaksasi
102.5,4.51375333567049,193.104000939814,0.0233747271610251,Relaksasi
102.6,4.62347062926635,193.104000939814,0.0239429043767321,Relaksasi
102.7,4.5426785778486,193.104000939814,0.0235245181650299,Relaksasi
102.8,4.43552314078762,193.104000939814,0.0229696076684091,Relaksasi
102.9,4.07425026752862,193.104000939814,0.0210987356434861,Relaksasi
103,4.3676697246896,193.104000939814,0.0226182249121338,Relaksasi
103.1,4.44527821110987,193.104000939814,0.0230201248522829,Relaksasi
103.2,3.93485088700525,193.104000939814,0.0203768480603965,Relaksasi
103.3,4.21443324532733,193.104000939814,0.0218246811294235,Relaksasi
103.4,4.34733404427712,193.104000939814,0.0225129154399659,Relaksasi
103.5,4.62323588601176,193.104000939814,0.0239416887455,Relaksasi
103.6,4.92298857043073,193.104000939814,0.0254939749900113,Relaksasi
103.7,4.52018547526777,193.104000939814,0.023408036360037,Relaksasi
103.8,4.54366394034702,193.104000939814,0.0235296209205069,Relaksasi
103.9,4.6676104639471,193.104000939814,0.0241714850092717,Relaksasi
104,4.54649977211126,193.104000939814,0.0235443064358273,Relaksasi
104.1,4.23956776001562,193.104000939814,0.0219548416365386,Relaksasi
104.2,4.07577779805348,193.104000939814,0.0211066460467788,Relaksasi
104.3,4.2549444280484,193.104000939814,0.022034470582381,Relaksasi
104.4,4.43552518133773,193.104000939814,0.0229696182355133,Relaksasi
104.5,4.40003648174342,193.104000939814,0.022785837995738,Relaksasi
104.6,4.56558310215567,193.104000939814,0.0236431305407217,Relaksasi
104.7,4.46673944534097,193.104000939814,0.0231312630686153,Relaksasi
104.8,3.95446039739915,193.104000939814,0.0204783970200165,Relaksasi
104.9,4.48833269580016,193.104000939814,0.023243084938458,Relaksasi
105,4.53500708355295,193.104000939814,0.0234847908975558,Relaksasi
105.1,4.41964213279242,193.104000939814,0.0228873669695219,Relaksasi
105.2,4.36313933292309,193.104000939814,0.0225947640219168,Relaksasi
105.3,4.09290887575871,193.104000939814,0.0211953603024226,Relaksasi
105.4,4.43389714972312,193.104000939814,0.0229611873816383,Relaksasi
105.5,4.47439216707795,193.104000939814,0.0231708931213316,Relaksasi
105.6,3.75564273782724,193.104000939814,0.0194488085153544,Relaksasi
105.7,4.0116151733994,193.104000939814,0.0207743762629224,Relaksasi
105.8,4.60185594806436,193.104000939814,0.0238309715265747,Relaksasi
105.9,4.47271689724558,193.104000939814,0.0231622176416719,Relaksasi
106,4.06701273363037,193.104000939814,0.0210612556644954,Relaksasi
106.1,3.71953630391051,193.104000939814,0.0192618293034219,Relaksasi
106.2,3.80893204456605,193.104000939814,0.0197247702068753,Relaksasi
106.3,4.50078124210389,193.104000939814,0.0233075504401728,Relaksasi
106.4,4.59775002555255,193.104000939814,0.0238097087744214,Relaksasi
106.5,4.43998870751252,193.104000939814,0.0229927328584785,Relaksasi
106.6,4.9876757878204,193.104000939814,0.0258289614070449,Relaksasi
106.7,4.85427262060052,193.104000939814,0.025138125553978,Relaksasi
106.8,3.88677203249129,193.104000939814,0.0201278689906726,Relaksasi
106.9,3.96174694508315,193.104000939814,0.0205161308196713,Relaksasi
107,4.28907364792522,193.104000939814,0.0222112106794827,Relaksasi
107.1,4.59625169001782,193.104000939814,0.0238019495590377,Relaksasi
107.2,4.987879582167,193.104000939814,0.025830016767605,Relaksasi
107.3,4.60430906849143,193.104000939814,0.0238436751495713,Relaksasi
107.4,4.34535058947,193.104000939814,0.0225026440069688,Relaksasi
107.5,4.60165277629366,193.104000939814,0.0238299193900591,Relaksasi
107.6,4.73148203222686,193.104000939814,0.0245022475412178,Relaksasi
107.7,4.68409123237006,193.104000939814,0.024256831601485,Relaksasi
107.8,4.26504176999263,193.104000939814,0.0220867602392244,Relaksasi
107.9,4.02507804754403,193.104000939814,0.0208440945187799,Relaksasi
108,4.52956643918492,193.104000939814,0.0234566162127147,Relaksasi
108.1,4.37637173517083,193.104000939814,0.0226632887660099,Relaksasi
108.2,4.50591951782469,193.104000939814,0.0233341592918579,Relaksasi
108.3,4.47582062353804,193.104000939814,0.0231782904639716,Relaksasi
108.4,3.97252236552573,193.104000939814,0.0205719319444028,Relaksasi
108.5,4.0527484010506,193.104000939814,0.0209873870107629,Relaksasi
108.6,4.26713643383398,193.104000939814,0.0220976075745005,Relaksasi
108.7,4.66329390579175,193.104000939814,0.0241491314685147,Relaksasi
108.8,4.38252921171775,193.104000939814,0.0226951756068674,Relaksasi
108.9,3.98202307602759,193.104000939814,0.020621131911548,Relaksasi
109,4.04176838847074,193.104000939814,0.0209305263940672,Relaksasi
109.1,4.10093780121621,193.104000939814,0.0212369385474016,Relaksasi
109.2,4.05168368903333,193.104000939814,0.0209818733393108,Relaksasi
109.3,4.03174076601132,193.104000939814,0.0208785977835225,Relaksasi
109.4,4.55188932982907,193.104000939814,0.0235722165655584,Relaksasi
109.5,4.36939287689232,193.104000939814,0.0226271483533589,Relaksasi
109.6,3.93103533174658,193.104000939814,0.0203570889915005,Relaksasi
109.7,4.00524718756748,193.104000939814,0.020741399287816,Relaksasi
109.8,4.23385203395372,193.104000939814,0.0219252424255742,Relaksasi
109.9,4.73223407518194,193.104000939814,0.0245061420382319,Relaksasi
110,4.68270089524602,193.104000939814,0.0242496316619846,Relaksasi
110.1,4.28233165418429,193.104000939814,0.0221762968832479,Relaksasi
110.2,4.49750400230035,193.104000939814,0.0232905790683339,Relaksasi
110.3,4.63211819179756,193.104000939814,0.0239876862688168,Relaksasi
110.4,4.39815765445476,193.104000939814,0.0227761083822679,Relaksasi
110.5,4.29668113698506,193.104000939814,0.0222506064922199,Relaksasi
110.6,4.11871715039874,193.104000939814,0.0213290099135878,Relaksasi
110.7,4.19080558815198,193.104000939814,0.0217023239692386,Relaksasi
110.8,4.17392796662734,193.104000939814,0.0216149222507734,Relaksasi
110.9,3.82739932081609,193.104000939814,0.0198204040423223,Relaksasi
111,4.70237386417161,193.104000939814,0.0243515092452032,Relaksasi
111.1,5.23168211586808,193.104000939814,0.027092561989426,Relaksasi
111.2,4.78399437090521,193.104000939814,0.0247741856596554,Relaksasi
111.3,4.14143037891303,193.104000939814,0.0214466316531879,Relaksasi
111.4,4.16504194847348,193.104000939814,0.0215689055027484,Relaksasi
111.5,4.45987155029147,193.104000939814,0.0230956972853272,Relaksasi
111.6,4.31223539899743,193.104000939814,0.0223311551185388,Relaksasi
111.7,4.19037817709073,193.104000939814,0.0217001105968632,Relaksasi
111.8,4.00869589783661,193.104000939814,0.0207592586291676,Relaksasi
111.9,4.25922284733544,193.104000939814,0.0220566266188496,Relaksasi
112,4.2210805304769,193.104000939814,0.0218591044718567,Relaksasi
112.1,4.03128353891547,193.104000939814,0.0208762300071242,Relaksasi
112.2,4.2539670973211,193.104000939814,0.0220294094198855,Relaksasi
112.3,4.62873356890907,193.104000939814,0.0239701588075938,Relaksasi
112.4,4.5207021333526,193.104000939814,0.023410711903176,Relaksasi
112.5,4.04731667643774,193.104000939814,0.0209592585173789,Relaksasi
112.6,4.07689663931428,193.104000939814,0.0211124400295826,Relaksasi
112.7,4.05188898400675,193.104000939814,0.0209829364709519,Relaksasi
112.8,4.12640671424978,193.104000939814,0.0213688307552773,Relaksasi
112.9,4.33270170102072,193.104000939814,0.0224371410221124,Relaksasi
113,4.25331488099669,193.104000939814,0.0220260318807292,Relaksasi
113.1,4.29797151974269,193.104000939814,0.0222572888123756,Relaksasi
113.2,4.3147945197479,193.104000939814,0.0223444076702105,Relaksasi
113.3,4.43604688746826,193.104000939814,0.0229723199202428,Relaksasi
113.4,4.45189529877603,193.104000939814,0.0230543918153389,Relaksasi
113.5,3.91582569434807,193.104000939814,0.0202783250232529,Relaksasi
113.6,4.01189894767068,193.104000939814,0.02077584580405,Relaksasi
113.7,4.67218591972663,193.104000939814,0.0241951792660311,Relaksasi
113.8,4.89390870850424,193.104000939814,0.025343383278887,Relaksasi
113.9,4.71960811680958,193.104000939814,0.0244407577980768,Relaksasi
114,4.76420266646682,193.104000939814,0.0246716931978624,Relaksasi
114.1,4.53748409002795,193.104000939814,0.0234976182158037,Relaksasi
114.2,4.3359790933587,193.104000939814,0.0224541131838596,Relaksasi
114.3,4.12704928481305,193.104000939814,0.0213721583433135,Relaksasi
114.4,3.6841774137124,193.104000939814,0.0190787212889529,Relaksasi
114.5,4.54845301243652,193.104000939814,0.0235544214014197,Relaksasi
114.6,4.496169653538,193.104000939814,0.0232836690677339,Relaksasi
114.7,3.86060941815903,193.104000939814,0.019992384411353,Relaksasi
114.8,4.08613080346933,193.104000939814,0.0211602596713824,Relaksasi
114.9,4.24573564119654,193.104000939814,0.0219867823583823,Relaksasi
115,4.52355928482788,193.104000939814,0.0234255078238269,Relaksasi
115.1,4.77382332661115,193.104000939814,0.0247215143310213,Relaksasi
115.2,4.77422069884232,193.104000939814,0.0247235721456147,Relaksasi
115.3,4.12215746572458,193.104000939814,0.0213468257812502,Relaksasi
115.4,3.90166792281464,193.104000939814,0.0202050082019311,Relaksasi
115.5,4.35214815327846,193.104000939814,0.022537845575944,Relaksasi
115.6,4.20398709862143,193.104000939814,0.0217705851673768,Relaksasi
115.7,3.8508342193231,193.104000939814,0.0199417629908317,Relaksasi
115.8,3.85542948498859,193.104000939814,0.0199655598342069,Relaksasi
115.9,3.92205409563439,193.104000939814,0.0203105791518883,Relaksasi
116,4.55646241848566,193.104000939814,0.0235958985640376,Relaksasi
116.1,5.08374095467456,193.104000939814,0.0263264403116073,Relaksasi
116.2,4.90605203374685,193.104000939814,0.025406268176059,Relaksasi
116.3,4.39888670537378,193.104000939814,0.0227798838137218,Relaksasi
116.4,3.99454141159177,193.104000939814,0.0206859588208987,Relaksasi
116.5,4.2839382867476,193.104000939814,0.0221846169209245,Relaksasi
116.6,4.23140008428989,193.104000939814,0.0219125448654413,Relaksasi
116.7,4.57574544760792,193.104000939814,0.0236957568219111,Relaksasi
116.8,4.73868662849068,193.104000939814,0.0245395569508041,Relaksasi
116.9,4.19884797306962,193.104000939814,0.0217439719147938,Relaksasi
117,4.43582403636649,193.104000939814,0.0229711658731972,Relaksasi
117.1,4.33497513260965,193.104000939814,0.0224489141162889,Relaksasi
117.2,4.10678574879527,193.104000939814,0.0212672224749775,Relaksasi
117.3,4.24644174433196,193.104000939814,0.0219904389534398,Relaksasi
117.4,3.97643749800643,193.104000939814,0.0205922066795799,Relaksasi
117.5,4.29860163502041,193.104000939814,0.0222605519000106,Relaksasi
117.6,4.81553238555051,193.104000939814,0.024937507053784,Relaksasi
117.7,4.56235122810655,193.104000939814,0.0236263940980101,Relaksasi
117.8,4.59731640341791,193.104000939814,0.0238074632376508,Relaksasi
117.9,4.68292068665368,193.104000939814,0.0242507698642311,Relaksasi
118,4.16723123836877,193.104000939814,0.0215802428644014,Relaksasi
118.1,4.0736214692402,193.104000939814,0.0210954793759548,Relaksasi
118.2,4.60412421736659,193.104000939814,0.0238427178875574,Relaksasi
118.3,4.49905931473665,193.104000939814,0.0232986333418276,Relaksasi
118.4,3.89004351674507,193.104000939814,0.0201448105570713,Relaksasi
118.5,3.82873662342814,193.104000939814,0.0198273293396002,Relaksasi
118.6,4.75014693500311,193.104000939814,0.0245989047968179,Relaksasi
118.7,5.13139668769146,193.104000939814,0.0265732282227068,Relaksasi
118.8,4.4302444780755,193.104000939814,0.0229422718147425,Relaksasi
118.9,3.9366667830045,193.104000939814,0.020386251780622,Relaksasi
119,4.48759522189016,193.104000939814,0.0232392658880685,Relaksasi
119.1,4.31278324391024,193.104000939814,0.0223339921644319,Relaksasi
119.2,4.01834227672883,193.104000939814,0.0208092129483182,Relaksasi
119.3,4.62081032290978,193.104000939814,0.0239291278296713,Relaksasi
119.4,4.33733571862995,193.104000939814,0.0224611385446219,Relaksasi
119.5,3.7789500761732,193.104000939814,0.0195695068863489,Relaksasi
119.6,3.94912552194738,193.104000939814,0.0204507700654956,Relaksasi
119.7,4.31517903494663,193.104000939814,0.0223463989039335,Relaksasi
119.8,4.20206078580547,193.104000939814,0.0217606096474156,Relaksasi
119.9,4.29209876515485,193.104000939814,0.0222268764203006,Relaksasi
120,4.36942001746402,193.104000939814,0.0226272889023458,Relaksasi
120.1,4.18909368087012,193.104000939814,0.0216934587604727,Relaksasi
120.2,4.21855959250709,193.104000939814,0.021846049651876,Relaksasi
120.3,4.18545735442871,193.104000939814,0.0216746278381525,Relaksasi
120.4,4.4744830248379,193.104000939814,0.0231713636333848,Relaksasi
120.5,4.50348641587556,193.104000939814,0.0233215593356825,Relaksasi
120.6,4.27084330349284,193.104000939814,0.0221168038088655,Relaksasi
120.7,4.57462893169159,193.104000939814,0.0236899748810353,Relaksasi
120.8,4.48356758758629,193.104000939814,0.0232184085558317,Relaksasi
120.9,4.154572466281,193.104000939814,0.0215146886965635,Relaksasi
121,4.01168476730225,193.104000939814,0.0207747366588878,Relaksasi
121.1,4.77675880090361,193.104000939814,0.0247367158508146,Relaksasi
121.2,5.18024469440749,193.104000939814,0.0268261903906489,Relaksasi
121.3,4.46906762065525,193.104000939814,0.0231433196562725,Relaksasi
121.4,4.13054124653307,193.104000939814,0.0213902416647518,Relaksasi
121.5,4.11551371491427,193.104000939814,0.0213124207415929,Relaksasi
121.6,4.54284524544304,193.104000939814,0.0235253812626024,Relaksasi
121.7,4.6992005359098,193.104000939814,0.0243350759851653,Relaksasi
121.8,4.41816350062285,193.104000939814,0.0228797097891302,Relaksasi
121.9,4.57168615914336,193.104000939814,0.0236747355668112,Relaksasi
122,4.67480305331083,193.104000939814,0.0242087322404463,Relaksasi
122.1,4.68218622538955,193.104000939814,0.0242469664149987,Relaksasi
122.2,4.41907443005043,193.104000939814,0.0228844270887363,Relaksasi
122.3,4.38849412053168,193.104000939814,0.0227260652248188,Relaksasi
122.4,4.70124201299422,193.104000939814,0.0243456478898099,Relaksasi
122.5,5.14160714618948,193.104000939814,0.0266261036600272,Relaksasi
122.6,4.94741461275037,193.104000939814,0.0256204666328606,Relaksasi
122.7,4.24255527857424,193.104000939814,0.0219703126705104,Relaksasi
122.8,4.07231222203767,193.104000939814,0.0210886993652033,Relaksasi
122.9,4.38646481020274,193.104000939814,0.0227155563264062,Relaksasi
123,4.20590707168883,193.104000939814,0.0217805278565913,Relaksasi
123.1,4.05111843136837,193.104000939814,0.020978946120495,Relaksasi
123.2,4.57098036192986,193.104000939814,0.0236710805559878,Relaksasi
123.3,4.2940456200109,193.104000939814,0.0222369583183793,Relaksasi
123.4,4.28906927393295,193.104000939814,0.0222111880285161,Relaksasi
123.5,4.42324977520602,193.104000939814,0.0229060493499803,Relaksasi
123.6,4.56714454100789,193.104000939814,0.0236512165402071,Relaksasi
123.7,4.35784091858373,193.104000939814,0.0225673258833305,Relaksasi
123.8,3.56476449264975,193.104000939814,0.018460334717564,Relaksasi
123.9,3.77225068759243,193.104000939814,0.0195348137233478,Relaksasi
124,4.35714376505768,193.104000939814,0.0225637156343317,Relaksasi
124.1,4.90617305402148,193.104000939814,0.0254068948864018,Relaksasi
124.2,5.22474658921207,193.104000939814,0.0270566459720351,Relaksasi
124.3,4.68128641644929,193.104000939814,0.0242423067034657,Relaksasi
124.4,4.50045052996179,193.104000939814,0.0233058378286242,Relaksasi
124.5,4.56704986897305,193.104000939814,0.0236507262757156,Relaksasi
124.6,4.2895379741783,193.104000939814,0.0222136152192686,Relaksasi
124.7,3.94526438108364,193.104000939814,0.0204307749289632,Relaksasi
124.8,3.71760016107661,193.104000939814,0.0192518028781563,Relaksasi
124.9,3.9925149876002,193.104000939814,0.0206754648695476,Relaksasi
125,4.11843042903632,193.104000939814,0.0213275251107819,Relaksasi
125.1,4.10877638176425,193.104000939814,0.021277531080492,Relaksasi
125.2,3.83940332801084,193.104000939814,0.019882567473097,Relaksasi
125.3,3.94755165021198,193.104000939814,0.0204426196816209,Relaksasi
125.4,4.50443355059065,193.104000939814,0.0233264641264195,Relaksasi
125.5,4.73899650481713,193.104000939814,0.0245411616629019,Relaksasi
125.6,4.19634501136503,193.104000939814,0.0217310101859202,Relaksasi
125.7,4.07096908202587,193.104000939814,0.0210817438386204,Relaksasi
125.8,4.83109832467319,193.104000939814,0.0250181161506795,Relaksasi
125.9,4.5645452674477,193.104000939814,0.0236377560549373,Relaksasi
126,4.16833749046252,193.104000939814,0.021585971653491,Relaksasi
126.1,4.51171719559818,193.104000939814,0.0233641828943999,Relaksasi
126.2,4.51304227333271,193.104000939814,0.0233710448844575,Relaksasi
126.3,4.22183932745161,193.104000939814,0.0218630339449438,Relaksasi
126.4,4.0720415490985,193.104000939814,0.0210872976700657,Relaksasi
126.5,4.08955071677449,193.104000939814,0.0211779698860259,Relaksasi
126.6,3.94649178808681,193.104000939814,0.0204371311256096,Relaksasi
126.7,4.46324336998967,193.104000939814,0.0231131584445046,Relaksasi
126.8,4.62128224876158,193.104000939814,0.0239315717244094,Relaksasi
126.9,4.23910000423008,193.104000939814,0.0219524193367247,Relaksasi
127,4.18680020403788,193.104000939814,0.021681581860869,Relaksasi
127.1,4.31002763325878,193.104000939814,0.0223197220786851,Relaksasi
127.2,4.63883370226415,193.104000939814,0.0240224629199163,Relaksasi
127.3,4.71542409891904,193.104000939814,0.0244190906245839,Relaksasi
127.4,4.44967425892168,193.104000939814,0.0230428900347256,Relaksasi
127.5,4.29037799581506,193.104000939814,0.0222179653188661,Relaksasi
127.6,4.60629092462838,193.104000939814,0.0238539383037644,Relaksasi
127.7,4.38631558851148,193.104000939814,0.022714783573431,Relaksasi
127.8,4.33954236325489,193.104000939814,0.0224725657787248,Relaksasi
127.9,4.75296367429694,193.104000939814,0.0246134914406995,Relaksasi
128,4.76999432691055,193.104000939814,0.0247016856393216,Relaksasi
128.1,4.66957102276337,193.104000939814,0.0241816378740841,Relaksasi
128.2,4.6049445619413,193.104000939814,0.0238469660883751,Relaksasi
128.3,4.35410574522228,193.104000939814,0.0225479830766394,Relaksasi
128.4,4.76584183024925,193.104000939814,0.0246801817002987,Relaksasi
128.5,4.72683729821029,193.104000939814,0.0244781945231862,Relaksasi
128.6,4.18939686264854,193.104000939814,0.0216950288044746,Relaksasi
128.7,4.25062508565644,193.104000939814,0.0220121026232971,Relaksasi
128.8,4.12092417896519,193.104000939814,0.0213404391359535,Relaksasi
128.9,3.96713546621143,193.104000939814,0.0205440355813648,Relaksasi
129,3.97143921747796,193.104000939814,0.0205663228009231,Relaksasi
129.1,4.30295384138753,193.104000939814,0.0222830900470502,Relaksasi
129.2,4.43896086670786,193.104000939814,0.0229874101266881,Relaksasi
129.3,5.19124395494035,193.104000939814,0.0268831506839589,Relaksasi
129.4,4.79668004064544,193.104000939814,0.0248398791185091,Relaksasi
129.5,3.83752941677043,193.104000939814,0.0198728633176612,Relaksasi
129.6,3.80069377092059,193.104000939814,0.0196821078404542,Relaksasi
129.7,3.6990367612577,193.104000939814,0.0191556712613666,Relaksasi
129.8,3.66094772617575,193.104000939814,0.01895842503707,Relaksasi
129.9,3.78938084192143,193.104000939814,0.0196235231972355,Relaksasi
130,4.12171254328506,193.104000939814,0.0213445217252112,Relaksasi
130.1,4.24198403301542,193.104000939814,0.0219673544430473,Relaksasi
130.2,4.32877599489831,193.104000939814,0.0224168115307331,Relaksasi
130.3,4.45022378919945,193.104000939814,0.0230457358083766,Relaksasi
130.4,4.24430031959223,193.104000939814,0.0219793494642045,Relaksasi
130.5,3.9470320537936,193.104000939814,0.0204399289221553,Relaksasi
130.6,3.82767667649013,193.104000939814,0.0198218403443807,Relaksasi
130.7,3.73502369702331,193.104000939814,0.019342031645359,Relaksasi
130.8,4.18938913583717,193.104000939814,0.0216949887907445,Relaksasi
130.9,4.20089326324906,193.104000939814,0.0217545635657668,Relaksasi
131,3.87359756887274,193.104000939814,0.0200596442850506,Relaksasi
131.1,4.06827858533403,193.104000939814,0.0210678109491995,Relaksasi
131.2,3.74462297225407,193.104000939814,0.0193917420355324,Relaksasi
131.3,3.89213156428518,193.104000939814,0.0201556236294569,Relaksasi
131.4,4.6229501802191,193.104000939814,0.0239402092018796,Relaksasi
131.5,4.2313652568257,193.104000939814,0.0219123645094465,Relaksasi
131.6,4.17196130379384,193.104000939814,0.0216047377759622,Relaksasi
131.7,4.71518621849306,193.104000939814,0.0244178587473321,Relaksasi
131.8,4.92134728133069,193.104000939814,0.0254854754814975,Relaksasi
131.9,4.76887909782883,193.104000939814,0.0246959103623916,Relaksasi
132,4.50621679931651,193.104000939814,0.0233356987808917,Relaksasi
132.1,4.21844084555045,193.104000939814,0.0218454347140391,Relaksasi
132.2,4.09591509667448,193.104000939814,0.0212109281876096,Relaksasi
132.3,4.10007986062155,193.104000939814,0.0212324956534663,Relaksasi
132.4,4.08936955338527,193.104000939814,0.0211770317211596,Relaksasi
132.5,4.24382524646473,193.104000939814,0.021976889271121,Relaksasi
132.6,4.31777305678653,193.104000939814,0.0223598321928725,Relaksasi
132.7,4.56839147728071,193.104000939814,0.0236576738702819,Relaksasi
132.8,4.64322167825681,193.104000939814,0.0240451863019866,Relaksasi
132.9,4.77540726384791,193.104000939814,0.0247297168396646,Relaksasi
133,4.41969609293808,193.104000939814,0.0228876464051908,Relaksasi
133.1,3.89858646322861,193.104000939814,0.0201890506890311,Relaksasi
133.2,4.38943920523991,193.104000939814,0.0227309593994793,Relaksasi
133.3,4.8408903194595,193.104000939814,0.0250688245499807,Relaksasi
133.4,4.65553552084687,193.104000939814,0.024108954232895,Relaksasi
133.5,4.65979795704991,193.104000939814,0.0241310275000582,Relaksasi
133.6,4.54168527030991,193.104000939814,0.0235193742657121,Relaksasi
133.7,4.13984524288266,193.104000939814,0.021438422936524,Relaksasi
133.8,4.65457848884108,193.104000939814,0.0241039981884778,Relaksasi
133.9,4.66869855568452,193.104000939814,0.0241771197539281,Relaksasi
134,4.24015667579575,193.104000939814,0.0219578913702431,Relaksasi
134.1,4.43797611164196,193.104000939814,0.0229823105168348,Relaksasi
134.2,4.47824767513061,193.104000939814,0.023190859088033,Relaksasi
134.3,4.18483742371621,193.104000939814,0.0216714174918651,Relaksasi
134.4,4.09034887132436,193.104000939814,0.0211821031745439,Relaksasi
134.5,4.22308410625392,193.104000939814,0.0218694801024354,Relaksasi
134.6,4.72989617934002,193.104000939814,0.0244940351122721,Relaksasi
134.7,4.74209231595821,193.104000939814,0.0245571934961421,Relaksasi
134.8,4.37439362012379,193.104000939814,0.0226530449852626,Relaksasi
134.9,4.00148576770842,193.104000939814,0.0207219205621514,Relaksasi
135,4.24979878186089,193.104000939814,0.0220078235623169,Relaksasi
135.1,4.68343421886045,193.104000939814,0.0242534292198336,Relaksasi
135.2,4.31525979256319,193.104000939814,0.0223468171118224,Relaksasi
135.3,4.38885352282395,193.104000939814,0.0227279264099342,Relaksasi
135.4,4.37996129157901,193.104000939814,0.0226818774870654,Relaksasi
135.5,4.25012747845922,193.104000939814,0.022009525736258,Relaksasi
135.6,4.30590629972217,193.104000939814,0.0222983795196674,Relaksasi
135.7,3.923697500558,193.104000939814,0.0203190896173142,Relaksasi
135.8,3.78477439496008,193.104000939814,0.0195996684508868,Relaksasi
135.9,4.19186363240854,193.104000939814,0.0217078031113144,Relaksasi
136,4.60052288127392,193.104000939814,0.0238240681647389,Relaksasi
136.1,4.44342743367483,193.104000939814,0.0230105404965677,Relaksasi
136.2,4.17228973650491,193.104000939814,0.0216064385833483,Relaksasi
136.3,4.43223007618761,193.104000939814,0.0229525543469658,Relaksasi
136.4,4.40413017026678,193.104000939814,0.0228070373934896,Relaksasi
136.5,4.09882926891156,193.104000939814,0.0212260193935033,Relaksasi
136.6,4.37515291483761,193.104000939814,0.0226569770359199,Relaksasi
136.7,4.20950987658245,193.104000939814,0.0217991851856786,Relaksasi
136.8,3.70950149677258,193.104000939814,0.0192098634866128,Relaksasi
136.9,4.24383466567314,193.104000939814,0.021976938049025,Relaksasi
137,4.57632557628302,193.104000939814,0.0236987610510948,Relaksasi
137.1,4.28833103095252,193.104000939814,0.0222073649954519,Relaksasi
137.2,4.06061145720246,193.104000939814,0.0210281062921532,Relaksasi
137.3,3.67981220819125,193.104000939814,0.0190561158250583,Relaksasi
137.4,3.29475600336212,193.104000939814,0.0170620804712846,Relaksasi
137.5,4.34613823705273,193.104000939814,0.0225067228845628,Relaksasi
137.6,4.99746198306176,193.104000939814,0.0258796397730742,Relaksasi
137.7,4.31432709037755,193.104000939814,0.0223419870607561,Relaksasi
137.8,4.13440760373586,193.104000939814,0.0214102638143912,Relaksasi
137.9,4.04606118994332,193.104000939814,0.0209527569094976,Relaksasi
138,3.87371824890778,193.104000939814,0.0200602692334435,Relaksasi
138.1,3.97012470219578,193.104000939814,0.0205595155091229,Relaksasi
138.2,3.63154877953509,193.104000939814,0.0188061809276907,Relaksasi
138.3,3.61563468443628,193.104000939814,0.0187237688853645,Relaksasi
138.4,3.74067136381331,193.104000939814,0.0193712784075313,Relaksasi
138.5,3.75097848401673,193.104000939814,0.0194246544129649,Relaksasi
138.6,3.99586981570337,193.104000939814,0.0206928380367882,Relaksasi
138.7,4.55651379154547,193.104000939814,0.0235961646023359,Relaksasi
138.8,4.7412120150484,193.104000939814,0.0245526348080491,Relaksasi
138.9,4.38241602444838,193.104000939814,0.0226945894601857,Relaksasi
139,3.9601525806673,193.104000939814,0.0205078743132909,Relaksasi
139.1,4.09664986034044,193.104000939814,0.0212147332028469,Relaksasi
139.2,4.28697104472962,193.104000939814,0.0222003222298112,Relaksasi
139.3,4.29430342092957,193.104000939814,0.02223829335503,Relaksasi
139.4,4.29823914273032,193.104000939814,0.0222586747131666,Relaksasi
139.5,4.0327456037381,193.104000939814,0.020883801392572,Relaksasi
139.6,4.22650246267824,193.104000939814,0.0218871822546833,Relaksasi
139.7,4.75713074340998,193.104000939814,0.0246350708439888,Relaksasi
139.8,4.43051985950054,193.104000939814,0.0229436978930407,Relaksasi
139.9,4.16666486847843,193.104000939814,0.0215773098858635,Relaksasi
140,4.52380123285494,193.104000939814,0.0234267607653811,Relaksasi
140.1,4.39128636216166,193.104000939814,0.0227405250061615,Relaksasi
140.2,4.36884169893969,193.104000939814,0.0226242940471304,Relaksasi
140.3,4.4827977860123,193.104000939814,0.0232144220948042,Relaksasi
140.4,4.66223904900473,193.104000939814,0.0241436688329303,Relaksasi
140.5,4.42472077576597,193.104000939814,0.0229136670096497,Relaksasi
140.6,3.99377492193493,193.104000939814,0.0206819895108217,Relaksasi
140.7,4.212636336831,193.104000939814,0.0218153757370568,Relaksasi
140.8,4.40769889297644,193.104000939814,0.022825518226058,Relaksasi
140.9,4.51272427680775,193.104000939814,0.023369398121452,Relaksasi
141,4.56505029886957,193.104000939814,0.023640371388744,Relaksasi
141.1,4.30768721230335,193.104000939814,0.022307602076282,Relaksasi
141.2,4.31403820074766,193.104000939814,0.0223404910294544,Relaksasi
141.3,4.44961454332157,193.104000939814,0.0230425807941101,Relaksasi
141.4,4.29674514599475,193.104000939814,0.0222509379665,Relaksasi
141.5,3.95362992658295,193.104000939814,0.020474096379884,Relaksasi
141.6,4.22307970871722,193.104000939814,0.0218694573295427,Relaksasi
141.7,4.54477714796487,193.104000939814,0.0235353857291718,Relaksasi
141.8,4.12963662473729,193.104000939814,0.021385557029574,Relaksasi
141.9,3.73083920595658,193.104000939814,0.0193203620214964,Relaksasi
142,3.85892004381381,193.104000939814,0.0199836358906751,Relaksasi
142.1,4.17881678137045,193.104000939814,0.0216402392546641,Relaksasi
142.2,4.25649217325713,193.104000939814,0.0220424856685584,Relaksasi
142.3,4.37392810964133,193.104000939814,0.0226506343128778,Relaksasi
142.4,4.7683087408032,193.104000939814,0.024692956736248,Relaksasi
142.5,4.95426624359684,193.104000939814,0.0256559481910527,Relaksasi
142.6,4.63450694599531,193.104000939814,0.0240000565676513,Relaksasi
142.7,4.28162758829279,193.104000939814,0.0221726508381734,Relaksasi
142.8,4.39704714049938,193.104000939814,0.0227703575228866,Relaksasi
142.9,4.56528653184611,193.104000939814,0.0236415947345856,Relaksasi
143,4.31263775953286,193.104000939814,0.0223332387653481,Relaksasi
143.1,4.18454208919238,193.104000939814,0.0216698880853153,Relaksasi
143.2,4.27274481160519,193.104000939814,0.0221266508762649,Relaksasi
143.3,4.4088034727889,193.104000939814,0.0228312383551443,Relaksasi
143.4,4.35795597396707,193.104000939814,0.0225679217041461,Relaksasi
143.5,4.54147816948659,193.104000939814,0.0235183017823751,Relaksasi
143.6,4.92349079638272,193.104000939814,0.0254965757955335,Relaksasi
143.7,4.27326271690781,193.104000939814,0.0221293328781919,Relaksasi
143.8,3.44772161154771,193.104000939814,0.0178542215322731,Relaksasi
143.9,3.84928261851816,193.104000939814,0.0199337279382311,Relaksasi
144,4.29116025990007,193.104000939814,0.0222220163177123,Relaksasi
144.1,4.04799993446692,193.104000939814,0.0209627968077606,Relaksasi
144.2,3.92389889825744,193.104000939814,0.0203201325667014,Relaksasi
144.3,4.01896031459302,193.104000939814,0.0208124134923836,Relaksasi
144.4,3.80403914873833,193.104000939814,0.0196994320688569,Relaksasi
144.5,3.93967441199378,193.104000939814,0.0204018269575973,Relaksasi
144.6,4.29935946026807,193.104000939814,0.0222644763409542,Relaksasi
144.7,4.41727474914228,193.104000939814,0.022875107339278,Relaksasi
144.8,4.52613701602547,193.104000939814,0.0234388567507525,Relaksasi
144.9,4.52397801146168,193.104000939814,0.0234276762234031,Relaksasi
145,4.634688503667,193.104000939814,0.0240009967743316,Relaksasi
145.1,5.03168570593378,193.104000939814,0.0260568692592861,Relaksasi
145.2,4.42769668117451,193.104000939814,0.0229290779042663,Relaksasi
145.3,3.83562227677381,193.104000939814,0.0198629870852303,Relaksasi
145.4,4.1425825459075,193.104000939814,0.02145259821519,Relaksasi
145.5,3.96414739634993,193.104000939814,0.0205285616924399,Relaksasi
145.6,4.02721156334024,193.104000939814,0.0208551430511035,Relaksasi
145.7,4.36606116833982,193.104000939814,0.0226098949120201,Relaksasi
145.8,4.2038861703506,193.104000939814,0.0217700625046131,Relaksasi
145.9,4.19176090098764,193.104000939814,0.0217072711108359,Relaksasi
146,4.92623756875265,193.104000939814,0.025510800111739,Relaksasi
146.1,4.77694235885478,193.104000939814,0.0247376664160555,Relaksasi
146.2,4.31121663071501,193.104000939814,0.0223258793693183,Relaksasi
146.3,4.23115897663583,193.104000939814,0.0219112962758063,Relaksasi
146.4,4.26470173469687,193.104000939814,0.0220849993471968,Relaksasi
146.5,4.59156468770143,193.104000939814,0.0237776776522229,Relaksasi
146.6,4.08494336078533,193.104000939814,0.0211541104322251,Relaksasi
146.7,3.84415072183637,193.104000939814,0.0199071521207606,Relaksasi
146.8,3.9774648825407,193.104000939814,0.0205975270485482,Relaksasi
146.9,4.48891239887725,193.104000939814,0.0232460869636582,Relaksasi
147,4.42285426556687,193.104000939814,0.0229040011809252,Relaksasi
147.1,4.48474867187144,193.104000939814,0.0232245248676605,Relaksasi
147.2,5.01616999331576,193.104000939814,0.0259765202631881,Relaksasi
147.3,4.25652966376947,193.104000939814,0.0220426798152988,Relaksasi
147.4,3.89937929467996,193.104000939814,0.0201931564115821,Relaksasi
147.5,4.06489559696475,193.104000939814,0.0210502919524266,Relaksasi
147.6,4.30764041377819,193.104000939814,0.0223073597274703,Relaksasi
147.7,4.66230598825535,193.104000939814,0.024144015481629,Relaksasi
147.8,4.30880456638473,193.104000939814,0.022313388357643,Relaksasi
147.9,4.56412893078174,193.104000939814,0.0236356000319449,Relaksasi
148,4.68466715808192,193.104000939814,0.0242598140653856,Relaksasi
148.1,4.79705250702994,193.104000939814,0.0248418079567656,Relaksasi
148.2,4.91721962029523,193.104000939814,0.0254641001551688,Relaksasi
148.3,4.25417008898071,193.104000939814,0.0220304606236856,Relaksasi
148.4,3.83100471335856,193.104000939814,0.0198390747716957,Relaksasi
148.5,3.87011306864259,193.104000939814,0.0200415996033599,Relaksasi
148.6,4.04345587652111,193.104000939814,0.0209392651464605,Relaksasi
148.7,4.28378401992098,193.104000939814,0.0221838180414302,Relaksasi
148.8,4.56438061714625,193.104000939814,0.0236369034040308,Relaksasi
148.9,4.36010837435961,193.104000939814,0.0225790680314209,Relaksasi
149,4.31498636651224,193.104000939814,0.0223454011595396,Relaksasi
149.1,4.34427406309462,193.104000939814,0.0224970691541945,Relaksasi
149.2,4.38472852831649,193.104000939814,0.0227065648923718,Relaksasi
149.3,4.7681002093593,193.104000939814,0.0246918768443613,Relaksasi
149.4,4.56947930998615,193.104000939814,0.0236633072735265,Relaksasi
149.5,4.55050535083114,193.104000939814,0.023565049551974,Relaksasi
149.6,4.55021637369848,193.104000939814,0.0235635530675342,Relaksasi
149.7,3.98011613040651,193.104000939814,0.0206112566857019,Relaksasi
149.8,4.32325369461058,193.104000939814,0.0223882139860895,Relaksasi
149.9,4.65208866825479,193.104000939814,0.0240911045116292,Relaksasi
150,4.77493843082294,193.104000939814,0.0247272889613053,Relaksasi
150.1,4.59963523361532,193.104000939814,0.0238194714310913,Relaksasi
150.2,4.1136392398307,193.104000939814,0.0213027136662634,Relaksasi
150.3,4.20473839363521,193.104000939814,0.0217744757911346,Relaksasi
150.4,4.26034547485351,193.104000939814,0.022062440209001,Relaksasi
150.5,3.87345979054471,193.104000939814,0.0200589307921796,Relaksasi
150.6,3.84785060793884,193.104000939814,0.0199263121903835,Relaksasi
150.7,3.90874759306852,193.104000939814,0.0202416706751032,Relaksasi
150.8,4.01524043017187,193.104000939814,0.0207931498603353,Relaksasi
150.9,4.14300528604046,193.104000939814,0.0214547873988988,Relaksasi
151,3.84982224254191,193.104000939814,0.0199365224117848,Relaksasi
151.1,4.16162332049545,193.104000939814,0.0215512019442442,Relaksasi
151.2,4.66316720958173,193.104000939814,0.0241484753650192,Relaksasi
151.3,4.35498805766613,193.104000939814,0.0225525521815754,Relaksasi
151.4,3.84141940501768,193.104000939814,0.019893007842002,Relaksasi
151.5,3.90970075345969,193.104000939814,0.0202466066701449,Relaksasi
151.6,4.055540177883,193.104000939814,0.021001844385125,Relaksasi
151.7,4.46136005199631,193.104000939814,0.023103405575666,Relaksasi
151.8,4.82675441638137,193.104000939814,0.0249956209756926,Relaksasi
151.9,5.06883493209584,193.104000939814,0.0262492486298908,Relaksasi
152,5.20261288505757,193.104000939814,0.0269420253321375,Relaksasi
152.1,4.65003872031876,193.104000939814,0.0240804887402,Relaksasi
152.2,3.96856496648942,193.104000939814,0.0205514383294748,Relaksasi
152.3,3.97759497099528,193.104000939814,0.0205982007189743,Relaksasi
152.4,4.19128733662354,193.104000939814,0.0217048187309691,Relaksasi
152.5,4.01079321608999,193.104000939814,0.0207701197104667,Relaksasi
152.6,3.96380196958168,193.104000939814,0.0205267728803667,Relaksasi
152.7,4.91051324076639,193.104000939814,0.0254293707891474,Relaksasi
152.8,4.97932051179527,193.104000939814,0.0257856931371775,Relaksasi
152.9,4.31939697760216,193.104000939814,0.0223682417587424,Relaksasi
153,4.54377965221635,193.104000939814,0.0235302201409724,Relaksasi
153.1,4.92920576119338,193.104000939814,0.0255261710643153,Relaksasi
153.2,4.65102418574812,193.104000939814,0.0240855920287107,Relaksasi
153.3,4.21618874323604,193.104000939814,0.0218337720747181,Relaksasi
153.4,4.08269106412571,193.104000939814,0.0211424467864765,Relaksasi
153.5,4.10375872797972,193.104000939814,0.021251546876332,Relaksasi
153.6,4.1589921446044,193.104000939814,0.0215375762509482,Relaksasi
153.7,3.80561407784006,193.104000939814,0.019707587928363,Relaksasi
153.8,3.82511262843151,193.104000939814,0.0198085622763648,Relaksasi
153.9,4.0975673525996,193.104000939814,0.0212194844884479,Relaksasi
154,4.30791997538183,193.104000939814,0.0223088074530601,Relaksasi
154.1,4.61746599862232,193.104000939814,0.0239118090570349,Relaksasi
154.2,4.50603998859275,193.104000939814,0.0233347831565499,Relaksasi
154.3,4.16130457447769,193.104000939814,0.0215495512999479,Relaksasi
154.4,4.27961392603853,193.104000939814,0.0221622229742013,Relaksasi
154.5,4.25998265131303,193.104000939814,0.0220605613067581,Relaksasi
154.6,4.49699495448622,193.104000939814,0.0232879429354125,Relaksasi
154.7,4.57403640487598,193.104000939814,0.0236869064473791,Relaksasi
154.8,4.17417409792453,193.104000939814,0.0216161968556287,Relaksasi
154.9,4.00551120943329,193.104000939814,0.0207427665399937,Relaksasi
155,4.15239303893141,193.104000939814,0.0215034024086617,Relaksasi
155.1,4.54970778235279,193.104000939814,0.0235609192984605,Relaksasi
155.2,4.21222083318817,193.104000939814,0.0218132240279218,Relaksasi
155.3,4.31490739086877,193.104000939814,0.0223449921796993,Relaksasi
155.4,4.9267296211595,193.104000939814,0.0255133482329817,Relaksasi
155.5,4.6459045225859,193.104000939814,0.0240590795632139,Relaksasi
155.6,3.98243753041615,193.104000939814,0.0206232781870604,Relaksasi
155.7,3.83279154015158,193.104000939814,0.0198483279553912,Relaksasi
155.8,4.52200797805117,193.104000939814,0.0234174742938681,Relaksasi
155.9,4.74480641237926,193.104000939814,0.0245712485980967,Relaksasi
156,4.16126979709329,193.104000939814,0.0215493712032941,Relaksasi
156.1,4.152621535438,193.104000939814,0.0215045856907558,Relaksasi
156.2,4.27005059245997,193.104000939814,0.0221126987099084,Relaksasi
156.3,4.09766953526513,193.104000939814,0.0212200136471656,Relaksasi
156.4,4.14847664593186,193.104000939814,0.0214831211458164,Relaksasi
156.5,4.18012701894983,193.104000939814,0.0216470243941382,Relaksasi
156.6,3.9561751428904,193.104000939814,0.0204872769266104,Relaksasi
156.7,4.03754099998456,193.104000939814,0.0209086346234896,Relaksasi
156.8,4.25501692737698,193.104000939814,0.0220348460242581,Relaksasi
156.9,3.96895351242028,193.104000939814,0.0205534504365723,Relaksasi
157,4.14987179395663,193.104000939814,0.0214903459988385,Relaksasi
157.1,4.16075857594965,193.104000939814,0.0215467238156628,Relaksasi
157.2,4.00090134833748,193.104000939814,0.0207188941133565,Relaksasi
157.3,4.48052400148331,193.104000939814,0.0232026471729076,Relaksasi
157.4,4.70879986871229,193.104000939814,0.0243847866734771,Relaksasi
157.5,4.73313351719194,193.104000939814,0.0245107998495958,Relaksasi
157.6,4.64494836026576,193.104000939814,0.0240541280225131,Relaksasi
157.7,4.3252533636696,193.104000939814,0.0223985693855079,Relaksasi
157.8,4.86016174761343,193.104000939814,0.0251686227315831,Relaksasi
157.9,4.83354648718869,193.104000939814,0.0250307940988504,Relaksasi
158,3.79321471962692,193.104000939814,0.0196433771499597,Relaksasi
158.1,4.29212903357524,193.104000939814,0.022227033167029,Relaksasi
158.2,4.5324389810808,193.104000939814,0.02347149183353,Relaksasi
158.3,4.2205171030163,193.104000939814,0.0218561867308578,Relaksasi
158.4,4.23263649900931,193.104000939814,0.0219189477090562,Relaksasi
158.5,4.35873951506916,193.104000939814,0.0225719793160976,Relaksasi
158.6,4.6143198409388,193.104000939814,0.0238955165013747,Relaksasi
158.7,4.31746557741151,193.104000939814,0.0223582398935233,Relaksasi
158.8,4.60793727780677,193.104000939814,0.0238624640368946,Relaksasi
158.9,5.01229731383526,193.104000939814,0.0259564653732756,Relaksasi
159,4.66920121292568,193.104000939814,0.0241797227929056,Relaksasi
159.1,4.08146444175475,193.104000939814,0.0211360946530924,Relaksasi
159.2,4.13091727470713,193.104000939814,0.0213921889479372,Relaksasi
159.3,4.81399451058418,193.104000939814,0.0249295430812156,Relaksasi
159.4,4.55094356072305,193.104000939814,0.0235673188467052,Relaksasi
159.5,4.07914978810041,193.104000939814,0.0211241080881167,Relaksasi
159.6,4.1481137178606,193.104000939814,0.021481241702255,Relaksasi
159.7,4.13831266875755,193.104000939814,0.021430486414662,Relaksasi
159.8,4.09735751714477,193.104000939814,0.0212183978436668,Relaksasi
159.9,4.69551577908714,193.104000939814,0.0243159942633744,Relaksasi
160,4.90828644847782,193.104000939814,0.0254178392192279,Relaksasi
160.1,4.18651040229256,193.104000939814,0.0216800811061259,Relaksasi
160.2,3.78777372889511,193.104000939814,0.0196152006714541,Relaksasi
160.3,3.78303254959292,193.104000939814,0.0195906482060514,Relaksasi
160.4,4.007246707761,193.104000939814,0.020751753916326,Relaksasi
160.5,4.32656248149152,193.104000939814,0.0224053487262546,Relaksasi
160.6,4.59425714347036,193.104000939814,0.0237916206868354,Relaksasi
160.7,4.3215766630063,193.104000939814,0.0223795293829942,Relaksasi
160.8,3.89802209424911,193.104000939814,0.0201861280723233,Relaksasi
160.9,4.12174228253032,193.104000939814,0.0213446757315763,Relaksasi
161,4.55047054757588,193.104000939814,0.0235648693213465,Relaksasi
161.1,4.55451890313014,193.104000939814,0.0235858339597515,Relaksasi
161.2,4.40731867708982,193.104000939814,0.0228235492565661,Relaksasi
161.3,3.96572164831101,193.104000939814,0.0205367140453348,Relaksasi
161.4,3.69023580941984,193.104000939814,0.0191100950340744,Relaksasi
161.5,3.98750503200612,193.104000939814,0.0206495205309026,Relaksasi
161.6,4.39452668667689,193.104000939814,0.0227573052100902,Relaksasi
161.7,4.68891024596685,193.104000939814,0.0242817871361883,Relaksasi
161.8,4.49221900681018,193.104000939814,0.0232632104200177,Relaksasi
161.9,4.67403200866408,193.104000939814,0.0242047393420961,Relaksasi
162,4.59097874735704,193.104000939814,0.0237746433269808,Relaksasi
162.1,4.10242210741523,193.104000939814,0.0212446251110761,Relaksasi
162.2,4.32806395651627,193.104000939814,0.022413124199665,Relaksasi
162.3,4.3733199069085,193.104000939814,0.022647484700597,Relaksasi
162.4,4.25379097354494,193.104000939814,0.0220284973529407,Relaksasi
162.5,4.24368429034155,193.104000939814,0.0219761593218579,Relaksasi
162.6,4.50264652628834,193.104000939814,0.0233172099199111,Relaksasi
162.7,4.63414437735675,193.104000939814,0.0239981789854324,Relaksasi
162.8,4.59868257179597,193.104000939814,0.023814538017932,Relaksasi
162.9,4.77934141701156,193.104000939814,0.0247500900745251,Relaksasi
163,5.03362929066673,193.104000939814,0.0260669342228471,Relaksasi
163.1,4.99380638252283,193.104000939814,0.025860709038749,Relaksasi
163.2,4.76997731012918,193.104000939814,0.0247015975169561,Relaksasi
163.3,4.6528367000636,193.104000939814,0.0240949782366953,Relaksasi
163.4,4.15240815235923,193.104000939814,0.0215034806744032,Relaksasi
163.5,3.90383042258804,193.104000939814,0.0202162068294213,Relaksasi
163.6,3.89924048381507,193.104000939814,0.0201924375716606,Relaksasi
163.7,4.23572149010182,193.104000939814,0.0219349235100624,Relaksasi
163.8,4.31990521783584,193.104000939814,0.0223708737095627,Relaksasi
163.9,4.13599319151345,193.104000939814,0.0214184748704536,Relaksasi
164,4.6355350678902,193.104000939814,0.0240053807550834,Relaksasi
164.1,4.64210613278989,193.104000939814,0.0240394093866379,Relaksasi
164.2,4.3987409960007,193.104000939814,0.0227791292494851,Relaksasi
164.3,4.49843934192211,193.104000939814,0.0232954227775124,Relaksasi
164.4,4.6849856305522,193.104000939814,0.0242614632931009,Relaksasi
164.5,4.48809665510341,193.104000939814,0.0232418625883482,Relaksasi
164.6,4.243641481944,193.104000939814,0.021975937636148,Relaksasi
164.7,4.47393274198111,193.104000939814,0.0231685139624608,Relaksasi
164.8,4.17957943847136,193.104000939814,0.0216441887176333,Relaksasi
164.9,3.99649002747749,193.104000939814,0.0206960498385691,Relaksasi
165,4.15883547664916,193.104000939814,0.0215367649370734,Relaksasi
165.1,4.19372538906463,193.104000939814,0.0217174443235473,Relaksasi
165.2,4.26957158819292,193.104000939814,0.0221102181591963,Relaksasi
165.3,4.45567347152608,193.104000939814,0.0230739572967979,Relaksasi
165.4,4.36722319535188,193.104000939814,0.0226159125346815,Relaksasi
165.5,4.06888386592611,193.104000939814,0.021070945429009,Relaksasi
165.6,4.09219027668779,193.104000939814,0.0211916389964558,Relaksasi
165.7,4.05047073677995,193.104000939814,0.0209755919974045,Relaksasi
165.8,4.00282381068426,193.104000939814,0.020728849693445,Relaksasi
165.9,4.14947535249837,193.104000939814,0.0214882930043054,Relaksasi
166,4.64163770287276,193.104000939814,0.0240369835957954,Relaksasi
166.1,5.3502098611906,193.104000939814,0.0277063646281371,Relaksasi
166.2,5.23689028938857,193.104000939814,0.0271195328108235,Relaksasi
166.3,4.5066588811998,193.104000939814,0.0233379881269494,Relaksasi
166.4,4.19655748292053,193.104000939814,0.0217321104818978,Relaksasi
166.5,4.30166814808875,193.104000939814,0.0222764320115226,Relaksasi
166.6,4.0167433907962,193.104000939814,0.0208009330270072,Relaksasi
166.7,3.8765332019966,193.104000939814,0.0200748466273614,Relaksasi
166.8,4.25791351849878,193.104000939814,0.0220498461853511,Relaksasi
166.9,4.36097248400661,193.104000939814,0.022583542872143,Relaksasi
167,4.41416422850684,193.104000939814,0.0228589993320886,Relaksasi
167.1,4.46711827940095,193.104000939814,0.0231332248822398,Relaksasi
167.2,4.89367984049218,193.104000939814,0.0253421980729308,Relaksasi
167.3,4.94850072096971,193.104000939814,0.0256260911057563,Relaksasi
167.4,4.25302778660786,193.104000939814,0.0220245451461849,Relaksasi
167.5,3.89743578609062,193.104000939814,0.0201830918423351,Relaksasi
167.6,4.21083691836261,193.104000939814,0.0218060573466576,Relaksasi
167.7,4.30186130189946,193.104000939814,0.0222774322694653,Relaksasi
167.8,4.08284508025192,193.104000939814,0.0211432443677045,Relaksasi
167.9,4.26206574971266,193.104000939814,0.0220713487497395,Relaksasi
168,4.11329782397952,193.104000939814,0.0213009456249513,Relaksasi
168.1,4.40049018989414,193.104000939814,0.0227881875490797,Relaksasi
168.2,4.77605069242565,193.104000939814,0.0247330488709773,Relaksasi
168.3,4.80186382294971,193.104000939814,0.0248667236286127,Relaksasi
168.4,4.39970132346227,193.104000939814,0.0227841023596065,Relaksasi
168.5,3.93048114144405,193.104000939814,0.0203542190856475,Relaksasi
168.6,4.3141993835733,193.104000939814,0.0223413257238411,Relaksasi
168.7,4.2780725012514,193.104000939814,0.022154240618685,Relaksasi
168.8,4.22939458431571,193.104000939814,0.0219021592702987,Relaksasi
168.9,4.68915293160676,193.104000939814,0.0242830438975124,Relaksasi
169,4.66477896899078,193.104000939814,0.0241568219523566,Relaksasi
169.1,4.18462351694599,193.104000939814,0.0216703097635468,Relaksasi
169.2,3.98385171731063,193.104000939814,0.0206306016339471,Relaksasi
169.3,3.9133240626242,193.104000939814,0.0202653701817597,Relaksasi
169.4,3.90897812190722,193.104000939814,0.020242864481744,Relaksasi
169.5,4.10622539522758,193.104000939814,0.021264320652307,Relaksasi
169.6,4.28237148277753,193.104000939814,0.0221765031378726,Relaksasi
169.7,3.82711006820692,193.104000939814,0.0198189061313118,Relaksasi
169.8,3.89194447405762,193.104000939814,0.0201546547721228,Relaksasi
169.9,4.22049181085491,193.104000939814,0.0218560557539683,Relaksasi
170,3.65822614607685,193.104000939814,0.018944331180466,Relaksasi
170.1,4.10930214111854,193.104000939814,0.0212802537550701,Relaksasi
170.2,4.30089380546741,193.104000939814,0.0222724220344244,Relaksasi
170.3,4.09750847190906,193.104000939814,0.0212191795714588,Relaksasi
170.4,4.51809765009065,193.104000939814,0.0233972244391707,Relaksasi
170.5,4.51247422742176,193.104000939814,0.023368103226552,Relaksasi
170.6,4.09921630768061,193.104000939814,0.0212280236956781,Relaksasi
170.7,4.22379081446748,193.104000939814,0.0218731398309243,Relaksasi
170.8,4.85179969522897,193.104000939814,0.0251253193699553,Relaksasi
170.9,4.91541116354892,193.104000939814,0.0254547349595359,Relaksasi
171,4.52335560666842,193.104000939814,0.0234244530649484,Relaksasi
171.1,4.19736505580831,193.104000939814,0.0217362925438118,Relaksasi
171.2,4.26724254589644,193.104000939814,0.0220981570818227,Relaksasi
171.3,4.56761692231925,193.104000939814,0.0236536627935683,Relaksasi
171.4,4.46788289434945,193.104000939814,0.0231371844840335,Relaksasi
171.5,4.14596370813963,193.104000939814,0.0214701077552082,Relaksasi
171.6,4.56672390939123,193.104000939814,0.0236490382755693,Relaksasi
171.7,4.70809327585841,193.104000939814,0.0243811275423849,Relaksasi
171.8,4.40599356000419,193.104000939814,0.0228166870627266,Relaksasi
171.9,4.13199449682287,193.104000939814,0.0213977674036424,Relaksasi
172,3.97390219078399,193.104000939814,0.0205790774476111,Relaksasi
172.1,3.66709775136643,193.104000939814,0.0189902732906575,Relaksasi
172.2,3.76586270134669,193.104000939814,0.0195017331749663,Relaksasi
172.3,4.43431223512627,193.104000939814,0.0229633369248955,Relaksasi
172.4,4.40573306478499,193.104000939814,0.022815338073488,Relaksasi
172.5,4.17680169385099,193.104000939814,0.0216298040098755,Relaksasi
172.6,4.38206507860864,193.104000939814,0.0226927720672884,Relaksasi
172.7,4.14340341385423,193.104000939814,0.0214568491263195,Relaksasi
172.8,3.67487613102681,193.104000939814,0.0190305540700433,Relaksasi
172.9,4.40068874207653,193.104000939814,0.0227892157627958,Relaksasi
173,4.68152449739327,193.104000939814,0.0242435396191113,Relaksasi
173.1,4.05320899412028,193.104000939814,0.0209897722180473,Relaksasi
173.2,4.29265809633578,193.104000939814,0.0222297729484834,Relaksasi
173.3,4.43257277032198,193.104000939814,0.0229543290079397,Relaksasi
173.4,4.22658680611972,193.104000939814,0.0218876190319695,Relaksasi
173.5,4.26911953704578,193.104000939814,0.0221078771867413,Relaksasi
173.6,4.08425594271923,193.104000939814,0.0211505505988568,Relaksasi
173.7,4.07119343890377,193.104000939814,0.0210829056834129,Relaksasi
173.8,4.30562704756391,193.104000939814,0.0222969333965581,Relaksasi
173.9,4.03044903085547,193.104000939814,0.020871908459896,Relaksasi
174,4.28141749196808,193.104000939814,0.0221715628424628,Relaksasi
174.1,4.97677316329577,193.104000939814,0.0257725015487738,Relaksasi
174.2,4.94187979082603,193.104000939814,0.025591804244213,Relaksasi
174.3,4.53524239303147,193.104000939814,0.0234860094610106,Relaksasi
174.4,4.37602521532645,193.104000939814,0.0226614942933801,Relaksasi
174.5,4.39866301226863,193.104000939814,0.0227787254063141,Relaksasi
174.6,3.95494163467644,193.104000939814,0.0204808891344986,Relaksasi
174.7,3.72171172986432,193.104000939814,0.0192730948698691,Relaksasi
174.8,4.14261050952251,193.104000939814,0.0214527430263533,Relaksasi
174.9,4.72567053270945,193.104000939814,0.0244721523619924,Relaksasi
175,4.40929392487896,193.104000939814,0.022833778189056,Relaksasi
175.1,3.84894869396294,193.104000939814,0.0199319986910192,Relaksasi
175.2,3.83301869606964,193.104000939814,0.0198495042951716,Relaksasi
175.3,3.86850867160021,193.104000939814,0.0200332911424551,Relaksasi
175.4,3.93076414642,193.104000939814,0.0203556846429357,Relaksasi
175.5,4.00754330688671,193.104000939814,0.0207532898716883,Relaksasi
175.6,3.96374835622666,193.104000939814,0.0205264952405728,Relaksasi
175.7,4.05441172019092,193.104000939814,0.0209960006030874,Relaksasi
175.8,4.4617921994871,193.104000939814,0.0231056434759099,Relaksasi
175.9,4.31771559962525,193.104000939814,0.0223595346477103,Relaksasi
176,4.2833924881531,193.104000939814,0.0221817904720065,Relaksasi
176.1,4.30117982652716,193.104000939814,0.0222739032106732,Relaksasi
176.2,4.13774960821787,193.104000939814,0.0214275705737838,Relaksasi
176.3,4.98174021910287,193.104000939814,0.0257982237284435,Relaksasi
176.4,5.02756683790912,193.104000939814,0.0260355394680616,Relaksasi
176.5,4.26410284824624,193.104000939814,0.0220818979798107,Relaksasi
176.6,4.60143050345466,193.104000939814,0.0238287683375801,Relaksasi
176.7,4.94874603559103,193.104000939814,0.0256273614814094,Relaksasi
176.8,4.72149789653576,193.104000939814,0.0244505441293645,Relaksasi
176.9,4.57435002249339,193.104000939814,0.023688530533964,Relaksasi
177,4.7503057684882,193.104000939814,0.0245997273250116,Relaksasi
177.1,4.41960958927593,193.104000939814,0.0228871984410796,Relaksasi
177.2,4.38527781200789,193.104000939814,0.0227094093890612,Relaksasi
177.3,4.39538115879785,193.104000939814,0.0227617301423381,Relaksasi
177.4,4.28811027321746,193.104000939814,0.0222062217890243,Relaksasi
177.5,4.69692107698551,193.104000939814,0.0243232716780915,Relaksasi
177.6,4.37488222221493,193.104000939814,0.0226555752388501,Relaksasi
177.7,4.14442039649848,193.104000939814,0.0214621156285116,Relaksasi
177.8,4.66699740026752,193.104000939814,0.0241683102243031,Relaksasi
177.9,4.19707915668515,193.104000939814,0.0217348119990186,Relaksasi
178,3.53798836064511,193.104000939814,0.0183216730022483,Relaksasi
178.1,4.02362486552965,193.104000939814,0.0208365691334574,Relaksasi
178.2,4.42609677718665,193.104000939814,0.0229207927108987,Relaksasi
178.3,4.29648707227148,193.104000939814,0.0222496015171152,Relaksasi
178.4,4.45982597362958,193.104000939814,0.0230954612640036,Relaksasi
178.5,4.78512841710066,193.104000939814,0.024780058382074,Relaksasi
178.6,4.56947613879784,193.104000939814,0.0236632908513483,Relaksasi
178.7,4.43369677150339,193.104000939814,0.0229601497116845,Relaksasi
178.8,4.2883272071634,193.104000939814,0.0222073451937434,Relaksasi
178.9,4.26045117308459,193.104000939814,0.0220629875732739,Relaksasi
179,4.12669420410074,193.104000939814,0.0213703195377445,Relaksasi
179.1,3.96462227420841,193.104000939814,0.0205310208743117,Relaksasi
179.2,4.41109474686272,193.104000939814,0.0228431038476389,Relaksasi
179.3,4.62000038836805,193.104000939814,0.0239249335377986,Relaksasi
179.4,4.55147076652467,193.104000939814,0.0235700490117927,Relaksasi
179.5,4.87422736429063,193.104000939814,0.0252414623237652,Relaksasi
179.6,5.32322410929448,193.104000939814,0.0275666173843473,Relaksasi
179.7,4.95138444037099,193.104000939814,0.0256410246099159,Relaksasi
179.8,4.11994796355642,193.104000939814,0.021335383749198,Relaksasi
179.9,4.05814430499195,193.104000939814,0.0210153300047718,Relaksasi
180,4.52885408398653,193.104000939814,0.0234529272409953,Relaksasi
180.1,4.31946012215937,193.104000939814,0.0223685687564063,Relaksasi
180.2,4.02737359818506,193.104000939814,0.0208559821577198,Relaksasi
180.3,4.20147254520237,193.104000939814,0.0217575634101537,Relaksasi
180.4,4.42991756692102,193.104000939814,0.0229405788868234,Relaksasi
180.5,4.39624053273714,193.104000939814,0.0227661804589298,Relaksasi
180.6,4.29384477896903,193.104000939814,0.0222359182516748,Relaksasi
180.7,4.47793023915361,193.104000939814,0.0231892152278568,Relaksasi
180.8,4.35562621630167,193.104000939814,0.0225558569221941,Relaksasi
180.9,4.11837655804238,193.104000939814,0.0213272461367902,Relaksasi
181,4.10588148672737,193.104000939814,0.0212625397026708,Relaksasi
181.1,4.09034001929355,193.104000939814,0.0211820573338013,Relaksasi
181.2,3.81523538168485,193.104000939814,0.0197574123949611,Relaksasi
181.3,4.47114605058606,193.104000939814,0.0231540829233239,Relaksasi
181.4,4.95136121337445,193.104000939814,0.0256409043275995,Relaksasi
181.5,4.55581031798186,193.104000939814,0.0235925216246649,Relaksasi
181.6,4.34891359954367,193.104000939814,0.0225210952563284,Relaksasi
181.7,4.14246877903705,193.104000939814,0.0214520090670113,Relaksasi
181.8,4.40174520712853,193.104000939814,0.0227946867268714,Relaksasi
181.9,4.40713893114991,193.104000939814,0.0228226184320413,Relaksasi
182,4.23957465983559,193.104000939814,0.0219548773676469,Relaksasi
182.1,4.05747441483524,193.104000939814,0.0210118609406745,Relaksasi
182.2,3.61930117643448,193.104000939814,0.0187427560217281,Relaksasi
182.3,3.88843350918398,193.104000939814,0.0201364730417777,Relaksasi
182.4,4.58537033832889,193.104000939814,0.0237455998633506,Relaksasi
182.5,4.64354520286796,193.104000939814,0.0240468616924993,Relaksasi
182.6,4.12778152525732,193.104000939814,0.0213759502919044,Relaksasi
182.7,4.30407965523608,193.104000939814,0.0222889201377944,Relaksasi
182.8,4.29141591063795,193.104000939814,0.0222233402195302,Relaksasi
182.9,4.65311327699691,193.104000939814,0.0240964105060008,Relaksasi
183,4.74706754436005,193.104000939814,0.0245829579980563,Relaksasi
183.1,4.54678152633468,193.104000939814,0.0235457655160227,Relaksasi
183.2,4.34373851563705,193.104000939814,0.0224942957913694,Relaksasi
183.3,3.93747828904696,193.104000939814,0.0203904542106002,Relaksasi
183.4,4.21720376695781,193.104000939814,0.0218390284325192,Relaksasi
183.5,4.461688083922,193.104000939814,0.0231051043075623,Relaksasi
183.6,4.83446184116228,193.104000939814,0.0250355343112185,Relaksasi
183.7,4.5298198440704,193.104000939814,0.0234579284842588,Relaksasi
183.8,3.93400294938465,193.104000939814,0.0203724569674286,Relaksasi
183.9,4.20749280362782,193.104000939814,0.0217887396592016,Relaksasi
184,4.32226182255879,193.104000939814,0.022383077520522,Relaksasi
184.1,4.12024474023979,193.104000939814,0.0213369206240526,Relaksasi
184.2,4.26554253628627,193.104000939814,0.0220893534858231,Relaksasi
184.3,4.33998171018373,193.104000939814,0.0224748409616661,Relaksasi
184.4,4.03629849124952,193.104000939814,0.0209022002216699,Relaksasi
184.5,3.91304193821608,193.104000939814,0.0202639091845419,Relaksasi
184.6,4.13854402998147,193.104000939814,0.0214316845318568,Relaksasi
184.7,4.14490776402118,193.104000939814,0.0214646394888165,Relaksasi
184.8,3.85795397440842,193.104000939814,0.0199786330455725,Relaksasi
184.9,3.97727915644852,193.104000939814,0.0205965652554664,Relaksasi
185,4.25366681715186,193.104000939814,0.022027854402031,Relaksasi
185.1,4.2438314873522,193.104000939814,0.0219769215899101,Relaksasi
185.2,4.00795746498888,193.104000939814,0.0207554346128648,Relaksasi
185.3,4.15004842755454,193.104000939814,0.0214912607059241,Relaksasi
185.4,4.47926458871224,193.104000939814,0.0231961252325804,Relaksasi
185.5,4.56399953039175,193.104000939814,0.0236349299247003,Relaksasi
185.6,4.62634640562458,193.104000939814,0.0239577967473937,Relaksasi
185.7,4.74011749621814,193.104000939814,0.0245469667803285,Relaksasi
185.8,4.34950617731269,193.104000939814,0.0225241639538496,Relaksasi
185.9,4.23122172338605,193.104000939814,0.0219116212134042,Relaksasi
186,4.40552783989593,193.104000939814,0.0228142753047827,Relaksasi
186.1,4.44659276205471,193.104000939814,0.0230269323287642,Relaksasi
186.2,4.78671741225353,193.104000939814,0.0247882870834222,Relaksasi
186.3,4.86450470238776,193.104000939814,0.0251911129687257,Relaksasi
186.4,4.4622122105396,193.104000939814,0.023107818526921,Relaksasi
186.5,4.06986479312275,193.104000939814,0.0210760252160246,Relaksasi
186.6,4.32321683938421,193.104000939814,0.0223880231292135,Relaksasi
186.7,4.77625189511221,193.104000939814,0.0247340908104792,Relaksasi
186.8,4.4375091616617,193.104000939814,0.0229798923899292,Relaksasi
186.9,3.6891987868266,193.104000939814,0.0191047247538721,Relaksasi
187,3.80762153670743,193.104000939814,0.0197179836677448,Relaksasi
187.1,4.21746424895676,193.104000939814,0.021840377353296,Relaksasi
187.2,4.72325243901022,193.104000939814,0.0244596301268888,Relaksasi
187.3,5.08836912848626,193.104000939814,0.0263504075716805,Relaksasi
187.4,5.01957041241677,193.104000939814,0.0259941295259919,Relaksasi
187.5,4.54952167843439,193.104000939814,0.0235599555487842,Relaksasi
187.6,4.40421799661218,193.104000939814,0.0228074922071909,Relaksasi
187.7,4.45475163016519,193.104000939814,0.0230691834891274,Relaksasi
187.8,4.20814811754256,193.104000939814,0.0217921332394047,Relaksasi
187.9,3.81066189568271,193.104000939814,0.0197337283388054,Relaksasi
188,3.98768588191739,193.104000939814,0.0206504570724056,Relaksasi
188.1,4.50555657496708,193.104000939814,0.0233322797717245,Relaksasi
188.2,4.18461578175236,193.104000939814,0.0216702697064087,Relaksasi
188.3,3.9390599718647,193.104000939814,0.0203986450446069,Relaksasi
188.4,4.46161058228881,193.104000939814,0.0231047029609676,Relaksasi
188.5,4.60689147243293,193.104000939814,0.0238570482745658,Relaksasi
188.6,4.26623141210645,193.104000939814,0.0220929208682535,Relaksasi
188.7,4.57478400383388,193.104000939814,0.0236907779309023,Relaksasi
188.8,4.80348175686791,193.104000939814,0.0248751021909953,Relaksasi
188.9,4.34200894625164,193.104000939814,0.0224853391184005,Relaksasi
189,4.162410861282,193.104000939814,0.0215552802687881,Relaksasi
189.1,4.46071468543292,193.104000939814,0.023100063508385,Relaksasi
189.2,4.41102833048926,193.104000939814,0.0228427599066893,Relaksasi
189.3,4.22803354825947,193.104000939814,0.0218951110680366,Relaksasi
189.4,4.60585760728641,193.104000939814,0.02385169434538,Relaksasi
189.5,4.46949994059929,193.104000939814,0.0231455584495753,Relaksasi
189.6,4.00373992130863,193.104000939814,0.020733593824172,Relaksasi
189.7,4.12757367993084,193.104000939814,0.0213748739531156,Relaksasi
189.8,4.21395132758519,193.104000939814,0.0218221854911157,Relaksasi
189.9,4.14587272635336,193.104000939814,0.0214696366008778,Relaksasi
190,4.27735667254646,193.104000939814,0.0221505336592152,Relaksasi
190.1,4.58128635219088,193.104000939814,0.0237244507099507,Relaksasi
190.2,4.82628488071383,193.104000939814,0.024993189458659,Relaksasi
190.3,4.50279352155528,193.104000939814,0.023317971143222,Relaksasi
190.4,4.06053492193037,193.104000939814,0.0210277099499143,Relaksasi
190.5,3.8230406493931,193.104000939814,0.0197978324156249,Relaksasi
190.6,3.80663706210677,193.104000939814,0.0197128855102967,Relaksasi
190.7,4.02348477522196,193.104000939814,0.0208358436678689,Relaksasi
190.8,4.64925757305149,193.104000939814,0.0240764435248577,Relaksasi
190.9,4.74029879654619,193.104000939814,0.0245479056543404,Relaksasi
191,4.24148852104142,193.104000939814,0.0219647884062402,Relaksasi
191.1,4.31853655458383,193.104000939814,0.0223637860094355,Relaksasi
191.2,4.37881357795853,193.104000939814,0.0226759339871125,Relaksasi
191.3,4.39922683816966,193.104000939814,0.0227816452106593,Relaksasi
191.4,4.28168759737588,193.104000939814,0.0221729615986071,Relaksasi
191.5,4.20277403276485,193.104000939814,0.0217643032371699,Relaksasi
191.6,4.34604745721306,193.104000939814,0.0225062527760242,Relaksasi
191.7,4.28081690626146,193.104000939814,0.0221684526753835,Relaksasi
191.8,4.11015951008624,193.104000939814,0.0212846936888029,Relaksasi
191.9,4.33974747033301,193.104000939814,0.0224736279373394,Relaksasi
192,4.91588473781842,193.104000939814,0.0254571873906983,Relaksasi
192.1,4.74087950397542,193.104000939814,0.024550912880635,Relaksasi
192.2,4.19708588772609,193.104000939814,0.0217348468560951,Relaksasi
192.3,4.14903286150172,193.104000939814,0.0214860015396309,Relaksasi
192.4,4.48525768408872,193.104000939814,0.0232271608162416,Relaksasi
192.5,5.00583192963275,193.104000939814,0.0259229840151937,Relaksasi
192.6,4.63472875712217,193.104000939814,0.0240012052291279,Relaksasi
192.7,4.21210874272199,193.104000939814,0.0218126435610975,Relaksasi
192.8,4.35936593239934,193.104000939814,0.0225752232537018,Relaksasi
192.9,4.28136675742504,193.104000939814,0.0221713001107597,Relaksasi
193,4.08248636731326,193.104000939814,0.0211413867524458,Relaksasi
193.1,3.97486961815045,193.104000939814,0.020584087324992,Relaksasi
193.2,4.38899255434112,193.104000939814,0.0227286463925161,Relaksasi
193.3,4.51399233557041,193.104000939814,0.0233759648355361,Relaksasi
193.4,4.52726377358646,193.104000939814,0.023444691728565,Relaksasi
193.5,5.13697261150589,193.104000939814,0.0266021034598189,Relaksasi
193.6,5.12565074987867,193.104000939814,0.0265434725584802,Relaksasi
193.7,4.48719086237669,193.104000939814,0.0232371718894382,Relaksasi
193.8,4.37905815423263,193.104000939814,0.0226772005391928,Relaksasi
193.9,4.34866288879823,193.104000939814,0.022519796936541,Relaksasi
194,4.39116999625069,193.104000939814,0.0227399223987044,Relaksasi
194.1,4.90672657770794,193.104000939814,0.0254097613401458,Relaksasi
194.2,4.59142887022488,193.104000939814,0.0237769743137323,Relaksasi
194.3,4.27754094522752,193.104000939814,0.0221514879257252,Relaksasi
194.4,4.42859429105077,193.104000939814,0.022933726227822,Relaksasi
194.5,4.49783468288686,193.104000939814,0.0232922915164701,Relaksasi
194.6,4.85854143689128,193.104000939814,0.0251602318607867,Relaksasi
194.7,4.66140435838114,193.104000939814,0.0241393463402864,Relaksasi
194.8,4.34485297186896,193.104000939814,0.022500067066053,Relaksasi
194.9,4.25413469612411,193.104000939814,0.0220302773397742,Relaksasi
195,4.06952797444728,193.104000939814,0.0210742809814472,Relaksasi
195.1,4.30482919837251,193.104000939814,0.0222928016893562,Relaksasi
195.2,4.3736571345908,193.104000939814,0.0226492310532394,Relaksasi
195.3,4.38831388178803,193.104000939814,0.022725131848282,Relaksasi
195.4,4.41395096456562,193.104000939814,0.0228578949326967,Relaksasi
195.5,4.50373256863062,193.104000939814,0.0233228340516587,Relaksasi
195.6,4.22129783389924,193.104000939814,0.0218602297899303,Relaksasi
195.7,3.76488422348784,193.104000939814,0.0194966660719851,Relaksasi
195.8,4.17382119032682,193.104000939814,0.0216143693036568,Relaksasi
195.9,3.90264933030993,193.104000939814,0.0202100904762004,Relaksasi
196,3.9109842741975,193.104000939814,0.0202532534549425,Relaksasi
196.1,4.03282543074276,193.104000939814,0.0208842147812344,Relaksasi
196.2,4.10950858365075,193.104000939814,0.0212813228294094,Relaksasi
196.3,4.51302215882405,193.104000939814,0.0233709407203358,Relaksasi
196.4,4.27142731477647,193.104000939814,0.0221198281443572,Relaksasi
196.5,4.2759437193938,193.104000939814,0.0221432166013304,Relaksasi
196.6,4.16951051342027,193.104000939814,0.0215920462192796,Relaksasi
196.7,4.23910971685693,193.104000939814,0.0219524696341127,Relaksasi
196.8,4.28017113084835,193.104000939814,0.0221651084908509,Relaksasi
196.9,4.35671530207455,193.104000939814,0.0225614968145194,Relaksasi
197,4.67352818852293,193.104000939814,0.0242021302809752,Relaksasi
197.1,4.43319938963167,193.104000939814,0.0229575739915063,Relaksasi
197.2,4.43560476350019,193.104000939814,0.0229700303562466,Relaksasi
197.3,4.53982609798785,193.104000939814,0.0235097464365993,Relaksasi
197.4,5.12853585355102,193.104000939814,0.0265584132311659,Relaksasi
197.5,4.91998536686203,193.104000939814,0.025478422730327,Relaksasi
197.6,4.60977771464513,193.104000939814,0.0238719948432446,Relaksasi
197.7,4.47034713486289,193.104000939814,0.0231499456930268,Relaksasi
197.8,4.01030024643029,193.104000939814,0.0207675668391781,Relaksasi
197.9,4.24827763549848,193.104000939814,0.0219999462197708,Relaksasi
198,4.03773129765422,193.104000939814,0.0209096200907442,Relaksasi
198.1,4.40135417444893,193.104000939814,0.0227926617420047,Relaksasi
198.2,4.66323815366692,193.104000939814,0.0241488427529803,Relaksasi
198.3,4.16595734517079,193.104000939814,0.0215736459363637,Relaksasi
198.4,3.98444947345916,193.104000939814,0.0206336971479997,Relaksasi
198.5,4.38738439613183,193.104000939814,0.0227203184541955,Relaksasi
198.6,4.60512752927034,193.104000939814,0.0238479135950459,Relaksasi
198.7,4.37425172061613,193.104000939814,0.0226523101506296,Relaksasi
198.8,3.90910077795143,193.104000939814,0.0202434996630122,Relaksasi
198.9,3.81599544885372,193.104000939814,0.0197613484458206,Relaksasi
199,4.27980592217876,193.104000939814,0.0221632172370819,Relaksasi
199.1,4.36479387655689,193.104000939814,0.022603332169784,Relaksasi
199.2,4.05980905732314,193.104000939814,0.0210239510189563,Relaksasi
199.3,3.91420266615673,193.104000939814,0.0202699200798885,Relaksasi
199.4,4.4435095807711,193.104000939814,0.0230109658999559,Relaksasi
199.5,4.58103719563979,193.104000939814,0.0237231604386468,Relaksasi
199.6,4.51445062299123,193.104000939814,0.0233783381028873,Relaksasi
199.7,4.40098412297202,193.104000939814,0.0227907454094838,Relaksasi
199.8,4.32449408727057,193.104000939814,0.0223946374296948,Relaksasi
199.9,4.67676117926122,193.104000939814,0.024218872506525,Relaksasi
200,4.2662733732549,193.104000939814,0.022093138166436,Relaksasi
200.1,4.08701214608186,193.104000939814,0.021164823753992,Relaksasi
200.2,4.10049223416119,193.104000939814,0.0212346311531848,Relaksasi
200.3,4.40907292898153,193.104000939814,0.0228326337492911,Relaksasi
200.4,4.7217783615316,193.104000939814,0.0244519965332219,Relaksasi
200.5,4.63865407119334,193.104000939814,0.0240215326902476,Relaksasi
200.6,4.58992721867298,193.104000939814,0.023769197926166,Relaksasi
200.7,4.4911722055851,193.104000939814,0.0232577895006168,Relaksasi
200.8,4.41379999240158,193.104000939814,0.0228571131147991,Relaksasi
200.9,4.59844776701991,193.104000939814,0.0238133220681075,Relaksasi
201,4.73487696075197,193.104000939814,0.0245198283707634,Relaksasi
201.1,4.51850057450607,193.104000939814,0.0233993110060645,Relaksasi
201.2,4.19045597456816,193.104000939814,0.021700513475504,Relaksasi
201.3,4.22432338872796,193.104000939814,0.0218758977968799,Relaksasi
201.4,4.43601986623683,193.104000939814,0.0229721799892662,Relaksasi
201.5,4.48130755372662,193.104000939814,0.0232067048425545,Relaksasi
201.6,4.70319715043764,193.104000939814,0.024355772679736,Relaksasi
201.7,4.4242430146056,193.104000939814,0.0229111928964358,Relaksasi
201.8,4.50506830476125,193.104000939814,0.0233297512368239,Relaksasi
201.9,4.96482889980764,193.104000939814,0.0257106475041657,Relaksasi
202,4.65568603302268,193.104000939814,0.0241097336687175,Relaksasi
202.1,4.32507908775675,193.104000939814,0.0223976668878279,Relaksasi
202.2,4.64920492276347,193.104000939814,0.0240761708723608,Relaksasi
202.3,4.65551450489363,193.104000939814,0.0241088454005914,Relaksasi
202.4,4.46975650501051,193.104000939814,0.0231468870829022,Relaksasi
202.5,4.15594551504306,193.104000939814,0.0215217991073027,Relaksasi
202.6,4.17854203531133,193.104000939814,0.0216388164666443,Relaksasi
202.7,4.59892983045287,193.104000939814,0.0238158184608835,Relaksasi
202.8,4.51182041301542,193.104000939814,0.023364717411638,Relaksasi
202.9,4.29306246984973,193.104000939814,0.0222318670196159,Relaksasi
203,3.97375043256635,193.104000939814,0.0205782915590904,Relaksasi
203.1,3.7125915864937,193.104000939814,0.0192258656911559,Relaksasi
203.2,3.9627328776228,193.104000939814,0.0205212365271391,Relaksasi
203.3,4.16023438631743,193.104000939814,0.0215440092699793,Relaksasi
203.4,4.01254012569691,193.104000939814,0.0207791661807543,Relaksasi
203.5,3.72593265017814,193.104000939814,0.01929495314465,Relaksasi
203.6,3.91523201456765,193.104000939814,0.0202752506189033,Relaksasi
203.7,4.16427777800471,193.104000939814,0.0215649482027181,Relaksasi
203.8,3.82269116618033,193.104000939814,0.0197960225970242,Relaksasi
203.9,3.86015791450457,193.104000939814,0.0199900462741199,Relaksasi
204,4.06375978745021,193.104000939814,0.0210444100985603,Relaksasi
204.1,4.16093886779347,193.104000939814,0.0215476574671819,Relaksasi
204.2,3.93129378586477,193.104000939814,0.020358427410782,Relaksasi
204.3,3.81777168751539,193.104000939814,0.0197705467982784,Relaksasi
204.4,4.42381157711916,193.104000939814,0.0229089586729897,Relaksasi
204.5,4.58861241115744,193.104000939814,0.0237623891210189,Relaksasi
204.6,4.08699061875601,193.104000939814,0.0211647122735165,Relaksasi
204.7,4.03618149430994,193.104000939814,0.0209015943463954,Relaksasi
204.8,4.62130616089314,193.104000939814,0.0239316955547364,Relaksasi
204.9,4.87841238375743,193.104000939814,0.0252631346839775,Relaksasi
205,4.49155331297916,193.104000939814,0.0232597630868305,Relaksasi
205.1,4.21244436843053,193.104000939814,0.0218143816178281,Relaksasi
205.2,4.73645293277346,193.104000939814,0.0245279896310886,Relaksasi
205.3,4.89313741711335,193.104000939814,0.0253393891027584,Relaksasi
205.4,4.35153884551024,193.104000939814,0.0225346902411749,Relaksasi
205.5,4.32528401166746,193.104000939814,0.0223987280978997,Relaksasi
205.6,4.54377694917503,193.104000939814,0.0235302061431199,Relaksasi
205.7,4.59778965221916,193.104000939814,0.0238099139833576,Relaksasi
205.8,4.36925364379141,193.104000939814,0.0226264273268642,Relaksasi
205.9,4.07521971228178,193.104000939814,0.0211037559680182,Relaksasi
206,4.04369185792363,193.104000939814,0.0209404871895118,Relaksasi
206.1,4.09237128958716,193.104000939814,0.0211925763820019,Relaksasi
206.2,4.1248724792175,193.104000939814,0.0213608856323134,Relaksasi
206.3,3.96719099233577,193.104000939814,0.0205443231265429,Relaksasi
206.4,4.07166619265137,193.104000939814,0.0210853538654563,Relaksasi
206.5,4.13622334718779,193.104000939814,0.0214196667446417,Relaksasi
206.6,4.814207797769,193.104000939814,0.0249306476009759,Relaksasi
206.7,4.82462792159478,193.104000939814,0.0249846088020647,Relaksasi
206.8,4.43718273741954,193.104000939814,0.0229782019835131,Relaksasi
206.9,4.8591972528526,193.104000939814,0.0251636280408665,Relaksasi
207,4.57986394998562,193.104000939814,0.0237170847196121,Relaksasi
207.1,4.28824348155803,193.104000939814,0.0222069116159565,Relaksasi
207.2,4.44419074977272,193.104000939814,0.02301449337219,Relaksasi
207.3,4.52325441853794,193.104000939814,0.0234239290564867,Relaksasi
207.4,4.35549530323695,193.104000939814,0.0225551789814778,Relaksasi
207.5,4.22103868529787,193.104000939814,0.0218588877742284,Relaksasi
207.6,4.52816786819456,193.104000939814,0.0234493736336716,Relaksasi
207.7,4.63160079060709,193.104000939814,0.0239850068774632,Relaksasi
207.8,4.82623370045093,193.104000939814,0.0249929244187704,Relaksasi
207.9,4.35790761584296,193.104000939814,0.022567671278863,Relaksasi
208,3.74593404021182,193.104000939814,0.0193985314751678,Relaksasi
208.1,3.82900041498567,193.104000939814,0.0198286953991134,Relaksasi
208.2,3.83212702070293,193.104000939814,0.0198448867038095,Relaksasi
208.3,4.05017376877963,193.104000939814,0.0209740541318043,Relaksasi
208.4,3.79427031877514,193.104000939814,0.0196488436299035,Relaksasi
208.5,3.96855460190408,193.104000939814,0.0205513846558829,Relaksasi
208.6,4.07339141691672,193.104000939814,0.021094288036975,Relaksasi
208.7,4.38208176301499,193.104000939814,0.0226928584684312,Relaksasi
208.8,4.52997598275229,193.104000939814,0.0234587370572616,Relaksasi
208.9,4.3360217667903,193.104000939814,0.0224543341706407,Relaksasi
209,4.15103238746314,193.104000939814,0.0214963561980102,Relaksasi
209.1,3.95725555141762,193.104000939814,0.0204928718833279,Relaksasi
209.2,4.24950649077535,193.104000939814,0.0220063099163845,Relaksasi
209.3,4.34872349352759,193.104000939814,0.0225201107815627,Relaksasi
209.4,4.51709252648603,193.104000939814,0.0233920193496866,Relaksasi
209.5,4.16735220937774,193.104000939814,0.0215808693196192,Relaksasi
209.6,3.86795252023627,193.104000939814,0.0200304110811346,Relaksasi
209.7,4.01745042470524,193.104000939814,0.0208045944421286,Relaksasi
209.8,3.97837569983066,193.104000939814,0.0206022437674434,Relaksasi
209.9,4.33064505165338,193.104000939814,0.0224264905469419,Relaksasi
210,4.83648081361195,193.104000939814,0.0250459896743381,Relaksasi
210.1,4.58122868359554,193.104000939814,0.0237241520698652,Relaksasi
210.2,4.19872577131443,193.104000939814,0.021743339086087,Relaksasi
210.3,4.4581663285678,193.104000939814,0.0230868666981028,Relaksasi
210.4,4.59448399541524,193.104000939814,0.0237927954524735,Relaksasi
210.5,4.73850939936785,193.104000939814,0.024538639159759,Relaksasi
210.6,4.3850534354321,193.104000939814,0.0227082474422621,Relaksasi
210.7,4.10642134975578,193.104000939814,0.0212653354139237,Relaksasi
210.8,4.74717619153191,193.104000939814,0.024583520633586,Relaksasi
210.9,4.51072687599112,193.104000939814,0.0233590544682553,Relaksasi
211,4.33065619161749,193.104000939814,0.0224265482358766,Relaksasi
211.1,4.25915122509915,193.104000939814,0.0220562557190445,Relaksasi
211.2,4.01997734568791,193.104000939814,0.02081768024548,Relaksasi
211.3,4.04849051799664,193.104000939814,0.0209653373223399,Relaksasi
211.4,4.32513135240745,193.104000939814,0.0223979375432801,Relaksasi
211.5,4.87019217164306,193.104000939814,0.0252205658502177,Relaksasi
211.6,4.51018995558621,193.104000939814,0.0233562739955447,Relaksasi
211.7,3.94719421214802,193.104000939814,0.020440768668373,Relaksasi
211.8,3.85413967616649,193.104000939814,0.0199588804862088,Relaksasi
211.9,3.91545497080855,193.104000939814,0.0202764052104177,Relaksasi
212,4.41728620708796,193.104000939814,0.0228751666748983,Relaksasi
212.1,4.45924852587888,193.104000939814,0.0230924709181387,Relaksasi
212.2,4.16755945111075,193.104000939814,0.021581942532665,Relaksasi
212.3,4.31517713093725,193.104000939814,0.0223463890439132,Relaksasi
212.4,4.0590099195855,193.104000939814,0.0210198126389448,Relaksasi
212.5,3.77374502700931,193.104000939814,0.0195425522446089,Relaksasi
212.6,4.3060190400497,193.104000939814,0.0222989633518354,Relaksasi
212.7,4.66661994860768,193.104000939814,0.024166355569516,Relaksasi
212.8,4.31377465000063,193.104000939814,0.022339126216992,Relaksasi
212.9,3.88196826376992,193.104000939814,0.0201029924024197,Relaksasi
213,3.65416538972713,193.104000939814,0.0189233023238398,Relaksasi
213.1,3.93165483638278,193.104000939814,0.0203602971313277,Relaksasi
