Time_s,RMS,RMS_max,RMS_norm,Class
0.1,192.958220229704,192.958220229704,1,Kontraksi
0.2,11.3480074643135,192.958220229704,0.0588106972110565,Relaksasi
0.3,7.95338514728547,192.958220229704,0.0412181721919776,Relaksasi
0.4,6.45031416913672,192.958220229704,0.0334285534011355,Relaksasi
0.5,5.19455369220044,192.958220229704,0.0269206136230769,Relaksasi
0.6,3.76307602523977,192.958220229704,0.0195020249500648,Relaksasi
0.7,3.56893179259608,192.958220229704,0.0184958784774627,Relaksasi
0.8,3.5563363908894,192.958220229704,0.0184306031982251,Relaksasi
0.9,4.32070395856142,192.958220229704,0.0223919144435408,Relaksasi
1,4.51273425299974,192.958220229704,0.0233871054968668,Relaksasi
1.1,4.22189638139511,192.958220229704,0.0218798472351643,Relaksasi
1.2,4.25253237612187,192.958220229704,0.0220386173289717,Relaksasi
1.3,4.4838429563453,192.958220229704,0.0232373772467822,Relaksasi
1.4,4.45854704274898,192.958220229704,0.0231062819580393,Relaksasi
1.5,4.04782120034041,192.958220229704,0.0209777080008396,Relaksasi
1.6,3.67822740832158,192.958220229704,0.0190622996208345,Relaksasi
1.7,3.19326544272729,192.958220229704,0.0165489992544807,Relaksasi
1.8,3.57919355340635,192.958220229704,0.0185490597350326,Relaksasi
1.9,4.0507586760505,192.958220229704,0.020992931377727,Relaksasi
2,18.2883954333237,192.958220229704,0.0947790429013734,Relaksasi
2.1,18.2941540287324,192.958220229704,0.0948088866437227,Relaksasi
2.2,10.8487956440278,192.958220229704,0.0562235474141141,Relaksasi
2.3,15.0690333030113,192.958220229704,0.0780947983717544,Relaksasi
2.4,11.2380867070274,192.958220229704,0.0582410362909092,Relaksasi
2.5,4.15696959455047,192.958220229704,0.0215433661732674,Relaksasi
2.6,4.5589664117552,192.958220229704,0.0236267022277054,Relaksasi
2.7,4.3926580757817,192.958220229704,0.0227648144274576,Relaksasi
2.8,4.24812197067877,192.958220229704,0.0220157605393627,Relaksasi
2.9,9.68527921089994,192.958220229704,0.0501936595360917,Relaksasi
3,55.6349305541431,192.958220229704,0.288326304460694,Relaksasi
3.1,55.2719336372811,192.958220229704,0.286445084181869,Relaksasi
3.2,45.4719027565301,192.958220229704,0.235656727670886,Relaksasi
3.3,56.3109822765009,192.958220229704,0.291829921573005,Relaksasi
3.4,41.7342140552062,192.958220229704,0.216286271740714,Relaksasi
3.5,24.6183017869078,192.958220229704,0.127583586527702,Relaksasi
3.6,4.45837014961625,192.958220229704,0.0231053652148577,Relaksasi
3.7,5.19433789104093,192.958220229704,0.0269194952402516,Relaksasi
3.8,5.17117957447008,192.958220229704,0.0267994779818872,Relaksasi
3.9,3.79198251763591,192.958220229704,0.0196518319516101,Relaksasi
4,3.80597164488049,192.958220229704,0.0197243301702811,Relaksasi
4.1,4.17142015654671,192.958220229704,0.0216182557632472,Relaksasi
4.2,4.02711908577449,192.958220229704,0.0208704199332916,Relaksasi
4.3,4.29086828280655,192.958220229704,0.0222372919780177,Relaksasi
4.4,4.62250192396521,192.958220229704,0.0239559730518992,Relaksasi
4.5,4.15959539398113,192.958220229704,0.02155697429749,Relaksasi
4.6,3.73532246522853,192.958220229704,0.0193581929848953,Relaksasi
4.7,3.73713973747371,192.958220229704,0.019367610942021,Relaksasi
4.8,43.8313760806642,192.958220229704,0.22715474898393,Relaksasi
4.9,65.3854163907596,192.958220229704,0.338857895314969,Relaksasi
5,52.2863179667898,192.958220229704,0.270972223440631,Relaksasi
5.1,19.5194677929579,192.958220229704,0.101159037276159,Relaksasi
5.2,4.25377610316627,192.958220229704,0.0220450629058583,Relaksasi
5.3,21.2204428208921,192.958220229704,0.109974287675491,Relaksasi
5.4,37.8761491607676,192.958220229704,0.19629196991804,Relaksasi
5.5,42.678341167566,192.958220229704,0.221179181258825,Relaksasi
5.6,40.3290505186132,192.958220229704,0.209004055233326,Relaksasi
5.7,38.0416128611054,192.958220229704,0.197149480420266,Relaksasi
5.8,38.3111586601576,192.958220229704,0.198546393175428,Relaksasi
5.9,41.3089053742402,192.958220229704,0.214082122674353,Relaksasi
6,39.5690724123384,192.958220229704,0.20506549223575,Relaksasi
6.1,26.2970247077704,192.958220229704,0.136283516071332,Relaksasi
6.2,4.38227823750629,192.958220229704,0.0227110212370817,Relaksasi
6.3,3.86923557362711,192.958220229704,0.0200521935215875,Relaksasi
6.4,3.86517345256757,192.958220229704,0.0200311417050092,Relaksasi
6.5,3.98541210236857,192.958220229704,0.0206542747835475,Relaksasi
6.6,4.11680460777092,192.958220229704,0.0213352123732803,Relaksasi
6.7,4.22998286642234,192.958220229704,0.0219217551933617,Relaksasi
6.8,4.07204256610374,192.958220229704,0.021103234478719,Relaksasi
6.9,4.41903374604773,192.958220229704,0.0229015055216988,Relaksasi
7,5.03752119198433,192.958220229704,0.0261067975543488,Relaksasi
7.1,4.80393547951665,192.958220229704,0.0248962468341483,Relaksasi
7.2,3.97052678624196,192.958220229704,0.0205771320937523,Relaksasi
7.3,3.68549376310715,192.958220229704,0.0190999572794557,Relaksasi
7.4,4.27486904431515,192.958220229704,0.0221543764200676,Relaksasi
7.5,4.56097253114125,192.958220229704,0.0236370988792896,Relaksasi
7.6,4.41325251236294,192.958220229704,0.0228715444571849,Relaksasi
7.7,4.13716990374276,192.958220229704,0.0214407548888964,Relaksasi
7.8,4.22780512624497,192.958220229704,0.0219104691223419,Relaksasi
7.9,4.30064261982009,192.958220229704,0.0222879471768576,Relaksasi
8,4.26650866894811,192.958220229704,0.0221110490336671,Relaksasi
8.1,4.55030200005918,192.958220229704,0.0235817991824466,Relaksasi
8.2,4.57089244667921,192.958220229704,0.0236885085343235,Relaksasi
8.3,4.18225525980707,192.958220229704,0.021674408350307,Relaksasi
8.4,3.93020025187487,192.958220229704,0.0203681410783963,Relaksasi
8.5,4.18592289739905,192.958220229704,0.0216934157685326,Relaksasi
8.6,3.92726715700744,192.958220229704,0.0203529404050903,Relaksasi
8.7,3.90227690853909,192.958220229704,0.020223429216406,Relaksasi
8.8,4.31256280120364,192.958220229704,0.0223497231476836,Relaksasi
8.9,4.30255690086352,192.958220229704,0.0222978678790757,Relaksasi
9,4.33642575932233,192.958220229704,0.0224733921890455,Relaksasi
9.1,4.34576931946234,192.958220229704,0.0225218149000804,Relaksasi
9.2,4.81920420832707,192.958220229704,0.0249753765483022,Relaksasi
9.3,4.61695199792154,192.958220229704,0.0239272107320713,Relaksasi
9.4,4.19678228510537,192.958220229704,0.0217496942089815,Relaksasi
9.5,4.20445966064141,192.958220229704,0.0217894819699119,Relaksasi
9.6,4.1444975273814,192.958220229704,0.021478730071451,Relaksasi
9.7,4.48877618597284,192.958220229704,0.023262943556534,Relaksasi
9.8,4.38599215960811,192.958220229704,0.0227302685233461,Relaksasi
9.9,4.04869402556574,192.958220229704,0.0209822313905365,Relaksasi
10,4.31342532959069,192.958220229704,0.0223541931743351,Relaksasi
10.1,4.71548551146126,192.958220229704,0.0244378576141913,Relaksasi
10.2,4.57535864019744,192.958220229704,0.0237116544439039,Relaksasi
10.3,4.51052987070043,192.958220229704,0.0233756813538752,Relaksasi
10.4,4.21318718615229,192.958220229704,0.0218347121005613,Relaksasi
10.5,3.84827902999536,192.958220229704,0.0199435868832861,Relaksasi
10.6,4.44850497477661,192.958220229704,0.0230542392517975,Relaksasi
10.7,4.66808249884963,192.958220229704,0.0241921929695071,Relaksasi
10.8,4.28642025589241,192.958220229704,0.0222142402163003,Relaksasi
10.9,3.98690848432989,192.958220229704,0.0206620297367158,Relaksasi
11,3.92850268208718,192.958220229704,0.0203593434755491,Relaksasi
11.1,3.88004471078639,192.958220229704,0.0201082115401327,Relaksasi
11.2,4.33611993217055,192.958220229704,0.0224718072493035,Relaksasi
11.3,4.58991892948079,192.958220229704,0.0237871126921507,Relaksasi
11.4,4.27746850743769,192.958220229704,0.0221678480571891,Relaksasi
11.5,4.02558018365429,192.958220229704,0.0208624446207169,Relaksasi
11.6,3.84891350696327,192.958220229704,0.0199468750405212,Relaksasi
11.7,4.21748802881611,192.958220229704,0.02185700108446,Relaksasi
11.8,4.4153081502384,192.958220229704,0.0228821977368068,Relaksasi
11.9,4.44750076081288,192.958220229704,0.0230490349440331,Relaksasi
12,4.20186058422391,192.958220229704,0.0217760123368773,Relaksasi
12.1,3.89921927573405,192.958220229704,0.0202075831290955,Relaksasi
12.2,4.31542430777179,192.958220229704,0.0223645528168459,Relaksasi
12.3,4.41134100602627,192.958220229704,0.0228616381347987,Relaksasi
12.4,4.34085609001094,192.958220229704,0.0224963522406221,Relaksasi
12.5,4.13122183646334,192.958220229704,0.0214099292144455,Relaksasi
12.6,4.21488651017322,192.958220229704,0.021843518794668,Relaksasi
12.7,4.50570855548978,192.958220229704,0.0233506950371228,Relaksasi
12.8,4.41112025963623,192.958220229704,0.0228604941234693,Relaksasi
12.9,4.26603175651858,192.958220229704,0.0221085774497721,Relaksasi
13,4.0579927861998,192.958220229704,0.0210304219295195,Relaksasi
13.1,4.23051266580669,192.958220229704,0.0219245008622621,Relaksasi
13.2,4.48435237085659,192.958220229704,0.0232400172717093,Relaksasi
13.3,4.28248305202491,192.958220229704,0.0221938357792008,Relaksasi
13.4,4.05192441988102,192.958220229704,0.020998972809023,Relaksasi
13.5,4.75155887066928,192.958220229704,0.0246248066810156,Relaksasi
13.6,4.74439370292483,192.958220229704,0.024587673421101,Relaksasi
13.7,4.54281696225295,192.958220229704,0.0235430082058439,Relaksasi
13.8,4.42090648189302,192.958220229704,0.0229112109172143,Relaksasi
13.9,3.49204951486163,192.958220229704,0.0180974384543171,Relaksasi
14,3.89144950496609,192.958220229704,0.0201673165327374,Relaksasi
14.1,4.4132850991869,192.958220229704,0.0228717133373908,Relaksasi
14.2,4.48055933938655,192.958220229704,0.0232203600035943,Relaksasi
14.3,4.28823205469867,192.958220229704,0.0222236298074983,Relaksasi
14.4,4.53196165247689,192.958220229704,0.0234867508991423,Relaksasi
14.5,4.86538120370696,192.958220229704,0.0252146873966554,Relaksasi
14.6,4.31974490548809,192.958220229704,0.0223869441806922,Relaksasi
14.7,4.04717212660369,192.958220229704,0.0209743441963022,Relaksasi
14.8,4.32936263032872,192.958220229704,0.0224367877417967,Relaksasi
14.9,4.24100375322675,192.958220229704,0.0219788705978845,Relaksasi
15,4.36352959837688,192.958220229704,0.0226138569954801,Relaksasi
15.1,4.8356163236898,192.958220229704,0.0250604318278503,Relaksasi
15.2,4.57005539511197,192.958220229704,0.0236841705405016,Relaksasi
15.3,3.82731621504712,192.958220229704,0.0198349477440814,Relaksasi
15.4,4.10660187132804,192.958220229704,0.0212823370076663,Relaksasi
15.5,4.5899279127138,192.958220229704,0.0237871592474775,Relaksasi
15.6,4.42328272694829,192.958220229704,0.0229235257336157,Relaksasi
15.7,4.11313721874724,192.958220229704,0.0213162062432522,Relaksasi
15.8,4.01857621363203,192.958220229704,0.0208261467630049,Relaksasi
15.9,4.18236092192925,192.958220229704,0.0216749559409826,Relaksasi
16,4.14042967185985,192.958220229704,0.021457648536201,Relaksasi
16.1,4.3532246866014,192.958220229704,0.0225604521093695,Relaksasi
16.2,4.34548777181795,192.958220229704,0.0225203557881336,Relaksasi
16.3,4.39988125290382,192.958220229704,0.0228022483191753,Relaksasi
16.4,4.40207170069864,192.958220229704,0.022813600247029,Relaksasi
16.5,3.91911607649281,192.958220229704,0.0203106976827801,Relaksasi
16.6,4.30496762447005,192.958220229704,0.0223103613795011,Relaksasi
16.7,4.31117897827519,192.958220229704,0.022342551528217,Relaksasi
16.8,4.88958742391832,192.958220229704,0.0253401353831809,Relaksasi
16.9,4.9785661429458,192.958220229704,0.0258012648386742,Relaksasi
17,4.57979270296083,192.958220229704,0.0237346338368425,Relaksasi
17.1,4.71716616284654,192.958220229704,0.024446567537942,Relaksasi
17.2,3.96463840726688,192.958220229704,0.02054661575209,Relaksasi
17.3,3.9155500048525,192.958220229704,0.0202922166269532,Relaksasi
17.4,4.63542845892433,192.958220229704,0.0240229644189616,Relaksasi
17.5,4.65191656085461,192.958220229704,0.0241084134965425,Relaksasi
17.6,4.2771075609674,192.958220229704,0.0221659774632861,Relaksasi
17.7,4.12524683056283,192.958220229704,0.0213789639314252,Relaksasi
17.8,4.23712254993231,192.958220229704,0.0219587563820204,Relaksasi
17.9,4.27242965386515,192.958220229704,0.0221417343546137,Relaksasi
18,4.03553561019113,192.958220229704,0.0209140383104027,Relaksasi
18.1,3.97208246271931,192.958220229704,0.0205851943389134,Relaksasi
18.2,3.899741940705,192.958220229704,0.0202102918241193,Relaksasi
18.3,4.38600179345109,192.958220229704,0.0227303184504389,Relaksasi
18.4,4.64712371739899,192.958220229704,0.0240835747337787,Relaksasi
18.5,4.24893384182185,192.958220229704,0.0220199680364163,Relaksasi
18.6,4.09091469401335,192.958220229704,0.0212010386970993,Relaksasi
18.7,4.6387562018146,192.958220229704,0.0240402103434229,Relaksasi
18.8,4.62709201389943,192.958220229704,0.0239797610508181,Relaksasi
18.9,4.27324423094707,192.958220229704,0.0221459558751116,Relaksasi
19,4.54643029538916,192.958220229704,0.0235617341929094,Relaksasi
19.1,4.64731038759457,192.958220229704,0.0240845421462857,Relaksasi
19.2,4.78627300736068,192.958220229704,0.0248047116192456,Relaksasi
19.3,4.46504304886214,192.958220229704,0.0231399473085252,Relaksasi
19.4,4.22098230873328,192.958220229704,0.0218751100819052,Relaksasi
19.5,4.29318169003901,192.958220229704,0.0222492811393486,Relaksasi
19.6,4.42082739466659,192.958220229704,0.0229108010501128,Relaksasi
19.7,4.15694078563649,192.958220229704,0.021543216871963,Relaksasi
19.8,3.88556374498497,192.958220229704,0.0201368137639302,Relaksasi
19.9,4.04811793379937,192.958220229704,0.0209792458128001,Relaksasi
20,4.01630318246561,192.958220229704,0.0208143668493857,Relaksasi
20.1,4.67543848405153,192.958220229704,0.0242303151349848,Relaksasi
20.2,4.79246140759735,192.958220229704,0.0248367828118038,Relaksasi
20.3,4.22552263393371,192.958220229704,0.0218986401766326,Relaksasi
20.4,3.76651804574166,192.958220229704,0.0195198631147089,Relaksasi
20.5,4.093615374617,192.958220229704,0.0212150348906817,Relaksasi
20.6,4.33287624689686,192.958220229704,0.0224549969508367,Relaksasi
20.7,4.00672986163594,192.958220229704,0.0207647534106927,Relaksasi
20.8,4.28309578886568,192.958220229704,0.0221970112689003,Relaksasi
20.9,4.59004361408456,192.958220229704,0.023787758866248,Relaksasi
21,4.17733571076437,192.958220229704,0.0216489129397625,Relaksasi
21.1,3.84076469384114,192.958220229704,0.0199046440689024,Relaksasi
21.2,4.3199187142185,192.958220229704,0.0223878449390543,Relaksasi
21.3,4.6382900484283,192.958220229704,0.0240377945179362,Relaksasi
21.4,4.56524329853944,192.958220229704,0.0236592319990557,Relaksasi
21.5,4.42143617178545,192.958220229704,0.0229139560186761,Relaksasi
21.6,4.46187308862505,192.958220229704,0.0231235190877771,Relaksasi
21.7,4.76057920908043,192.958220229704,0.0246715543054516,Relaksasi
21.8,4.54441552218566,192.958220229704,0.0235512926931843,Relaksasi
21.9,3.92609807941702,192.958220229704,0.0203468816966868,Relaksasi
22,3.70576303266521,192.958220229704,0.0192050021411565,Relaksasi
22.1,3.73945486486328,192.958220229704,0.0193796090180129,Relaksasi
22.2,3.90425663553858,192.958220229704,0.0202336890902644,Relaksasi
22.3,3.87505560895818,192.958220229704,0.0200823556744315,Relaksasi
22.4,3.77979960015265,192.958220229704,0.0195886943590849,Relaksasi
22.5,3.94048719684203,192.958220229704,0.0204214528520793,Relaksasi
22.6,3.98034159427284,192.958220229704,0.0206279970323861,Relaksasi
22.7,4.0106290097633,192.958220229704,0.0207849606250976,Relaksasi
22.8,3.87249974155901,192.958220229704,0.0200691099707961,Relaksasi
22.9,3.85524556709398,192.958220229704,0.0199796907460308,Relaksasi
23,4.00591638087642,192.958220229704,0.0207605375718518,Relaksasi
23.1,4.58041309825551,192.958220229704,0.0237378490162421,Relaksasi
23.2,4.69381872718126,192.958220229704,0.0243255701757282,Relaksasi
23.3,3.88917593652678,192.958220229704,0.0201555338347181,Relaksasi
23.4,4.15268567441304,192.958220229704,0.0215211648898376,Relaksasi
23.5,4.16581150872475,192.958220229704,0.0215891891196221,Relaksasi
23.6,3.97667981514603,192.958220229704,0.0206090199754748,Relaksasi
23.7,4.25810384403416,192.958220229704,0.0220674912888665,Relaksasi
23.8,4.24142607727443,192.958220229704,0.0219810592791813,Relaksasi
23.9,4.03277121302341,192.958220229704,0.0208997119077004,Relaksasi
24,4.04957396110215,192.958220229704,0.0209867916292004,Relaksasi
24.1,4.0508449210392,192.958220229704,0.0209933783397098,Relaksasi
24.2,3.82705585823966,192.958220229704,0.0198335984529906,Relaksasi
24.3,4.61766044719172,192.958220229704,0.0239308822484718,Relaksasi
24.4,4.75269055662039,192.958220229704,0.0246306716084064,Relaksasi
24.5,4.27679345927579,192.958220229704,0.0221643496409977,Relaksasi
24.6,4.30773344971344,192.958220229704,0.0223246951831613,Relaksasi
24.7,4.01714690559602,192.958220229704,0.0208187394183771,Relaksasi
24.8,4.20263823587852,192.958220229704,0.0217800424924917,Relaksasi
24.9,4.44641374223229,192.958220229704,0.0230434015039066,Relaksasi
25,4.38494373598156,192.958220229704,0.0227248351003734,Relaksasi
25.1,4.3222840511907,192.958220229704,0.0224001032246531,Relaksasi
25.2,3.91854581631829,192.958220229704,0.0203077423270879,Relaksasi
25.3,4.50490121213473,192.958220229704,0.0233465110051904,Relaksasi
25.4,4.7716669470855,192.958220229704,0.0247290161642513,Relaksasi
25.5,4.05553644539165,192.958220229704,0.0210176920193595,Relaksasi
25.6,3.9459877876367,192.958220229704,0.0204499594935073,Relaksasi
25.7,4.14452109159004,192.958220229704,0.0214788521922325,Relaksasi
25.8,4.07899326650259,192.958220229704,0.0211392562682576,Relaksasi
25.9,4.00830276121176,192.958220229704,0.0207729049140283,Relaksasi
26,4.13740494410653,192.958220229704,0.0214419729783019,Relaksasi
26.1,4.44889390017094,192.958220229704,0.0230562548456077,Relaksasi
26.2,4.16568581812868,192.958220229704,0.0215885377320008,Relaksasi
26.3,3.94111924331584,192.958220229704,0.020424728413354,Relaksasi
26.4,4.36030810225418,192.958220229704,0.0225971616916011,Relaksasi
26.5,4.14309495346331,192.958220229704,0.0214714612755613,Relaksasi
26.6,3.83633172313781,192.958220229704,0.0198816703355313,Relaksasi
26.7,3.89699336066646,192.958220229704,0.0201960473931992,Relaksasi
26.8,3.77748955658842,192.958220229704,0.0195767226298604,Relaksasi
26.9,3.91488591939373,192.958220229704,0.0202887750246314,Relaksasi
27,4.13492648660083,192.958220229704,0.0214291284490419,Relaksasi
27.1,3.88858587137667,192.958220229704,0.0201524758403533,Relaksasi
27.2,3.94037202359475,192.958220229704,0.0204208559702925,Relaksasi
27.3,3.93101144552525,192.958220229704,0.020372345064365,Relaksasi
27.4,3.7509275002413,192.958220229704,0.0194390655955267,Relaksasi
27.5,3.83506442813746,192.958220229704,0.0198751026184429,Relaksasi
27.6,3.69272965216841,192.958220229704,0.0191374570504043,Relaksasi
27.7,4.02866689318234,192.958220229704,0.0208784413972438,Relaksasi
27.8,4.23040231090296,192.958220229704,0.0219239289513914,Relaksasi
27.9,4.02565881686532,192.958220229704,0.0208628521348976,Relaksasi
28,4.0068801008602,192.958220229704,0.0207655320208192,Relaksasi
28.1,4.23885577278448,192.958220229704,0.0219677387557701,Relaksasi
28.2,4.2689343447328,192.958220229704,0.0221236200232927,Relaksasi
28.3,4.23926854522787,192.958220229704,0.0219698779361735,Relaksasi
28.4,4.40952365241501,192.958220229704,0.0228522197559957,Relaksasi
28.5,4.10277729590548,192.958220229704,0.0212625162639944,Relaksasi
28.6,3.91012621178358,192.958220229704,0.0202641079873604,Relaksasi
28.7,4.14021085507883,192.958220229704,0.0214565145250106,Relaksasi
28.8,4.18380341477586,192.958220229704,0.021682431615483,Relaksasi
28.9,4.26199377065236,192.958220229704,0.0220876507130857,Relaksasi
29,4.21468941586089,192.958220229704,0.0218424973594988,Relaksasi
29.1,4.57867969289764,192.958220229704,0.0237288656966624,Relaksasi
29.2,4.51086331298902,192.958220229704,0.0233774094082084,Relaksasi
29.3,3.76466465162598,192.958220229704,0.0195102579571081,Relaksasi
29.4,3.9943612922961,192.958220229704,0.0207006536831708,Relaksasi
29.5,3.86352257113308,192.958220229704,0.0200225860631064,Relaksasi
29.6,3.53801968550217,192.958220229704,0.0183356774398644,Relaksasi
29.7,4.0393353670474,192.958220229704,0.0209337304326235,Relaksasi
29.8,4.61764826629397,192.958220229704,0.0239308191213464,Relaksasi
29.9,4.44234093237375,192.958220229704,0.0230222942929586,Relaksasi
30,4.37681516994092,192.958220229704,0.0226827090586274,Relaksasi
30.1,4.4143568423991,192.958220229704,0.0228772676133938,Relaksasi
30.2,4.01278955919266,192.958220229704,0.0207961576055983,Relaksasi
30.3,3.70712299993382,192.958220229704,0.0192120501294049,Relaksasi
30.4,3.81022224815847,192.958220229704,0.0197463587901187,Relaksasi
30.5,4.55704246784402,192.958220229704,0.0236167314479744,Relaksasi
30.6,4.39255205349765,192.958220229704,0.0227642649702542,Relaksasi
30.7,4.19332704140913,192.958220229704,0.0217317875155423,Relaksasi
30.8,4.67788148353247,192.958220229704,0.0242429759041298,Relaksasi
30.9,4.40319479230859,192.958220229704,0.0228194206345129,Relaksasi
31,4.08156433445869,192.958220229704,0.0211525807483084,Relaksasi
31.1,4.24643217317305,192.958220229704,0.0220070032161261,Relaksasi
31.2,4.5426220379698,192.958220229704,0.0235419980167837,Relaksasi
31.3,4.10506217579344,192.958220229704,0.021274357583246,Relaksasi
31.4,3.6149531044306,192.958220229704,0.0187343825006638,Relaksasi
31.5,3.9914867820543,192.958220229704,0.0206857566228726,Relaksasi
31.6,4.02532339375976,192.958220229704,0.0208611138150419,Relaksasi
31.7,4.24533073196285,192.958220229704,0.0220012950311683,Relaksasi
31.8,4.44285890364934,192.958220229704,0.0230249786630516,Relaksasi
31.9,4.03350950288158,192.958220229704,0.0209035380720239,Relaksasi
32,3.74501838899193,192.958220229704,0.019408441809495,Relaksasi
32.1,4.30704407807214,192.958220229704,0.0223211225359816,Relaksasi
32.2,4.4021658115412,192.958220229704,0.0228140879735558,Relaksasi
32.3,4.25977275514784,192.958220229704,0.0220761403690233,Relaksasi
32.4,4.14423844550243,192.958220229704,0.0214773873876376,Relaksasi
32.5,3.69723388620555,192.958220229704,0.0191608001037957,Relaksasi
32.6,4.21180298689349,192.958220229704,0.0218275385307743,Relaksasi
32.7,4.46084344344227,192.958220229704,0.0231181829835077,Relaksasi
32.8,4.41705723249106,192.958220229704,0.0228912623014083,Relaksasi
32.9,4.92051874143735,192.958220229704,0.0255004359782123,Relaksasi
33,4.52909912885974,192.958220229704,0.0234719159591551,Relaksasi
33.1,3.97998007579598,192.958220229704,0.0206261234740769,Relaksasi
33.2,3.88582526807366,192.958220229704,0.0201381690992374,Relaksasi
33.3,3.61155555785082,192.958220229704,0.0187167748207436,Relaksasi
33.4,3.71137527972079,192.958220229704,0.0192340874376984,Relaksasi
33.5,3.79731002198368,192.958220229704,0.0196794415778879,Relaksasi
33.6,4.47586158821063,192.958220229704,0.0231960140536248,Relaksasi
33.7,5.00421548390208,192.958220229704,0.0259341917537636,Relaksasi
33.8,4.62269379486133,192.958220229704,0.0239569674168757,Relaksasi
33.9,3.85312704937481,192.958220229704,0.0199687115935663,Relaksasi
34,3.74573245507822,192.958220229704,0.019412142434871,Relaksasi
34.1,3.98534064669462,192.958220229704,0.0206539044667304,Relaksasi
34.2,4.09255477873228,192.958220229704,0.0212095383853581,Relaksasi
34.3,4.25738955520427,192.958220229704,0.0220637895091287,Relaksasi
34.4,4.33974565534021,192.958220229704,0.0224905974473336,Relaksasi
34.5,4.30274630697723,192.958220229704,0.0222988494703936,Relaksasi
34.6,4.33143382040811,192.958220229704,0.0224475216202338,Relaksasi
34.7,4.57224613481325,192.958220229704,0.0236955239811515,Relaksasi
34.8,4.69630423867437,192.958220229704,0.0243384512620594,Relaksasi
34.9,4.75252894691378,192.958220229704,0.0246298340711073,Relaksasi
35,4.68374624480774,192.958220229704,0.0242733698477943,Relaksasi
35.1,4.42450510827237,192.958220229704,0.0229298606869679,Relaksasi
35.2,4.04480612630461,192.958220229704,0.0209620824730325,Relaksasi
35.3,4.58801055107031,192.958220229704,0.023777222580145,Relaksasi
35.4,4.66323130573016,192.958220229704,0.0241670518114175,Relaksasi
35.5,4.19760420459384,192.958220229704,0.0217539537812739,Relaksasi
35.6,4.48231717907511,192.958220229704,0.0232294699533361,Relaksasi
35.7,4.38507687570992,192.958220229704,0.022725525092892,Relaksasi
35.8,4.47388425769504,192.958220229704,0.02318576659947,Relaksasi
35.9,4.63396389586938,192.958220229704,0.0240153743662901,Relaksasi
36,4.25796567930422,192.958220229704,0.0220667752544328,Relaksasi
36.1,4.26987105164508,192.958220229704,0.0221284744778538,Relaksasi
36.2,4.85119898010287,192.958220229704,0.0251411884620818,Relaksasi
36.3,4.96839471491163,192.958220229704,0.0257485517279186,Relaksasi
36.4,4.3000543912364,192.958220229704,0.0222848987004414,Relaksasi
36.5,3.92745276439034,192.958220229704,0.0203539023096035,Relaksasi
36.6,4.33053489989709,192.958220229704,0.022442862992527,Relaksasi
36.7,4.28645264650824,192.958220229704,0.0222144080796636,Relaksasi
36.8,4.04550202226335,192.958220229704,0.0209656889322852,Relaksasi
36.9,3.92317294258611,192.958220229704,0.0203317222656585,Relaksasi
37,4.27112622105281,192.958220229704,0.0221349793544339,Relaksasi
37.1,4.25910337108118,192.958220229704,0.0220726713068301,Relaksasi
37.2,3.83297606208739,192.958220229704,0.0198642797260697,Relaksasi
37.3,3.92032256540457,192.958220229704,0.0203169502741976,Relaksasi
37.4,3.87780942924186,192.958220229704,0.0200966272627598,Relaksasi
37.5,3.88005387838031,192.958220229704,0.0201082590509042,Relaksasi
37.6,4.22058922980419,192.958220229704,0.0218730729625298,Relaksasi
37.7,4.52214790205928,192.958220229704,0.0234358914415565,Relaksasi
37.8,4.22712144290402,192.958220229704,0.0219069259546026,Relaksasi
37.9,4.23409268155844,192.958220229704,0.0219430541830146,Relaksasi
38,4.31619342074738,192.958220229704,0.0223685387210208,Relaksasi
38.1,4.25902024819533,192.958220229704,0.0220722405250486,Relaksasi
38.2,4.15080990791608,192.958220229704,0.0215114437880637,Relaksasi
38.3,3.69832412634429,192.958220229704,0.0191664502395476,Relaksasi
38.4,4.28373729102461,192.958220229704,0.0222003358339703,Relaksasi
38.5,4.34918300541564,192.958220229704,0.0225395062218041,Relaksasi
38.6,4.05632132941868,192.958220229704,0.02102175965652,Relaksasi
38.7,4.19133737593075,192.958220229704,0.0217214761358249,Relaksasi
38.8,3.98094834962861,192.958220229704,0.0206311415232249,Relaksasi
38.9,4.07113809325161,192.958220229704,0.0210985470761764,Relaksasi
39,4.24144795962882,192.958220229704,0.0219811726838052,Relaksasi
39.1,4.18467926659143,192.958220229704,0.0216869706903901,Relaksasi
39.2,4.31417492053712,192.958220229704,0.0223580779061985,Relaksasi
39.3,4.34705915954843,192.958220229704,0.0225284994563774,Relaksasi
39.4,3.97018430643331,192.958220229704,0.0205753572027514,Relaksasi
39.5,4.00566446608336,192.958220229704,0.0207592320312391,Relaksasi
39.6,4.06056342981988,192.958220229704,0.021043744210462,Relaksasi
39.7,4.2924911049934,192.958220229704,0.0222457022037386,Relaksasi
39.8,4.34554072598289,192.958220229704,0.0225206302214532,Relaksasi
39.9,3.84193261196212,192.958220229704,0.0199106967683914,Relaksasi
40,4.07424825653875,192.958220229704,0.0211146654010834,Relaksasi
40.1,4.32083654615636,192.958220229704,0.022392601574645,Relaksasi
40.2,4.44488533224866,192.958220229704,0.0230354805665047,Relaksasi
40.3,4.54145657373281,192.958220229704,0.0235359580344725,Relaksasi
40.4,4.32643185472698,192.958220229704,0.0224215990880132,Relaksasi
40.5,4.1922694725409,192.958220229704,0.0217263066976379,Relaksasi
40.6,4.0145470382896,192.958220229704,0.0208052656865852,Relaksasi
40.7,3.94550490347725,192.958220229704,0.020447456961307,Relaksasi
40.8,4.10797029062805,192.958220229704,0.0212894287983056,Relaksasi
40.9,4.49341214117008,192.958220229704,0.0232869692507579,Relaksasi
41,4.6825676289706,192.958220229704,0.0242672617077226,Relaksasi
41.1,4.42290423103369,192.958220229704,0.0229215641902611,Relaksasi
41.2,4.21622521095953,192.958220229704,0.0218504565700305,Relaksasi
41.3,3.9736786979495,192.958220229704,0.020593466778555,Relaksasi
41.4,4.07302100056647,192.958220229704,0.0211083051850179,Relaksasi
41.5,4.37927109894061,192.958220229704,0.0226954368346028,Relaksasi
41.6,4.75841360251779,192.958220229704,0.0246603311165144,Relaksasi
41.7,4.70250662086145,192.958220229704,0.0243705949156426,Relaksasi
41.8,4.14351384023067,192.958220229704,0.0214736321432593,Relaksasi
41.9,4.42036696915092,192.958220229704,0.0229084149091382,Relaksasi
42,4.58813170439414,192.958220229704,0.0237778504534934,Relaksasi
42.1,4.09111888127384,192.958220229704,0.0212020968912526,Relaksasi
42.2,4.36628237943049,192.958220229704,0.0226281231980308,Relaksasi
42.3,4.46154530761643,192.958220229704,0.023121820372852,Relaksasi
42.4,4.06861168272421,192.958220229704,0.0210854540318666,Relaksasi
42.5,4.37513718242114,192.958220229704,0.0226740129402771,Relaksasi
42.6,4.14791655201313,192.958220229704,0.0214964490607102,Relaksasi
42.7,4.18173820140111,192.958220229704,0.0216717287111326,Relaksasi
42.8,4.32312019573778,192.958220229704,0.0224044365178711,Relaksasi
42.9,4.0579233394133,192.958220229704,0.0210300620236993,Relaksasi
43,4.29575206859673,192.958220229704,0.0222626020466137,Relaksasi
43.1,4.12015836370263,192.958220229704,0.0213525931095232,Relaksasi
43.2,4.48320536084938,192.958220229704,0.0232340729278723,Relaksasi
43.3,4.6184027723372,192.958220229704,0.0239347293255468,Relaksasi
43.4,4.29977554143662,192.958220229704,0.0222834535699906,Relaksasi
43.5,3.98491781578051,192.958220229704,0.020651713158614,Relaksasi
43.6,3.46609724048507,192.958220229704,0.0179629415961596,Relaksasi
43.7,3.88629039399752,192.958220229704,0.0201405795999318,Relaksasi
43.8,3.93961592832885,192.958220229704,0.0204169375299949,Relaksasi
43.9,4.03591454079823,192.958220229704,0.0209160021065376,Relaksasi
44,4.47794731814309,192.958220229704,0.0232068232844001,Relaksasi
44.1,4.30739197400469,192.958220229704,0.0223229254958769,Relaksasi
44.2,3.88845659536096,192.958220229704,0.0201518058714058,Relaksasi
44.3,3.9998908971628,192.958220229704,0.0207293106891285,Relaksasi
44.4,4.15967112256281,192.958220229704,0.0215573667585191,Relaksasi
44.5,3.95719571626016,192.958220229704,0.0205080442364642,Relaksasi
44.6,4.03990789444849,192.958220229704,0.0209366975381472,Relaksasi
44.7,4.40703202217782,192.958220229704,0.0228393069594628,Relaksasi
44.8,4.38576809923151,192.958220229704,0.022729107337384,Relaksasi
44.9,4.03106087033988,192.958220229704,0.020890848109716,Relaksasi
45,4.0494613782824,192.958220229704,0.020986208172224,Relaksasi
45.1,4.4191829614885,192.958220229704,0.0229022788260991,Relaksasi
45.2,4.59946408717686,192.958220229704,0.023836580176276,Relaksasi
45.3,4.08754706526293,192.958220229704,0.0211835860654031,Relaksasi
45.4,3.9879420888043,192.958220229704,0.0206673863598914,Relaksasi
45.5,4.71082684202074,192.958220229704,0.024413714204105,Relaksasi
45.6,4.45373569389074,192.958220229704,0.0230813472915996,Relaksasi
45.7,4.15881435674903,192.958220229704,0.0215529265962251,Relaksasi
45.8,4.35721437314275,192.958220229704,0.0225811285363007,Relaksasi
45.9,4.62911277625133,192.958220229704,0.0239902335891194,Relaksasi
46,4.6892708414869,192.958220229704,0.0243020008989751,Relaksasi
46.1,4.66282867193406,192.958220229704,0.0241649651742397,Relaksasi
46.2,4.54028596138852,192.958220229704,0.0235298913722547,Relaksasi
46.3,4.14793206959073,192.958220229704,0.0214965294800755,Relaksasi
46.4,3.89801111973504,192.958220229704,0.0202013218980499,Relaksasi
46.5,3.98530066241333,192.958220229704,0.020653697249431,Relaksasi
46.6,4.46889182348858,192.958220229704,0.0231598934638217,Relaksasi
46.7,4.43102552477516,192.958220229704,0.022963652543542,Relaksasi
46.8,4.21333939728076,192.958220229704,0.0218355009300203,Relaksasi
46.9,4.15757791867633,192.958220229704,0.0215465187942085,Relaksasi
47,4.0144309354099,192.958220229704,0.0208046639870071,Relaksasi
47.1,3.68536439377738,192.958220229704,0.0190992868269111,Relaksasi
47.2,3.7518000856323,192.958220229704,0.0194435877422897,Relaksasi
47.3,4.0586337966601,192.958220229704,0.0210337439463764,Relaksasi
47.4,4.29721606491628,192.958220229704,0.0222701891621966,Relaksasi
47.5,4.63695831934314,192.958220229704,0.024030892873199,Relaksasi
47.6,4.23130238077927,192.958220229704,0.0219285935356483,Relaksasi
47.7,3.99334728308328,192.958220229704,0.0206953986118315,Relaksasi
47.8,4.46556371325549,192.958220229704,0.0231426456356176,Relaksasi
47.9,4.5908578832932,192.958220229704,0.023791978791202,Relaksasi
48,4.72298795339424,192.958220229704,0.0244767387871418,Relaksasi
48.1,4.03868447439234,192.958220229704,0.0209303572015981,Relaksasi
48.2,3.98568792059306,192.958220229704,0.0206557042029532,Relaksasi
48.3,4.80821687362078,192.958220229704,0.0249184350264888,Relaksasi
48.4,4.86799012552261,192.958220229704,0.025228208053161,Relaksasi
48.5,4.57590132029486,192.958220229704,0.0237144668667008,Relaksasi
48.6,4.11502160714026,192.958220229704,0.0213259720277354,Relaksasi
48.7,3.7036141275834,192.958220229704,0.0191938655071264,Relaksasi
48.8,3.30024593125663,192.958220229704,0.017103422322863,Relaksasi
48.9,3.98861077439011,192.958220229704,0.0206708518022292,Relaksasi
49,4.08804923141763,192.958220229704,0.0211861885259466,Relaksasi
49.1,3.94844515548405,192.958220229704,0.0204626947262661,Relaksasi
49.2,4.70822955258717,192.958220229704,0.0244002538320593,Relaksasi
49.3,4.31263610089939,192.958220229704,0.0223501030210866,Relaksasi
49.4,4.09725446996389,192.958220229704,0.0212338943896061,Relaksasi
49.5,4.85134925687291,192.958220229704,0.0251419672667882,Relaksasi
49.6,4.84207057436489,192.958220229704,0.0250938807820716,Relaksasi
49.7,4.15446905948286,192.958220229704,0.0215304072277265,Relaksasi
49.8,3.87006833522196,192.958220229704,0.0200565092827603,Relaksasi
49.9,4.13630442044228,192.958220229704,0.0214362695484976,Relaksasi
50,4.56005779600006,192.958220229704,0.0236323582927518,Relaksasi
50.1,4.51305054672354,192.958220229704,0.0233887446792941,Relaksasi
50.2,4.43872187718348,192.958220229704,0.0230035386515251,Relaksasi
50.3,4.44542563176207,192.958220229704,0.0230382806519986,Relaksasi
50.4,4.09420179203085,192.958220229704,0.0212180739807663,Relaksasi
50.5,4.23501868419616,192.958220229704,0.0219478531630042,Relaksasi
50.6,4.45246996900522,192.958220229704,0.0230747877115826,Relaksasi
50.7,4.2310191956558,192.958220229704,0.0219271259375167,Relaksasi
50.8,3.80423201356891,192.958220229704,0.019715314584889,Relaksasi
50.9,3.82727921882539,192.958220229704,0.0198347560123081,Relaksasi
51,4.21299588792872,192.958220229704,0.0218337207034426,Relaksasi
51.1,4.06065467220209,192.958220229704,0.0210442170712818,Relaksasi
51.2,3.869439375629,192.958220229704,0.02005324971915,Relaksasi
51.3,3.96369879162456,192.958220229704,0.0205417462231256,Relaksasi
51.4,4.14609977167583,192.958220229704,0.0214870336528819,Relaksasi
51.5,4.23653480614966,192.958220229704,0.0219557104180706,Relaksasi
51.6,3.81812988256957,192.958220229704,0.0197873398605374,Relaksasi
51.7,3.47171881153821,192.958220229704,0.0179920752140301,Relaksasi
51.8,4.01049793339612,192.958220229704,0.0207842813258844,Relaksasi
51.9,4.47811057837219,192.958220229704,0.0232076693754809,Relaksasi
52,4.25606155555019,192.958220229704,0.0220569071920524,Relaksasi
52.1,4.380829527608,192.958220229704,0.0227035133429036,Relaksasi
52.2,4.71969580697618,192.958220229704,0.0244596773402953,Relaksasi
52.3,4.59998728466225,192.958220229704,0.0238392916310395,Relaksasi
52.4,4.55450284762411,192.958220229704,0.0236035699448424,Relaksasi
52.5,4.3414513652794,192.958220229704,0.0224994372362639,Relaksasi
52.6,3.84558662044427,192.958220229704,0.0199296335541775,Relaksasi
52.7,4.1528494049702,192.958220229704,0.0215220134183789,Relaksasi
52.8,4.18860604873662,192.958220229704,0.0217073211172365,Relaksasi
52.9,3.95430683832108,192.958220229704,0.0204930727160198,Relaksasi
53,4.46346473942191,192.958220229704,0.0231317677687349,Relaksasi
53.1,4.92839853438845,192.958220229704,0.0255412727611269,Relaksasi
53.2,4.69300490199764,192.958220229704,0.02432135255192,Relaksasi
53.3,4.54950063597331,192.958220229704,0.0235776461378916,Relaksasi
53.4,4.24587757326029,192.958220229704,0.0220041290192554,Relaksasi
53.5,4.22794847047407,192.958220229704,0.0219112119993695,Relaksasi
53.6,4.4192419926815,192.958220229704,0.0229025847534284,Relaksasi
53.7,4.54072841956265,192.958220229704,0.0235321843980382,Relaksasi
53.8,4.91979196791559,192.958220229704,0.0254966694969456,Relaksasi
53.9,4.84787527094338,192.958220229704,0.0251239634423054,Relaksasi
54,4.74397830920549,192.958220229704,0.0245855206560161,Relaksasi
54.1,4.74737312166701,192.958220229704,0.0246031141664532,Relaksasi
54.2,4.28544365731952,192.958220229704,0.0222091790244437,Relaksasi
54.3,3.89363867554419,192.958220229704,0.020178661841455,Relaksasi
54.4,3.92643768875677,192.958220229704,0.0203486417115716,Relaksasi
54.5,4.24253883536982,192.958220229704,0.0219868261135461,Relaksasi
54.6,4.27500786746776,192.958220229704,0.0221550958667563,Relaksasi
54.7,3.94114516667702,192.958220229704,0.0204248627603704,Relaksasi
54.8,4.05856189754173,192.958220229704,0.0210333713314224,Relaksasi
54.9,4.23553353338601,192.958220229704,0.0219505213529846,Relaksasi
55,4.33502712717411,192.958220229704,0.022466143821256,Relaksasi
55.1,3.93431146588878,192.958220229704,0.0203894473176901,Relaksasi
55.2,4.28196535841237,192.958220229704,0.0221911528480879,Relaksasi
55.3,4.84196688370746,192.958220229704,0.0250933434084509,Relaksasi
55.4,4.33755509590965,192.958220229704,0.0224792449409312,Relaksasi
55.5,4.08577402566613,192.958220229704,0.0211743973426076,Relaksasi
55.6,4.15926829607768,192.958220229704,0.0215552791227363,Relaksasi
55.7,4.32113824165476,192.958220229704,0.0223941651022213,Relaksasi
55.8,4.49614804697232,192.958220229704,0.023301147997841,Relaksasi
55.9,4.21994588857516,192.958220229704,0.021869738866536,Relaksasi
56,4.27057851745816,192.958220229704,0.0221321408975183,Relaksasi
56.1,4.49926211285947,192.958220229704,0.0233172865478517,Relaksasi
56.2,4.43959088444942,192.958220229704,0.0230080422547658,Relaksasi
56.3,4.24138260256712,192.958220229704,0.0219808339728571,Relaksasi
56.4,4.41125387332406,192.958220229704,0.0228611865722682,Relaksasi
56.5,4.26416958235287,192.958220229704,0.0220989267898339,Relaksasi
56.6,3.85337398090259,192.958220229704,0.0199699913085611,Relaksasi
56.7,3.88265266210557,192.958220229704,0.0201217271670703,Relaksasi
56.8,4.16522424198387,192.958220229704,0.0215861456279264,Relaksasi
56.9,3.99290312397291,192.958220229704,0.0206930967709986,Relaksasi
57,4.08134586721715,192.958220229704,0.0211514485485956,Relaksasi
57.1,4.45097700256693,192.958220229704,0.0230670504592566,Relaksasi
57.2,4.15105149174868,192.958220229704,0.0215126957887937,Relaksasi
57.3,3.78740776954984,192.958220229704,0.0196281234613441,Relaksasi
57.4,3.86439497275309,192.958220229704,0.0200271072574819,Relaksasi
57.5,4.14780496682138,192.958220229704,0.0214958707739101,Relaksasi
57.6,4.44838602100781,192.958220229704,0.0230536227775749,Relaksasi
57.7,4.13162593921254,192.958220229704,0.0214120234644273,Relaksasi
57.8,4.36999395794612,192.958220229704,0.0226473583387323,Relaksasi
57.9,4.87688267797446,192.958220229704,0.0252742934308208,Relaksasi
58,4.51800643983937,192.958220229704,0.023414428441872,Relaksasi
58.1,4.74502481177327,192.958220229704,0.0245909441231612,Relaksasi
58.2,4.48963579455266,192.958220229704,0.0232673984513749,Relaksasi
58.3,3.82119565817103,192.958220229704,0.0198032281476381,Relaksasi
58.4,3.8848882235687,192.958220229704,0.0201333128951128,Relaksasi
58.5,4.04692599826445,192.958220229704,0.0209730686438073,Relaksasi
58.6,4.28403139306402,192.958220229704,0.0222018600086805,Relaksasi
58.7,4.68544101929574,192.958220229704,0.0242821529640875,Relaksasi
58.8,4.45864647954645,192.958220229704,0.0231067972861624,Relaksasi
58.9,4.09871378952462,192.958220229704,0.0212414572680313,Relaksasi
59,4.28693617497968,192.958220229704,0.0222169139509909,Relaksasi
59.1,4.24596086139068,192.958220229704,0.0220045606574115,Relaksasi
59.2,4.39222541582159,192.958220229704,0.0227625721806148,Relaksasi
59.3,4.36884387851613,192.958220229704,0.0226413980877069,Relaksasi
59.4,4.56522195292514,192.958220229704,0.0236591213760707,Relaksasi
59.5,4.61703676038615,192.958220229704,0.0239276500109189,Relaksasi
59.6,4.37893486745439,192.958220229704,0.0226936943253393,Relaksasi
59.7,4.2960732828754,192.958220229704,0.0222642667296641,Relaksasi
59.8,4.14441062395805,192.958220229704,0.0214782796971511,Relaksasi
59.9,4.11427905294225,192.958220229704,0.0213221237636027,Relaksasi
60,3.9858356052791,192.958220229704,0.0206564695742645,Relaksasi
60.1,3.82483598843918,192.958220229704,0.0198220940465038,Relaksasi
60.2,3.42205188235108,192.958220229704,0.0177346778918118,Relaksasi
60.3,3.77045810377904,192.958220229704,0.0195402823434553,Relaksasi
60.4,4.5014922729699,192.958220229704,0.023328844283551,Relaksasi
60.5,4.23083874559511,192.958220229704,0.0219261907606661,Relaksasi
60.6,4.13876131950812,192.958220229704,0.0214490023518107,Relaksasi
60.7,4.33100875615149,192.958220229704,0.022445318737889,Relaksasi
60.8,4.04506644424915,192.958220229704,0.0209634315627174,Relaksasi
60.9,4.08164064809902,192.958220229704,0.0211529762413858,Relaksasi
61,4.45313292997028,192.958220229704,0.0230782234862507,Relaksasi
61.1,4.36848519484604,192.958220229704,0.0226395392206958,Relaksasi
61.2,4.0267326259439,192.958220229704,0.0208684171171892,Relaksasi
61.3,4.48369869371309,192.958220229704,0.0232366296101589,Relaksasi
61.4,4.52100029193311,192.958220229704,0.0234299439876216,Relaksasi
61.5,3.93443940115142,192.958220229704,0.0203901103382263,Relaksasi
61.6,4.17205993149494,192.958220229704,0.0216215713771011,Relaksasi
61.7,4.38929117468073,192.958220229704,0.0227473655667822,Relaksasi
61.8,4.19539695810998,192.958220229704,0.0217425147947346,Relaksasi
61.9,4.04985350035194,192.958220229704,0.0209882403327045,Relaksasi
62,4.37262922721047,192.958220229704,0.0226610155400747,Relaksasi
62.1,4.78835151578487,192.958220229704,0.024815483424778,Relaksasi
62.2,4.62153230407625,192.958220229704,0.0239509480268559,Relaksasi
62.3,4.39552778019393,192.958220229704,0.022779686581693,Relaksasi
62.4,4.53750663263675,192.958220229704,0.0235154875870805,Relaksasi
62.5,4.47326562582248,192.958220229704,0.0231825605589508,Relaksasi
62.6,4.28462671328181,192.958220229704,0.0222049452372708,Relaksasi
62.7,4.37430222084587,192.958220229704,0.0226696857777739,Relaksasi
62.8,4.27995358561561,192.958220229704,0.0221807268978778,Relaksasi
62.9,3.84756993526074,192.958220229704,0.0199399120217862,Relaksasi
63,4.10750126613981,192.958220229704,0.021286998093422,Relaksasi
63.1,4.47124694609918,192.958220229704,0.0231720988138078,Relaksasi
63.2,4.07654633611966,192.958220229704,0.0211265751273349,Relaksasi
63.3,4.10916103690875,192.958220229704,0.0212955998040253,Relaksasi
63.4,4.13842483788967,192.958220229704,0.0214472585462447,Relaksasi
63.5,3.97910837180125,192.958220229704,0.0206216058951228,Relaksasi
63.6,3.8516310034064,192.958220229704,0.0199609583816709,Relaksasi
63.7,3.96729265123822,192.958220229704,0.0205603712892637,Relaksasi
63.8,4.02382555620178,192.958220229704,0.020853351318289,Relaksasi
63.9,3.74831167639125,192.958220229704,0.0194255091694417,Relaksasi
64,3.83433445429859,192.958220229704,0.0198713195516319,Relaksasi
64.1,4.09986681159457,192.958220229704,0.0212474327691972,Relaksasi
64.2,3.94250824101586,192.958220229704,0.020431926850914,Relaksasi
64.3,4.08220231665572,192.958220229704,0.0211558870712849,Relaksasi
64.4,4.17060510963476,192.958220229704,0.0216140318078698,Relaksasi
64.5,3.93152656197066,192.958220229704,0.020375014639389,Relaksasi
64.6,4.30257342112445,192.958220229704,0.0222979534948163,Relaksasi
64.7,4.60272548905884,192.958220229704,0.0238534822905166,Relaksasi
64.8,4.60156730214421,192.958220229704,0.0238474800227031,Relaksasi
64.9,4.12721348808981,192.958220229704,0.021389156073147,Relaksasi
65,3.61460600610165,192.958220229704,0.0187325836743245,Relaksasi
65.1,4.51378462293854,192.958220229704,0.0233925490065424,Relaksasi
65.2,4.56331534457055,192.958220229704,0.0236492404373249,Relaksasi
65.3,3.91691935849277,192.958220229704,0.0202993132597821,Relaksasi
65.4,4.42035043679315,192.958220229704,0.0229083292307061,Relaksasi
65.5,4.35455499991821,192.958220229704,0.0225673464169311,Relaksasi
65.6,4.22188301131474,192.958220229704,0.0218797779451369,Relaksasi
65.7,4.70313898235009,192.958220229704,0.0243738721094718,Relaksasi
65.8,4.93227174982898,192.958220229704,0.0255613455801854,Relaksasi
65.9,4.69732141185459,192.958220229704,0.0243437227305618,Relaksasi
66,3.88289177927538,192.958220229704,0.0201229663843969,Relaksasi
66.1,3.76093897728012,192.958220229704,0.019490949765203,Relaksasi
66.2,4.29899781990346,192.958220229704,0.0222794230522327,Relaksasi
66.3,4.43888408995645,192.958220229704,0.0230043793141969,Relaksasi
66.4,4.64236925849346,192.958220229704,0.0240589348977568,Relaksasi
66.5,4.58026690683938,192.958220229704,0.023737091383756,Relaksasi
66.6,4.40137565209599,192.958220229704,0.0228099929967039,Relaksasi
66.7,4.37409591186461,192.958220229704,0.0226686165878683,Relaksasi
66.8,4.35289717706122,192.958220229704,0.0225587548013212,Relaksasi
66.9,4.44824396425284,192.958220229704,0.0230528865728421,Relaksasi
67,4.42568642108121,192.958220229704,0.0229359828040119,Relaksasi
67.1,4.03287226429744,192.958220229704,0.0209002356027983,Relaksasi
67.2,4.12616742318308,192.958220229704,0.0213837348741668,Relaksasi
67.3,4.26840151444696,192.958220229704,0.0221208586468393,Relaksasi
67.4,4.37239234273219,192.958220229704,0.0226597878936029,Relaksasi
67.5,4.47884633133411,192.958220229704,0.0232114823924181,Relaksasi
67.6,4.8007589846215,192.958220229704,0.0248797847477372,Relaksasi
67.7,4.76655691461224,192.958220229704,0.0247025335792276,Relaksasi
67.8,4.05629042036608,192.958220229704,0.0210215994713122,Relaksasi
67.9,4.25380434018507,192.958220229704,0.0220452092433336,Relaksasi
68,4.13061368001606,192.958220229704,0.0214067774624934,Relaksasi
68.1,4.00121445045062,192.958220229704,0.0207361699630493,Relaksasi
68.2,4.48988753935533,192.958220229704,0.0232687031110176,Relaksasi
68.3,4.48545741355032,192.958220229704,0.0232457441212439,Relaksasi
68.4,3.9461680466846,192.958220229704,0.02045089368044,Relaksasi
68.5,4.2847574752818,192.958220229704,0.0222056229072858,Relaksasi
68.6,4.89036247558639,192.958220229704,0.0253441520644456,Relaksasi
68.7,4.21947441467939,192.958220229704,0.0218672954676738,Relaksasi
68.8,4.01527810037266,192.958220229704,0.020809054393188,Relaksasi
68.9,4.16405341129915,192.958220229704,0.021580077834166,Relaksasi
69,3.73210776211521,192.958220229704,0.0193415328855769,Relaksasi
69.1,4.00938244217462,192.958220229704,0.0207785003271782,Relaksasi
69.2,4.9407281375038,192.958220229704,0.0256051705473973,Relaksasi
69.3,4.80045246470695,192.958220229704,0.0248781962177737,Relaksasi
69.4,4.38127062663612,192.958220229704,0.022705799324955,Relaksasi
69.5,4.65981930655432,192.958220229704,0.0241493692313658,Relaksasi
69.6,4.52158953879769,192.958220229704,0.023432997741247,Relaksasi
69.7,4.77576388926177,192.958220229704,0.0247502484401885,Relaksasi
69.8,4.5405816460895,192.958220229704,0.0235314237490595,Relaksasi
69.9,4.23024101966917,192.958220229704,0.0219230930645679,Relaksasi
70,4.11189793243676,192.958220229704,0.0213097836803315,Relaksasi
70.1,3.94512233717785,192.958220229704,0.0204454743233092,Relaksasi
70.2,4.12021884585393,192.958220229704,0.021352906556399,Relaksasi
70.3,3.77822109285535,192.958220229704,0.0195805137939064,Relaksasi
70.4,3.79026378192004,192.958220229704,0.0196429246569956,Relaksasi
70.5,4.09441000852503,192.958220229704,0.0212191530562985,Relaksasi
70.6,4.04753060788422,192.958220229704,0.0209762020144356,Relaksasi
70.7,3.79677038696516,192.958220229704,0.0196766449361181,Relaksasi
70.8,3.93845618069062,192.958220229704,0.0204109271737797,Relaksasi
70.9,4.29129080788776,192.958220229704,0.0222394817011645,Relaksasi
71,4.22646295306838,192.958220229704,0.0219035133514243,Relaksasi
71.1,4.08667834969087,192.958220229704,0.0211790839738569,Relaksasi
71.2,4.68768292075697,192.958220229704,0.0242937715489737,Relaksasi
71.3,5.00491260042092,192.958220229704,0.0259378045385313,Relaksasi
71.4,4.88153112949277,192.958220229704,0.0252983838868416,Relaksasi
71.5,4.67676788663431,192.958220229704,0.0242372047226956,Relaksasi
71.6,4.48908917653918,192.958220229704,0.02326456562045,Relaksasi
71.7,4.14720305062951,192.958220229704,0.0214927513618883,Relaksasi
71.8,4.50685971160277,192.958220229704,0.0233566608680245,Relaksasi
71.9,5.04184902207401,192.958220229704,0.0261292263997462,Relaksasi
72,4.63576620510625,192.958220229704,0.0240247147780887,Relaksasi
72.1,4.29439569137744,192.958220229704,0.0222555726636847,Relaksasi
72.2,4.20074025205976,192.958220229704,0.0217702062501357,Relaksasi
72.3,4.20693361568274,192.958220229704,0.0218023031652897,Relaksasi
72.4,4.16029379675619,192.958220229704,0.0215605937482407,Relaksasi
72.5,4.16068988601924,192.958220229704,0.0215626464685786,Relaksasi
72.6,4.2142350671656,192.958220229704,0.0218401427114576,Relaksasi
72.7,4.31181958489672,192.958220229704,0.0223458714521921,Relaksasi
72.8,4.29891861284065,192.958220229704,0.0222790125640829,Relaksasi
72.9,4.44198523012356,192.958220229704,0.0230204508770639,Relaksasi
73,4.69573022251788,192.958220229704,0.0243354764411069,Relaksasi
73.1,4.65498966718519,192.958220229704,0.0241243397749199,Relaksasi
73.2,4.53493081881641,192.958220229704,0.0235021385117353,Relaksasi
73.3,4.47891299699618,192.958220229704,0.0232118278851471,Relaksasi
73.4,4.37024766816959,192.958220229704,0.0226486731841074,Relaksasi
73.5,4.49060109260623,192.958220229704,0.0232724010786401,Relaksasi
73.6,4.49040054443645,192.958220229704,0.0232713617439616,Relaksasi
73.7,4.06034827329049,192.958220229704,0.0210426291684123,Relaksasi
73.8,3.96731581374085,192.958220229704,0.0205604913282162,Relaksasi
73.9,4.37249777016127,192.958220229704,0.0226603342679887,Relaksasi
74,4.18598485779694,192.958220229704,0.0216937368763757,Relaksasi
74.1,3.73452756644924,192.958220229704,0.0193540734465914,Relaksasi
74.2,4.18770520741646,192.958220229704,0.0217026525349958,Relaksasi
74.3,4.16096850437422,192.958220229704,0.0215640903995739,Relaksasi
74.4,4.44478268275301,192.958220229704,0.0230349485886727,Relaksasi
74.5,5.00636571134645,192.958220229704,0.0259453352408968,Relaksasi
74.6,4.58782850848024,192.958220229704,0.0237762791500603,Relaksasi
74.7,4.1708010984046,192.958220229704,0.0216150475135993,Relaksasi
74.8,4.1487373770969,192.958220229704,0.0215007029612841,Relaksasi
74.9,4.07295876064779,192.958220229704,0.021107982628567,Relaksasi
75,3.90923295874896,192.958220229704,0.0202594787311745,Relaksasi
75.1,3.78723916361263,192.958220229704,0.0196272496662966,Relaksasi
75.2,4.04366572834889,192.958220229704,0.0209561723959476,Relaksasi
75.3,4.01370746155937,192.958220229704,0.0208009146061843,Relaksasi
75.4,3.79509749900713,192.958220229704,0.0196679752460886,Relaksasi
75.5,4.0166137908129,192.958220229704,0.0208159765675253,Relaksasi
75.6,3.89615116188949,192.958220229704,0.0201916827241223,Relaksasi
75.7,3.80773753070704,192.958220229704,0.0197334818188838,Relaksasi
75.8,4.134519767609,192.958220229704,0.0214270206404637,Relaksasi
75.9,4.29617996754494,192.958220229704,0.0222648196196598,Relaksasi
76,4.26771832082868,192.958220229704,0.0221173180170726,Relaksasi
76.1,4.12030581793247,192.958220229704,0.0213533572865023,Relaksasi
76.2,3.89564124050581,192.958220229704,0.0201890400723448,Relaksasi
76.3,3.72241812419908,192.958220229704,0.019291316637186,Relaksasi
76.4,3.58652143219529,192.958220229704,0.0185870362398958,Relaksasi
76.5,3.90210503753189,192.958220229704,0.0202225385002344,Relaksasi
76.6,4.26805750198003,192.958220229704,0.0221190758128843,Relaksasi
76.7,4.04948728954428,192.958220229704,0.0209863424565361,Relaksasi
76.8,3.80397052064526,192.958220229704,0.0197139594059112,Relaksasi
76.9,4.00672970441777,192.958220229704,0.0207647525959145,Relaksasi
77,4.22653797188229,192.958220229704,0.0219039021341039,Relaksasi
77.1,4.18172830939146,192.958220229704,0.0216716774460989,Relaksasi
77.2,4.0922022999971,192.958220229704,0.02120771167523,Relaksasi
77.3,4.97406600131036,192.958220229704,0.0257779429940278,Relaksasi
77.4,5.19970863663064,192.958220229704,0.0269473289629265,Relaksasi
77.5,4.66464915492034,192.958220229704,0.0241743997709317,Relaksasi
77.6,4.59987607753235,192.958220229704,0.0238387153035331,Relaksasi
77.7,4.76998916464969,192.958220229704,0.0247203211087423,Relaksasi
77.8,4.21203158891144,192.958220229704,0.021828723253652,Relaksasi
77.9,4.24611498252874,192.958220229704,0.022005359385436,Relaksasi
78,4.743610109004,192.958220229704,0.0245836124698759,Relaksasi
78.1,4.17513052627003,192.958220229704,0.02163748463942,Relaksasi
78.2,4.23519985077791,192.958220229704,0.021948792053203,Relaksasi
78.3,4.40071125410976,192.958220229704,0.0228065497747181,Relaksasi
78.4,4.38017250631563,192.958220229704,0.0227001083504052,Relaksasi
78.5,4.75756547727961,192.958220229704,0.0246559357337358,Relaksasi
78.6,4.90757231759459,192.958220229704,0.0254333415376264,Relaksasi
78.7,4.47107557630026,192.958220229704,0.0231712106951326,Relaksasi
78.8,4.28188538135138,192.958220229704,0.0221907383694464,Relaksasi
78.9,4.24239224881548,192.958220229704,0.0219860664332683,Relaksasi
79,4.13707586331837,192.958220229704,0.0214402675273096,Relaksasi
79.1,3.96089587916196,192.958220229704,0.0205272202161006,Relaksasi
79.2,4.17915081527769,192.958220229704,0.021658319662685,Relaksasi
79.3,4.94054326345983,192.958220229704,0.0256042124433904,Relaksasi
79.4,4.78064744516497,192.958220229704,0.0247755573174024,Relaksasi
79.5,4.29140446551637,192.958220229704,0.0222400707283045,Relaksasi
79.6,4.16079410476123,192.958220229704,0.0215631865789811,Relaksasi
79.7,4.11262136155984,192.958220229704,0.0213135328293557,Relaksasi
79.8,4.03615938375807,192.958220229704,0.0209172709975937,Relaksasi
79.9,4.19788337989424,192.958220229704,0.0217554005986215,Relaksasi
80,4.26078615081931,192.958220229704,0.0220813922607036,Relaksasi
80.1,4.10146477405599,192.958220229704,0.0212557141601611,Relaksasi
80.2,4.5103222841842,192.958220229704,0.0233746055431843,Relaksasi
80.3,4.46322955828836,192.958220229704,0.0231305489497943,Relaksasi
80.4,4.05803117682812,192.958220229704,0.0210306208877617,Relaksasi
80.5,4.01647956386212,192.958220229704,0.0208152809405102,Relaksasi
80.6,4.07844991024678,192.958220229704,0.0211364403412908,Relaksasi
80.7,4.28993519660832,192.958220229704,0.022232456287695,Relaksasi
80.8,4.35849190858779,192.958220229704,0.0225877493241765,Relaksasi
80.9,4.38809759875341,192.958220229704,0.0227411798965065,Relaksasi
81,4.46884159100693,192.958220229704,0.0231596331355414,Relaksasi
81.1,4.45553608759811,192.958220229704,0.0230906777762258,Relaksasi
81.2,4.02611032018418,192.958220229704,0.0208651920368636,Relaksasi
81.3,3.60117370457785,192.958220229704,0.0186629711877053,Relaksasi
81.4,3.66883551062562,192.958220229704,0.0190136264019129,Relaksasi
81.5,3.54411673594653,192.958220229704,0.0183672752149533,Relaksasi
81.6,4.11728273868049,192.958220229704,0.0213376902719104,Relaksasi
81.7,4.40587790014236,192.958220229704,0.0228333257577597,Relaksasi
81.8,3.84755591424227,192.958220229704,0.0199398393582922,Relaksasi
81.9,4.1726336125301,192.958220229704,0.0216245444612977,Relaksasi
82,4.25191853997222,192.958220229704,0.0220354361421379,Relaksasi
82.1,3.87329367085731,192.958220229704,0.0200732244847948,Relaksasi
82.2,4.21793650224528,192.958220229704,0.0218593252841165,Relaksasi
82.3,4.57656995810129,192.958220229704,0.0237179320614234,Relaksasi
82.4,4.25078017738492,192.958220229704,0.0220295366132868,Relaksasi
82.5,3.88725531315288,192.958220229704,0.0201455802635688,Relaksasi
82.6,3.95046963964028,192.958220229704,0.020473186552703,Relaksasi
82.7,4.43577843857777,192.958220229704,0.0229882843721158,Relaksasi
82.8,4.44001158300321,192.958220229704,0.0230102225119908,Relaksasi
82.9,3.90718098081147,192.958220229704,0.0202488444190677,Relaksasi
83,4.31111750204607,192.958220229704,0.0223422329295636,Relaksasi
83.1,4.54446123868515,192.958220229704,0.0235515296175269,Relaksasi
83.2,4.39385006259354,192.958220229704,0.0227709918621915,Relaksasi
83.3,4.03867499606302,192.958220229704,0.02093030808045,Relaksasi
83.4,3.9385301342998,192.958220229704,0.0204113104360687,Relaksasi
83.5,3.97726379148056,192.958220229704,0.0206120464147415,Relaksasi
83.6,3.89675988093508,192.958220229704,0.0201948373917227,Relaksasi
83.7,3.87648574587484,192.958220229704,0.0200897673147076,Relaksasi
83.8,3.87877488353701,192.958220229704,0.0201016306997421,Relaksasi
83.9,4.23479028462228,192.958220229704,0.0219466694892866,Relaksasi
84,4.37254771038432,192.958220229704,0.0226605930816479,Relaksasi
84.1,4.54028753568158,192.958220229704,0.0235298995309797,Relaksasi
84.2,4.6419376714216,192.958220229704,0.0240566982111241,Relaksasi
84.3,4.17732351567515,192.958220229704,0.0216488497390903,Relaksasi
84.4,3.70052705055513,192.958220229704,0.0191778668260409,Relaksasi
84.5,3.6987815668981,192.958220229704,0.0191688209110498,Relaksasi
84.6,4.29670674876458,192.958220229704,0.022267549647015,Relaksasi
84.7,4.79993476310487,192.958220229704,0.0248755132452552,Relaksasi
84.8,4.31170250825145,192.958220229704,0.022345264706104,Relaksasi
84.9,3.6863811292738,192.958220229704,0.0191045560271307,Relaksasi
85,4.06587971616363,192.958220229704,0.0210712956997814,Relaksasi
85.1,4.60997488789316,192.958220229704,0.0238910520754457,Relaksasi
85.2,4.56393593020852,192.958220229704,0.0236524566031728,Relaksasi
85.3,4.53115551588697,192.958220229704,0.0234825731212329,Relaksasi
85.4,4.29586015254679,192.958220229704,0.0222631621883373,Relaksasi
85.5,3.79703783415009,192.958220229704,0.0196780309728706,Relaksasi
85.6,3.88341474103028,192.958220229704,0.0201256766174944,Relaksasi
85.7,4.09744869466643,192.958220229704,0.0212349009531115,Relaksasi
85.8,4.1038471422811,192.958220229704,0.0212680607097005,Relaksasi
85.9,4.32050200365337,192.958220229704,0.0223908678184848,Relaksasi
86,4.7087912414274,192.958220229704,0.0244031647670771,Relaksasi
86.1,4.23396760796761,192.958220229704,0.0219424059930039,Relaksasi
86.2,4.24989040015597,192.958220229704,0.0220249253703562,Relaksasi
86.3,4.7613246271363,192.958220229704,0.0246754174114389,Relaksasi
86.4,4.41930146413819,192.958220229704,0.0229028929624108,Relaksasi
86.5,4.2059134684539,192.958220229704,0.0217970162838725,Relaksasi
86.6,4.24998613706411,192.958220229704,0.0220254215239174,Relaksasi
86.7,4.16843944309417,192.958220229704,0.0216028083080987,Relaksasi
86.8,4.35874455178524,192.958220229704,0.0225890586397224,Relaksasi
86.9,4.53297675499964,192.958220229704,0.0234920116365265,Relaksasi
87,4.00058048532798,192.958220229704,0.0207328844584364,Relaksasi
87.1,4.65279500407641,192.958220229704,0.0241129660013322,Relaksasi
87.2,5.00586127410005,192.958220229704,0.0259427210104908,Relaksasi
87.3,4.43844078623967,192.958220229704,0.0230020819064148,Relaksasi
87.4,4.39886623939375,192.958220229704,0.0227969880430966,Relaksasi
87.5,4.76319765648141,192.958220229704,0.0246851243280081,Relaksasi
87.6,5.12242695580968,192.958220229704,0.0265468190456555,Relaksasi
87.7,4.71348572025705,192.958220229704,0.0244274937582134,Relaksasi
87.8,4.41860455912055,192.958220229704,0.0228992812737416,Relaksasi
87.9,4.52885764058246,192.958220229704,0.0234706644536375,Relaksasi
88,4.85064229401428,192.958220229704,0.0251383034536695,Relaksasi
88.1,4.59083123931147,192.958220229704,0.023791840709592,Relaksasi
88.2,4.27161398339899,192.958220229704,0.0221375071676859,Relaksasi
88.3,4.10766444862357,192.958220229704,0.02128784378159,Relaksasi
88.4,3.83872624130391,192.958220229704,0.0198940798517636,Relaksasi
88.5,4.08701201119329,192.958220229704,0.021180813164259,Relaksasi
88.6,4.13850528564599,192.958220229704,0.0214476754642501,Relaksasi
88.7,4.36797133944483,192.958220229704,0.0226368761809943,Relaksasi
88.8,4.62313219447433,192.958220229704,0.0239592394092918,Relaksasi
88.9,4.49791987208672,192.958220229704,0.023310330426619,Relaksasi
89,4.12670774168724,192.958220229704,0.0213865350580798,Relaksasi
89.1,3.9208179257242,192.958220229704,0.0203195174637118,Relaksasi
89.2,3.95280334411263,192.958220229704,0.020485280903851,Relaksasi
89.3,3.70219281370731,192.958220229704,0.0191864995919847,Relaksasi
89.4,4.10002698109966,192.958220229704,0.0212482628426965,Relaksasi
89.5,4.24655833138409,192.958220229704,0.0220076570271474,Relaksasi
89.6,3.88942415285962,192.958220229704,0.0201568202081753,Relaksasi
89.7,4.20913836346949,192.958220229704,0.0218137292024087,Relaksasi
89.8,4.2108764506179,192.958220229704,0.0218227367852229,Relaksasi
89.9,4.39380390390117,192.958220229704,0.0227707526461979,Relaksasi
90,4.23775822764627,192.958220229704,0.0219620507620847,Relaksasi
90.1,3.86993875826509,192.958220229704,0.0200558377541946,Relaksasi
90.2,4.30545235067458,192.958220229704,0.0223128734580431,Relaksasi
90.3,4.29128802510185,192.958220229704,0.0222394672794627,Relaksasi
90.4,4.0074443381654,192.958220229704,0.0207684561631778,Relaksasi
90.5,4.11516621828199,192.958220229704,0.0213267214704984,Relaksasi
90.6,4.34364619954774,192.958220229704,0.0225108118968807,Relaksasi
90.7,4.47618492642621,192.958220229704,0.0231976897439125,Relaksasi
90.8,4.53036767997549,192.958220229704,0.0234784901860226,Relaksasi
90.9,4.54051498151795,192.958220229704,0.0235310782619822,Relaksasi
91,4.36427002289658,192.958220229704,0.0226176942226209,Relaksasi
91.1,4.35019928469092,192.958220229704,0.0225447730576718,Relaksasi
91.2,4.26265743906807,192.958220229704,0.0220910901540949,Relaksasi
91.3,3.91863175478094,192.958220229704,0.0203081877005088,Relaksasi
91.4,4.25457253609048,192.958220229704,0.0220491903948207,Relaksasi
91.5,4.61247617360517,192.958220229704,0.0239040149111778,Relaksasi
91.6,4.4621270459549,192.958220229704,0.0231248352137734,Relaksasi
91.7,4.05417767207251,192.958220229704,0.0210106502187172,Relaksasi
91.8,4.14296488953528,192.958220229704,0.0214707872232826,Relaksasi
91.9,4.34765704229968,192.958220229704,0.022531597965218,Relaksasi
92,4.31814896085078,192.958220229704,0.0223786732470393,Relaksasi
92.1,4.2603202265893,192.958220229704,0.0220789776228122,Relaksasi
92.2,3.61016642579544,192.958220229704,0.0187095756868911,Relaksasi
92.3,3.72434979392405,192.958220229704,0.0193013274557076,Relaksasi
92.4,4.22049650531109,192.958220229704,0.0218725924207161,Relaksasi
92.5,4.050593726937,192.958220229704,0.0209920765340551,Relaksasi
92.6,4.22722437959222,192.958220229704,0.0219074594208011,Relaksasi
92.7,4.42333792899979,192.958220229704,0.0229238118165379,Relaksasi
92.8,4.53797529374612,192.958220229704,0.0235179164087644,Relaksasi
92.9,4.34122606690456,192.958220229704,0.0224982696344142,Relaksasi
93,4.47081350393846,192.958220229704,0.0231698525132345,Relaksasi
93.1,4.83925817298025,192.958220229704,0.0250793055990019,Relaksasi
93.2,4.71412591533933,192.958220229704,0.024430811549399,Relaksasi
93.3,4.76996522216823,192.958220229704,0.0247201970275737,Relaksasi
93.4,4.70022123783037,192.958220229704,0.0243587509888673,Relaksasi
93.5,4.41923369209819,192.958220229704,0.0229025417359126,Relaksasi
93.6,4.1577440390743,192.958220229704,0.0215473797080259,Relaksasi
93.7,4.29733319912886,192.958220229704,0.0222707962066253,Relaksasi
93.8,4.44096863258878,192.958220229704,0.0230151823918261,Relaksasi
93.9,4.19949648488749,192.958220229704,0.0217637604652877,Relaksasi
94,3.90283838838994,192.958220229704,0.0202263390683427,Relaksasi
94.1,3.91725844058149,192.958220229704,0.0203010705422047,Relaksasi
94.2,4.22103656823873,192.958220229704,0.0218753912801117,Relaksasi
94.3,4.16089841260872,192.958220229704,0.0215637271511701,Relaksasi
94.4,4.16998827966109,192.958220229704,0.0216108351056358,Relaksasi
94.5,4.52721586262577,192.958220229704,0.0234621559902264,Relaksasi
94.6,4.25864779119218,192.958220229704,0.0220703102781657,Relaksasi
94.7,3.87687412558137,192.958220229704,0.0200917800805077,Relaksasi
94.8,3.82998748086073,192.958220229704,0.0198487914964254,Relaksasi
94.9,3.82865206056451,192.958220229704,0.0198418707221012,Relaksasi
95,4.15958973649157,192.958220229704,0.0215569449777255,Relaksasi
95.1,4.14984465747277,192.958220229704,0.0215064414075372,Relaksasi
95.2,3.95197731414298,192.958220229704,0.0204810000291173,Relaksasi
95.3,4.11118087191081,192.958220229704,0.0213060675363648,Relaksasi
95.4,3.97137593582069,192.958220229704,0.020581532785144,Relaksasi
95.5,3.79808052639502,192.958220229704,0.0196834346931355,Relaksasi
95.6,4.19025886643475,192.958220229704,0.0217158867937657,Relaksasi
95.7,4.01866038898743,192.958220229704,0.0208265829991772,Relaksasi
95.8,4.16633356142512,192.958220229704,0.0215918946415726,Relaksasi
95.9,4.42129631754131,192.958220229704,0.0229132312283875,Relaksasi
96,4.32373683826657,192.958220229704,0.0224076322486777,Relaksasi
96.1,4.40446234640658,192.958220229704,0.0228259896943668,Relaksasi
96.2,4.43970727716002,192.958220229704,0.0230086454563835,Relaksasi
96.3,4.31404498234321,192.958220229704,0.0223574045055331,Relaksasi
96.4,4.17105654697513,192.958220229704,0.0216163713679043,Relaksasi
96.5,4.3660109573618,192.958220229704,0.0226267165615663,Relaksasi
96.6,4.41624638600734,192.958220229704,0.0228870601146201,Relaksasi
96.7,4.33867580627777,192.958220229704,0.0224850529877031,Relaksasi
96.8,4.36388054562511,192.958220229704,0.0226156757687245,Relaksasi
96.9,4.19161776666708,192.958220229704,0.0217229292521316,Relaksasi
97,4.10433937797807,192.958220229704,0.0212706117059544,Relaksasi
97.1,4.30591025520886,192.958220229704,0.0223152465341096,Relaksasi
97.2,4.24056326992736,192.958220229704,0.0219765878068281,Relaksasi
97.3,4.28089284729026,192.958220229704,0.0221855945924156,Relaksasi
97.4,4.28316944190805,192.958220229704,0.0221973929735112,Relaksasi
97.5,4.37555827245295,192.958220229704,0.0226761952263249,Relaksasi
97.6,4.54085704650744,192.958220229704,0.0235328510031957,Relaksasi
97.7,4.56829997152696,192.958220229704,0.0236750731121417,Relaksasi
97.8,4.41547642561958,192.958220229704,0.0228830698187579,Relaksasi
97.9,3.84411322106924,192.958220229704,0.0199219977075508,Relaksasi
98,3.78345753683743,192.958220229704,0.0196076515026594,Relaksasi
98.1,4.0852631671819,192.958220229704,0.0211717498343355,Relaksasi
98.2,3.79224086472712,192.958220229704,0.0196531708274087,Relaksasi
98.3,3.89025777132694,192.958220229704,0.0201611404100631,Relaksasi
98.4,4.18948773436199,192.958220229704,0.0217118904256822,Relaksasi
98.5,4.25566850673375,192.958220229704,0.0220548702287348,Relaksasi
98.6,4.41758296516219,192.958220229704,0.0228939868946934,Relaksasi
98.7,4.58141501156569,192.958220229704,0.0237430414009407,Relaksasi
98.8,4.53503055466148,192.958220229704,0.0235026553896633,Relaksasi
98.9,4.28290880402861,192.958220229704,0.0221960422257735,Relaksasi
99,4.75682166865719,192.958220229704,0.0246520809685875,Relaksasi
99.1,5.03566116054482,192.958220229704,0.0260971579990229,Relaksasi
99.2,4.50168804943352,192.958220229704,0.0233298588890101,Relaksasi
99.3,4.52883596240083,192.958220229704,0.0234705521071326,Relaksasi
99.4,4.66084189733345,192.958220229704,0.0241546687764068,Relaksasi
99.5,4.82338089980565,192.958220229704,0.0249970221225286,Relaksasi
99.6,4.79418443903247,192.958220229704,0.0248457123688502,Relaksasi
99.7,4.37255541118718,192.958220229704,0.0226606329908202,Relaksasi
99.8,4.23302496378856,192.958220229704,0.0219375207687417,Relaksasi
99.9,4.36144958450969,192.958220229704,0.022603077388036,Relaksasi
100,4.71793072190055,192.958220229704,0.0244505298415594,Relaksasi
100.1,4.65993663116551,192.958220229704,0.0241499772625295,Relaksasi
100.2,4.30363577273293,192.958220229704,0.0223034590991239,Relaksasi
100.3,4.11371932356786,192.958220229704,0.021319222983456,Relaksasi
100.4,4.37251269871964,192.958220229704,0.0226604116347801,Relaksasi
100.5,4.31726514129243,192.958220229704,0.022374092879552,Relaksasi
100.6,4.14314123776749,192.958220229704,0.0214717011425342,Relaksasi
100.7,4.40182204086672,192.958220229704,0.0228123063926826,Relaksasi
100.8,4.5209001049044,192.958220229704,0.0234294247714483,Relaksasi
100.9,4.54101178766835,192.958220229704,0.0235336529444695,Relaksasi
101,4.41362681720037,192.958220229704,0.0228734842804118,Relaksasi
101.1,4.19003214643017,192.958220229704,0.021714711824364,Relaksasi
101.2,4.28789779898786,192.958220229704,0.0222218975376297,Relaksasi
101.3,4.34890470248649,192.958220229704,0.0225380639254934,Relaksasi
101.4,4.52664840041718,192.958220229704,0.0234592151349059,Relaksasi
101.5,4.85219346010479,192.958220229704,0.0251463423238906,Relaksasi
101.6,4.39628751459983,192.958220229704,0.0227836238817209,Relaksasi
101.7,4.4136760681016,192.958220229704,0.022873739521682,Relaksasi
101.8,4.5425910137278,192.958220229704,0.0235418372346105,Relaksasi
101.9,4.2081646244318,192.958220229704,0.0218086828300047,Relaksasi
102,4.54107946326618,192.958220229704,0.0235340036711591,Relaksasi
102.1,4.75646321410034,192.958220229704,0.0246502232889488,Relaksasi
102.2,4.35672821775791,192.958220229704,0.022578609051076,Relaksasi
102.3,4.23718030095234,192.958220229704,0.0219590556748931,Relaksasi
102.4,4.57130653518886,192.958220229704,0.0236906545351995,Relaksasi
102.5,4.10971981211244,192.958220229704,0.0212984956392119,Relaksasi
102.6,4.08543471871248,192.958220229704,0.0211726388948294,Relaksasi
102.7,4.55680892871458,192.958220229704,0.0236155211386694,Relaksasi
102.8,4.58410858618195,192.958220229704,0.0237570007679635,Relaksasi
102.9,4.23840684189548,192.958220229704,0.0219654121853422,Relaksasi
103,3.77518606259762,192.958220229704,0.0195647848435973,Relaksasi
103.1,4.14994966894114,192.958220229704,0.0215069856262196,Relaksasi
103.2,4.52856113503495,192.958220229704,0.0234691278228209,Relaksasi
103.3,4.3057951222839,192.958220229704,0.022314649861292,Relaksasi
103.4,4.15825515433924,192.958220229704,0.021550028547056,Relaksasi
103.5,4.56585189367033,192.958220229704,0.023662386024472,Relaksasi
103.6,4.60241539919976,192.958220229704,0.0238518752594261,Relaksasi
103.7,4.40568642214508,192.958220229704,0.0228323334289693,Relaksasi
103.8,4.41254475993133,192.958220229704,0.0228678765521287,Relaksasi
103.9,4.1201689389075,192.958220229704,0.0213526479151949,Relaksasi
104,4.18485453035218,192.958220229704,0.0216878789894019,Relaksasi
104.1,4.4233377498734,192.958220229704,0.0229238108882209,Relaksasi
104.2,3.79222912513628,192.958220229704,0.0196531099873428,Relaksasi
104.3,3.89799035538066,192.958220229704,0.0202012142874264,Relaksasi
104.4,4.69363226617788,192.958220229704,0.0243246038473533,Relaksasi
104.5,4.50540656445277,192.958220229704,0.0233491299779268,Relaksasi
104.6,3.98678934910834,192.958220229704,0.02066141232212,Relaksasi
104.7,4.33660992403777,192.958220229704,0.0224743466169792,Relaksasi
104.8,4.62127605040175,192.958220229704,0.0239496200001246,Relaksasi
104.9,4.51333664859119,192.958220229704,0.023390227393362,Relaksasi
105,4.62480238449901,192.958220229704,0.0239678951173653,Relaksasi
105.1,4.83346366288723,192.958220229704,0.0250492757299136,Relaksasi
105.2,4.97589851396291,192.958220229704,0.0257874399340927,Relaksasi
105.3,4.82805780536884,192.958220229704,0.0250212600407558,Relaksasi
105.4,4.80353806327384,192.958220229704,0.0248941872367788,Relaksasi
105.5,5.00680607430591,192.958220229704,0.0259476174082951,Relaksasi
105.6,4.44587211491268,192.958220229704,0.0230405945370981,Relaksasi
105.7,4.17029586939272,192.958220229704,0.0216124291798933,Relaksasi
105.8,4.45824522949581,192.958220229704,0.0231047178202026,Relaksasi
105.9,4.03999734317745,192.958220229704,0.0209371611034145,Relaksasi
106,4.2283591081968,192.958220229704,0.0219133401166492,Relaksasi
106.1,4.26123377014328,192.958220229704,0.0220837120339863,Relaksasi
106.2,3.80100265698332,192.958220229704,0.0196985785444045,Relaksasi
106.3,4.24629362072205,192.958220229704,0.02200628517234,Relaksasi
106.4,4.49153707613245,192.958220229704,0.0232772517842753,Relaksasi
106.5,4.37770404963551,192.958220229704,0.022687315650114,Relaksasi
106.6,4.63156213191122,192.958220229704,0.0240029272989648,Relaksasi
106.7,4.66363215669958,192.958220229704,0.0241691292091513,Relaksasi
106.8,4.53913897933786,192.958220229704,0.0235239471733017,Relaksasi
106.9,4.28518824731517,192.958220229704,0.0222078553700068,Relaksasi
107,4.14114602535676,192.958220229704,0.0214613610160117,Relaksasi
107.1,4.40571908998727,192.958220229704,0.0228325027290497,Relaksasi
107.2,4.21071409997807,192.958220229704,0.0218218954080604,Relaksasi
107.3,3.78519853900401,192.958220229704,0.019616674192465,Relaksasi
107.4,3.86853190169679,192.958220229704,0.0200485467636029,Relaksasi
107.5,3.93241235343995,192.958220229704,0.0203796052262437,Relaksasi
107.6,3.77196651899306,192.958220229704,0.0195480996585831,Relaksasi
107.7,4.0496703034346,192.958220229704,0.0209872909203544,Relaksasi
107.8,4.40003668212327,192.958220229704,0.0228030538262912,Relaksasi
107.9,4.34570276294657,192.958220229704,0.0225214699729989,Relaksasi
108,4.36009052161347,192.958220229704,0.0225960340866695,Relaksasi
108.1,4.26980267706138,192.958220229704,0.0221281201286915,Relaksasi
108.2,4.05591296819726,192.958220229704,0.0210196433371378,Relaksasi
108.3,4.4632085221394,192.958220229704,0.0231304399306039,Relaksasi
108.4,4.21537224267408,192.958220229704,0.0218460360883095,Relaksasi
108.5,3.4932224439373,192.958220229704,0.0181035171229236,Relaksasi
108.6,3.87982895912153,192.958220229704,0.0201070934138118,Relaksasi
108.7,4.3022149388343,192.958220229704,0.0222960956714506,Relaksasi
108.8,4.31544244912721,192.958220229704,0.0223646468338585,Relaksasi
108.9,4.43576132824698,192.958220229704,0.0229881956983564,Relaksasi
109,4.76436542700181,192.958220229704,0.0246911762625617,Relaksasi
109.1,4.48890902395969,192.958220229704,0.0232636319852865,Relaksasi
109.2,4.13758189749436,192.958220229704,0.0214428900337537,Relaksasi
109.3,4.43089123048072,192.958220229704,0.0229629565675204,Relaksasi
109.4,4.76040154008904,192.958220229704,0.0246706335414065,Relaksasi
109.5,4.42519109942555,192.958220229704,0.0229334158148726,Relaksasi
109.6,4.20512639715574,192.958220229704,0.0217929373112471,Relaksasi
109.7,3.97646467042617,192.958220229704,0.0206079049946276,Relaksasi
109.8,3.5907430644529,192.958220229704,0.0186089147183176,Relaksasi
109.9,3.93289269114909,192.958220229704,0.0203820945615442,Relaksasi
110,4.21644407360091,192.958220229704,0.0218515908188909,Relaksasi
110.1,4.22115749166551,192.958220229704,0.0218760179620257,Relaksasi
110.2,4.09619231551651,192.958220229704,0.0212283898070798,Relaksasi
110.3,4.27083778304653,192.958220229704,0.0221334845334,Relaksasi
110.4,4.25528668877212,192.958220229704,0.0220528914689744,Relaksasi
110.5,3.8434257168213,192.958220229704,0.0199184347380794,Relaksasi
110.6,3.8439054051671,192.958220229704,0.0199209207080745,Relaksasi
110.7,3.92934192615181,192.958220229704,0.0203636928319208,Relaksasi
110.8,4.33234813443901,192.958220229704,0.0224522600243806,Relaksasi
110.9,4.43640502442027,192.958220229704,0.0229915316338378,Relaksasi
111,3.95966876721458,192.958220229704,0.0205208607464397,Relaksasi
111.1,3.77952801832642,192.958220229704,0.0195872868946819,Relaksasi
111.2,3.99881408360014,192.958220229704,0.0207237301361913,Relaksasi
111.3,4.16276821358032,192.958220229704,0.0215734173367936,Relaksasi
111.4,4.11265113259325,192.958220229704,0.0213136871168143,Relaksasi
111.5,4.165146888826,192.958220229704,0.0215857447475815,Relaksasi
111.6,4.53433365119608,192.958220229704,0.0234990437090385,Relaksasi
111.7,4.2953576373168,192.958220229704,0.0222605579187218,Relaksasi
111.8,3.94425996365354,192.958220229704,0.0204410050992291,Relaksasi
111.9,4.09793331518337,192.958220229704,0.0212374124839307,Relaksasi
112,4.28466398246567,192.958220229704,0.0222051383836618,Relaksasi
112.1,4.17204474744091,192.958220229704,0.0216214926862114,Relaksasi
112.2,3.93510733001448,192.958220229704,0.0203935718588719,Relaksasi
112.3,4.45437204791167,192.958220229704,0.0230846451766038,Relaksasi
112.4,4.33680455391684,192.958220229704,0.0224753552802994,Relaksasi
112.5,3.91404318795905,192.958220229704,0.0202844075950724,Relaksasi
112.6,4.28814952651365,192.958220229704,0.0222232021077355,Relaksasi
112.7,4.21389246616138,192.958220229704,0.0218383671923644,Relaksasi
112.8,3.8010913049419,192.958220229704,0.0196990379597042,Relaksasi
112.9,3.98709944499083,192.958220229704,0.0206630193844266,Relaksasi
113,4.30067834758915,192.958220229704,0.0222881323349142,Relaksasi
113.1,4.53355912001904,192.958220229704,0.0234950297252024,Relaksasi
113.2,4.73365587307293,192.958220229704,0.0245320249504677,Relaksasi
113.3,4.73492528948169,192.958220229704,0.0245386036616895,Relaksasi
113.4,4.26760076187137,192.958220229704,0.0221167087714174,Relaksasi
113.5,3.78227924823681,192.958220229704,0.0196015450584809,Relaksasi
113.6,4.1548217847669,192.958220229704,0.0215322352155864,Relaksasi
113.7,4.21584492243256,192.958220229704,0.0218484857365179,Relaksasi
113.8,3.78495128834118,192.958220229704,0.0196153928235628,Relaksasi
113.9,4.28049855226801,192.958220229704,0.022183551170675,Relaksasi
114,4.46871305456691,192.958220229704,0.023158966999422,Relaksasi
114.1,4.35496843065668,192.958220229704,0.0225694890089284,Relaksasi
114.2,4.56053411781278,192.958220229704,0.0236348268157935,Relaksasi
114.3,4.19703393748028,192.958220229704,0.0217509983896203,Relaksasi
114.4,4.00406030427796,192.958220229704,0.0207509185123671,Relaksasi
114.5,4.28860750255906,192.958220229704,0.0222255755544064,Relaksasi
114.6,4.96342423432441,192.958220229704,0.025722792366222,Relaksasi
114.7,4.9976847594043,192.958220229704,0.0259003464763247,Relaksasi
114.8,4.42323547034008,192.958220229704,0.0229232808277073,Relaksasi
114.9,4.64081332184393,192.958220229704,0.0240508713042614,Relaksasi
115,4.44378148939371,192.958220229704,0.0230297599350973,Relaksasi
115.1,4.34947473877099,192.958220229704,0.0225410181208825,Relaksasi
115.2,4.52820932624486,192.958220229704,0.0234673045846626,Relaksasi
115.3,4.58410663057853,192.958220229704,0.0237569906331094,Relaksasi
115.4,4.75551555296356,192.958220229704,0.0246453120644585,Relaksasi
115.5,4.16101737975389,192.958220229704,0.0215643436947153,Relaksasi
115.6,3.87016897325526,192.958220229704,0.0200570308362509,Relaksasi
115.7,3.78387641548494,192.958220229704,0.0196098223282765,Relaksasi
115.8,3.64279522424288,192.958220229704,0.0188786734242593,Relaksasi
115.9,3.93292295349849,192.958220229704,0.0203822513952327,Relaksasi
116,4.41387738983073,192.958220229704,0.0228747828653079,Relaksasi
116.1,4.8881228910126,192.958220229704,0.0253325454867568,Relaksasi
116.2,4.81853884510174,192.958220229704,0.0249719283239947,Relaksasi
116.3,4.62303165779291,192.958220229704,0.0239587183810542,Relaksasi
116.4,4.76750024901509,192.958220229704,0.0247074223805532,Relaksasi
116.5,4.26367408367416,192.958220229704,0.0220963588832782,Relaksasi
116.6,3.47963764296162,192.958220229704,0.0180331143126183,Relaksasi
116.7,3.36489373272885,192.958220229704,0.0174384575517082,Relaksasi
116.8,3.46721847953424,192.958220229704,0.0179687523828047,Relaksasi
116.9,3.75622516090273,192.958220229704,0.0194665205578244,Relaksasi
117,3.97163595702899,192.958220229704,0.0205828803370026,Relaksasi
117.1,4.18424823536994,192.958220229704,0.0216847368844348,Relaksasi
117.2,4.24920688664976,192.958220229704,0.0220213830827801,Relaksasi
117.3,4.31608065373314,192.958220229704,0.0223679543094621,Relaksasi
117.4,4.60498781745426,192.958220229704,0.0238652067373566,Relaksasi
117.5,4.51986926840967,192.958220229704,0.0234240824932417,Relaksasi
117.6,3.94227163699721,192.958220229704,0.0204307006579155,Relaksasi
117.7,3.95982262278238,192.958220229704,0.0205216580981545,Relaksasi
117.8,4.09829924648538,192.958220229704,0.0212393089115697,Relaksasi
117.9,4.12540574713924,192.958220229704,0.0213797875116604,Relaksasi
118,4.1696363741986,192.958220229704,0.0216090113664758,Relaksasi
118.1,3.77623222027938,192.958220229704,0.0195702065233813,Relaksasi
118.2,3.98216799101041,192.958220229704,0.0206374622769111,Relaksasi
118.3,4.42671069893849,192.958220229704,0.0229412910922831,Relaksasi
118.4,4.20447719892621,192.958220229704,0.0217895728615297,Relaksasi
118.5,3.95946004230567,192.958220229704,0.0205197790360639,Relaksasi
118.6,4.02102610666862,192.958220229704,0.0208388432577885,Relaksasi
118.7,4.08808942670264,192.958220229704,0.0211863968367663,Relaksasi
118.8,4.14992580489734,192.958220229704,0.0215068619515517,Relaksasi
118.9,4.30573462832859,192.958220229704,0.0223143363532422,Relaksasi
119,4.05480039741003,192.958220229704,0.0210138774734918,Relaksasi
119.1,3.9506125708355,192.958220229704,0.0204739272891954,Relaksasi
119.2,3.81428496691481,192.958220229704,0.0197674137042421,Relaksasi
119.3,4.02756794811908,192.958220229704,0.0208727461484903,Relaksasi
119.4,4.79850324215224,192.958220229704,0.0248680944322556,Relaksasi
119.5,4.80349949090735,192.958220229704,0.0248939873366841,Relaksasi
119.6,4.3789207855579,192.958220229704,0.0226936213463469,Relaksasi
119.7,3.9735829029909,192.958220229704,0.0205929703241491,Relaksasi
119.8,4.1849922119667,192.958220229704,0.0216885925201049,Relaksasi
119.9,4.21225790317059,192.958220229704,0.0218298961202906,Relaksasi
120,4.24310569715553,192.958220229704,0.0219897638571936,Relaksasi
120.1,4.77631311481554,192.958220229704,0.0247530947846102,Relaksasi
120.2,4.37994414033159,192.958220229704,0.0226989248507659,Relaksasi
120.3,3.89273173645162,192.958220229704,0.0201739616576976,Relaksasi
120.4,4.26998096775308,192.958220229704,0.0221290441146791,Relaksasi
120.5,4.39173296606368,192.958220229704,0.0227600200749967,Relaksasi
120.6,4.55752034893685,192.958220229704,0.023619208051937,Relaksasi
120.7,4.76394417791031,192.958220229704,0.024688993152192,Relaksasi
120.8,4.52928264877908,192.958220229704,0.0234728670454531,Relaksasi
120.9,4.55913982130156,192.958220229704,0.0236276009173085,Relaksasi
121,4.35324521266715,192.958220229704,0.0225605584850695,Relaksasi
121.1,3.93065725696651,192.958220229704,0.0203705094931293,Relaksasi
121.2,4.36105399385716,192.958220229704,0.0226010272517316,Relaksasi
121.3,5.06070659308167,192.958220229704,0.026226955177433,Relaksasi
121.4,4.66212177116767,192.958220229704,0.0241613016829121,Relaksasi
121.5,3.97639653669077,192.958220229704,0.0206075518936542,Relaksasi
121.6,4.09751636977701,192.958220229704,0.021235251677276,Relaksasi
121.7,4.40413239812513,192.958220229704,0.0228242797476174,Relaksasi
121.8,4.45392044821191,192.958220229704,0.0230823047751468,Relaksasi
121.9,4.33741432777204,192.958220229704,0.0224785154144179,Relaksasi
122,4.4305591934036,192.958220229704,0.0229612357956521,Relaksasi
122.1,4.17258500792553,192.958220229704,0.0216242925694399,Relaksasi
122.2,4.25481356896455,192.958220229704,0.0220504395402253,Relaksasi
122.3,4.34337140889183,192.958220229704,0.0225093878028173,Relaksasi
122.4,4.31896870300195,192.958220229704,0.0223829215353485,Relaksasi
122.5,4.58632743406688,192.958220229704,0.0237684998784046,Relaksasi
122.6,4.40414533445691,192.958220229704,0.0228243467897562,Relaksasi
122.7,4.19186940623767,192.958220229704,0.0217242333664124,Relaksasi
122.8,3.9342704257181,192.958220229704,0.0203892346282766,Relaksasi
122.9,3.788264320078,192.958220229704,0.019632562507927,Relaksasi
123,3.90926907036717,192.958220229704,0.0202596658785174,Relaksasi
123.1,3.79170435863803,192.958220229704,0.0196503904012188,Relaksasi
123.2,3.75615508472197,192.958220229704,0.019466157390188,Relaksasi
123.3,3.95499839026733,192.958220229704,0.0204966566625624,Relaksasi
123.4,3.98405806204161,192.958220229704,0.0206472575114906,Relaksasi
123.5,3.85167658593011,192.958220229704,0.0199611946116882,Relaksasi
123.6,3.93462176172103,192.958220229704,0.0203910554162301,Relaksasi
123.7,3.70416656576064,192.958220229704,0.0191967285008697,Relaksasi
123.8,3.61465644165103,192.958220229704,0.018732845054997,Relaksasi
123.9,3.83565663013373,192.958220229704,0.0198781716869468,Relaksasi
124,4.19151116544405,192.958220229704,0.0217223767945949,Relaksasi
124.1,4.82785155865484,192.958220229704,0.0250201911735484,Relaksasi
124.2,4.42419198280578,192.958220229704,0.0229282379239354,Relaksasi
124.3,3.85324244512042,192.958220229704,0.0199693096284439,Relaksasi
124.4,3.91085380372526,192.958220229704,0.020267878710063,Relaksasi
124.5,4.39592311605916,192.958220229704,0.0227817353975701,Relaksasi
124.6,4.78694404370048,192.958220229704,0.0248081892442931,Relaksasi
124.7,4.50548347174533,192.958220229704,0.0233495285475885,Relaksasi
124.8,3.91132135972828,192.958220229704,0.0202703018045674,Relaksasi
124.9,3.84210410258139,192.958220229704,0.0199115855132143,Relaksasi
125,4.19687344876595,192.958220229704,0.021750166661829,Relaksasi
125.1,4.21334866633772,192.958220229704,0.0218355489666209,Relaksasi
125.2,4.28656243789995,192.958220229704,0.0222149770701507,Relaksasi
125.3,4.173794221687,192.958220229704,0.0216305592823067,Relaksasi
125.4,3.83496341789622,192.958220229704,0.0198745791359962,Relaksasi
125.5,3.92782914255531,192.958220229704,0.0203558528777862,Relaksasi
125.6,4.36300749710378,192.958220229704,0.0226111512218029,Relaksasi
125.7,4.41534997767094,192.958220229704,0.0228824145061805,Relaksasi
125.8,4.07729667540568,192.958220229704,0.021130463737445,Relaksasi
125.9,4.06760030810983,192.958220229704,0.0210802126142521,Relaksasi
126,4.28288221726074,192.958220229704,0.0221959044406725,Relaksasi
126.1,4.14563099364579,192.958220229704,0.0214846042252603,Relaksasi
126.2,4.36648383090612,192.958220229704,0.0226291672140639,Relaksasi
126.3,4.48395901675553,192.958220229704,0.0232379787262636,Relaksasi
126.4,4.35062745840113,192.958220229704,0.0225469920546635,Relaksasi
126.5,3.80631801297274,192.958220229704,0.0197261252121914,Relaksasi
126.6,3.67443410474844,192.958220229704,0.0190426409425537,Relaksasi
126.7,4.07325710940265,192.958220229704,0.0211095288117486,Relaksasi
126.8,4.16072134015678,192.958220229704,0.0215628094786723,Relaksasi
126.9,4.41259653322348,192.958220229704,0.0228681448656118,Relaksasi
127,4.49687686963918,192.958220229704,0.0233049250987388,Relaksasi
127.1,4.60493182677953,192.958220229704,0.0238649165674189,Relaksasi
127.2,4.27613322666865,192.958220229704,0.0221609280059601,Relaksasi
127.3,3.79376132825295,192.958220229704,0.0196610505825392,Relaksasi
127.4,3.67515007712734,192.958220229704,0.0190463514472321,Relaksasi
127.5,3.79839157189972,192.958220229704,0.0196850466768298,Relaksasi
127.6,4.21390410830441,192.958220229704,0.0218384275274101,Relaksasi
127.7,4.26263089780389,192.958220229704,0.0220909526048153,Relaksasi
127.8,4.26837922476152,192.958220229704,0.0221207431312349,Relaksasi
127.9,4.19588594976006,192.958220229704,0.021745048978816,Relaksasi
128,4.02019852726735,192.958220229704,0.0208345543531733,Relaksasi
128.1,4.15900315992183,192.958220229704,0.0215539050628205,Relaksasi
128.2,4.25206091101721,192.958220229704,0.022036173975669,Relaksasi
128.3,4.40496794678633,192.958220229704,0.0228286099526753,Relaksasi
128.4,4.8159582305427,192.958220229704,0.0249585543689698,Relaksasi
128.5,4.72176219690772,192.958220229704,0.0244703863421148,Relaksasi
128.6,4.09135656568522,192.958220229704,0.021203328683353,Relaksasi
128.7,4.18681498487001,192.958220229704,0.021698038984221,Relaksasi
128.8,4.93999814025878,192.958220229704,0.0256013873592846,Relaksasi
128.9,4.69192964476001,192.958220229704,0.0243157800645891,Relaksasi
129,3.76613345221502,192.958220229704,0.0195178699706687,Relaksasi
129.1,3.70390265410575,192.958220229704,0.0191953607868921,Relaksasi
129.2,4.58751517760888,192.958220229704,0.023774655322524,Relaksasi
129.3,4.52327992864031,192.958220229704,0.0234417581342513,Relaksasi
129.4,4.03785037626445,192.958220229704,0.0209260345138842,Relaksasi
129.5,4.18312754990263,192.958220229704,0.0216789289667105,Relaksasi
129.6,3.88665395061548,192.958220229704,0.0201424637208442,Relaksasi
129.7,3.95936347182419,192.958220229704,0.0205192785625346,Relaksasi
129.8,4.1502056143392,192.958220229704,0.0215083120553178,Relaksasi
129.9,4.28020937696487,192.958220229704,0.0221820525286229,Relaksasi
130,4.22898889030921,192.958220229704,0.0219166039429411,Relaksasi
130.1,4.43329951982249,192.958220229704,0.0229754374524441,Relaksasi
130.2,4.54069493108939,192.958220229704,0.0235320108450627,Relaksasi
130.3,4.57504957132697,192.958220229704,0.0237100527040552,Relaksasi
130.4,4.78063091326223,192.958220229704,0.0247754716413285,Relaksasi
130.5,4.32510912215173,192.958220229704,0.0224147440674099,Relaksasi
130.6,3.89435230959191,192.958220229704,0.0201823602278045,Relaksasi
130.7,4.18299561731763,192.958220229704,0.021678245230175,Relaksasi
130.8,4.44404456978005,192.958220229704,0.0230311233410513,Relaksasi
130.9,4.13931147035814,192.958220229704,0.0214518534915516,Relaksasi
131,3.97507982711977,192.958220229704,0.0206007280870839,Relaksasi
131.1,4.31285819702965,192.958220229704,0.0223512540274029,Relaksasi
131.2,4.21547963829413,192.958220229704,0.0218465926627842,Relaksasi
131.3,3.86094107157948,192.958220229704,0.0200092075216246,Relaksasi
131.4,4.16472749250671,192.958220229704,0.0215835712391464,Relaksasi
131.5,4.58929489247691,192.958220229704,0.0237838786397059,Relaksasi
131.6,4.15082135745623,192.958220229704,0.0215115031249509,Relaksasi
131.7,4.3433924827551,192.958220229704,0.022509497017461,Relaksasi
131.8,4.54888553214564,192.958220229704,0.0235744583813558,Relaksasi
131.9,3.86011164082315,192.958220229704,0.0200049090224192,Relaksasi
132,4.01065069255743,192.958220229704,0.0207850729955066,Relaksasi
132.1,4.44789447429492,192.958220229704,0.0230510753519597,Relaksasi
132.2,4.44518056831617,192.958220229704,0.0230370106182804,Relaksasi
132.3,3.94568736879729,192.958220229704,0.0204484025821767,Relaksasi
132.4,4.17670087587931,192.958220229704,0.0216456229276329,Relaksasi
132.5,4.27272474340693,192.958220229704,0.0221432636470244,Relaksasi
132.6,4.23279924087487,192.958220229704,0.0219363509667327,Relaksasi
132.7,4.41318976660216,192.958220229704,0.022871219279223,Relaksasi
132.8,4.12537665951049,192.958220229704,0.0213796367659253,Relaksasi
132.9,3.8255672638316,192.958220229704,0.0198258838585758,Relaksasi
133,3.74907605884531,192.958220229704,0.0194294705578352,Relaksasi
133.1,4.19008555023352,192.958220229704,0.0217149885879208,Relaksasi
133.2,4.34906601763251,192.958220229704,0.0225388999362414,Relaksasi
133.3,4.12621345643767,192.958220229704,0.021383973440083,Relaksasi
133.4,3.71665930713047,192.958220229704,0.0192614717460911,Relaksasi
133.5,3.98848521941415,192.958220229704,0.020670201117455,Relaksasi
133.6,4.10411347038994,192.958220229704,0.0212694409468758,Relaksasi
133.7,3.836284389838,192.958220229704,0.019881425032171,Relaksasi
133.8,4.50238219357178,192.958220229704,0.0233334562695075,Relaksasi
133.9,4.42124539086522,192.958220229704,0.022912967302466,Relaksasi
134,4.20634092768156,192.958220229704,0.0217992315780805,Relaksasi
134.1,4.62146461218751,192.958220229704,0.0239505972157391,Relaksasi
134.2,4.66925961559906,192.958220229704,0.0241982933406031,Relaksasi
134.3,4.58991394057716,192.958220229704,0.0237870868373121,Relaksasi
134.4,4.31102741191409,192.958220229704,0.0223417660402449,Relaksasi
134.5,4.2144859236378,192.958220229704,0.0218414427673552,Relaksasi
134.6,4.45932259301849,192.958220229704,0.0231103012232906,Relaksasi
134.7,4.40525880213116,192.958220229704,0.0228301173014915,Relaksasi
134.8,4.23292127491609,192.958220229704,0.0219369834043716,Relaksasi
134.9,4.00514664735141,192.958220229704,0.0207565484516988,Relaksasi
135,4.01106624731488,192.958220229704,0.0207872265951664,Relaksasi
135.1,4.6401002755554,192.958220229704,0.0240471759639557,Relaksasi
135.2,4.73323653382205,192.958220229704,0.0245298517377879,Relaksasi
135.3,4.08135556188411,192.958220229704,0.0211514987909068,Relaksasi
135.4,4.60295376254258,192.958220229704,0.023854665310776,Relaksasi
135.5,4.86178831539404,192.958220229704,0.0251960673642533,Relaksasi
135.6,4.27058159131981,192.958220229704,0.0221321568277111,Relaksasi
135.7,4.4406087330587,192.958220229704,0.0230133172236583,Relaksasi
135.8,4.42561974944629,192.958220229704,0.0229356372803288,Relaksasi
135.9,4.05688307596964,192.958220229704,0.0210246708906218,Relaksasi
136,4.20609241606362,192.958220229704,0.0217979436743174,Relaksasi
136.1,4.55360137865422,192.958220229704,0.0235988981098264,Relaksasi
136.2,4.41537407596192,192.958220229704,0.0228825393948271,Relaksasi
136.3,4.62080604967554,192.958220229704,0.0239471842359179,Relaksasi
136.4,4.57620930857307,192.958220229704,0.0237160630064135,Relaksasi
136.5,4.19561144674411,192.958220229704,0.0217436263754377,Relaksasi
136.6,3.96087975187704,192.958220229704,0.020527136636946,Relaksasi
136.7,4.03016659759354,192.958220229704,0.0208862135689057,Relaksasi
136.8,4.13518086931165,192.958220229704,0.0214304467795619,Relaksasi
136.9,4.07458191297164,192.958220229704,0.0211163945652128,Relaksasi
137,3.95702099779662,192.958220229704,0.0205071387634383,Relaksasi
137.1,4.16457388420904,192.958220229704,0.0215827751689013,Relaksasi
137.2,4.34170577016209,192.958220229704,0.022500755681689,Relaksasi
137.3,4.21913403686653,192.958220229704,0.0218655314702009,Relaksasi
137.4,4.14815122898064,192.958220229704,0.0214976652668259,Relaksasi
137.5,4.12417153015761,192.958220229704,0.0213733912203795,Relaksasi
137.6,4.60657861240884,192.958220229704,0.0238734509829383,Relaksasi
137.7,4.51754834488265,192.958220229704,0.023412054378947,Relaksasi
137.8,4.10685066961356,192.958220229704,0.0212836263970751,Relaksasi
137.9,4.32401504896363,192.958220229704,0.0224090740669985,Relaksasi
138,4.71876333679785,192.958220229704,0.0244548448424767,Relaksasi
138.1,4.46764388667346,192.958220229704,0.0231534260699287,Relaksasi
138.2,3.91285650194589,192.958220229704,0.0202782576315635,Relaksasi
138.3,3.96571584846558,192.958220229704,0.0205521995577315,Relaksasi
138.4,4.18049086118679,192.958220229704,0.0216652644091047,Relaksasi
138.5,4.08759296055221,192.958220229704,0.0211838239163183,Relaksasi
138.6,3.71635523630625,192.958220229704,0.0192598959084624,Relaksasi
138.7,3.57631866350586,192.958220229704,0.018534160707165,Relaksasi
138.8,3.8525952778596,192.958220229704,0.0199659557041589,Relaksasi
138.9,4.00879444357336,192.958220229704,0.0207754530426388,Relaksasi
139,4.05308571116274,192.958220229704,0.0210049911651228,Relaksasi
139.1,4.38786143904618,192.958220229704,0.0227399560061382,Relaksasi
139.2,4.97862713623768,192.958220229704,0.0258015809345203,Relaksasi
139.3,4.65620936447996,192.958220229704,0.0241306608183733,Relaksasi
139.4,4.15905126928445,192.958220229704,0.0215541543881022,Relaksasi
139.5,4.44653154172445,192.958220229704,0.0230440119961262,Relaksasi
139.6,4.32819624021206,192.958220229704,0.0224307429611428,Relaksasi
139.7,4.23181072814681,192.958220229704,0.0219312280301359,Relaksasi
139.8,4.48191777461038,192.958220229704,0.0232274000520681,Relaksasi
139.9,4.41341935392526,192.958220229704,0.0228724091084142,Relaksasi
140,4.44443748294033,192.958220229704,0.0230331596013351,Relaksasi
140.1,4.39843884615889,192.958220229704,0.0227947730908942,Relaksasi
140.2,4.34806832692335,192.958220229704,0.0225337294350418,Relaksasi
140.3,4.51116891371649,192.958220229704,0.0233789931745134,Relaksasi
140.4,4.21678325913716,192.958220229704,0.0218533486374271,Relaksasi
140.5,3.93073078996057,192.958220229704,0.0203708905755935,Relaksasi
140.6,4.44512108183555,192.958220229704,0.023036702331437,Relaksasi
140.7,4.46172996684296,192.958220229704,0.0231227773635742,Relaksasi
140.8,4.21776730714653,192.958220229704,0.0218584484357576,Relaksasi
140.9,4.13386776599048,192.958220229704,0.0214236416622696,Relaksasi
141,4.06534390161677,192.958220229704,0.0210685188574877,Relaksasi
141.1,4.59167362481491,192.958220229704,0.023796206346373,Relaksasi
141.2,4.6238490143701,192.958220229704,0.0239629543062002,Relaksasi
141.3,4.58375226208266,192.958220229704,0.0237551541293551,Relaksasi
141.4,4.59347817804047,192.958220229704,0.0238055583875735,Relaksasi
141.5,4.72857467512729,192.958220229704,0.0245056917994903,Relaksasi
141.6,4.75392098898021,192.958220229704,0.024637048286002,Relaksasi
141.7,4.44698338941617,192.958220229704,0.0230463536827938,Relaksasi
141.8,4.24889776560185,192.958220229704,0.0220197810725235,Relaksasi
141.9,4.34134181618545,192.958220229704,0.0224988695014775,Relaksasi
142,4.06351060805297,192.958220229704,0.0210590178703744,Relaksasi
142.1,3.99426526686108,192.958220229704,0.0207001560343279,Relaksasi
142.2,4.17213133606349,192.958220229704,0.0216219414290661,Relaksasi
142.3,4.38520790214921,192.958220229704,0.0227262041333555,Relaksasi
142.4,4.21861815480894,192.958220229704,0.0218628579274154,Relaksasi
142.5,4.01876219478727,192.958220229704,0.0208271106045817,Relaksasi
142.6,4.55576330800804,192.958220229704,0.0236101022417429,Relaksasi
142.7,4.31577636100129,192.958220229704,0.0223663773218039,Relaksasi
142.8,4.18339255987023,192.958220229704,0.0216803023726597,Relaksasi
142.9,4.20229692931637,192.958220229704,0.0217782736818044,Relaksasi
143,3.82419741413266,192.958220229704,0.0198187846549383,Relaksasi
143.1,3.59397277864922,192.958220229704,0.0186256526121087,Relaksasi
143.2,4.10013106700128,192.958220229704,0.0212488022646579,Relaksasi
143.3,4.53724815274273,192.958220229704,0.0235141480230355,Relaksasi
143.4,4.36527622931424,192.958220229704,0.022622908856216,Relaksasi
143.5,4.04719853048759,192.958220229704,0.0209744810336127,Relaksasi
143.6,4.26114772155118,192.958220229704,0.0220832660898228,Relaksasi
143.7,4.25466938977095,192.958220229704,0.02204969233602,Relaksasi
143.8,3.7109745085605,192.958220229704,0.019232010453573,Relaksasi
143.9,4.08688825106941,192.958220229704,0.0211801717812501,Relaksasi
144,4.34651166684222,192.958220229704,0.0225256620923845,Relaksasi
144.1,4.14528527453126,192.958220229704,0.0214828125466569,Relaksasi
144.2,4.22385118101721,192.958220229704,0.0218899779236614,Relaksasi
144.3,4.00863845235695,192.958220229704,0.0207746446229912,Relaksasi
144.4,3.83810437452177,192.958220229704,0.0198908570464258,Relaksasi
144.5,4.02266409985119,192.958220229704,0.0208473321067249,Relaksasi
144.6,4.05091188754633,192.958220229704,0.0209937253915588,Relaksasi
144.7,4.00745178514425,192.958220229704,0.020768494756915,Relaksasi
144.8,4.15321292933313,192.958220229704,0.0215238973721307,Relaksasi
144.9,4.59395464888782,192.958220229704,0.0238080276829825,Relaksasi
145,4.25786787438278,192.958220229704,0.0220662683834567,Relaksasi
145.1,3.94618579575269,192.958220229704,0.0204509856644357,Relaksasi
145.2,4.17071733393944,192.958220229704,0.021614613406853,Relaksasi
145.3,4.18029189002854,192.958220229704,0.0216642332472397,Relaksasi
145.4,4.47621649721749,192.958220229704,0.0231978533585605,Relaksasi
145.5,4.33868638365186,192.958220229704,0.0224851078046167,Relaksasi
145.6,3.95225968434408,192.958220229704,0.0204824634039389,Relaksasi
145.7,4.06145448199922,192.958220229704,0.0210483620607836,Relaksasi
145.8,4.0569369289813,192.958220229704,0.0210249499821868,Relaksasi
145.9,4.52520983459732,192.958220229704,0.0234517598121001,Relaksasi
146,4.49327727984096,192.958220229704,0.0232862703360967,Relaksasi
146.1,3.54752678888841,192.958220229704,0.0183849477087077,Relaksasi
146.2,3.86178054306238,192.958220229704,0.0200135580565844,Relaksasi
146.3,4.41481600225257,192.958220229704,0.0228796471951132,Relaksasi
146.4,4.51058444879838,192.958220229704,0.0233759642031775,Relaksasi
146.5,4.26321686090373,192.958220229704,0.0220939893404317,Relaksasi
146.6,3.92367853267491,192.958220229704,0.0203343424706345,Relaksasi
146.7,4.11500456498439,192.958220229704,0.0213258837072904,Relaksasi
146.8,3.90323233559851,192.958220229704,0.0202283806875498,Relaksasi
146.9,3.68493418521093,192.958220229704,0.0190970572843399,Relaksasi
147,4.32066454151246,192.958220229704,0.0223917101659054,Relaksasi
147.1,4.3885199349881,192.958220229704,0.0227433686409621,Relaksasi
147.2,4.32562279330738,192.958220229704,0.0224174061522646,Relaksasi
147.3,4.19773262353179,192.958220229704,0.0217546193084424,Relaksasi
147.4,3.84595012726219,192.958220229704,0.0199315174170028,Relaksasi
147.5,4.41779212392029,192.958220229704,0.0228950708534791,Relaksasi
147.6,4.59245354273119,192.958220229704,0.0238002482468183,Relaksasi
147.7,4.26139578017991,192.958220229704,0.0220845516459833,Relaksasi
147.8,4.08121335734862,192.958220229704,0.0211507618203061,Relaksasi
147.9,3.87201177184484,192.958220229704,0.0200665810828659,Relaksasi
148,3.85537716591323,192.958220229704,0.0199803727528357,Relaksasi
148.1,3.8153982913495,192.958220229704,0.0197731834736428,Relaksasi
148.2,4.0775921595678,192.958220229704,0.0211319950749634,Relaksasi
148.3,3.93285662620194,192.958220229704,0.0203819076560726,Relaksasi
148.4,3.97042409145649,192.958220229704,0.0205765998812073,Relaksasi
148.5,4.62832311237771,192.958220229704,0.0239861411805519,Relaksasi
148.6,4.26121496500037,192.958220229704,0.0220836145769156,Relaksasi
148.7,4.09398338517261,192.958220229704,0.021216942093988,Relaksasi
148.8,4.5322868624613,192.958220229704,0.0234884362898141,Relaksasi
148.9,4.52447599759232,192.958220229704,0.0234479567245502,Relaksasi
149,4.62837269875975,192.958220229704,0.0239863981604411,Relaksasi
149.1,4.59499653382608,192.958220229704,0.0238134272194056,Relaksasi
149.2,4.43057892064608,192.958220229704,0.0229613380314753,Relaksasi
149.3,4.62426114613939,192.958220229704,0.0239650901663299,Relaksasi
149.4,4.77575917738005,192.958220229704,0.0247502240210074,Relaksasi
149.5,4.67086434723117,192.958220229704,0.0242066098125844,Relaksasi
149.6,4.16397754441748,192.958220229704,0.0215796846564015,Relaksasi
149.7,3.94376454413667,192.958220229704,0.0204384376029271,Relaksasi
149.8,4.13191891960019,192.958220229704,0.021413541826212,Relaksasi
149.9,4.25174996379332,192.958220229704,0.022034562501312,Relaksasi
150,4.35260640213534,192.958220229704,0.0225572478692737,Relaksasi
150.1,4.40224592819448,192.958220229704,0.02281450317563,Relaksasi
150.2,4.33928424400916,192.958220229704,0.0224882061974014,Relaksasi
150.3,4.08534478159875,192.958220229704,0.021172172798523,Relaksasi
150.4,4.00255732521102,192.958220229704,0.0207431293699032,Relaksasi
150.5,4.05337632739769,192.958220229704,0.0210064972747594,Relaksasi
150.6,3.94223972827245,192.958220229704,0.0204305352919377,Relaksasi
150.7,3.77769249166171,192.958220229704,0.0195777743345923,Relaksasi
150.8,4.02735896708325,192.958220229704,0.0208716631107447,Relaksasi
150.9,4.41416792932855,192.958220229704,0.0228762885772567,Relaksasi
151,4.75121724340397,192.958220229704,0.024623036208294,Relaksasi
151.1,4.81301769107681,192.958220229704,0.0249433151142628,Relaksasi
151.2,4.25541470992198,192.958220229704,0.0220535549346185,Relaksasi
151.3,4.12212724700628,192.958220229704,0.0213627967862637,Relaksasi
151.4,4.51094980356729,192.958220229704,0.0233778576429515,Relaksasi
151.5,4.21745960338498,192.958220229704,0.0218568537705436,Relaksasi
151.6,4.06821103338073,192.958220229704,0.021083377679053,Relaksasi
151.7,4.23607218770741,192.958220229704,0.0219533129123219,Relaksasi
151.8,4.33760387412135,192.958220229704,0.0224794977325026,Relaksasi
151.9,4.31308970129893,192.958220229704,0.0223524537911082,Relaksasi
152,3.88287700826274,192.958220229704,0.0201228898340814,Relaksasi
152.1,3.76997249400314,192.958220229704,0.0195377656858321,Relaksasi
152.2,3.91708197068155,192.958220229704,0.020300155992414,Relaksasi
152.3,4.30640283739243,192.958220229704,0.0223177993260196,Relaksasi
152.4,4.27503703017928,192.958220229704,0.0221552470016055,Relaksasi
152.5,4.10047390293786,192.958220229704,0.0212505790012809,Relaksasi
152.6,4.0196542749618,192.958220229704,0.0208317337824565,Relaksasi
152.7,4.0087000233607,192.958220229704,0.0207749637128111,Relaksasi
152.8,4.49472062569852,192.958220229704,0.0232937504312999,Relaksasi
152.9,4.34840273793784,192.958220229704,0.0225354625097669,Relaksasi
153,4.29080243634886,192.958220229704,0.0222369507307901,Relaksasi
153.1,4.27103215772902,192.958220229704,0.0221344918741718,Relaksasi
153.2,4.40904667164821,192.958220229704,0.0228497478179449,Relaksasi
153.3,4.36126022736695,192.958220229704,0.0226020960505086,Relaksasi
153.4,3.69373009593922,192.958220229704,0.0191426418192606,Relaksasi
153.5,4.02311382476566,192.958220229704,0.0208496627921651,Relaksasi
153.6,4.38107129201807,192.958220229704,0.0227047662794708,Relaksasi
153.7,4.12115416660702,192.958220229704,0.021357753827233,Relaksasi
153.8,4.39732580338022,192.958220229704,0.0227890047811672,Relaksasi
153.9,4.31551727615628,192.958220229704,0.0223650346226191,Relaksasi
154,3.85784391082632,192.958220229704,0.0199931565819472,Relaksasi
154.1,4.33455386486816,192.958220229704,0.0224636911540134,Relaksasi
154.2,4.73267156342125,192.958220229704,0.0245269237961841,Relaksasi
154.3,4.66757212540599,192.958220229704,0.0241895479749428,Relaksasi
154.4,4.02099323849478,192.958220229704,0.0208386729194955,Relaksasi
154.5,3.81357218777692,192.958220229704,0.0197637197484363,Relaksasi
154.6,3.89419845442163,192.958220229704,0.0201815628781498,Relaksasi
154.7,3.76700597554656,192.958220229704,0.0195223917958105,Relaksasi
154.8,3.96713742717359,192.958220229704,0.0205595668453564,Relaksasi
154.9,4.42860970507656,192.958220229704,0.0229511326327772,Relaksasi
155,4.53727171246465,192.958220229704,0.0235142701205647,Relaksasi
155.1,3.95875603950613,192.958220229704,0.0205161305633598,Relaksasi
155.2,3.83734024567614,192.958220229704,0.01988689697235,Relaksasi
155.3,3.96248261910316,192.958220229704,0.020535443446701,Relaksasi
155.4,4.05304843345889,192.958220229704,0.0210047979745771,Relaksasi
155.5,4.03003347011356,192.958220229704,0.020885523639864,Relaksasi
155.6,4.4104776467725,192.958220229704,0.0228571638022061,Relaksasi
155.7,4.28718266709118,192.958220229704,0.0222181913887243,Relaksasi
155.8,3.68878003297919,192.958220229704,0.0191169882712846,Relaksasi
155.9,3.78963744211347,192.958220229704,0.0196396786703472,Relaksasi
156,3.80089720356463,192.958220229704,0.0196980320353283,Relaksasi
156.1,4.26959055991842,192.958220229704,0.0221270208381678,Relaksasi
156.2,4.40123967669553,192.958220229704,0.0228092883084025,Relaksasi
156.3,4.12356442931174,192.958220229704,0.0213702449390491,Relaksasi
156.4,4.51961258472326,192.958220229704,0.0234227522379869,Relaksasi
156.5,4.64693662434907,192.958220229704,0.0240826051298421,Relaksasi
156.6,4.46602888988192,192.958220229704,0.0231450563990765,Relaksasi
156.7,4.28433117400078,192.958220229704,0.0222034136141004,Relaksasi
156.8,4.16651136999228,192.958220229704,0.0215928161289648,Relaksasi
156.9,3.73949027470995,192.958220229704,0.0193797925284465,Relaksasi
157,3.62474212012479,192.958220229704,0.0187851137713116,Relaksasi
157.1,4.48766283243157,192.958220229704,0.0232571736362893,Relaksasi
157.2,4.36149958595073,192.958220229704,0.0226033365189556,Relaksasi
157.3,3.79610167112627,192.958220229704,0.0196731793369947,Relaksasi
157.4,3.84281438681464,192.958220229704,0.0199152665392541,Relaksasi
157.5,4.00493261499186,192.958220229704,0.0207554392356245,Relaksasi
157.6,4.37440346836115,192.958220229704,0.022670210489886,Relaksasi
157.7,4.50478378449138,192.958220229704,0.0233459024400658,Relaksasi
157.8,4.5351425252129,192.958220229704,0.023503235673578,Relaksasi
157.9,4.79271184501883,192.958220229704,0.024838080695984,Relaksasi
158,4.6419295527442,192.958220229704,0.0240566561363299,Relaksasi
158.1,4.47324421459782,192.958220229704,0.0231824495959422,Relaksasi
158.2,4.60852472840874,192.958220229704,0.0238835366688323,Relaksasi
158.3,4.18817531072423,192.958220229704,0.0217050888308282,Relaksasi
158.4,3.97549289659542,192.958220229704,0.0206028688068477,Relaksasi
158.5,4.27597710407478,192.958220229704,0.0221601189054528,Relaksasi
158.6,4.4506394698301,192.958220229704,0.0230653012063021,Relaksasi
158.7,4.15560525851987,192.958220229704,0.0215362955440453,Relaksasi
158.8,4.50370441980618,192.958220229704,0.023340308666015,Relaksasi
158.9,4.8977799848127,192.958220229704,0.0253825930762744,Relaksasi
159,4.21601786941616,192.958220229704,0.0218493820289039,Relaksasi
159.1,4.03978768334744,192.958220229704,0.0209360745478392,Relaksasi
159.2,3.76082804630003,192.958220229704,0.0194903748688344,Relaksasi
159.3,3.8608144237313,192.958220229704,0.020008551173074,Relaksasi
159.4,4.04612568349848,192.958220229704,0.0209689210373201,Relaksasi
159.5,3.97349151224042,192.958220229704,0.0205924966944152,Relaksasi
159.6,3.93366160834229,192.958220229704,0.0203860794510829,Relaksasi
159.7,4.07696020922376,192.958220229704,0.0211287200118783,Relaksasi
159.8,4.43508649055039,192.958220229704,0.022984698372895,Relaksasi
159.9,3.99897294856641,192.958220229704,0.0207245534489586,Relaksasi
160,4.02852653151221,192.958220229704,0.0208777139772357,Relaksasi
160.1,4.20742035605188,192.958220229704,0.0218048256821774,Relaksasi
160.2,4.00917726650357,192.958220229704,0.0207774370106177,Relaksasi
160.3,4.52314780298262,192.958220229704,0.0234410733971226,Relaksasi
160.4,4.44846177153683,192.958220229704,0.0230540153523454,Relaksasi
160.5,3.96884528535711,192.958220229704,0.0205684177674964,Relaksasi
160.6,4.13954156610271,192.958220229704,0.0214530459556212,Relaksasi
160.7,3.80751480810832,192.958220229704,0.0197323275659142,Relaksasi
160.8,3.7255839265449,192.958220229704,0.0193077233097913,Relaksasi
160.9,4.26270373387576,192.958220229704,0.0220913300755018,Relaksasi
161,4.40214292338895,192.958220229704,0.0228139693564156,Relaksasi
161.1,4.74538209607293,192.958220229704,0.0245927957379783,Relaksasi
161.2,4.74079088838939,192.958220229704,0.0245690019463581,Relaksasi
161.3,3.87644507639643,192.958220229704,0.0200895565463953,Relaksasi
161.4,4.12862469030685,192.958220229704,0.0213964695849288,Relaksasi
161.5,4.6342193322463,192.958220229704,0.024016698157402,Relaksasi
161.6,4.47905766184941,192.958220229704,0.0232125776062683,Relaksasi
161.7,4.30980490881948,192.958220229704,0.0223354304558207,Relaksasi
161.8,4.04456273322905,192.958220229704,0.0209608210959568,Relaksasi
161.9,4.1409426322448,192.958220229704,0.0214603069375085,Relaksasi
162,4.42192925241101,192.958220229704,0.0229165113937463,Relaksasi
162.1,4.28957031301009,192.958220229704,0.0222305652897485,Relaksasi
162.2,4.33044858941096,192.958220229704,0.0224424156911058,Relaksasi
162.3,4.74288381131558,192.958220229704,0.0245798484546007,Relaksasi
162.4,4.71406183295471,192.958220229704,0.0244304794444255,Relaksasi
162.5,4.18695605837838,192.958220229704,0.0216987700933088,Relaksasi
162.6,3.9147921281852,192.958220229704,0.0202882889545981,Relaksasi
162.7,3.99812583397771,192.958220229704,0.0207201633038396,Relaksasi
162.8,4.28067383921472,192.958220229704,0.0221844595898473,Relaksasi
162.9,4.41461166697911,192.958220229704,0.0228785882338872,Relaksasi
163,4.15624710489383,192.958220229704,0.0215396218929989,Relaksasi
163.1,3.91032581818296,192.958220229704,0.0202651424413429,Relaksasi
163.2,3.91348529438306,192.958220229704,0.020281516328894,Relaksasi
163.3,4.17261201060042,192.958220229704,0.0216244325099662,Relaksasi
163.4,4.23201278858334,192.958220229704,0.02193227520209,Relaksasi
163.5,4.18613427218626,192.958220229704,0.0216945112118206,Relaksasi
163.6,4.26723483170213,192.958220229704,0.0221148123496489,Relaksasi
163.7,4.46226747972459,192.958220229704,0.0231255630074353,Relaksasi
163.8,4.54890172989188,192.958220229704,0.023574542325674,Relaksasi
