Time_s,RMS,RMS_max,RMS_norm,Class
0.1,3.9732845882164,5.47957781503231,0.725107795223996,Kontraksi
0.2,3.52577157353552,5.47957781503231,0.643438544455587,Relaksasi
0.3,3.59561901316758,5.47957781503231,0.656185409632034,Kontraksi
0.4,4.21439438424825,5.47957781503231,0.769109323110032,Kontraksi
0.5,4.32547474778647,5.47957781503231,0.789381024195012,Kontraksi
0.6,3.80731061553181,5.47957781503231,0.694818240392003,Kontraksi
0.7,4.03673802544129,5.47957781503231,0.736687781742448,Kontraksi
0.8,3.98765204306222,5.47957781503231,0.727729795555189,Kontraksi
0.9,3.74830248120295,5.47957781503231,0.6840495030329,Kontraksi
1,3.8166675272565,5.47957781503231,0.69652583759028,Kontraksi
1.1,3.64817990009019,5.47957781503231,0.665777551343831,Kontraksi
1.2,3.72915886514432,5.47957781503231,0.680555873285345,Kontraksi
1.3,3.82373671316076,5.47957781503231,0.697815934408481,Kontraksi
1.4,3.8877669335368,5.47957781503231,0.709501181436161,Kontraksi
1.5,4.41747999040487,5.47957781503231,0.806171595608378,Kontraksi
1.6,4.88887911686739,5.47957781503231,0.892199961729818,Kontraksi
1.7,4.61672754342511,5.47957781503231,0.842533439485044,Kontraksi
1.8,4.19821962706044,5.47957781503231,0.766157497671321,Kontraksi
1.9,3.97143950437087,5.47957781503231,0.724771075150331,Kontraksi
2,3.56908033889597,5.47957781503231,0.651342212734855,Kontraksi
2.1,3.66458304503619,5.47957781503231,0.668771056591808,Kontraksi
2.2,4.02486068765819,5.47957781503231,0.734520217345331,Kontraksi
2.3,4.5049799742305,5.47957781503231,0.822139976162367,Kontraksi
2.4,4.52863066346054,5.47957781503231,0.826456127885801,Kontraksi
2.5,4.54612425237698,5.47957781503231,0.829648634591052,Kontraksi
2.6,4.53511854451041,5.47957781503231,0.827640139002875,Kontraksi
2.7,4.03777326337724,5.47957781503231,0.73687670832966,Kontraksi
2.8,4.10054783967163,5.47957781503231,0.748332805571709,Kontraksi
2.9,4.0759452220872,5.47957781503231,0.743842930910758,Kontraksi
3,3.91080134321042,5.47957781503231,0.713704864721838,Kontraksi
3.1,4.36699948466251,5.47957781503231,0.796959114748288,Kontraksi
3.2,4.54176501342653,5.47957781503231,0.828853091741293,Kontraksi
3.3,4.24387516904773,5.47957781503231,0.774489442855499,Kontraksi
3.4,3.90181789758745,5.47957781503231,0.71206542352286,Kontraksi
3.5,4.28090263444894,5.47957781503231,0.781246800201466,Kontraksi
3.6,4.37273082191319,5.47957781503231,0.798005059790797,Kontraksi
3.7,4.082162995773,5.47957781503231,0.744977648565236,Kontraksi
3.8,3.82724724394452,5.47957781503231,0.698456591572639,Kontraksi
3.9,3.5349090106402,5.47957781503231,0.645106088454983,Relaksasi
4,3.822341401988,5.47957781503231,0.697561295963723,Kontraksi
4.1,3.71328454119526,5.47957781503231,0.677658875654339,Kontraksi
4.2,3.7587312377723,5.47957781503231,0.685952707425899,Kontraksi
4.3,4.19266072493916,5.47957781503231,0.765143021317681,Kontraksi
4.4,4.05415217358039,5.47957781503231,0.739865790838576,Kontraksi
4.5,3.99519670652819,5.47957781503231,0.729106665036864,Kontraksi
4.6,4.03315583087273,5.47957781503231,0.73603404623773,Kontraksi
4.7,4.19577162271704,5.47957781503231,0.765710747132131,Kontraksi
4.8,5.1195843581509,5.47957781503231,0.93430270195382,Kontraksi
4.9,4.79923601701607,5.47957781503231,0.875840471477595,Kontraksi
5,3.91359553708754,5.47957781503231,0.714214793400914,Kontraksi
5.1,4.04155828122839,5.47957781503231,0.737567458233926,Kontraksi
5.2,3.9029131006318,5.47957781503231,0.712265293491189,Kontraksi
5.3,3.9340674306812,5.47957781503231,0.717950828235114,Kontraksi
5.4,4.03453284825389,5.47957781503231,0.736285346142146,Kontraksi
5.5,3.79200642730387,5.47957781503231,0.692025290142085,Kontraksi
5.6,3.90997245871426,5.47957781503231,0.713553596773076,Kontraksi
5.7,4.22295794357089,5.47957781503231,0.770672136817896,Kontraksi
5.8,4.25530888050285,5.47957781503231,0.776576047305891,Kontraksi
5.9,4.10831911063259,5.47957781503231,0.749751029972071,Kontraksi
6,4.05178688351522,5.47957781503231,0.739434135308713,Kontraksi
6.1,3.94390559547879,5.47957781503231,0.719746252103464,Kontraksi
6.2,3.72936293104556,5.47957781503231,0.680593114457591,Kontraksi
6.3,3.71763576717454,5.47957781503231,0.678452956170422,Kontraksi
6.4,3.63343739839983,5.47957781503231,0.663087106534394,Kontraksi
6.5,3.94459798516592,5.47957781503231,0.719872610321286,Kontraksi
6.6,3.97374871422142,5.47957781503231,0.725192496275917,Kontraksi
6.7,4.02829099812663,5.47957781503231,0.735146234637946,Kontraksi
6.8,4.09025694312486,5.47957781503231,0.746454760055405,Kontraksi
6.9,4.01531947733956,5.47957781503231,0.732778986425596,Kontraksi
7,3.63373331877651,5.47957781503231,0.663141110763673,Kontraksi
7.1,3.37227438582064,5.47957781503231,0.615425950621482,Relaksasi
7.2,4.3866537221942,5.47957781503231,0.800545930775934,Kontraksi
7.3,4.44990676074605,5.47957781503231,0.812089345375928,Kontraksi
7.4,3.75487991222267,5.47957781503231,0.685249856644389,Kontraksi
7.5,3.95544476172284,5.47957781503231,0.721852101611138,Kontraksi
7.6,3.90719192396382,5.47957781503231,0.713046160827407,Kontraksi
7.7,3.39943294227432,5.47957781503231,0.620382273420506,Relaksasi
7.8,3.55133302521156,5.47957781503231,0.648103402322176,Relaksasi
7.9,3.55718467739127,5.47957781503231,0.649171304335295,Relaksasi
8,3.57370283972043,5.47957781503231,0.652185799773947,Kontraksi
8.1,3.72123795377159,5.47957781503231,0.679110340136604,Kontraksi
8.2,3.62899688929518,5.47957781503231,0.662276732221894,Kontraksi
8.3,3.64529709258676,5.47957781503231,0.66525145104911,Kontraksi
8.4,3.96709387103251,5.47957781503231,0.723978015267791,Kontraksi
8.5,4.36249501102149,5.47957781503231,0.796137067175816,Kontraksi
8.6,4.56006128586443,5.47957781503231,0.832192084827166,Kontraksi
8.7,4.42913645836585,5.47957781503231,0.808298852188073,Kontraksi
8.8,4.16448666254809,5.47957781503231,0.760001372938533,Kontraksi
8.9,4.01877361212878,5.47957781503231,0.733409351556965,Kontraksi
9,4.12457600756114,5.47957781503231,0.752717845569425,Kontraksi
9.1,4.2011288012856,5.47957781503231,0.76668840978232,Kontraksi
9.2,3.88607656852402,5.47957781503231,0.709192696901431,Kontraksi
9.3,3.9213789260265,5.47957781503231,0.715635229281505,Kontraksi
9.4,4.02443086884732,5.47957781503231,0.734441777212646,Kontraksi
9.5,4.42142951298854,5.47957781503231,0.8068923669373,Kontraksi
9.6,4.5456137363322,5.47957781503231,0.829555467551179,Kontraksi
9.7,3.97578813622931,5.47957781503231,0.725564682250227,Kontraksi
9.8,4.14741175481584,5.47957781503231,0.756885273795748,Kontraksi
9.9,3.971958859326,5.47957781503231,0.724865855254321,Kontraksi
10,4.12112107908913,5.47957781503231,0.752087335594272,Kontraksi
10.1,4.77103064894393,5.47957781503231,0.870693109942776,Kontraksi
10.2,4.37820977773733,5.47957781503231,0.799004946280065,Kontraksi
10.3,4.07305720186534,5.47957781503231,0.743315879316757,Kontraksi
10.4,4.18478660673497,5.47957781503231,0.763706027726207,Kontraksi
10.5,3.87210772065411,5.47957781503231,0.706643440673772,Kontraksi
10.6,3.71813381452948,5.47957781503231,0.678543847726625,Kontraksi
10.7,3.81737320083164,5.47957781503231,0.696654620062025,Kontraksi
10.8,4.15129921191836,5.47957781503231,0.757594718434323,Kontraksi
10.9,4.5099495877967,5.47957781503231,0.823046909822944,Kontraksi
11,4.48413727430586,5.47957781503231,0.81833627072589,Kontraksi
11.1,4.2837233347752,5.47957781503231,0.78176156619649,Kontraksi
11.2,3.97412579288236,5.47957781503231,0.725261311552143,Kontraksi
11.3,3.68980248372524,5.47957781503231,0.673373498520795,Kontraksi
11.4,3.66506147969454,5.47957781503231,0.668858368913031,Kontraksi
11.5,3.79553405165203,5.47957781503231,0.69266906681015,Kontraksi
11.6,3.84960401086134,5.47957781503231,0.702536607893512,Kontraksi
11.7,3.93413031975853,5.47957781503231,0.717962305228315,Kontraksi
11.8,3.73355038436689,5.47957781503231,0.681357307149562,Kontraksi
11.9,3.93846937939526,5.47957781503231,0.718754165437841,Kontraksi
12,4.15961683151738,5.47957781503231,0.759112649172745,Kontraksi
12.1,4.14271589564499,5.47957781503231,0.756028299165702,Kontraksi
12.2,3.95641214395574,5.47957781503231,0.722028644816755,Kontraksi
12.3,3.92220919687709,5.47957781503231,0.715786750234144,Kontraksi
12.4,4.0453632478677,5.47957781503231,0.738261848708474,Kontraksi
12.5,3.63854078575564,5.47957781503231,0.664018453351262,Kontraksi
12.6,3.99934125599339,5.47957781503231,0.729863027954793,Kontraksi
12.7,4.46937000969294,5.47957781503231,0.815641306786805,Kontraksi
12.8,4.0227138840482,5.47957781503231,0.734128434678407,Kontraksi
12.9,3.86690253354498,5.47957781503231,0.705693515828313,Kontraksi
13,4.49383357251602,5.47957781503231,0.820105804536243,Kontraksi
13.1,4.16515075717298,5.47957781503231,0.760122567426013,Kontraksi
13.2,3.64269923605628,5.47957781503231,0.664777353113436,Kontraksi
13.3,3.69600737858607,5.47957781503231,0.674505865843658,Kontraksi
13.4,3.63235112935324,5.47957781503231,0.662888866983236,Kontraksi
13.5,3.81360198163788,5.47957781503231,0.695966388354937,Kontraksi
13.6,4.089793108183,5.47957781503231,0.74637011212129,Kontraksi
13.7,3.97595981113979,5.47957781503231,0.725596012202327,Kontraksi
13.8,3.89310828166215,5.47957781503231,0.710475955096769,Kontraksi
13.9,4.32099702305988,5.47957781503231,0.788563858187385,Kontraksi
14,4.48287865321419,5.47957781503231,0.818106577648402,Kontraksi
14.1,4.81713871743867,5.47957781503231,0.879107639319155,Kontraksi
14.2,4.50614297451673,5.47957781503231,0.82235221884337,Kontraksi
14.3,3.82661830626935,5.47957781503231,0.698341813081231,Kontraksi
14.4,4.17734321189798,5.47957781503231,0.762347639345157,Kontraksi
14.5,4.07945717336633,5.47957781503231,0.74448384730937,Kontraksi
14.6,3.8456114943849,5.47957781503231,0.70180799035924,Kontraksi
14.7,4.10457996988349,5.47957781503231,0.749068652446774,Kontraksi
14.8,3.83856452728797,5.47957781503231,0.700521948380313,Kontraksi
14.9,3.90332883321613,5.47957781503231,0.712341162946532,Kontraksi
15,4.39437890028977,5.47957781503231,0.801955743421422,Kontraksi
15.1,4.26131969147223,5.47957781503231,0.777672995131488,Kontraksi
15.2,3.95282692054795,5.47957781503231,0.721374356561563,Kontraksi
15.3,4.06307473762687,5.47957781503231,0.741494121404846,Kontraksi
15.4,4.03922681835483,5.47957781503231,0.737141976024847,Kontraksi
15.5,4.10238791660786,5.47957781503231,0.748668611905399,Kontraksi
15.6,4.3813698925785,5.47957781503231,0.799581654002419,Kontraksi
15.7,4.16399519337327,5.47957781503231,0.759911681872651,Kontraksi
15.8,4.38318322840861,5.47957781503231,0.799912580196247,Kontraksi
15.9,4.28525976382624,5.47957781503231,0.782041958062964,Kontraksi
16,3.60303887959352,5.47957781503231,0.657539504176615,Kontraksi
16.1,3.79073908794889,5.47957781503231,0.691794006018061,Kontraksi
16.2,3.78746614973931,5.47957781503231,0.691196708503533,Kontraksi
16.3,3.83703845846956,5.47957781503231,0.700243447212901,Kontraksi
16.4,4.42519706262554,5.47957781503231,0.80757992896565,Kontraksi
16.5,4.28332116054546,5.47957781503231,0.781688171084072,Kontraksi
16.6,4.05365090204701,5.47957781503231,0.739774310883311,Kontraksi
16.7,4.14654654899563,5.47957781503231,0.75672737735748,Kontraksi
16.8,4.10058228769014,5.47957781503231,0.748339092190802,Kontraksi
16.9,3.94763846928396,5.47957781503231,0.720427485937743,Kontraksi
17,3.78267464303546,5.47957781503231,0.690322278599333,Kontraksi
17.1,4.04828605900992,5.47957781503231,0.738795249499718,Kontraksi
17.2,4.34603151507523,5.47957781503231,0.793132548123072,Kontraksi
17.3,4.39681454458123,5.47957781503231,0.802400238302903,Kontraksi
17.4,4.38076472137198,5.47957781503231,0.799471212791993,Kontraksi
17.5,3.95050139152849,5.47957781503231,0.720949957256004,Kontraksi
17.6,3.58106491897046,5.47957781503231,0.653529348400967,Kontraksi
17.7,4.00545665974583,5.47957781503231,0.73097906352521,Kontraksi
17.8,4.02476603399396,5.47957781503231,0.734502943448067,Kontraksi
17.9,3.67607333561281,5.47957781503231,0.670867986494892,Kontraksi
18,3.64646053490219,5.47957781503231,0.665463774398593,Kontraksi
18.1,3.80131904849842,5.47957781503231,0.693724804504123,Kontraksi
18.2,4.0006173697474,5.47957781503231,0.73009591336989,Kontraksi
18.3,3.95262492376068,5.47957781503231,0.72133749299395,Kontraksi
18.4,4.12332151571268,5.47957781503231,0.752488906061527,Kontraksi
18.5,4.73342075292313,5.47957781503231,0.863829461448247,Kontraksi
18.6,4.52577918225106,5.47957781503231,0.825935744508516,Kontraksi
18.7,4.03632699526167,5.47957781503231,0.73661277045627,Kontraksi
18.8,4.62390425737815,5.47957781503231,0.843843159721766,Kontraksi
18.9,4.69965832557889,5.47957781503231,0.857667959872048,Kontraksi
19,4.36981367588446,5.47957781503231,0.797472692859039,Kontraksi
19.1,3.96006856313762,5.47957781503231,0.722695926002515,Kontraksi
19.2,4.05691224452183,5.47957781503231,0.740369492224815,Kontraksi
19.3,4.56286462684828,5.47957781503231,0.832703682814909,Kontraksi
19.4,4.4600589999482,5.47957781503231,0.813942086507608,Kontraksi
19.5,4.31335834953112,5.47957781503231,0.787169832263015,Kontraksi
19.6,4.9038511934765,5.47957781503231,0.894932303000352,Kontraksi
19.7,5.04981104016562,5.47957781503231,0.921569363667453,Kontraksi
19.8,4.23364506504885,5.47957781503231,0.772622491724553,Kontraksi
19.9,4.07372359608248,5.47957781503231,0.743437493470189,Kontraksi
20,3.61861053937753,5.47957781503231,0.660381266865209,Kontraksi
20.1,3.53071160665707,5.47957781503231,0.644340079808913,Relaksasi
20.2,4.20756307814923,5.47957781503231,0.767862638359926,Kontraksi
20.3,4.43310090053047,5.47957781503231,0.809022346278027,Kontraksi
20.4,4.35938448354135,5.47957781503231,0.795569408939153,Kontraksi
20.5,4.25770760549185,5.47957781503231,0.777013804569311,Kontraksi
20.6,4.70847942766166,5.47957781503231,0.859277774054915,Kontraksi
20.7,5.47957781503231,5.47957781503231,1,Kontraksi
20.8,5.10972237270967,5.47957781503231,0.932502930917779,Kontraksi
20.9,4.19306562035524,5.47957781503231,0.765216913035208,Kontraksi
21,4.25065555719764,5.47957781503231,0.775726835293162,Kontraksi
21.1,4.34135792030648,5.47957781503231,0.792279636653153,Kontraksi
21.2,4.35915247368713,5.47957781503231,0.795527068112532,Kontraksi
21.3,4.04831814159409,5.47957781503231,0.738801104436951,Kontraksi
21.4,3.64958758166211,5.47957781503231,0.666034447334624,Kontraksi
21.5,3.78829131589993,5.47957781503231,0.691347297871633,Kontraksi
21.6,3.62471682715333,5.47957781503231,0.661495638808071,Kontraksi
21.7,4.17683306835613,5.47957781503231,0.76225454028551,Kontraksi
21.8,4.83142697358702,5.47957781503231,0.881715186219785,Kontraksi
21.9,4.21151250254136,5.47957781503231,0.768583391769303,Kontraksi
22,3.57886849413921,5.47957781503231,0.653128510069001,Kontraksi
22.1,3.5488850243621,5.47957781503231,0.647656652420616,Relaksasi
22.2,3.72693268341271,5.47957781503231,0.680149604443701,Kontraksi
22.3,4.23219485868359,5.47957781503231,0.772357835137092,Kontraksi
22.4,4.06391510819485,5.47957781503231,0.741647485513606,Kontraksi
22.5,3.67365524237512,5.47957781503231,0.670426694607211,Kontraksi
22.6,3.9335916388394,5.47957781503231,0.717863998216842,Kontraksi
22.7,3.85346204655762,5.47957781503231,0.703240683248677,Kontraksi
22.8,4.04909960037706,5.47957781503231,0.7389437173917,Kontraksi
22.9,4.29861004718148,5.47957781503231,0.784478328857555,Kontraksi
23,4.46497473698241,5.47957781503231,0.814839187926758,Kontraksi
23.1,4.54526358443794,5.47957781503231,0.82949156629709,Kontraksi
23.2,4.28367118265329,5.47957781503231,0.78175204865268,Kontraksi
23.3,3.99546808281816,5.47957781503231,0.729156190073121,Kontraksi
23.4,3.9278188423469,5.47957781503231,0.716810487036351,Kontraksi
23.5,3.91408002177451,5.47957781503231,0.71430320982702,Kontraksi
23.6,3.64700393456062,5.47957781503231,0.665562942560223,Kontraksi
23.7,3.87229147248886,5.47957781503231,0.706676974613969,Kontraksi
23.8,4.42298749887921,5.47957781503231,0.807176692836715,Kontraksi
23.9,4.45329388549624,5.47957781503231,0.812707481455846,Kontraksi
24,4.12945080434358,5.47957781503231,0.753607475564106,Kontraksi
24.1,3.77292770384727,5.47957781503231,0.6885435030226,Kontraksi
24.2,3.77654769701286,5.47957781503231,0.689204136612957,Kontraksi
24.3,4.16225097727119,5.47957781503231,0.759593369739681,Kontraksi
24.4,4.24003074390064,5.47957781503231,0.773787851368553,Kontraksi
24.5,3.8714109348787,5.47957781503231,0.706516280188252,Kontraksi
24.6,3.75378968467386,5.47957781503231,0.685050894683157,Kontraksi
24.7,4.17237485983092,5.47957781503231,0.761440935902891,Kontraksi
24.8,4.45082007713219,5.47957781503231,0.812256021790969,Kontraksi
24.9,4.22144132999846,5.47957781503231,0.770395361193273,Kontraksi
25,3.93696569551093,5.47957781503231,0.71847974942714,Kontraksi
25.1,4.29321891785549,5.47957781503231,0.783494470336338,Kontraksi
25.2,4.71215494279923,5.47957781503231,0.859948540172605,Kontraksi
25.3,4.57855208149347,5.47957781503231,0.835566577580662,Kontraksi
25.4,4.30341449761624,5.47957781503231,0.78535512093843,Kontraksi
25.5,3.82530745822857,5.47957781503231,0.698102588804283,Kontraksi
25.6,4.01076558942266,5.47957781503231,0.731947920954747,Kontraksi
25.7,4.66911776021185,5.47957781503231,0.852094434611897,Kontraksi
25.8,4.2218004107705,5.47957781503231,0.770460891930158,Kontraksi
25.9,3.66022339187088,5.47957781503231,0.667975438149571,Kontraksi
26,3.80549632667876,5.47957781503231,0.694487140275482,Kontraksi
26.1,4.48819906678959,5.47957781503231,0.819077530841328,Kontraksi
26.2,4.59925054819687,5.47957781503231,0.839343961058385,Kontraksi
26.3,4.11325197500495,5.47957781503231,0.750651257058697,Kontraksi
26.4,4.00891480398587,5.47957781503231,0.73161016036456,Kontraksi
26.5,3.85037989460072,5.47957781503231,0.702678203426155,Kontraksi
26.6,4.06876442282396,5.47957781503231,0.742532465122036,Kontraksi
26.7,4.33754448055864,5.47957781503231,0.791583699871787,Kontraksi
26.8,4.13547783942944,5.47957781503231,0.754707384223004,Kontraksi
26.9,4.20745332052468,5.47957781503231,0.767842608053166,Kontraksi
27,4.50894114785908,5.47957781503231,0.822862873758184,Kontraksi
27.1,4.31006577094326,5.47957781503231,0.786568950461714,Kontraksi
27.2,3.85473285501126,5.47957781503231,0.703472600468678,Kontraksi
27.3,3.65988913214383,5.47957781503231,0.667914437149434,Kontraksi
27.4,4.09241889383084,5.47957781503231,0.746849307003902,Kontraksi
27.5,4.88597478578609,5.47957781503231,0.891669933472288,Kontraksi
27.6,4.48777217155656,5.47957781503231,0.818999624249353,Kontraksi
27.7,3.85680138019491,5.47957781503231,0.703850097650666,Kontraksi
27.8,3.93038644236971,5.47957781503231,0.717279063286107,Kontraksi
27.9,3.59227773625933,5.47957781503231,0.655575640591236,Kontraksi
28,3.78302441269892,5.47957781503231,0.690386110097902,Kontraksi
28.1,4.19630967037021,5.47957781503231,0.765808938575219,Kontraksi
28.2,4.07929116854314,5.47957781503231,0.74445355212445,Kontraksi
28.3,4.02837253562657,5.47957781503231,0.735161114890165,Kontraksi
28.4,4.15093071984221,5.47957781503231,0.757527470173856,Kontraksi
28.5,4.48604486567436,5.47957781503231,0.818684398160684,Kontraksi
28.6,4.45076662920305,5.47957781503231,0.812246267767767,Kontraksi
28.7,3.88188404696234,5.47957781503231,0.708427579276826,Kontraksi
28.8,3.62716779786791,5.47957781503231,0.661942930697575,Kontraksi
28.9,3.98403438911247,5.47957781503231,0.727069588861924,Kontraksi
29,4.20633280888884,5.47957781503231,0.767638119372894,Kontraksi
29.1,4.05904348770781,5.47957781503231,0.740758435179532,Kontraksi
29.2,4.68430394261182,5.47957781503231,0.854865849292478,Kontraksi
29.3,4.7266446018749,5.47957781503231,0.862592842263894,Kontraksi
29.4,4.12741389305862,5.47957781503231,0.753235747786215,Kontraksi
29.5,3.93596679887647,5.47957781503231,0.718297454975236,Kontraksi
29.6,3.84760248881132,5.47957781503231,0.702171338502769,Kontraksi
29.7,4.19941226972213,5.47957781503231,0.766375149961689,Kontraksi
29.8,4.10783553847144,5.47957781503231,0.749662780078106,Kontraksi
29.9,4.02471385227883,5.47957781503231,0.73449342050362,Kontraksi
30,4.26506042651489,5.47957781503231,0.778355663608682,Kontraksi
30.1,4.11904665692622,5.47957781503231,0.75170876223827,Kontraksi
30.2,3.90221192413911,5.47957781503231,0.712137331718155,Kontraksi
30.3,3.63585113228265,5.47957781503231,0.663527602858069,Kontraksi
30.4,4.05072410946138,5.47957781503231,0.739240183495323,Kontraksi
30.5,4.50906165715553,5.47957781503231,0.822884866200032,Kontraksi
30.6,4.12511913672034,5.47957781503231,0.75281696436608,Kontraksi
30.7,4.00660024876125,5.47957781503231,0.731187763730593,Kontraksi
30.8,4.08914545398271,5.47957781503231,0.74625191794244,Kontraksi
30.9,3.94255143139916,5.47957781503231,0.719499122830855,Kontraksi
31,4.47956855461355,5.47957781503231,0.817502498518151,Kontraksi
31.1,4.55166519594596,5.47957781503231,0.830659833584117,Kontraksi
31.2,4.33834228144663,5.47957781503231,0.791729295192251,Kontraksi
31.3,4.35818716834516,5.47957781503231,0.795350903930809,Kontraksi
31.4,4.14961836847539,5.47957781503231,0.757287971546203,Kontraksi
31.5,4.14672931347764,5.47957781503231,0.756760731109936,Kontraksi
31.6,4.0838158061445,5.47957781503231,0.745279279535229,Kontraksi
31.7,3.89261649005356,5.47957781503231,0.710386205188073,Kontraksi
31.8,4.38530039654697,5.47957781503231,0.800298954513726,Kontraksi
31.9,4.63709195454437,5.47957781503231,0.846249859217853,Kontraksi
32,4.19958563504843,5.47957781503231,0.766406788407596,Kontraksi
32.1,3.66075850113788,5.47957781503231,0.668073093349491,Kontraksi
32.2,3.57672345160922,5.47957781503231,0.652737048791801,Kontraksi
32.3,3.9921265827939,5.47957781503231,0.728546380314587,Kontraksi
32.4,3.90203852137078,5.47957781503231,0.712105686439234,Kontraksi
32.5,3.55823499323334,5.47957781503231,0.649362982577218,Relaksasi
32.6,3.84761795903417,5.47957781503231,0.702174161753642,Kontraksi
32.7,4.03327766485876,5.47957781503231,0.736056280429878,Kontraksi
32.8,3.96224810322112,5.47957781503231,0.723093682938739,Kontraksi
32.9,4.21231372368859,5.47957781503231,0.768729611272753,Kontraksi
33,4.32325745987675,5.47957781503231,0.788976378438611,Kontraksi
33.1,4.3711369386621,5.47957781503231,0.797714182773463,Kontraksi
33.2,4.58155153490858,5.47957781503231,0.836113965265691,Kontraksi
33.3,4.69970608983568,5.47957781503231,0.85767667664885,Kontraksi
33.4,4.42138032576056,5.47957781503231,0.806883390474214,Kontraksi
33.5,4.3388635589882,5.47957781503231,0.791824426160214,Kontraksi
33.6,4.26977810027451,5.47957781503231,0.779216619309809,Kontraksi
33.7,4.26345960440816,5.47957781503231,0.778063520279258,Kontraksi
33.8,4.27927550963,5.47957781503231,0.780949856737232,Kontraksi
33.9,3.90995716679185,5.47957781503231,0.713550806061286,Kontraksi
34,3.93926049806773,5.47957781503231,0.718898541281962,Kontraksi
34.1,4.26352487103564,5.47957781503231,0.778075431165402,Kontraksi
34.2,4.17386055142707,5.47957781503231,0.76171206839636,Kontraksi
34.3,4.03915218534365,5.47957781503231,0.737128355812907,Kontraksi
34.4,4.14477729422919,5.47957781503231,0.756404495773139,Kontraksi
34.5,4.09871277835557,5.47957781503231,0.747997914567693,Kontraksi
34.6,4.01803423049875,5.47957781503231,0.733274417506388,Kontraksi
34.7,3.5670981952596,5.47957781503231,0.650980479823438,Kontraksi
34.8,3.47233778556771,5.47957781503231,0.633687101959193,Relaksasi
34.9,4.02091208640976,5.47957781503231,0.733799614156233,Kontraksi
35,4.64360176751025,5.47957781503231,0.847437872817738,Kontraksi
35.1,4.52634779249591,5.47957781503231,0.826039513496573,Kontraksi
35.2,4.28130073096224,5.47957781503231,0.781319451147715,Kontraksi
35.3,4.47251876529115,5.47957781503231,0.816215941494897,Kontraksi
35.4,4.07031089959721,5.47957781503231,0.742814690655727,Kontraksi
35.5,4.1804991538188,5.47957781503231,0.762923585527026,Kontraksi
35.6,4.31201988146481,5.47957781503231,0.786925567447094,Kontraksi
35.7,4.91235712657099,5.47957781503231,0.896484600162945,Kontraksi
35.8,4.7234664234307,5.47957781503231,0.862012838009647,Kontraksi
35.9,3.54680698336275,5.47957781503231,0.647277418642122,Relaksasi
36,3.68848848654988,5.47957781503231,0.673133699539976,Kontraksi
36.1,3.75673876323682,5.47957781503231,0.685589089168663,Kontraksi
36.2,3.85492773732549,5.47957781503231,0.70350816567476,Kontraksi
36.3,3.96423316292442,5.47957781503231,0.723455948020157,Kontraksi
36.4,3.87969147159679,5.47957781503231,0.708027443456227,Kontraksi
36.5,4.43501575804583,5.47957781503231,0.809371799754189,Kontraksi
36.6,4.40827664454362,5.47957781503231,0.804492023536967,Kontraksi
36.7,4.01949757425356,5.47957781503231,0.733541471612418,Kontraksi
36.8,4.30496794065281,5.47957781503231,0.785638617785998,Kontraksi
36.9,4.123305096729,5.47957781503231,0.752485909665777,Kontraksi
37,3.73133718081499,5.47957781503231,0.680953406771355,Kontraksi
37.1,3.85453967022204,5.47957781503231,0.703437345053801,Kontraksi
37.2,4.34612019732214,5.47957781503231,0.793148732261687,Kontraksi
37.3,4.31507228987517,5.47957781503231,0.787482619196955,Kontraksi
37.4,3.82657013687042,5.47957781503231,0.698333022367683,Kontraksi
37.5,3.73917520799216,5.47957781503231,0.682383813901567,Kontraksi
37.6,3.73826680279559,5.47957781503231,0.682218033758053,Kontraksi
37.7,3.79449206573474,5.47957781503231,0.692478908744608,Kontraksi
37.8,4.14614901816507,5.47957781503231,0.756654829645963,Kontraksi
37.9,4.29719491336827,5.47957781503231,0.784220072863941,Kontraksi
38,4.22385103262431,5.47957781503231,0.770835121829436,Kontraksi
38.1,4.31797864376754,5.47957781503231,0.788013016609031,Kontraksi
38.2,4.42800765369036,5.47957781503231,0.808092850062803,Kontraksi
38.3,4.63000177930772,5.47957781503231,0.844955931934406,Kontraksi
38.4,4.49640603714729,5.47957781503231,0.820575268556667,Kontraksi
38.5,4.26836516999581,5.47957781503231,0.778958765452013,Kontraksi
38.6,4.24734762621506,5.47957781503231,0.775123151744131,Kontraksi
38.7,4.04957084665747,5.47957781503231,0.739029717864056,Kontraksi
38.8,3.9949037364353,5.47957781503231,0.729053199222017,Kontraksi
38.9,4.29652932572267,5.47957781503231,0.784098605906435,Kontraksi
39,4.13562288637504,5.47957781503231,0.754733854683046,Kontraksi
39.1,3.6919200933736,5.47957781503231,0.673759953412,Kontraksi
39.2,3.9805424264714,5.47957781503231,0.726432320306035,Kontraksi
39.3,4.1872797253605,5.47957781503231,0.764161011432923,Kontraksi
39.4,4.15855563972323,5.47957781503231,0.75891898611512,Kontraksi
39.5,3.96157962316796,5.47957781503231,0.72297168812897,Kontraksi
39.6,4.6010008670939,5.47957781503231,0.839663386925871,Kontraksi
39.7,4.76197854197073,5.47957781503231,0.86904113833497,Kontraksi
39.8,4.22204191100747,5.47957781503231,0.770504964711879,Kontraksi
39.9,4.62218476167816,5.47957781503231,0.843529358958634,Kontraksi
40,4.51372216371419,5.47957781503231,0.82373538912643,Kontraksi
40.1,3.91383297783313,5.47957781503231,0.714258125342463,Kontraksi
40.2,4.13471228954562,5.47957781503231,0.754567674575717,Kontraksi
40.3,4.83783820543082,5.47957781503231,0.882885209177797,Kontraksi
40.4,4.44401455414414,5.47957781503231,0.811014042350621,Kontraksi
40.5,3.67301362457299,5.47957781503231,0.670309602045744,Kontraksi
40.6,3.91640084064796,5.47957781503231,0.714726749550661,Kontraksi
40.7,4.18240970833669,5.47957781503231,0.763272253724173,Kontraksi
40.8,4.36284160714033,5.47957781503231,0.796200319515783,Kontraksi
40.9,4.42515598369723,5.47957781503231,0.807572432233291,Kontraksi
41,4.40064551525627,5.47957781503231,0.803099374405055,Kontraksi
41.1,4.04499651111906,5.47957781503231,0.738194920787927,Kontraksi
41.2,4.13310074870878,5.47957781503231,0.754273575122941,Kontraksi
41.3,4.12771399696762,5.47957781503231,0.753290515492621,Kontraksi
41.4,3.82066186181767,5.47957781503231,0.6972547869174,Kontraksi
41.5,4.23492821865965,5.47957781503231,0.772856661884029,Kontraksi
41.6,4.22231793943206,5.47957781503231,0.770555338743221,Kontraksi
41.7,3.77748489013288,5.47957781503231,0.689375170431923,Kontraksi
41.8,3.72588124117279,5.47957781503231,0.679957720638888,Kontraksi
41.9,3.97643026975628,5.47957781503231,0.725681868929319,Kontraksi
42,4.14639582585981,5.47957781503231,0.756699871016497,Kontraksi
42.1,3.92904995702595,5.47957781503231,0.717035160308747,Kontraksi
42.2,4.06564840368534,5.47957781503231,0.741963804680701,Kontraksi
42.3,4.42016950657926,5.47957781503231,0.80666242104515,Kontraksi
42.4,3.95220678511694,5.47957781503231,0.721261184442845,Kontraksi
42.5,3.75778759493354,5.47957781503231,0.685780496560278,Kontraksi
42.6,3.9356225554755,5.47957781503231,0.718234631996423,Kontraksi
42.7,3.82728523157557,5.47957781503231,0.698463524156195,Kontraksi
42.8,3.82598225306057,5.47957781503231,0.698225736034741,Kontraksi
42.9,4.22193537011622,5.47957781503231,0.770485521445474,Kontraksi
43,4.2908973031853,5.47957781503231,0.783070785383125,Kontraksi
43.1,4.1666689488418,5.47957781503231,0.760399631046617,Kontraksi
43.2,4.31816331334208,5.47957781503231,0.788046718032895,Kontraksi
43.3,4.30783305106158,5.47957781503231,0.786161488435069,Kontraksi
43.4,4.23038698176269,5.47957781503231,0.77202790517133,Kontraksi
43.5,3.88995726768142,5.47957781503231,0.709900908243326,Kontraksi
43.6,3.7677074444465,5.47957781503231,0.687590827547046,Kontraksi
43.7,3.6665827611898,5.47957781503231,0.669135996414019,Kontraksi
43.8,3.96203076908773,5.47957781503231,0.7230540203697,Kontraksi
43.9,4.05528696246687,5.47957781503231,0.740072885057288,Kontraksi
44,3.60852839712505,5.47957781503231,0.658541318133243,Kontraksi
44.1,3.82976102382989,5.47957781503231,0.698915345872738,Kontraksi
44.2,4.40560644022615,5.47957781503231,0.804004722433196,Kontraksi
44.3,4.03927025377045,5.47957781503231,0.737149902806268,Kontraksi
44.4,3.72982900259691,5.47957781503231,0.680678170563568,Kontraksi
44.5,4.14916823093939,5.47957781503231,0.757205823331285,Kontraksi
44.6,4.11674087492054,5.47957781503231,0.751287966680015,Kontraksi
44.7,4.26674550719678,5.47957781503231,0.778663183775158,Kontraksi
44.8,4.26774106245875,5.47957781503231,0.778844868440578,Kontraksi
44.9,3.82458752156753,5.47957781503231,0.697971203379101,Kontraksi
45,3.80602527714911,5.47957781503231,0.694583671520808,Kontraksi
45.1,4.17811032507358,5.47957781503231,0.762487634286646,Kontraksi
45.2,4.0025405577752,5.47957781503231,0.730446887129679,Kontraksi
45.3,3.86838314004866,5.47957781503231,0.705963720313706,Kontraksi
45.4,4.2568783940197,5.47957781503231,0.776862476948801,Kontraksi
45.5,4.07121603330344,5.47957781503231,0.742979873765956,Kontraksi
45.6,3.94410524035971,5.47957781503231,0.719782686458018,Kontraksi
45.7,4.22313267016993,5.47957781503231,0.770704023690377,Kontraksi
45.8,3.83565457993675,5.47957781503231,0.699990895177046,Kontraksi
45.9,3.75412935316931,5.47957781503231,0.685112882760873,Kontraksi
46,4.17597173045843,5.47957781503231,0.762097349726898,Kontraksi
46.1,3.84884369286229,5.47957781503231,0.702397853043281,Kontraksi
46.2,3.83568640823168,5.47957781503231,0.699996703707558,Kontraksi
46.3,4.25235057461977,5.47957781503231,0.776036168873111,Kontraksi
46.4,4.12210293876598,5.47957781503231,0.752266520872771,Kontraksi
46.5,3.97500216839732,5.47957781503231,0.725421246412918,Kontraksi
46.6,4.00868410588021,5.47957781503231,0.731568058926556,Kontraksi
46.7,3.99627853932943,5.47957781503231,0.729304094991827,Kontraksi
46.8,3.99259402249504,5.47957781503231,0.72863168610217,Kontraksi
46.9,4.07382350785426,5.47957781503231,0.743455726950058,Kontraksi
47,4.16682222195803,5.47957781503231,0.760427602748343,Kontraksi
47.1,3.8263165355921,5.47957781503231,0.6982867411966,Kontraksi
47.2,3.84578923718376,5.47957781503231,0.701840427675555,Kontraksi
47.3,4.08751527744465,5.47957781503231,0.745954417552248,Kontraksi
47.4,3.5624678392237,5.47957781503231,0.65013545924116,Kontraksi
47.5,3.84631744006015,5.47957781503231,0.701936822488114,Kontraksi
47.6,4.58358383908567,5.47957781503231,0.836484852265692,Kontraksi
47.7,4.37736393020031,5.47957781503231,0.798850582647396,Kontraksi
47.8,3.55288306092621,5.47957781503231,0.648386277347766,Relaksasi
47.9,3.75388088768537,5.47957781503231,0.685067538850752,Kontraksi
48,4.2646226613968,5.47957781503231,0.778275773308212,Kontraksi
48.1,4.31733533343323,5.47957781503231,0.787895615167529,Kontraksi
48.2,4.05117417519418,5.47957781503231,0.739322318606455,Kontraksi
48.3,3.63834887056015,5.47957781503231,0.663983429631923,Kontraksi
48.4,3.66047183373275,5.47957781503231,0.668020777748762,Kontraksi
48.5,4.04188577875569,5.47957781503231,0.737627225160933,Kontraksi
48.6,4.30108481241274,5.47957781503231,0.784929963146691,Kontraksi
48.7,4.23353571664001,5.47957781503231,0.772602536097946,Kontraksi
48.8,3.9818076245862,5.47957781503231,0.726663213662698,Kontraksi
48.9,3.89213154241462,5.47957781503231,0.710297704275172,Kontraksi
49,4.39252146448194,5.47957781503231,0.801616769166374,Kontraksi
49.1,4.32143393952544,5.47957781503231,0.788643593612323,Kontraksi
49.2,4.18282931947872,5.47957781503231,0.76334883100005,Kontraksi
49.3,4.56974483857887,5.47957781503231,0.833959292637936,Kontraksi
49.4,4.56269322427445,5.47957781503231,0.832672402563106,Kontraksi
49.5,4.37911879932433,5.47957781503231,0.79917083891225,Kontraksi
49.6,4.26229926465474,5.47957781503231,0.777851763134348,Kontraksi
49.7,4.1567628588281,5.47957781503231,0.758591811110833,Kontraksi
49.8,3.9445538375166,5.47957781503231,0.719864553560197,Kontraksi
49.9,3.85336375886062,5.47957781503231,0.703222746155653,Kontraksi
50,4.46399830692341,5.47957781503231,0.814660993530773,Kontraksi
50.1,4.67304760425333,5.47957781503231,0.852811614689292,Kontraksi
50.2,4.62750091735437,5.47957781503231,0.844499535102794,Kontraksi
50.3,4.61618488863716,5.47957781503231,0.842434407259155,Kontraksi
50.4,4.14351200431861,5.47957781503231,0.756173585664132,Kontraksi
50.5,3.99985752319574,5.47957781503231,0.729957244556834,Kontraksi
50.6,4.48816000264842,5.47957781503231,0.819070401799185,Kontraksi
50.7,4.33013977901955,5.47957781503231,0.790232372855539,Kontraksi
50.8,4.12532175214291,5.47957781503231,0.752853940832043,Kontraksi
50.9,4.35949162160156,5.47957781503231,0.795588961186393,Kontraksi
51,3.96940115542414,5.47957781503231,0.724399085005189,Kontraksi
51.1,3.98033232245557,5.47957781503231,0.726393977203168,Kontraksi
51.2,4.12151153659136,5.47957781503231,0.752158592452995,Kontraksi
51.3,3.81358298970925,5.47957781503231,0.69596292240751,Kontraksi
51.4,3.54912054714138,5.47957781503231,0.647699634341346,Relaksasi
51.5,3.57412904887852,5.47957781503231,0.652263581160119,Kontraksi
51.6,4.231732877396,5.47957781503231,0.772273525487118,Kontraksi
51.7,4.04420242767569,5.47957781503231,0.738050003885534,Kontraksi
51.8,3.453521598189,5.47957781503231,0.630253226574288,Relaksasi
51.9,3.9106236232646,5.47957781503231,0.713672431576107,Kontraksi
52,4.08400662293945,5.47957781503231,0.745314102801069,Kontraksi
52.1,4.0335435471625,5.47957781503231,0.736104802836661,Kontraksi
52.2,4.26587295111197,5.47957781503231,0.778503945944386,Kontraksi
52.3,4.46147039080809,5.47957781503231,0.814199659427919,Kontraksi
52.4,4.15718281259774,5.47957781503231,0.758668450914813,Kontraksi
52.5,3.85999845978517,5.47957781503231,0.704433551284901,Kontraksi
52.6,4.09313400016999,5.47957781503231,0.746979810915571,Kontraksi
52.7,3.98240809874635,5.47957781503231,0.726772797681835,Kontraksi
52.8,4.15665124124183,5.47957781503231,0.758571441368849,Kontraksi
52.9,4.38237131119056,5.47957781503231,0.799764408704673,Kontraksi
53,4.17129871005606,5.47957781503231,0.761244543076437,Kontraksi
53.1,4.01576011177856,5.47957781503231,0.732859400365114,Kontraksi
53.2,4.12474654187743,5.47957781503231,0.752748967367864,Kontraksi
53.3,4.20522331030455,5.47957781503231,0.767435640528403,Kontraksi
53.4,3.92979344945534,5.47957781503231,0.717170844562989,Kontraksi
53.5,4.00230146973848,5.47957781503231,0.7304032545644,Kontraksi
53.6,4.33919138574542,5.47957781503231,0.791884253170302,Kontraksi
53.7,4.2034632040306,5.47957781503231,0.767114428505623,Kontraksi
53.8,3.92376136360363,5.47957781503231,0.716070014160479,Kontraksi
53.9,3.80248488284545,5.47957781503231,0.693937564389353,Kontraksi
54,3.69605841727877,5.47957781503231,0.6745151801913,Kontraksi
54.1,3.93299724527378,5.47957781503231,0.717755523880736,Kontraksi
54.2,4.50106299905295,5.47957781503231,0.821425144598738,Kontraksi
54.3,4.28625926633194,5.47957781503231,0.782224363083832,Kontraksi
54.4,3.77200139751135,5.47957781503231,0.688374455996134,Kontraksi
54.5,4.34570829103861,5.47957781503231,0.793073561090214,Kontraksi
54.6,4.4811466442304,5.47957781503231,0.81779049326339,Kontraksi
54.7,4.02298603408624,5.47957781503231,0.734178100920448,Kontraksi
54.8,3.96962308037689,5.47957781503231,0.724439585379532,Kontraksi
54.9,3.84315219418631,5.47957781503231,0.70135917837379,Kontraksi
55,3.89339388727212,5.47957781503231,0.710528076924328,Kontraksi
55.1,3.85479522554597,5.47957781503231,0.703483982830023,Kontraksi
55.2,3.96700481780616,5.47957781503231,0.723961763426982,Kontraksi
55.3,4.6154073181405,5.47957781503231,0.842292503900372,Kontraksi
55.4,4.51114407673026,5.47957781503231,0.823264899050195,Kontraksi
55.5,3.95476110987269,5.47957781503231,0.721727338011965,Kontraksi
55.6,3.77248865112582,5.47957781503231,0.68846337773991,Kontraksi
55.7,4.15092307640263,5.47957781503231,0.757526075278147,Kontraksi
55.8,4.05231532306949,5.47957781503231,0.739530573313995,Kontraksi
55.9,3.83564692192641,5.47957781503231,0.699989497622234,Kontraksi
56,4.283551532354,5.47957781503231,0.781730212974216,Kontraksi
56.1,4.39151922882182,5.47957781503231,0.801433865356272,Kontraksi
56.2,4.07300022782612,5.47957781503231,0.743305481793236,Kontraksi
56.3,4.15208666513001,5.47957781503231,0.757738425347195,Kontraksi
56.4,4.23418875088763,5.47957781503231,0.772721712112901,Kontraksi
56.5,4.08549745362567,5.47957781503231,0.745586173156951,Kontraksi
56.6,4.42119860223243,5.47957781503231,0.80685022669148,Kontraksi
56.7,4.45195382871743,5.47957781503231,0.812462926706549,Kontraksi
56.8,3.92908523857231,5.47957781503231,0.717041599043181,Kontraksi
56.9,3.88589180980151,5.47957781503231,0.709158979208437,Kontraksi
57,3.89219486779204,5.47957781503231,0.710309260891314,Kontraksi
57.1,4.49898475854745,5.47957781503231,0.821045874411206,Kontraksi
57.2,4.67577302647134,5.47957781503231,0.853308992828632,Kontraksi
57.3,3.99995669990804,5.47957781503231,0.729975343891425,Kontraksi
57.4,4.09999858758388,5.47957781503231,0.748232569366241,Kontraksi
57.5,3.73403593574909,5.47957781503231,0.681445918243077,Kontraksi
57.6,3.63820337941793,5.47957781503231,0.663956878107858,Kontraksi
57.7,3.83483122703245,5.47957781503231,0.69984063672063,Kontraksi
57.8,3.57287645060706,5.47957781503231,0.652034987222093,Kontraksi
57.9,3.75880683565582,5.47957781503231,0.685966503722998,Kontraksi
58,4.19576860073023,5.47957781503231,0.765710195632196,Kontraksi
58.1,3.98098967309513,5.47957781503231,0.726513940941572,Kontraksi
58.2,3.76083973400858,5.47957781503231,0.68633749915757,Kontraksi
58.3,4.69241881897668,5.47957781503231,0.856346780239859,Kontraksi
58.4,4.95005534781348,5.47957781503231,0.903364367640482,Kontraksi
58.5,4.07098998737212,5.47957781503231,0.742938621330286,Kontraksi
58.6,3.75914231358372,5.47957781503231,0.686027727039689,Kontraksi
58.7,4.23709732031386,5.47957781503231,0.773252513850627,Kontraksi
58.8,4.3206636815761,5.47957781503231,0.788503024762798,Kontraksi
58.9,3.92901546989897,5.47957781503231,0.717028866552523,Kontraksi
59,3.75337519528561,5.47957781503231,0.684975252105891,Kontraksi
59.1,4.25776681696861,5.47957781503231,0.777024610415813,Kontraksi
59.2,4.30828806665403,5.47957781503231,0.786244526874854,Kontraksi
59.3,3.94608468224025,5.47957781503231,0.720143926310312,Kontraksi
59.4,3.91285963472613,5.47957781503231,0.714080494302289,Kontraksi
59.5,3.77319431320375,5.47957781503231,0.688592158113462,Kontraksi
59.6,3.5811044259778,5.47957781503231,0.653536558264331,Kontraksi
59.7,4.15808995354902,5.47957781503231,0.758834000338857,Kontraksi
59.8,4.4097664062376,5.47957781503231,0.804763898806244,Kontraksi
59.9,4.16005341954649,5.47957781503231,0.759192324659406,Kontraksi
60,4.39024563538404,5.47957781503231,0.801201439888331,Kontraksi
60.1,4.48235854062563,5.47957781503231,0.818011659279483,Kontraksi
60.2,4.06817818307957,5.47957781503231,0.742425478824152,Kontraksi
60.3,3.67735645166328,5.47957781503231,0.671102149799764,Kontraksi
60.4,4.01391407786798,5.47957781503231,0.732522506908557,Kontraksi
60.5,4.43159797241397,5.47957781503231,0.80874806819179,Kontraksi
60.6,4.14552823736112,5.47957781503231,0.756541539749386,Kontraksi
60.7,3.70732273033094,5.47957781503231,0.676570870142681,Kontraksi
60.8,4.45065441121517,5.47957781503231,0.812225788455005,Kontraksi
60.9,4.71287587565845,5.47957781503231,0.860080107399781,Kontraksi
61,4.04411142284978,5.47957781503231,0.73803339588598,Kontraksi
61.1,3.85467544887201,5.47957781503231,0.703462124088712,Kontraksi
61.2,3.89649564929208,5.47957781503231,0.711094135501223,Kontraksi
61.3,4.11017207897484,5.47957781503231,0.750089188933364,Kontraksi
61.4,4.23867211611256,5.47957781503231,0.773539907487848,Kontraksi
61.5,4.52785743464966,5.47957781503231,0.826315016866488,Kontraksi
61.6,4.24700252497753,5.47957781503231,0.775060172213739,Kontraksi
61.7,4.17012953251478,5.47957781503231,0.761031173072262,Kontraksi
61.8,4.32233167544559,5.47957781503231,0.788807426657578,Kontraksi
61.9,4.10631069889256,5.47957781503231,0.74938450324176,Kontraksi
62,4.20531547781585,5.47957781503231,0.767452460713172,Kontraksi
62.1,4.03538294095175,5.47957781503231,0.736440484498887,Kontraksi
62.2,3.69040079565954,5.47957781503231,0.673482687942771,Kontraksi
62.3,3.61242359018284,5.47957781503231,0.659252174551251,Kontraksi
62.4,4.18063975964644,5.47957781503231,0.762949245501642,Kontraksi
62.5,4.72935704117109,5.47957781503231,0.863087851074381,Kontraksi
62.6,4.55069834955171,5.47957781503231,0.830483388166808,Kontraksi
62.7,4.05788034280211,5.47957781503231,0.740546166106081,Kontraksi
62.8,3.79937049543467,5.47957781503231,0.693369201731515,Kontraksi
62.9,3.56376125522174,5.47957781503231,0.65037150224332,Kontraksi
63,3.87560035036318,5.47957781503231,0.707280830966778,Kontraksi
63.1,4.28507073737182,5.47957781503231,0.782007461526769,Kontraksi
63.2,4.27632357418646,5.47957781503231,0.780411140882985,Kontraksi
63.3,4.44958745048625,5.47957781503231,0.812031072590948,Kontraksi
63.4,4.61551783109437,5.47957781503231,0.842312672051569,Kontraksi
63.5,4.15455229333676,5.47957781503231,0.75818839216763,Kontraksi
63.6,3.8997329009204,5.47957781503231,0.711684920364144,Kontraksi
63.7,3.85718311428803,5.47957781503231,0.703919762523764,Kontraksi
63.8,3.86343616519513,5.47957781503231,0.705060918123369,Kontraksi
63.9,3.80228785899564,5.47957781503231,0.693901608361997,Kontraksi
64,3.81996083792051,5.47957781503231,0.697126852992411,Kontraksi
64.1,4.06463869849782,5.47957781503231,0.741779537713136,Kontraksi
64.2,3.95426733401496,5.47957781503231,0.721637225986112,Kontraksi
64.3,3.90608830481213,5.47957781503231,0.712844754954738,Kontraksi
64.4,4.21825248911165,5.47957781503231,0.769813411087909,Kontraksi
64.5,4.10184164810711,5.47957781503231,0.74856892019206,Kontraksi
64.6,3.8923501563074,5.47957781503231,0.710337600394941,Kontraksi
64.7,3.85990109146642,5.47957781503231,0.704415781974557,Kontraksi
64.8,4.14928525945015,5.47957781503231,0.757227180544325,Kontraksi
64.9,4.21269378714554,5.47957781503231,0.768798971261748,Kontraksi
65,4.36437353053466,5.47957781503231,0.796479889118779,Kontraksi
65.1,4.76686142548761,5.47957781503231,0.869932244124814,Kontraksi
65.2,4.49687354616055,5.47957781503231,0.820660586993422,Kontraksi
65.3,4.56179517019935,5.47957781503231,0.832508511455905,Kontraksi
65.4,4.25055537848686,5.47957781503231,0.775708553098045,Kontraksi
65.5,3.91684292072633,5.47957781503231,0.71480742731331,Kontraksi
65.6,4.24970707900014,5.47957781503231,0.775553741994825,Kontraksi
65.7,4.05961415326099,5.47957781503231,0.74086257925275,Kontraksi
65.8,4.31345636484282,5.47957781503231,0.787187719646863,Kontraksi
65.9,4.88782639403248,5.47957781503231,0.892007844221783,Kontraksi
66,4.79411033039873,5.47957781503231,0.874905055138899,Kontraksi
66.1,4.64481470540487,5.47957781503231,0.847659228903109,Kontraksi
66.2,4.48708497326246,5.47957781503231,0.818874213439015,Kontraksi
66.3,4.48584759735288,5.47957781503231,0.818648397518272,Kontraksi
66.4,4.6236526795988,5.47957781503231,0.843797247830768,Kontraksi
66.5,3.97481563848716,5.47957781503231,0.725387205485596,Kontraksi
66.6,3.96712229011035,5.47957781503231,0.723983201630463,Kontraksi
66.7,4.02954779191732,5.47957781503231,0.73537559424066,Kontraksi
66.8,3.84634652717853,5.47957781503231,0.701942130765388,Kontraksi
66.9,4.32685886648862,5.47957781503231,0.789633620060765,Kontraksi
67,4.40021579674105,5.47957781503231,0.803020952575906,Kontraksi
67.1,4.36303861400674,5.47957781503231,0.79623627244374,Kontraksi
67.2,4.26366630041987,5.47957781503231,0.778101241435647,Kontraksi
67.3,4.0354089442046,5.47957781503231,0.736445229983617,Kontraksi
67.4,4.16530545036703,5.47957781503231,0.760150798285994,Kontraksi
67.5,4.20379769516217,5.47957781503231,0.767175471736116,Kontraksi
67.6,3.58970199448659,5.47957781503231,0.655105578506219,Kontraksi
67.7,3.46089332810784,5.47957781503231,0.631598536407943,Relaksasi
67.8,3.91765678711699,5.47957781503231,0.714955954520721,Kontraksi
67.9,3.63968341620086,5.47957781503231,0.6642269786216,Kontraksi
68,3.95382949745728,5.47957781503231,0.721557322648217,Kontraksi
68.1,4.32526565680098,5.47957781503231,0.789342865965939,Kontraksi
68.2,3.70691489775771,5.47957781503231,0.676496442406274,Kontraksi
68.3,4.04292697942294,5.47957781503231,0.737817239921631,Kontraksi
68.4,4.40877654721922,5.47957781503231,0.80458325368142,Kontraksi
68.5,4.19767755191013,5.47957781503231,0.766058571226874,Kontraksi
68.6,4.36905730290923,5.47957781503231,0.79733465795913,Kontraksi
68.7,4.05894529888152,5.47957781503231,0.740740516129998,Kontraksi
68.8,3.78039509816804,5.47957781503231,0.689906271208915,Kontraksi
68.9,4.0503354443469,5.47957781503231,0.739169253739856,Kontraksi
69,3.95256203102443,5.47957781503231,0.721326015333012,Kontraksi
69.1,3.52571091730476,5.47957781503231,0.643427474947533,Relaksasi
69.2,3.90252414392196,5.47957781503231,0.712194310520791,Kontraksi
69.3,4.30362814356423,5.47957781503231,0.78539411042908,Kontraksi
69.4,4.17708892363154,5.47957781503231,0.762301232801621,Kontraksi
69.5,4.36197939341587,5.47957781503231,0.796042969122457,Kontraksi
69.6,4.49039047875457,5.47957781503231,0.819477454346196,Kontraksi
69.7,4.43851339236915,5.47957781503231,0.810010103368334,Kontraksi
69.8,4.03611514953267,5.47957781503231,0.736574109498046,Kontraksi
69.9,4.11254275946817,5.47957781503231,0.750521828193787,Kontraksi
70,4.02793015433818,5.47957781503231,0.73508038215795,Kontraksi
70.1,3.74943136745915,5.47957781503231,0.684255520046308,Kontraksi
70.2,4.39436147757251,5.47957781503231,0.801952563848497,Kontraksi
70.3,4.57523036437223,5.47957781503231,0.834960378119068,Kontraksi
70.4,4.52647641498551,5.47957781503231,0.82606298656219,Kontraksi
70.5,4.94611677846987,5.47957781503231,0.902645595231994,Kontraksi
70.6,4.86279991398028,5.47957781503231,0.887440616435814,Kontraksi
70.7,4.07232161762955,5.47957781503231,0.743181638274725,Kontraksi
70.8,3.67712027701478,5.47957781503231,0.671059048915632,Kontraksi
70.9,3.80802996425048,5.47957781503231,0.694949518520164,Kontraksi
71,3.74650260484005,5.47957781503231,0.683721033135461,Kontraksi
71.1,3.5168643363326,5.47957781503231,0.641813010974069,Relaksasi
71.2,4.11890847850357,5.47957781503231,0.751683545254896,Kontraksi
71.3,4.48396267448092,5.47957781503231,0.818304406989151,Kontraksi
71.4,4.37734827568153,5.47957781503231,0.798847725763289,Kontraksi
71.5,4.28226673849617,5.47957781503231,0.781495743476529,Kontraksi
71.6,4.51446715965443,5.47957781503231,0.823871347765103,Kontraksi
71.7,4.26754683454276,5.47957781503231,0.778809422659434,Kontraksi
71.8,3.99975356770704,5.47957781503231,0.729938273115565,Kontraksi
71.9,4.54129913097073,5.47957781503231,0.828768070144461,Kontraksi
72,4.27071412566757,5.47957781503231,0.779387440023495,Kontraksi
72.1,4.55581981485492,5.47957781503231,0.831418034133357,Kontraksi
72.2,4.49086949117276,5.47957781503231,0.81956487210617,Kontraksi
72.3,4.14430772765716,5.47957781503231,0.756318801840526,Kontraksi
72.4,4.10605963309904,5.47957781503231,0.749338684786033,Kontraksi
72.5,4.17260098536381,5.47957781503231,0.761482202865514,Kontraksi
72.6,4.40272337308354,5.47957781503231,0.803478574755413,Kontraksi
72.7,4.07038664971833,5.47957781503231,0.742828514735551,Kontraksi
72.8,3.77975662388717,5.47957781503231,0.68978975232691,Kontraksi
72.9,3.80006263943931,5.47957781503231,0.693495515113313,Kontraksi
73,3.73272634525151,5.47957781503231,0.681206923462496,Kontraksi
73.1,3.66179050419529,5.47957781503231,0.668261429584918,Kontraksi
73.2,3.9527366708151,5.47957781503231,0.72135788636333,Kontraksi
73.3,4.26866135640688,5.47957781503231,0.779012818231455,Kontraksi
73.4,4.43697568614513,5.47957781503231,0.809729478423141,Kontraksi
73.5,4.24680297941358,5.47957781503231,0.775023755984117,Kontraksi
73.6,4.33697733621129,5.47957781503231,0.791480198403882,Kontraksi
73.7,4.07799164450021,5.47957781503231,0.744216394429681,Kontraksi
73.8,4.15884857963879,5.47957781503231,0.758972446422729,Kontraksi
73.9,4.33765417512124,5.47957781503231,0.791603718670006,Kontraksi
74,3.91783633050562,5.47957781503231,0.714988720437127,Kontraksi
74.1,3.84285831905459,5.47957781503231,0.701305547393148,Kontraksi
74.2,3.9889081472417,5.47957781503231,0.727959029306745,Kontraksi
74.3,4.02381670782937,5.47957781503231,0.734329695399288,Kontraksi
74.4,3.93226911130541,5.47957781503231,0.717622642481302,Kontraksi
74.5,4.59654515429438,5.47957781503231,0.838850238002739,Kontraksi
74.6,4.51732131983115,5.47957781503231,0.824392220042688,Kontraksi
74.7,3.84839057134844,5.47957781503231,0.702315160264906,Kontraksi
74.8,3.64094778482346,5.47957781503231,0.664457720599409,Kontraksi
74.9,3.51466466687936,5.47957781503231,0.641411580512181,Relaksasi
75,4.05566828903379,5.47957781503231,0.740142475558562,Kontraksi
75.1,3.83754737604864,5.47957781503231,0.700336322539479,Kontraksi
75.2,3.65607258996178,5.47957781503231,0.667217934186818,Kontraksi
75.3,4.12143763628475,5.47957781503231,0.752145105956569,Kontraksi
75.4,4.08949393522048,5.47957781503231,0.746315514308718,Kontraksi
75.5,4.13974336488225,5.47957781503231,0.755485824751965,Kontraksi
75.6,3.9821446442853,5.47957781503231,0.726724718346175,Kontraksi
75.7,4.15026387629042,5.47957781503231,0.757405774018732,Kontraksi
75.8,3.95895074705671,5.47957781503231,0.722491929249729,Kontraksi
75.9,3.60004274401303,5.47957781503231,0.656992721982507,Kontraksi
76,3.87543318843283,5.47957781503231,0.707250324614648,Kontraksi
76.1,3.61668450801186,5.47957781503231,0.660029774208167,Kontraksi
76.2,3.93581404840016,5.47957781503231,0.718269578653105,Kontraksi
76.3,4.40468658117826,5.47957781503231,0.80383685200979,Kontraksi
76.4,3.97105794438323,5.47957781503231,0.724701442050752,Kontraksi
76.5,4.1675710857436,5.47957781503231,0.760564267252591,Kontraksi
76.6,4.56639349049657,5.47957781503231,0.833347685650057,Kontraksi
76.7,4.13828082067267,5.47957781503231,0.75521891655959,Kontraksi
76.8,3.89309369969149,5.47957781503231,0.710473293948201,Kontraksi
76.9,4.23540158523914,5.47957781503231,0.772943049302086,Kontraksi
77,4.10093066599976,5.47957781503231,0.748402669773124,Kontraksi
77.1,3.90711827272291,5.47957781503231,0.71303271978443,Kontraksi
77.2,4.43943085116789,5.47957781503231,0.810177535756321,Kontraksi
77.3,4.54408968027275,5.47957781503231,0.829277333703847,Kontraksi
77.4,4.40204829058041,5.47957781503231,0.803355375026178,Kontraksi
77.5,4.04145515344815,5.47957781503231,0.737548637845983,Kontraksi
77.6,3.85966459150638,5.47957781503231,0.704372621722431,Kontraksi
77.7,3.8277219177842,5.47957781503231,0.698543217560207,Kontraksi
77.8,4.16830797279472,5.47957781503231,0.760698746052965,Kontraksi
77.9,4.10834759801806,5.47957781503231,0.749756228800601,Kontraksi
78,3.81948400064695,5.47957781503231,0.697039832187222,Kontraksi
78.1,3.94955232588051,5.47957781503231,0.720776756750414,Kontraksi
78.2,4.23227944547333,5.47957781503231,0.772373271871927,Kontraksi
78.3,4.67061378891053,5.47957781503231,0.852367453583282,Kontraksi
78.4,4.17567301913911,5.47957781503231,0.762042836162276,Kontraksi
78.5,3.60326842735716,5.47957781503231,0.657581395682017,Kontraksi
78.6,4.22796253910497,5.47957781503231,0.771585454541088,Kontraksi
78.7,4.65818990268509,5.47957781503231,0.850100146384657,Kontraksi
78.8,4.34900274169389,5.47957781503231,0.793674784535976,Kontraksi
78.9,4.15862639535998,5.47957781503231,0.758931898722467,Kontraksi
79,3.79519154900988,5.47957781503231,0.692606561512532,Kontraksi
79.1,3.98213059146168,5.47957781503231,0.726722153764723,Kontraksi
79.2,4.02520768588754,5.47957781503231,0.734583543068785,Kontraksi
79.3,3.51878233302058,5.47957781503231,0.642163037336085,Relaksasi
79.4,3.68911871786729,5.47957781503231,0.673248714115677,Kontraksi
79.5,3.81075280970419,5.47957781503231,0.695446426410812,Kontraksi
79.6,4.62724244182818,5.47957781503231,0.844452364401891,Kontraksi
79.7,4.34922252591822,5.47957781503231,0.793714894236349,Kontraksi
79.8,3.77952318714954,5.47957781503231,0.689747151100044,Kontraksi
79.9,4.10505938548406,5.47957781503231,0.749156143785843,Kontraksi
80,3.66556763624904,5.47957781503231,0.668950740364186,Kontraksi
80.1,3.64409800254905,5.47957781503231,0.665032622139625,Kontraksi
80.2,3.89641346738942,5.47957781503231,0.711079137648207,Kontraksi
80.3,4.19461112825689,5.47957781503231,0.765498961753891,Kontraksi
80.4,4.23595811385367,5.47957781503231,0.773044613443215,Kontraksi
80.5,3.75864583000217,5.47957781503231,0.685937120865581,Kontraksi
80.6,3.66792551017855,5.47957781503231,0.669381042480354,Kontraksi
80.7,3.91465727952848,5.47957781503231,0.714408556949273,Kontraksi
80.8,4.15033426350492,5.47957781503231,0.757418619390562,Kontraksi
80.9,4.55367113768319,5.47957781503231,0.831025909549263,Kontraksi
81,4.34963885516936,5.47957781503231,0.793790872580886,Kontraksi
81.1,4.45603368009457,5.47957781503231,0.813207482494396,Kontraksi
81.2,4.632076305058,5.47957781503231,0.845334524194668,Kontraksi
81.3,4.3934946244391,5.47957781503231,0.80179436678247,Kontraksi
81.4,3.99673723801799,5.47957781503231,0.729387805581227,Kontraksi
81.5,3.68449858013824,5.47957781503231,0.672405558331599,Kontraksi
81.6,3.79526456471953,5.47957781503231,0.692619886573716,Kontraksi
81.7,4.1880987312495,5.47957781503231,0.764310476577256,Kontraksi
81.8,3.93308798981411,5.47957781503231,0.717772084379264,Kontraksi
81.9,3.4202267631369,5.47957781503231,0.624177058632889,Relaksasi
82,3.7983857410108,5.47957781503231,0.693189488173808,Kontraksi
82.1,3.88967379488874,5.47957781503231,0.70984917564599,Kontraksi
82.2,3.5204060243726,5.47957781503231,0.642459354206989,Relaksasi
82.3,3.67925064681658,5.47957781503231,0.671447832481395,Kontraksi
82.4,4.23041175002807,5.47957781503231,0.772032425276019,Kontraksi
82.5,3.81912242671228,5.47957781503231,0.6969738464586,Kontraksi
82.6,3.67967801968147,5.47957781503231,0.671525826239183,Kontraksi
82.7,4.11337805282266,5.47957781503231,0.75067426573235,Kontraksi
82.8,4.12601300818778,5.47957781503231,0.752980092164901,Kontraksi
82.9,4.05042399010967,5.47957781503231,0.739185412970686,Kontraksi
83,4.21738315773942,5.47957781503231,0.769654761753675,Kontraksi
83.1,4.32843068328581,5.47957781503231,0.789920470042689,Kontraksi
83.2,4.33550340580755,5.47957781503231,0.791211212278767,Kontraksi
83.3,4.38002392232422,5.47957781503231,0.799336020068617,Kontraksi
83.4,4.29776129596923,5.47957781503231,0.784323435316319,Kontraksi
83.5,4.02887078425332,5.47957781503231,0.735252043177629,Kontraksi
83.6,3.75648014689015,5.47957781503231,0.685541892768612,Kontraksi
83.7,4.028219003306,5.47957781503231,0.735133095884732,Kontraksi
83.8,4.19123674014206,5.47957781503231,0.76488315005658,Kontraksi
83.9,4.06408770434297,5.47957781503231,0.741678983587717,Kontraksi
84,3.91429839370731,5.47957781503231,0.714343061790104,Kontraksi
84.1,4.14833389464502,5.47957781503231,0.757053560452185,Kontraksi
84.2,3.98318708037503,5.47957781503231,0.7269149585663,Kontraksi
84.3,3.79655536519768,5.47957781503231,0.692855452254452,Kontraksi
84.4,3.98616234197255,5.47957781503231,0.727457931345946,Kontraksi
84.5,3.89181917919011,5.47957781503231,0.710240699295035,Kontraksi
84.6,3.82097711440662,5.47957781503231,0.697312319194447,Kontraksi
84.7,3.84881410063362,5.47957781503231,0.702392452585496,Kontraksi
84.8,4.42033107417529,5.47957781503231,0.8066919064547,Kontraksi
84.9,4.73703112306013,5.47957781503231,0.864488338876194,Kontraksi
85,4.30794779708677,5.47957781503231,0.78618242910405,Kontraksi
85.1,3.92824193657144,5.47957781503231,0.716887699960197,Kontraksi
85.2,4.00629219673688,5.47957781503231,0.731131545526424,Kontraksi
85.3,3.86163522898754,5.47957781503231,0.704732254808716,Kontraksi
85.4,4.33274987663162,5.47957781503231,0.790708704737332,Kontraksi
85.5,5.00430342199752,5.47957781503231,0.913264413960697,Kontraksi
85.6,4.48809456059195,5.47957781503231,0.819058458897985,Kontraksi
85.7,3.91219495754662,5.47957781503231,0.713959193501033,Kontraksi
85.8,4.06245740603213,5.47957781503231,0.741381460974504,Kontraksi
85.9,3.82660411332735,5.47957781503231,0.698339222928763,Kontraksi
86,3.85276991593882,5.47957781503231,0.70311437230974,Kontraksi
86.1,4.02572806420058,5.47957781503231,0.734678509931307,Kontraksi
86.2,3.55749371785834,5.47957781503231,0.649227702926116,Relaksasi
86.3,3.75120994526888,5.47957781503231,0.684580103047001,Kontraksi
86.4,4.28418899141021,5.47957781503231,0.781846546581973,Kontraksi
86.5,4.20886608593799,5.47957781503231,0.76810043182372,Kontraksi
86.6,4.43100137293906,5.47957781503231,0.808639191286478,Kontraksi
86.7,4.39650526127102,5.47957781503231,0.802343795394226,Kontraksi
86.8,4.34994315935916,5.47957781503231,0.793846406820943,Kontraksi
86.9,4.35638837956419,5.47957781503231,0.795022632512519,Kontraksi
87,3.958191356386,5.47957781503231,0.722353343633036,Kontraksi
87.1,4.09177373469339,5.47957781503231,0.746731568163571,Kontraksi
87.2,3.99976311608014,5.47957781503231,0.729940015653661,Kontraksi
87.3,3.64350033609996,5.47957781503231,0.664923550515995,Kontraksi
87.4,4.27019073545007,5.47957781503231,0.779291923501025,Kontraksi
87.5,4.84977296118981,5.47957781503231,0.885063252115019,Kontraksi
87.6,4.77956370860102,5.47957781503231,0.872250357589427,Kontraksi
87.7,4.4338376918168,5.47957781503231,0.809156807601728,Kontraksi
87.8,4.48111729039127,5.47957781503231,0.817785136310698,Kontraksi
87.9,4.83807051540233,5.47957781503231,0.882927604774566,Kontraksi
88,4.68580964713864,5.47957781503231,0.855140634061972,Kontraksi
88.1,3.78708257630995,5.47957781503231,0.691126707959273,Kontraksi
88.2,3.05148066532166,5.47957781503231,0.556882440276773,Relaksasi
88.3,3.99746486411913,5.47957781503231,0.729520594297018,Kontraksi
88.4,4.69370119595893,5.47957781503231,0.856580808667876,Kontraksi
88.5,4.30705547765271,5.47957781503231,0.78601958454482,Kontraksi
88.6,3.85460485599415,5.47957781503231,0.70344924118418,Kontraksi
88.7,4.07490376173457,5.47957781503231,0.743652868758566,Kontraksi
88.8,4.67806613370549,5.47957781503231,0.853727475294171,Kontraksi
88.9,4.48782326271144,5.47957781503231,0.819008948171123,Kontraksi
89,4.04427438846792,5.47957781503231,0.73806313642871,Kontraksi
89.1,4.68901362831951,5.47957781503231,0.855725347207586,Kontraksi
89.2,4.6647010566114,5.47957781503231,0.851288404704203,Kontraksi
89.3,4.07992980372956,5.47957781503231,0.744570100371045,Kontraksi
89.4,4.57305157698059,5.47957781503231,0.834562758545956,Kontraksi
89.5,4.52570472057692,5.47957781503231,0.825922155564868,Kontraksi
89.6,3.74080676238257,5.47957781503231,0.682681565744041,Kontraksi
89.7,3.68153356529451,5.47957781503231,0.671864455541599,Kontraksi
89.8,4.20534773469812,5.47957781503231,0.767458347459078,Kontraksi
89.9,4.91425545504732,5.47957781503231,0.896831037158716,Kontraksi
90,4.36175411129673,5.47957781503231,0.796001856079311,Kontraksi
90.1,3.40643684325824,5.47957781503231,0.621660456014192,Relaksasi
90.2,3.76978595134402,5.47957781503231,0.687970146350005,Kontraksi
90.3,3.92251322071929,5.47957781503231,0.71584223331194,Kontraksi
90.4,3.95680370853677,5.47957781503231,0.722100103712724,Kontraksi
90.5,4.17899651562073,5.47957781503231,0.762649360349687,Kontraksi
90.6,4.04150843498537,5.47957781503231,0.737558361503356,Kontraksi
90.7,3.56028241311969,5.47957781503231,0.649736628130847,Relaksasi
90.8,3.34346905600856,5.47957781503231,0.610169098582067,Relaksasi
90.9,3.43207150675377,5.47957781503231,0.62633867473119,Relaksasi
91,4.06556724961721,5.47957781503231,0.741948994403183,Kontraksi
91.1,4.30448329788301,5.47957781503231,0.785550172510439,Kontraksi
91.2,4.16833981550688,5.47957781503231,0.76070455721456,Kontraksi
91.3,4.03355606605024,5.47957781503231,0.736107087481237,Kontraksi
91.4,4.12936217717469,5.47957781503231,0.753591301476999,Kontraksi
91.5,4.48714427786732,5.47957781503231,0.818885036281005,Kontraksi
91.6,4.18222091189778,5.47957781503231,0.763237799164846,Kontraksi
91.7,3.70323476727914,5.47957781503231,0.675824834008184,Kontraksi
91.8,3.89910563574464,5.47957781503231,0.711570447096871,Kontraksi
91.9,4.32249296668414,5.47957781503231,0.788836861633043,Kontraksi
92,4.09468655266764,5.47957781503231,0.747263145243517,Kontraksi
92.1,3.97132754026973,5.47957781503231,0.724750642170835,Kontraksi
92.2,4.13908485508368,5.47957781503231,0.755365649471897,Kontraksi
92.3,3.81040035056791,5.47957781503231,0.695382104094719,Kontraksi
92.4,3.96045762385147,5.47957781503231,0.722766927953211,Kontraksi
92.5,3.87136353921738,5.47957781503231,0.706507630678578,Kontraksi
92.6,3.37606326566941,5.47957781503231,0.616117405324137,Relaksasi
92.7,3.74297871519162,5.47957781503231,0.683077938034456,Kontraksi
92.8,4.29357263824409,5.47957781503231,0.783559022825698,Kontraksi
92.9,4.24967530932679,5.47957781503231,0.775547944162506,Kontraksi
93,4.25417837121124,5.47957781503231,0.776369734095318,Kontraksi
93.1,4.46130983078001,5.47957781503231,0.814170357895302,Kontraksi
93.2,4.32088728188355,5.47957781503231,0.788543830882356,Kontraksi
93.3,4.29276062415029,5.47957781503231,0.783410833654705,Kontraksi
93.4,4.21960594653019,5.47957781503231,0.770060411397828,Kontraksi
93.5,4.20296616071346,5.47957781503231,0.767023720182113,Kontraksi
93.6,4.24936292965795,5.47957781503231,0.775490936181348,Kontraksi
93.7,4.31106106614563,5.47957781503231,0.786750587667347,Kontraksi
93.8,4.18380736473171,5.47957781503231,0.763527320162173,Kontraksi
93.9,3.79683223573014,5.47957781503231,0.692905979966953,Kontraksi
94,4.05965509948354,5.47957781503231,0.740870051766862,Kontraksi
94.1,4.29798886784807,5.47957781503231,0.784364966231021,Kontraksi
94.2,4.22123055677848,5.47957781503231,0.77035689596345,Kontraksi
94.3,4.26505707358304,5.47957781503231,0.778355051712664,Kontraksi
94.4,3.96740664142633,5.47957781503231,0.724035094554623,Kontraksi
94.5,3.94549463056886,5.47957781503231,0.720036244351719,Kontraksi
94.6,3.79672930091489,5.47957781503231,0.692887194794312,Kontraksi
94.7,3.8329217074349,5.47957781503231,0.699492157392111,Kontraksi
94.8,4.27655263523379,5.47957781503231,0.780452943564699,Kontraksi
94.9,3.99169670294006,5.47957781503231,0.728467929041814,Kontraksi
95,3.82912189556237,5.47957781503231,0.698798707640908,Kontraksi
95.1,3.7951359614402,5.47957781503231,0.692596417013894,Kontraksi
95.2,4.07625218033423,5.47957781503231,0.743898949505145,Kontraksi
95.3,4.5738050081701,5.47957781503231,0.834700256582291,Kontraksi
95.4,4.26630823433133,5.47957781503231,0.778583383308733,Kontraksi
95.5,3.75702754114392,5.47957781503231,0.685641789927161,Kontraksi
95.6,3.92063217915238,5.47957781503231,0.715498951104732,Kontraksi
95.7,3.85801037107474,5.47957781503231,0.704070733422368,Kontraksi
95.8,3.83743936370855,5.47957781503231,0.700316610739823,Kontraksi
95.9,4.00170573868575,5.47957781503231,0.730294536142499,Kontraksi
96,3.94443202414989,5.47957781503231,0.719842323130989,Kontraksi
96.1,3.99200506651067,5.47957781503231,0.728524204101869,Kontraksi
96.2,4.36882613682203,5.47957781503231,0.797292471116457,Kontraksi
96.3,4.47063397881692,5.47957781503231,0.81587197585779,Kontraksi
96.4,4.18199029616352,5.47957781503231,0.763195712759279,Kontraksi
96.5,4.06371889846065,5.47957781503231,0.74161167805894,Kontraksi
96.6,3.85623643907841,5.47957781503231,0.703746998263162,Kontraksi
96.7,3.91714824323739,5.47957781503231,0.714863147392733,Kontraksi
96.8,3.97993753072922,5.47957781503231,0.726321929366697,Kontraksi
96.9,4.15364473700209,5.47957781503231,0.758022766937857,Kontraksi
97,4.38006877639552,5.47957781503231,0.799344205748758,Kontraksi
97.1,3.9672777473177,5.47957781503231,0.724011571919671,Kontraksi
97.2,3.98410777889976,5.47957781503231,0.727082982190712,Kontraksi
97.3,4.37440734787091,5.47957781503231,0.798311018755943,Kontraksi
97.4,4.13399350178657,5.47957781503231,0.754436498820338,Kontraksi
97.5,3.90822580257304,5.47957781503231,0.713234839343182,Kontraksi
97.6,4.05703629830538,5.47957781503231,0.740392131520712,Kontraksi
97.7,4.38192026951167,5.47957781503231,0.799682095487467,Kontraksi
97.8,4.60316311764201,5.47957781503231,0.840057988594304,Kontraksi
97.9,4.18092517065072,5.47957781503231,0.763001331814478,Kontraksi
98,3.91505277990578,5.47957781503231,0.714480734111574,Kontraksi
98.1,4.20342034456579,5.47957781503231,0.767106606832812,Kontraksi
98.2,4.00143525548932,5.47957781503231,0.730245174092071,Kontraksi
98.3,3.70586014086334,5.47957781503231,0.676303953690909,Kontraksi
98.4,4.19140751727509,5.47957781503231,0.764914316168055,Kontraksi
98.5,4.41865050278531,5.47957781503231,0.80638520921511,Kontraksi
98.6,3.88071956366338,5.47957781503231,0.70821506595221,Kontraksi
98.7,4.14137260220045,5.47957781503231,0.755783153738465,Kontraksi
98.8,4.12316068438612,5.47957781503231,0.752459555018074,Kontraksi
98.9,3.43659046225088,5.47957781503231,0.627163365181742,Relaksasi
99,3.34254141562574,5.47957781503231,0.609999808097631,Relaksasi
99.1,3.51865855409062,5.47957781503231,0.642140448199817,Relaksasi
99.2,3.72015219713777,5.47957781503231,0.678912194098631,Kontraksi
99.3,4.01683891312542,5.47957781503231,0.733056277092349,Kontraksi
99.4,3.89806950640599,5.47957781503231,0.711381357832401,Kontraksi
99.5,4.0396670873585,5.47957781503231,0.737222323273947,Kontraksi
99.6,4.62381177422361,5.47957781503231,0.843826281933428,Kontraksi
99.7,4.47051350878892,5.47957781503231,0.815849990582268,Kontraksi
99.8,4.13822829732424,5.47957781503231,0.755209331268496,Kontraksi
99.9,4.09803906575283,5.47957781503231,0.747874964839544,Kontraksi
100,4.16375677128741,5.47957781503231,0.759868170840613,Kontraksi
100.1,4.02877732426302,5.47957781503231,0.735234987120857,Kontraksi
100.2,4.28832155725861,5.47957781503231,0.78260072254003,Kontraksi
100.3,4.47697570454896,5.47957781503231,0.817029314241531,Kontraksi
100.4,4.00512345750746,5.47957781503231,0.730918255512326,Kontraksi
100.5,3.88317459727926,5.47957781503231,0.708663099304187,Kontraksi
100.6,4.01558345428449,5.47957781503231,0.732827161112376,Kontraksi
100.7,3.69329503722059,5.47957781503231,0.674010874905116,Kontraksi
100.8,3.69389661377236,5.47957781503231,0.674120660106106,Kontraksi
100.9,3.97342016411497,5.47957781503231,0.725132537257623,Kontraksi
101,4.11542652231638,5.47957781503231,0.751048102834928,Kontraksi
101.1,4.40398390381842,5.47957781503231,0.803708616334788,Kontraksi
101.2,4.02901248269653,5.47957781503231,0.735277902550011,Kontraksi
101.3,3.67637769534827,5.47957781503231,0.670923530871802,Kontraksi
101.4,3.88227039896288,5.47957781503231,0.708498086898686,Kontraksi
101.5,4.14378549854438,5.47957781503231,0.756223497214803,Kontraksi
101.6,3.95760771964322,5.47957781503231,0.722246832372045,Kontraksi
101.7,4.16207585890289,5.47957781503231,0.759561411370951,Kontraksi
101.8,4.43744165676742,5.47957781503231,0.809814516109988,Kontraksi
101.9,3.95932187107798,5.47957781503231,0.722559657829156,Kontraksi
102,3.86817602934652,5.47957781503231,0.70592592347805,Kontraksi
102.1,4.09965983646336,5.47957781503231,0.748170748705606,Kontraksi
102.2,4.19142050435716,5.47957781503231,0.764916686256138,Kontraksi
102.3,3.77454874770985,5.47957781503231,0.688839336737768,Kontraksi
102.4,3.93691536424728,5.47957781503231,0.718470564182337,Kontraksi
102.5,4.16337722427575,5.47957781503231,0.759798905100721,Kontraksi
102.6,4.02474102165581,5.47957781503231,0.734498378801118,Kontraksi
102.7,3.92607554263388,5.47957781503231,0.716492342140547,Kontraksi
102.8,4.16865707651263,5.47957781503231,0.76076245601926,Kontraksi
102.9,4.55686578620828,5.47957781503231,0.831608919524289,Kontraksi
103,4.21437153476775,5.47957781503231,0.769105153175546,Kontraksi
103.1,4.31885625096466,5.47957781503231,0.788173176246643,Kontraksi
103.2,4.33601861186046,5.47957781503231,0.791305235225479,Kontraksi
103.3,3.67476216537436,5.47957781503231,0.670628703418219,Kontraksi
103.4,3.95295482061748,5.47957781503231,0.721397697788542,Kontraksi
103.5,4.17423918624605,5.47957781503231,0.761781167664909,Kontraksi
103.6,4.06207733040281,5.47957781503231,0.741312098764101,Kontraksi
103.7,4.11770718573925,5.47957781503231,0.751464314357031,Kontraksi
103.8,4.2712427032948,5.47957781503231,0.779483903226514,Kontraksi
103.9,4.28329725777125,5.47957781503231,0.781683808927894,Kontraksi
104,4.02064566961136,5.47957781503231,0.733750994206413,Kontraksi
104.1,3.73470862561746,5.47957781503231,0.681568681326491,Kontraksi
104.2,3.73140615887723,5.47957781503231,0.680965994978799,Kontraksi
104.3,4.15537611501883,5.47957781503231,0.758338736174025,Kontraksi
104.4,4.1537539396924,5.47957781503231,0.758042695971443,Kontraksi
104.5,3.91820828619751,5.47957781503231,0.715056600792958,Kontraksi
104.6,3.72098218640115,5.47957781503231,0.679063663662784,Kontraksi
104.7,3.60122105406984,5.47957781503231,0.657207758632515,Kontraksi
104.8,3.46056497690571,5.47957781503231,0.631538613688854,Relaksasi
104.9,3.54039500284802,5.47957781503231,0.646107259054801,Relaksasi
105,3.80190389090094,5.47957781503231,0.693831535792967,Kontraksi
105.1,4.18030044207269,5.47957781503231,0.762887321465667,Kontraksi
105.2,4.26563692487649,5.47957781503231,0.778460872145008,Kontraksi
105.3,3.7528566696138,5.47957781503231,0.684880623342634,Kontraksi
105.4,3.90742915283348,5.47957781503231,0.713089454102485,Kontraksi
105.5,4.63437150234559,5.47957781503231,0.845753388086206,Kontraksi
105.6,4.39015954369407,5.47957781503231,0.801185728515506,Kontraksi
105.7,3.3286667062145,5.47957781503231,0.607467731744379,Relaksasi
105.8,3.45619488777993,5.47957781503231,0.630741090727543,Relaksasi
105.9,3.74613274881134,5.47957781503231,0.683653535959367,Kontraksi
106,3.75547409237582,5.47957781503231,0.685358292033612,Kontraksi
106.1,3.84428994142031,5.47957781503231,0.701566812478534,Kontraksi
106.2,4.00874630882431,5.47957781503231,0.731579410703316,Kontraksi
106.3,4.31659838774397,5.47957781503231,0.787761125665942,Kontraksi
106.4,4.37222369017132,5.47957781503231,0.79791251037203,Kontraksi
106.5,4.72281222441734,5.47957781503231,0.861893449429824,Kontraksi
106.6,4.86454143375149,5.47957781503231,0.887758436499692,Kontraksi
106.7,4.53044453643937,5.47957781503231,0.826787152107019,Kontraksi
106.8,4.2331121848466,5.47957781503231,0.772525243319614,Kontraksi
106.9,4.22409579845853,5.47957781503231,0.770879790568979,Kontraksi
107,4.26122976735881,5.47957781503231,0.777656584357436,Kontraksi
107.1,4.12139585357986,5.47957781503231,0.752137480787935,Kontraksi
107.2,4.20267195721271,5.47957781503231,0.7669700292755,Kontraksi
107.3,4.12116302358183,5.47957781503231,0.752094990288505,Kontraksi
107.4,4.22887737090782,5.47957781503231,0.77175240751333,Kontraksi
107.5,4.28446139173016,5.47957781503231,0.781896258499415,Kontraksi
107.6,3.57162400819036,5.47957781503231,0.651806421726908,Kontraksi
107.7,4.071544357283,5.47957781503231,0.743039791517038,Kontraksi
107.8,4.5635316619768,5.47957781503231,0.832825413931983,Kontraksi
107.9,4.29727375567107,5.47957781503231,0.78423446125397,Kontraksi
108,4.12094505052859,5.47957781503231,0.75205521111927,Kontraksi
108.1,3.68268541804895,5.47957781503231,0.672074663844743,Kontraksi
108.2,3.41825077922823,5.47957781503231,0.623816449845977,Relaksasi
108.3,3.4345290466116,5.47957781503231,0.626787165461824,Relaksasi
108.4,4.07049650822365,5.47957781503231,0.74284856345263,Kontraksi
108.5,4.40745569891837,5.47957781503231,0.804342204398894,Kontraksi
108.6,4.53366894197595,5.47957781503231,0.827375592612005,Kontraksi
108.7,4.32379917422868,5.47957781503231,0.789075239038864,Kontraksi
108.8,4.24608813728708,5.47957781503231,0.77489330029015,Kontraksi
108.9,4.22611826903564,5.47957781503231,0.771248882978171,Kontraksi
109,3.79122488677861,5.47957781503231,0.691882662269712,Kontraksi
109.1,4.3041339004929,5.47957781503231,0.785486408950197,Kontraksi
109.2,4.49041140891525,5.47957781503231,0.819481274012855,Kontraksi
109.3,4.25936358760045,5.47957781503231,0.77731601436804,Kontraksi
109.4,4.1028220823715,5.47957781503231,0.748747845338758,Kontraksi
109.5,4.31990727506751,5.47957781503231,0.788364983743193,Kontraksi
109.6,4.23087132861025,5.47957781503231,0.77211629644232,Kontraksi
109.7,3.98977284450837,5.47957781503231,0.728116832936123,Kontraksi
109.8,3.96267128039105,5.47957781503231,0.723170910999771,Kontraksi
109.9,3.96462862246917,5.47957781503231,0.723528117730689,Kontraksi
110,4.51999652180529,5.47957781503231,0.82488043319787,Kontraksi
110.1,4.49477511019428,5.47957781503231,0.820277631218888,Kontraksi
110.2,4.04921512645574,5.47957781503231,0.738964800417177,Kontraksi
110.3,4.15144484279307,5.47957781503231,0.757621295458981,Kontraksi
110.4,4.20360379342464,5.47957781503231,0.767140085481175,Kontraksi
110.5,4.34473679499697,5.47957781503231,0.792896267131732,Kontraksi
110.6,4.55515184883173,5.47957781503231,0.831296133131904,Kontraksi
110.7,4.5181512871507,5.47957781503231,0.824543685602184,Kontraksi
110.8,4.19374523462221,5.47957781503231,0.765340939792362,Kontraksi
110.9,3.80480541116425,5.47957781503231,0.694361051087987,Kontraksi
111,3.94431591133274,5.47957781503231,0.719821133028199,Kontraksi
111.1,4.24121557985792,5.47957781503231,0.774004078968064,Kontraksi
111.2,4.15132482819235,5.47957781503231,0.757599393297031,Kontraksi
111.3,4.55695969670272,5.47957781503231,0.831626057796179,Kontraksi
111.4,4.66583585309739,5.47957781503231,0.851495500309794,Kontraksi
111.5,4.17602364997775,5.47957781503231,0.762106824821708,Kontraksi
111.6,4.33004430431792,5.47957781503231,0.790214949122388,Kontraksi
111.7,4.31094740370989,5.47957781503231,0.786729844748901,Kontraksi
111.8,3.85714575065281,5.47957781503231,0.703912943816834,Kontraksi
111.9,3.80142963712644,5.47957781503231,0.693744986465536,Kontraksi
112,4.02605504960373,5.47957781503231,0.734738183397801,Kontraksi
112.1,3.78265966653816,5.47957781503231,0.690319545451306,Kontraksi
112.2,3.73133206557965,5.47957781503231,0.680952473262331,Kontraksi
112.3,3.87860945327348,5.47957781503231,0.707829979644263,Kontraksi
112.4,3.5768006713226,5.47957781503231,0.652751141066058,Kontraksi
112.5,3.62104822097704,5.47957781503231,0.660826133546876,Kontraksi
112.6,4.31081756157047,5.47957781503231,0.786706149102301,Kontraksi
112.7,4.39402902578374,5.47957781503231,0.801891892789523,Kontraksi
112.8,3.95396998404831,5.47957781503231,0.72158296086265,Kontraksi
112.9,4.07785457235617,5.47957781503231,0.74419137933752,Kontraksi
113,3.86454203168399,5.47957781503231,0.705262734125659,Kontraksi
113.1,3.50694311836314,5.47957781503231,0.640002430249723,Relaksasi
113.2,3.56131275752701,5.47957781503231,0.64992466166958,Relaksasi
113.3,3.90805872997466,5.47957781503231,0.713204349293763,Kontraksi
113.4,4.23093669080684,5.47957781503231,0.772128224769429,Kontraksi
113.5,4.4193052281499,5.47957781503231,0.806504693851828,Kontraksi
113.6,4.53529167883732,5.47957781503231,0.827671735292361,Kontraksi
113.7,4.2206943264876,5.47957781503231,0.770259036181369,Kontraksi
113.8,4.06720201404001,5.47957781503231,0.742247332063122,Kontraksi
113.9,4.49298688325174,5.47957781503231,0.819951287291874,Kontraksi
114,4.61511620649242,5.47957781503231,0.842239377243921,Kontraksi
114.1,4.27535806371645,5.47957781503231,0.780234939266255,Kontraksi
114.2,4.35035742869871,5.47957781503231,0.793922009240243,Kontraksi
114.3,4.65212771620041,5.47957781503231,0.848993822742706,Kontraksi
114.4,4.691969037529,5.47957781503231,0.856264697009569,Kontraksi
114.5,4.29113486525556,5.47957781503231,0.783114139465917,Kontraksi
114.6,4.35942226688414,5.47957781503231,0.795576304240956,Kontraksi
114.7,4.0635706667214,5.47957781503231,0.741584626387395,Kontraksi
114.8,3.78181536519443,5.47957781503231,0.690165463992435,Kontraksi
114.9,4.36949480609496,5.47957781503231,0.797414500458043,Kontraksi
115,4.0573832594996,5.47957781503231,0.740455450485408,Kontraksi
115.1,3.72083577425456,5.47957781503231,0.679036944059278,Kontraksi
115.2,4.16972226008177,5.47957781503231,0.7609568475591,Kontraksi
115.3,4.21926526317801,5.47957781503231,0.769998238113009,Kontraksi
115.4,4.20104828261627,5.47957781503231,0.766673715462419,Kontraksi
115.5,4.22005095241479,5.47957781503231,0.770141623107858,Kontraksi
115.6,3.69581947243603,5.47957781503231,0.674471573758322,Kontraksi
115.7,3.89459925812142,5.47957781503231,0.710748052055623,Kontraksi
115.8,4.17428661948939,5.47957781503231,0.761789824033144,Kontraksi
115.9,4.08738277685802,5.47957781503231,0.745930236750168,Kontraksi
116,4.02847959188631,5.47957781503231,0.735180652209162,Kontraksi
116.1,4.165525157761,5.47957781503231,0.760190893965147,Kontraksi
116.2,4.41585674967098,5.47957781503231,0.805875360973397,Kontraksi
116.3,4.08604516346962,5.47957781503231,0.745686127909387,Kontraksi
116.4,3.83412417323848,5.47957781503231,0.699711602364729,Kontraksi
116.5,3.9840628962602,5.47957781503231,0.727074791296984,Kontraksi
116.6,4.15721766154406,5.47957781503231,0.758674810701551,Kontraksi
116.7,3.97175777738298,5.47957781503231,0.724829158641953,Kontraksi
116.8,4.08079163150507,5.47957781503231,0.744727380330305,Kontraksi
116.9,4.47336321163451,5.47957781503231,0.816370049415592,Kontraksi
117,5.04299521587736,5.47957781503231,0.920325504282965,Kontraksi
117.1,4.97847298470673,5.47957781503231,0.908550467346064,Kontraksi
117.2,4.08203180339086,5.47957781503231,0.744953706504994,Kontraksi
117.3,3.92999015219222,5.47957781503231,0.71720674198858,Kontraksi
117.4,4.21137001843695,5.47957781503231,0.768557389017043,Kontraksi
117.5,4.00638378360947,5.47957781503231,0.73114825974706,Kontraksi
117.6,3.84844910114228,5.47957781503231,0.70232584170713,Kontraksi
117.7,4.16711468682992,5.47957781503231,0.760480976362473,Kontraksi
117.8,3.99754992895464,5.47957781503231,0.729536118273205,Kontraksi
117.9,3.84039465920003,5.47957781503231,0.700855939788746,Kontraksi
118,4.05452790870154,5.47957781503231,0.739934360924416,Kontraksi
118.1,3.9335700311843,5.47957781503231,0.71786005491029,Kontraksi
118.2,3.8404339556237,5.47957781503231,0.700863111221472,Kontraksi
118.3,3.83089492460827,5.47957781503231,0.699122278015442,Kontraksi
118.4,4.01185587343675,5.47957781503231,0.732146893220659,Kontraksi
118.5,4.23579351853987,5.47957781503231,0.773014575487854,Kontraksi
118.6,4.24667370279759,5.47957781503231,0.775000163543175,Kontraksi
118.7,4.33392427210525,5.47957781503231,0.790923026992308,Kontraksi
118.8,4.06481862895013,5.47957781503231,0.741812374267043,Kontraksi
118.9,3.86465015881149,5.47957781503231,0.705282466873535,Kontraksi
119,4.18995070072793,5.47957781503231,0.764648453250084,Kontraksi
119.1,4.25748419133849,5.47957781503231,0.776973032422095,Kontraksi
119.2,4.22658793478489,5.47957781503231,0.771334595010213,Kontraksi
119.3,4.32293385890901,5.47957781503231,0.788917322617403,Kontraksi
119.4,4.11745696647319,5.47957781503231,0.751418650389019,Kontraksi
119.5,3.77647324884548,5.47957781503231,0.689190550134237,Kontraksi
119.6,3.85856067292357,5.47957781503231,0.704171161204837,Kontraksi
119.7,3.85215790305846,5.47957781503231,0.703002682522493,Kontraksi
119.8,4.09074173384809,5.47957781503231,0.746543232331845,Kontraksi
119.9,4.58065785038432,5.47957781503231,0.835950871583217,Kontraksi
120,4.50575142310664,5.47957781503231,0.822280762351045,Kontraksi
120.1,4.29452996005076,5.47957781503231,0.783733730045667,Kontraksi
120.2,4.11379580241607,5.47957781503231,0.750750503283401,Kontraksi
120.3,3.98722619495575,5.47957781503231,0.727652080059427,Kontraksi
120.4,4.26423826385401,5.47957781503231,0.778205622366705,Kontraksi
120.5,4.01835607772483,5.47957781503231,0.733333153277089,Kontraksi
120.6,3.57276172837268,5.47957781503231,0.652014050894834,Kontraksi
120.7,3.57543354680791,5.47957781503231,0.652501646568336,Kontraksi
120.8,3.55344834165,5.47957781503231,0.648489438712176,Relaksasi
120.9,4.39810547322438,5.47957781503231,0.802635827373216,Kontraksi
121,4.60601164702319,5.47957781503231,0.840577833275287,Kontraksi
121.1,4.11802691255933,5.47957781503231,0.751522663162518,Kontraksi
121.2,4.4579350501536,5.47957781503231,0.813554474566269,Kontraksi
121.3,4.0421410565491,5.47957781503231,0.737673812288998,Kontraksi
121.4,3.85714914450022,5.47957781503231,0.703913563179772,Kontraksi
121.5,4.29759569571797,5.47957781503231,0.784293213964082,Kontraksi
121.6,4.32604690128995,5.47957781503231,0.789485439812928,Kontraksi
121.7,3.92521336455308,5.47957781503231,0.716334998252038,Kontraksi
121.8,3.53419441506278,5.47957781503231,0.644975677755193,Relaksasi
121.9,3.9882299427266,5.47957781503231,0.727835259823403,Kontraksi
122,4.05852838066937,5.47957781503231,0.740664430302544,Kontraksi
122.1,3.93924900090306,5.47957781503231,0.718896443097565,Kontraksi
122.2,4.19637955749681,5.47957781503231,0.7658216926831,Kontraksi
122.3,4.14250485043116,5.47957781503231,0.755989784298142,Kontraksi
122.4,3.9847600781668,5.47957781503231,0.727202024074788,Kontraksi
122.5,3.86419587244592,5.47957781503231,0.705199561514601,Kontraksi
122.6,3.52575454796187,5.47957781503231,0.643435437359708,Relaksasi
122.7,4.38175465140885,5.47957781503231,0.799651870877394,Kontraksi
122.8,4.71196899517608,5.47957781503231,0.859914605510223,Kontraksi
122.9,4.1120563597275,5.47957781503231,0.750433062278403,Kontraksi
123,4.25287530213473,5.47957781503231,0.776131929446768,Kontraksi
123.1,4.55692981413777,5.47957781503231,0.831620604353239,Kontraksi
123.2,4.47061733610696,5.47957781503231,0.81586893863293,Kontraksi
123.3,5.00533609652541,5.47957781503231,0.913452872736674,Kontraksi
123.4,5.24513017019884,5.47957781503231,0.957214286803208,Kontraksi
123.5,3.98876647743709,5.47957781503231,0.727933175160789,Kontraksi
123.6,3.70981747660011,5.47957781503231,0.677026150887544,Kontraksi
123.7,4.20848172153023,5.47957781503231,0.768030286929215,Kontraksi
123.8,3.9427107407518,5.47957781503231,0.719528196120444,Kontraksi
123.9,4.25327501242537,5.47957781503231,0.77620487490062,Kontraksi
124,4.61293913539837,5.47957781503231,0.841842070887931,Kontraksi
124.1,4.91705258734764,5.47957781503231,0.89734150208772,Kontraksi
124.2,4.84093958826847,5.47957781503231,0.883451198555509,Kontraksi
124.3,4.19370637185957,5.47957781503231,0.765333847500958,Kontraksi
124.4,4.1566457042461,5.47957781503231,0.758570430890321,Kontraksi
124.5,4.02636577987146,5.47957781503231,0.734794890370165,Kontraksi
124.6,3.89228913306981,5.47957781503231,0.710326463909676,Kontraksi
124.7,4.08044367693082,5.47957781503231,0.744663880077914,Kontraksi
124.8,3.81341240812594,5.47957781503231,0.695931791983038,Kontraksi
124.9,4.10758351047384,5.47957781503231,0.749616786024165,Kontraksi
125,4.40648667995647,5.47957781503231,0.804165362497089,Kontraksi
125.1,4.36987017714117,5.47957781503231,0.797483004101731,Kontraksi
125.2,4.12843765437897,5.47957781503231,0.753422579939149,Kontraksi
125.3,4.02227894367548,5.47957781503231,0.734049059882137,Kontraksi
125.4,4.04942315656114,5.47957781503231,0.739002765040077,Kontraksi
125.5,3.69952188614705,5.47957781503231,0.675147248753002,Kontraksi
125.6,4.17838650539054,5.47957781503231,0.762538036037709,Kontraksi
125.7,4.23193948574022,5.47957781503231,0.772311230644557,Kontraksi
125.8,3.70827892356194,5.47957781503231,0.676745371402317,Kontraksi
125.9,3.86202089829828,5.47957781503231,0.704802637842547,Kontraksi
126,4.00174110738295,5.47957781503231,0.730300990781595,Kontraksi
126.1,4.23768825640965,5.47957781503231,0.77336035721297,Kontraksi
126.2,4.21532667861716,5.47957781503231,0.769279462927438,Kontraksi
126.3,3.77538445270449,5.47957781503231,0.688991849398935,Kontraksi
126.4,4.09511068297842,5.47957781503231,0.747340547248762,Kontraksi
126.5,4.44181724686976,5.47957781503231,0.810613042976481,Kontraksi
126.6,4.17037429604878,5.47957781503231,0.761075841392023,Kontraksi
126.7,3.97739846810465,5.47957781503231,0.725858561072593,Kontraksi
126.8,4.09522752732177,5.47957781503231,0.747361870852019,Kontraksi
126.9,4.06063052533456,5.47957781503231,0.741048062899097,Kontraksi
127,3.92125628833326,5.47957781503231,0.715612848416158,Kontraksi
127.1,4.00716123356846,5.47957781503231,0.731290141108222,Kontraksi
127.2,3.93867517917537,5.47957781503231,0.718791723035718,Kontraksi
127.3,3.63085542424293,5.47957781503231,0.662615907065373,Kontraksi
127.4,3.80046019098981,5.47957781503231,0.693568066606131,Kontraksi
127.5,4.18656039690482,5.47957781503231,0.764029737002673,Kontraksi
127.6,4.32138935687244,5.47957781503231,0.788635457464884,Kontraksi
127.7,4.08029154738321,5.47957781503231,0.744636117072671,Kontraksi
127.8,3.99710029267236,5.47957781503231,0.729454061534993,Kontraksi
127.9,4.03788380993178,5.47957781503231,0.736896882612838,Kontraksi
128,4.09785172457338,5.47957781503231,0.747840775858974,Kontraksi
128.1,4.77228654000474,5.47957781503231,0.870922304801068,Kontraksi
128.2,4.70451619480773,5.47957781503231,0.858554500659097,Kontraksi
128.3,3.95914751179212,5.47957781503231,0.722527837989792,Kontraksi
128.4,3.78069144770484,5.47957781503231,0.689960353758121,Kontraksi
128.5,4.06127829637674,5.47957781503231,0.741166278401101,Kontraksi
128.6,3.99177094457829,5.47957781503231,0.72848147782983,Kontraksi
128.7,3.82816355744963,5.47957781503231,0.698623814949337,Kontraksi
128.8,3.91537067711029,5.47957781503231,0.714538749019882,Kontraksi
128.9,4.28149980853228,5.47957781503231,0.781355781970409,Kontraksi
129,4.30851833537099,5.47957781503231,0.786286549951218,Kontraksi
129.1,4.70710844081733,5.47957781503231,0.859027574698211,Kontraksi
129.2,4.65902242686688,5.47957781503231,0.850252078560802,Kontraksi
129.3,3.88862766999834,5.47957781503231,0.709658262235192,Kontraksi
129.4,4.18077816279323,5.47957781503231,0.762974503496229,Kontraksi
129.5,4.31005394213232,5.47957781503231,0.786566791753264,Kontraksi
129.6,4.18119489796111,5.47957781503231,0.76305055591887,Kontraksi
129.7,3.97088950579323,5.47957781503231,0.724670702713584,Kontraksi
129.8,3.96874576871605,5.47957781503231,0.724279479676053,Kontraksi
129.9,4.42438009952124,5.47957781503231,0.807430836620969,Kontraksi
130,4.17183816582574,5.47957781503231,0.761342991494891,Kontraksi
130.1,3.82337010521195,5.47957781503231,0.697749029993364,Kontraksi
130.2,4.01739397901884,5.47957781503231,0.733157574293003,Kontraksi
130.3,3.94940999541959,5.47957781503231,0.720750782037448,Kontraksi
130.4,3.66772225326867,5.47957781503231,0.669343948945644,Kontraksi
130.5,4.10659066701952,5.47957781503231,0.749435596252282,Kontraksi
130.6,4.33781832536542,5.47957781503231,0.791633675402024,Kontraksi
130.7,3.75457554703845,5.47957781503231,0.685194311273105,Kontraksi
130.8,3.65002375189618,5.47957781503231,0.66611404657544,Kontraksi
130.9,3.59642537117342,5.47957781503231,0.656332566590664,Kontraksi
131,4.19105472775466,5.47957781503231,0.764849933558237,Kontraksi
131.1,4.4205869428316,5.47957781503231,0.806738601412768,Kontraksi
131.2,4.40759161847406,5.47957781503231,0.804367009148509,Kontraksi
131.3,4.5014043449147,5.47957781503231,0.821487438788778,Kontraksi
131.4,3.84092787904335,5.47957781503231,0.700953250176757,Kontraksi
131.5,4.05694866374076,5.47957781503231,0.740376138579727,Kontraksi
131.6,4.09914391509676,5.47957781503231,0.748076595217143,Kontraksi
131.7,3.84525942122317,5.47957781503231,0.701743738481885,Kontraksi
131.8,4.31389990805938,5.47957781503231,0.7872686644261,Kontraksi
131.9,4.65383369374031,5.47957781503231,0.849305156498241,Kontraksi
132,4.7553319244201,5.47957781503231,0.867828158471376,Kontraksi
132.1,4.7684377129811,5.47957781503231,0.870219909990088,Kontraksi
132.2,4.5513017134784,5.47957781503231,0.830593499556237,Kontraksi
132.3,3.98625278943334,5.47957781503231,0.727474437628702,Kontraksi
132.4,4.61243766967048,5.47957781503231,0.841750555492984,Kontraksi
132.5,4.80570781288255,5.47957781503231,0.877021547116073,Kontraksi
132.6,4.22384644992022,5.47957781503231,0.770834285505134,Kontraksi
132.7,3.85554362289291,5.47957781503231,0.703620562211173,Kontraksi
132.8,3.81390912746795,5.47957781503231,0.696022441182444,Kontraksi
132.9,4.11620444773968,5.47957781503231,0.751190070966335,Kontraksi
133,4.24802258894971,5.47957781503231,0.775246329616119,Kontraksi
133.1,4.28197521780876,5.47957781503231,0.781442542172113,Kontraksi
133.2,3.99510896062658,5.47957781503231,0.729090651777344,Kontraksi
133.3,3.92433289502491,5.47957781503231,0.716174316250998,Kontraksi
133.4,3.74615323642737,5.47957781503231,0.68365727486348,Kontraksi
133.5,3.64720704823781,5.47957781503231,0.665600009955566,Kontraksi
133.6,3.74682773137567,5.47957781503231,0.683780367366418,Kontraksi
133.7,3.87834159790727,5.47957781503231,0.707781097161844,Kontraksi
133.8,3.83052597503487,5.47957781503231,0.699054946263644,Kontraksi
133.9,3.8655386235463,5.47957781503231,0.7054446079663,Kontraksi
134,4.13553479245744,5.47957781503231,0.754717777912065,Kontraksi
134.1,4.12187245336498,5.47957781503231,0.752224458252479,Kontraksi
134.2,4.17834410183809,5.47957781503231,0.762530297566995,Kontraksi
134.3,3.97002097592628,5.47957781503231,0.724512199650708,Kontraksi
134.4,3.70704148495281,5.47957781503231,0.676519544039169,Kontraksi
134.5,3.93398759255734,5.47957781503231,0.717936258111911,Kontraksi
134.6,4.02771039475575,5.47957781503231,0.735040276954621,Kontraksi
134.7,4.13689084031669,5.47957781503231,0.754965250966565,Kontraksi
134.8,4.2498952347135,5.47957781503231,0.775588079624422,Kontraksi
134.9,4.68356785759399,5.47957781503231,0.854731516859821,Kontraksi
135,4.40069503768285,5.47957781503231,0.803108412040481,Kontraksi
135.1,4.22265571416195,5.47957781503231,0.770616981216655,Kontraksi
135.2,4.23480159725835,5.47957781503231,0.772833554008645,Kontraksi
135.3,3.57717120631167,5.47957781503231,0.652818762149575,Kontraksi
135.4,3.64296694417238,5.47957781503231,0.664826208723327,Kontraksi
135.5,3.67789308258889,5.47957781503231,0.671200082696006,Kontraksi
135.6,4.09593845744063,5.47957781503231,0.747491612620977,Kontraksi
135.7,4.36705126127258,5.47957781503231,0.796968563762759,Kontraksi
135.8,4.53230586816082,5.47957781503231,0.827126837349986,Kontraksi
135.9,4.41071955702822,5.47957781503231,0.804937844833255,Kontraksi
136,4.4953585165655,5.47957781503231,0.820384100438036,Kontraksi
136.1,4.87966899010317,5.47957781503231,0.890519152172017,Kontraksi
136.2,4.41317529710999,5.47957781503231,0.805386007112296,Kontraksi
136.3,4.39988398218215,5.47957781503231,0.802960397808714,Kontraksi
136.4,4.6584125608357,5.47957781503231,0.850140780564539,Kontraksi
136.5,4.18784259738107,5.47957781503231,0.764263733219084,Kontraksi
136.6,3.82914434529731,5.47957781503231,0.698802804623503,Kontraksi
136.7,4.32891553027117,5.47957781503231,0.790008952586732,Kontraksi
136.8,4.05917268328952,5.47957781503231,0.740782012832057,Kontraksi
136.9,3.91746428942151,5.47957781503231,0.714920824497573,Kontraksi
137,4.56023481844629,5.47957781503231,0.832223753796514,Kontraksi
137.1,4.23150798020804,5.47957781503231,0.772232482692298,Kontraksi
137.2,3.80995727844763,5.47957781503231,0.695301245288578,Kontraksi
137.3,4.30280562403361,5.47957781503231,0.785244004059871,Kontraksi
137.4,4.59326722736133,5.47957781503231,0.838252030067072,Kontraksi
137.5,4.29625938082489,5.47957781503231,0.784049342093256,Kontraksi
137.6,4.12576997356196,5.47957781503231,0.752935739363642,Kontraksi
137.7,4.31073574475451,5.47957781503231,0.786691217876079,Kontraksi
137.8,4.46490578579006,5.47957781503231,0.814826604622957,Kontraksi
137.9,4.30430001685402,5.47957781503231,0.785516724490322,Kontraksi
138,3.86477606576869,5.47957781503231,0.705305444365864,Kontraksi
138.1,3.5964477963122,5.47957781503231,0.656336659084564,Kontraksi
138.2,4.31800497199305,5.47957781503231,0.788017821399912,Kontraksi
138.3,4.41202935090006,5.47957781503231,0.805176876728786,Kontraksi
138.4,3.63509724615543,5.47957781503231,0.663390021797508,Kontraksi
138.5,3.75019765777371,5.47957781503231,0.684395364819105,Kontraksi
138.6,3.96253900919517,5.47957781503231,0.723146772060542,Kontraksi
138.7,4.06179550504807,5.47957781503231,0.741260666817288,Kontraksi
138.8,4.06897535999821,5.47957781503231,0.742570960272825,Kontraksi
138.9,4.03259630459596,5.47957781503231,0.735931935035797,Kontraksi
139,4.15916163873301,5.47957781503231,0.759029578396176,Kontraksi
139.1,4.26869740635234,5.47957781503231,0.779019397195506,Kontraksi
139.2,4.11683609242505,5.47957781503231,0.751305343475769,Kontraksi
139.3,4.27582429928167,5.47957781503231,0.780320025304076,Kontraksi
139.4,4.56699281787624,5.47957781503231,0.83345706038656,Kontraksi
139.5,3.9190012123064,5.47957781503231,0.715201306486655,Kontraksi
139.6,3.34306816586314,5.47957781503231,0.610095937809659,Relaksasi
139.7,3.7681925916707,5.47957781503231,0.68767936488342,Kontraksi
139.8,3.76887265844613,5.47957781503231,0.687803474221473,Kontraksi
139.9,3.66879699168191,5.47957781503231,0.669540084204513,Kontraksi
140,3.87498259473509,5.47957781503231,0.707168093152126,Kontraksi
140.1,3.74181691174661,5.47957781503231,0.682865913771962,Kontraksi
140.2,3.80067744525396,5.47957781503231,0.693607714599368,Kontraksi
140.3,4.39014678227713,5.47957781503231,0.801183399610366,Kontraksi
140.4,4.2286666376763,5.47957781503231,0.771713949581235,Kontraksi
140.5,3.80935596759719,5.47957781503231,0.695191508576967,Kontraksi
140.6,3.91504926836936,5.47957781503231,0.714480093270885,Kontraksi
140.7,3.92936497544394,5.47957781503231,0.717092649850575,Kontraksi
140.8,4.50690381995798,5.47957781503231,0.822491069949593,Kontraksi
140.9,4.53965733239106,5.47957781503231,0.828468448780354,Kontraksi
141,3.98333115890764,5.47957781503231,0.726941252295028,Kontraksi
141.1,4.07285531590903,5.47957781503231,0.743279035975331,Kontraksi
141.2,4.50587265852708,5.47957781503231,0.82230288730748,Kontraksi
141.3,4.39271628150079,5.47957781503231,0.801652322456321,Kontraksi
141.4,3.79319879532806,5.47957781503231,0.69224289231226,Kontraksi
141.5,4.43840661199494,5.47957781503231,0.809990616397291,Kontraksi
141.6,4.61191068505858,5.47957781503231,0.84165438300859,Kontraksi
141.7,4.18860233144054,5.47957781503231,0.764402381502788,Kontraksi
141.8,4.39273695293401,5.47957781503231,0.801656094906302,Kontraksi
141.9,3.98938766379979,5.47957781503231,0.728046539070139,Kontraksi
142,3.91292339827296,5.47957781503231,0.714092130882511,Kontraksi
142.1,4.45061681177615,5.47957781503231,0.812218926714869,Kontraksi
142.2,4.40846207509959,5.47957781503231,0.804525863836754,Kontraksi
142.3,4.49886120069128,5.47957781503231,0.821023325619978,Kontraksi
142.4,4.46434447979574,5.47957781503231,0.814724168630027,Kontraksi
142.5,4.03832890335777,5.47957781503231,0.736978110298806,Kontraksi
142.6,4.32146146889071,5.47957781503231,0.788648617606178,Kontraksi
142.7,4.77954395502843,5.47957781503231,0.872246752645166,Kontraksi
142.8,4.64820428953753,5.47957781503231,0.848277813810027,Kontraksi
142.9,3.93513924354203,5.47957781503231,0.718146429592921,Kontraksi
143,3.84360841271998,5.47957781503231,0.701442436345312,Kontraksi
143.1,4.02327184582954,5.47957781503231,0.734230260366477,Kontraksi
143.2,3.90606168342653,5.47957781503231,0.712839896663371,Kontraksi
143.3,3.9164970163784,5.47957781503231,0.714744301218634,Kontraksi
143.4,3.72728326618432,5.47957781503231,0.680213584331102,Kontraksi
143.5,3.82818526000509,5.47957781503231,0.698627775574809,Kontraksi
143.6,3.88375259908841,5.47957781503231,0.708768582213393,Kontraksi
143.7,3.71201257502826,5.47957781503231,0.677426747156499,Kontraksi
143.8,4.29460835734719,5.47957781503231,0.783748037223899,Kontraksi
143.9,4.11226883876742,5.47957781503231,0.750471838813219,Kontraksi
144,3.88108669882386,5.47957781503231,0.70828206658125,Kontraksi
144.1,4.08158917288576,5.47957781503231,0.744872928291774,Kontraksi
144.2,4.3038351963524,5.47957781503231,0.78543189669568,Kontraksi
144.3,4.18033358647554,5.47957781503231,0.762893370180362,Kontraksi
144.4,4.02867458561844,5.47957781503231,0.735216237748544,Kontraksi
144.5,4.13991999558828,5.47957781503231,0.755518059115996,Kontraksi
144.6,3.93637627165962,5.47957781503231,0.718372182043081,Kontraksi
144.7,4.19809840453156,5.47957781503231,0.766135375067542,Kontraksi
144.8,4.43345801399817,5.47957781503231,0.809087517990112,Kontraksi
144.9,4.06482047827232,5.47957781503231,0.741812711760595,Kontraksi
145,3.86052088180999,5.47957781503231,0.704528891116264,Kontraksi
145.1,4.19659871069325,5.47957781503231,0.765861687223526,Kontraksi
145.2,4.00226955165577,5.47957781503231,0.730397429647993,Kontraksi
145.3,4.038427472066,5.47957781503231,0.736996098675201,Kontraksi
145.4,4.20313574435561,5.47957781503231,0.767054668486504,Kontraksi
145.5,4.0340352217358,5.47957781503231,0.736194531386905,Kontraksi
145.6,3.88005264637168,5.47957781503231,0.708093356339862,Kontraksi
145.7,4.04637455305154,5.47957781503231,0.738446407668667,Kontraksi
145.8,4.66627289146933,5.47957781503231,0.851575257982136,Kontraksi
145.9,5.0855032135409,5.47957781503231,0.928083035811566,Kontraksi
146,4.59496212850336,5.47957781503231,0.83856134242639,Kontraksi
146.1,4.1092425141564,5.47957781503231,0.749919547247486,Kontraksi
146.2,4.20296566587902,5.47957781503231,0.7670236298769,Kontraksi
146.3,4.27419013945378,5.47957781503231,0.780021797980175,Kontraksi
146.4,3.98091410224428,5.47957781503231,0.72650014957782,Kontraksi
146.5,4.0552457000261,5.47957781503231,0.740065354834675,Kontraksi
146.6,4.47495857765802,5.47957781503231,0.816661197032683,Kontraksi
146.7,4.15628463443192,5.47957781503231,0.758504537161576,Kontraksi
146.8,3.77944222284712,5.47957781503231,0.689732375453972,Kontraksi
146.9,4.05768448130978,5.47957781503231,0.740510422204097,Kontraksi
147,4.29714492074825,5.47957781503231,0.784210949420182,Kontraksi
147.1,4.18968560073505,5.47957781503231,0.764600073611755,Kontraksi
147.2,3.90584443394348,5.47957781503231,0.712800249542664,Kontraksi
147.3,3.81355495829772,5.47957781503231,0.695957806792316,Kontraksi
147.4,3.94778692761666,5.47957781503231,0.720454578961643,Kontraksi
147.5,4.26765857098965,5.47957781503231,0.778829814092982,Kontraksi
147.6,4.34324948343252,5.47957781503231,0.792624839000833,Kontraksi
147.7,4.11317150347372,5.47957781503231,0.750636571341302,Kontraksi
147.8,4.22906654710564,5.47957781503231,0.771786931377067,Kontraksi
147.9,4.01062754177251,5.47957781503231,0.731922727836809,Kontraksi
148,4.13205946589804,5.47957781503231,0.7540835453714,Kontraksi
148.1,4.39380765112942,5.47957781503231,0.801851492842338,Kontraksi
148.2,4.54149634800229,5.47957781503231,0.828804061426676,Kontraksi
148.3,4.58031089311339,5.47957781503231,0.835887553334505,Kontraksi
148.4,4.18587906633089,5.47957781503231,0.763905397026688,Kontraksi
148.5,4.16698710771509,5.47957781503231,0.760457693708382,Kontraksi
148.6,4.06701727949172,5.47957781503231,0.742213618781822,Kontraksi
148.7,3.7524035640984,5.47957781503231,0.684797933483908,Kontraksi
148.8,3.72350437789548,5.47957781503231,0.679523953046285,Kontraksi
148.9,3.96322005423322,5.47957781503231,0.723271059927424,Kontraksi
149,4.27716455875218,5.47957781503231,0.78056461704376,Kontraksi
149.1,4.29807773511766,5.47957781503231,0.7843811841355,Kontraksi
149.2,4.25392702503778,5.47957781503231,0.776323864471426,Kontraksi
149.3,4.24635487705568,5.47957781503231,0.774941979180679,Kontraksi
149.4,4.30441067375663,5.47957781503231,0.785536918911562,Kontraksi
149.5,4.35531692871012,5.47957781503231,0.794827097219431,Kontraksi
149.6,4.08945239387217,5.47957781503231,0.746307933186648,Kontraksi
149.7,3.54821011157245,5.47957781503231,0.64753348366338,Relaksasi
149.8,4.13316727025829,5.47957781503231,0.754285715027102,Kontraksi
149.9,4.38230909924785,5.47957781503231,0.799753055285704,Kontraksi
150,4.24589559425774,5.47957781503231,0.774858161993763,Kontraksi
150.1,4.34251640799273,5.47957781503231,0.792491055803561,Kontraksi
150.2,3.83375451608827,5.47957781503231,0.699644141483128,Kontraksi
150.3,3.91871306653944,5.47957781503231,0.715148721091085,Kontraksi
150.4,4.33526206632078,5.47957781503231,0.791167168833282,Kontraksi
150.5,4.34214886644022,5.47957781503231,0.792423981009679,Kontraksi
150.6,4.43786950562389,5.47957781503231,0.809892596734248,Kontraksi
150.7,4.37312640712481,5.47957781503231,0.798077252435008,Kontraksi
150.8,3.6877417419776,5.47957781503231,0.672997421783279,Kontraksi
150.9,3.44740824541451,5.47957781503231,0.629137565298757,Relaksasi
151,3.54414097706244,5.47957781503231,0.646790883658898,Relaksasi
151.1,3.82155493512725,5.47957781503231,0.697417769055756,Kontraksi
151.2,4.21818877742273,5.47957781503231,0.769801783971537,Kontraksi
151.3,4.19417098415799,5.47957781503231,0.765418637299387,Kontraksi
151.4,4.10215869127926,5.47957781503231,0.748626779243041,Kontraksi
151.5,4.11361231085294,5.47957781503231,0.750717016841685,Kontraksi
151.6,4.42010124590133,5.47957781503231,0.806649963757339,Kontraksi
151.7,4.41843323376652,5.47957781503231,0.806345558529214,Kontraksi
151.8,4.49074682409772,5.47957781503231,0.819542485878766,Kontraksi
151.9,4.35747361006751,5.47957781503231,0.795220682533881,Kontraksi
152,3.87807582977033,5.47957781503231,0.707732595590024,Kontraksi
152.1,4.48796888897868,5.47957781503231,0.81903552435494,Kontraksi
152.2,5.23148468229649,5.47957781503231,0.954724042415235,Kontraksi
152.3,4.68972167987681,5.47957781503231,0.855854563651116,Kontraksi
152.4,4.08282292706774,5.47957781503231,0.7450980832624,Kontraksi
152.5,4.13691691246815,5.47957781503231,0.754970009025003,Kontraksi
152.6,3.81644643455197,5.47957781503231,0.696485489097752,Kontraksi
152.7,3.70691938646076,5.47957781503231,0.676497261575781,Kontraksi
152.8,3.72356988845678,5.47957781503231,0.679535908449331,Kontraksi
152.9,3.75399612087494,5.47957781503231,0.685088568425194,Kontraksi
153,3.8222341066022,5.47957781503231,0.69754171500522,Kontraksi
153.1,4.44793375971231,5.47957781503231,0.811729280951197,Kontraksi
153.2,4.44968669686555,5.47957781503231,0.812049184639476,Kontraksi
153.3,4.11013566332772,5.47957781503231,0.750082543230291,Kontraksi
153.4,4.04872927522383,5.47957781503231,0.738876134602343,Kontraksi
153.5,4.23747587643317,5.47957781503231,0.773321598756817,Kontraksi
153.6,4.67320902989506,5.47957781503231,0.852841074192777,Kontraksi
153.7,4.21059780435496,5.47957781503231,0.768416463181504,Kontraksi
153.8,3.71935925846526,5.47957781503231,0.678767486112126,Kontraksi
153.9,3.80631518371485,5.47957781503231,0.69463657825478,Kontraksi
154,4.0971575028698,5.47957781503231,0.747714083305822,Kontraksi
154.1,4.46778335726869,5.47957781503231,0.815351749365082,Kontraksi
154.2,4.42447368547036,5.47957781503231,0.807447915664698,Kontraksi
154.3,4.23248400216835,5.47957781503231,0.772410602611981,Kontraksi
154.4,4.16197598049035,5.47957781503231,0.759543183979002,Kontraksi
154.5,4.59161421095785,5.47957781503231,0.837950361497107,Kontraksi
154.6,4.57012981255202,5.47957781503231,0.83402954877557,Kontraksi
154.7,3.82078643812422,5.47957781503231,0.697277521571558,Kontraksi
154.8,3.97427979357093,5.47957781503231,0.725289416032773,Kontraksi
154.9,4.25256424134275,5.47957781503231,0.776075162155111,Kontraksi
155,3.99779166017624,5.47957781503231,0.729580233208654,Kontraksi
155.1,4.04045203807053,5.47957781503231,0.737365573491123,Kontraksi
155.2,4.04148848281696,5.47957781503231,0.737554720316191,Kontraksi
155.3,4.02967325490753,5.47957781503231,0.735398490710869,Kontraksi
155.4,4.04277218867902,5.47957781503231,0.737788991259207,Kontraksi
155.5,4.44864358903233,5.47957781503231,0.811858821828977,Kontraksi
155.6,4.9616893755687,5.47957781503231,0.905487528976617,Kontraksi
155.7,4.81156033193788,5.47957781503231,0.878089607330361,Kontraksi
155.8,4.46644664294981,5.47957781503231,0.815107804600722,Kontraksi
155.9,4.1753624485277,5.47957781503231,0.761986158326521,Kontraksi
156,3.97698391827934,5.47957781503231,0.725782907465818,Kontraksi
156.1,4.27570677812751,5.47957781503231,0.78029857818568,Kontraksi
156.2,4.49316428802003,5.47957781503231,0.819983662919026,Kontraksi
156.3,4.26685545784911,5.47957781503231,0.778683249308678,Kontraksi
156.4,4.16992645467427,5.47957781503231,0.760994112216961,Kontraksi
156.5,4.03947443618864,5.47957781503231,0.737187165242368,Kontraksi
156.6,3.68269522166623,5.47957781503231,0.672076452963833,Kontraksi
156.7,4.32804101513146,5.47957781503231,0.789849357236647,Kontraksi
156.8,4.68961516485859,5.47957781503231,0.855835125106429,Kontraksi
156.9,4.38065656580411,5.47957781503231,0.799451474853866,Kontraksi
157,4.80985719687137,5.47957781503231,0.877778792314313,Kontraksi
157.1,4.552160675484,5.47957781503231,0.83075025652449,Kontraksi
157.2,3.95399714345606,5.47957781503231,0.721587917340807,Kontraksi
157.3,4.68295536393815,5.47957781503231,0.854619739333064,Kontraksi
157.4,4.39586657328277,5.47957781503231,0.802227237511518,Kontraksi
157.5,3.71484393977648,5.47957781503231,0.677943459363862,Kontraksi
157.6,4.42740827520026,5.47957781503231,0.807983465998858,Kontraksi
157.7,4.40723762663624,5.47957781503231,0.804302407120803,Kontraksi
157.8,3.89514514150187,5.47957781503231,0.710847673486119,Kontraksi
157.9,3.73001557114782,5.47957781503231,0.680712218542667,Kontraksi
158,3.87151154280084,5.47957781503231,0.706534640712646,Kontraksi
158.1,3.72887021009493,5.47957781503231,0.680503194947866,Kontraksi
158.2,3.95046876689349,5.47957781503231,0.720944003396764,Kontraksi
158.3,3.83815695358011,5.47957781503231,0.700447567885752,Kontraksi
158.4,3.82155755052788,5.47957781503231,0.697418246355417,Kontraksi
158.5,4.32408309152471,5.47957781503231,0.7891270527562,Kontraksi
158.6,4.05045004658808,5.47957781503231,0.739190168168859,Kontraksi
158.7,3.80605910674956,5.47957781503231,0.694589845281195,Kontraksi
158.8,4.20556037504893,5.47957781503231,0.767497153432455,Kontraksi
158.9,4.17184199964731,5.47957781503231,0.761343691151269,Kontraksi
159,3.67079162372687,5.47957781503231,0.669904096198189,Kontraksi
159.1,3.88701892194658,5.47957781503231,0.709364672453995,Kontraksi
159.2,3.81583772487711,5.47957781503231,0.696374402131674,Kontraksi
159.3,3.68479086573732,5.47957781503231,0.672458899229191,Kontraksi
159.4,3.81714378568764,5.47957781503231,0.696612752759152,Kontraksi
159.5,4.06141794956485,5.47957781503231,0.741191764522993,Kontraksi
159.6,4.62972418087912,5.47957781503231,0.844905271383909,Kontraksi
159.7,4.35300910390129,5.47957781503231,0.794405928858157,Kontraksi
159.8,4.00553507660446,5.47957781503231,0.730993374273459,Kontraksi
159.9,4.59849916280934,5.47957781503231,0.839206836372343,Kontraksi
160,4.60703859403807,5.47957781503231,0.840765246804128,Kontraksi
160.1,4.1132979228371,5.47957781503231,0.750659642345612,Kontraksi
160.2,4.33206358048823,5.47957781503231,0.790583458565719,Kontraksi
160.3,4.07444679647298,5.47957781503231,0.743569474512327,Kontraksi
160.4,4.0760428334352,5.47957781503231,0.743860744572923,Kontraksi
160.5,4.5824465541084,5.47957781503231,0.836277302520866,Kontraksi
160.6,4.41740014896944,5.47957781503231,0.806157024880828,Kontraksi
160.7,4.01509621165992,5.47957781503231,0.732738241374211,Kontraksi
160.8,4.26280962021768,5.47957781503231,0.777944900886958,Kontraksi
160.9,4.62915625388836,5.47957781503231,0.84480162708686,Kontraksi
161,4.34226445513713,5.47957781503231,0.792445075462721,Kontraksi
161.1,4.02199381180269,5.47957781503231,0.733997024509629,Kontraksi
161.2,3.72684747163737,5.47957781503231,0.680134053651613,Kontraksi
161.3,3.94397231625398,5.47957781503231,0.719758428365475,Kontraksi
161.4,3.90173451823225,5.47957781503231,0.712050207139771,Kontraksi
161.5,3.59927199679714,5.47957781503231,0.656852063843885,Kontraksi
161.6,3.73989586364993,5.47957781503231,0.68251533054064,Kontraksi
161.7,4.60389971753191,5.47957781503231,0.840192414988958,Kontraksi
161.8,4.51800157918633,5.47957781503231,0.824516364525739,Kontraksi
161.9,4.24061720750574,5.47957781503231,0.773894878520077,Kontraksi
162,4.31753202388303,5.47957781503231,0.787931510350778,Kontraksi
162.1,4.20526885467884,5.47957781503231,0.767443952185948,Kontraksi
162.2,4.49018328311623,5.47957781503231,0.81943964201004,Kontraksi
162.3,3.88192283300103,5.47957781503231,0.708434657566431,Kontraksi
162.4,3.76217644504763,5.47957781503231,0.686581443323375,Kontraksi
162.5,4.05941052794263,5.47957781503231,0.740825418485036,Kontraksi
162.6,3.76335219634797,5.47957781503231,0.686796013011047,Kontraksi
162.7,3.73318064742441,5.47957781503231,0.681289831706204,Kontraksi
162.8,4.15388666046401,5.47957781503231,0.75806691695636,Kontraksi
162.9,4.27834126205221,5.47957781503231,0.780779360467388,Kontraksi
163,3.94764738258066,5.47957781503231,0.720429112577057,Kontraksi
163.1,3.99928721142529,5.47957781503231,0.729853165047481,Kontraksi
163.2,4.26340076694936,5.47957781503231,0.778052782689467,Kontraksi
163.3,4.35938963581192,5.47957781503231,0.795570349206951,Kontraksi
163.4,4.3766932140907,5.47957781503231,0.798728179766691,Kontraksi
163.5,3.78987551663638,5.47957781503231,0.6916364078706,Kontraksi
163.6,3.29352634002565,5.47957781503231,0.601054762100542,Relaksasi
163.7,3.58221551724747,5.47957781503231,0.653739327767234,Kontraksi
163.8,3.749475593109,5.47957781503231,0.684263591042166,Kontraksi
163.9,4.12139892729122,5.47957781503231,0.752138041727384,Kontraksi
164,4.18985054220384,5.47957781503231,0.764630174738952,Kontraksi
164.1,3.99905979102079,5.47957781503231,0.729811661776211,Kontraksi
164.2,4.21187542990834,5.47957781503231,0.768649624493654,Kontraksi
164.3,4.11162698824415,5.47957781503231,0.750354703781118,Kontraksi
164.4,4.04563123413092,5.47957781503231,0.738310755079051,Kontraksi
164.5,4.44095480974423,5.47957781503231,0.810455651813395,Kontraksi
164.6,4.3834662449434,5.47957781503231,0.799964229528429,Kontraksi
164.7,4.07437125006978,5.47957781503231,0.743555687610169,Kontraksi
164.8,5.0350158083827,5.47957781503231,0.918869295836984,Kontraksi
164.9,5.0613802083158,5.47957781503231,0.923680688397334,Kontraksi
165,4.02785510826844,5.47957781503231,0.735066686564554,Kontraksi
165.1,3.97885441508078,5.47957781503231,0.726124265297493,Kontraksi
165.2,4.16214841666001,5.47957781503231,0.759574652857715,Kontraksi
165.3,4.28795960972859,5.47957781503231,0.782534668631822,Kontraksi
165.4,4.19329753737173,5.47957781503231,0.765259236919333,Kontraksi
165.5,4.08367097260893,5.47957781503231,0.745252848021622,Kontraksi
165.6,4.24704773616708,5.47957781503231,0.775068423066465,Kontraksi
165.7,4.29823484237286,5.47957781503231,0.78440985555153,Kontraksi
165.8,4.40906778503622,5.47957781503231,0.804636403363171,Kontraksi
165.9,4.28727333178411,5.47957781503231,0.782409425781433,Kontraksi
166,3.47467385210184,5.47957781503231,0.634113424317042,Relaksasi
166.1,4.12649749833807,5.47957781503231,0.753068509588039,Kontraksi
166.2,4.43720283144144,5.47957781503231,0.809770931488319,Kontraksi
166.3,4.13396411114338,5.47957781503231,0.754431135151058,Kontraksi
166.4,4.42265796367243,5.47957781503231,0.807116554041737,Kontraksi
166.5,4.34380498080663,5.47957781503231,0.792726214944904,Kontraksi
166.6,3.93891410323212,5.47957781503231,0.71883532567534,Kontraksi
166.7,4.1465319735753,5.47957781503231,0.756724717404318,Kontraksi
166.8,4.66227000115896,5.47957781503231,0.850844747266623,Kontraksi
166.9,4.45495189921058,5.47957781503231,0.813010062014114,Kontraksi
167,4.09719799627528,5.47957781503231,0.747721473182714,Kontraksi
167.1,3.73973747440481,5.47957781503231,0.682486425166818,Kontraksi
167.2,3.85984515248022,5.47957781503231,0.704405573343877,Kontraksi
167.3,4.15354515676293,5.47957781503231,0.758004593961303,Kontraksi
167.4,3.97706501476272,5.47957781503231,0.72579770723436,Kontraksi
167.5,3.95996227250591,5.47957781503231,0.722676528407427,Kontraksi
167.6,3.8545914232545,5.47957781503231,0.703446789765457,Kontraksi
167.7,3.8170944087466,5.47957781503231,0.696603741674228,Kontraksi
167.8,4.16646671704738,5.47957781503231,0.760362724591185,Kontraksi
167.9,4.46452828175119,5.47957781503231,0.814757711717041,Kontraksi
168,4.37939093341991,5.47957781503231,0.799220502244858,Kontraksi
168.1,4.20449569415653,5.47957781503231,0.767302853629014,Kontraksi
168.2,4.58082234373307,5.47957781503231,0.835980890930382,Kontraksi
168.3,4.47369514850252,5.47957781503231,0.816430626503684,Kontraksi
168.4,4.20786996103889,5.47957781503231,0.767918643201908,Kontraksi
168.5,4.52058977615136,5.47957781503231,0.824988699631178,Kontraksi
168.6,4.26461111756379,5.47957781503231,0.77827366660704,Kontraksi
168.7,3.83643226122316,5.47957781503231,0.700132818754494,Kontraksi
168.8,4.33234279200267,5.47957781503231,0.790634413497625,Kontraksi
168.9,4.66966456200456,5.47957781503231,0.852194223648783,Kontraksi
169,4.22190949536043,5.47957781503231,0.770480799410919,Kontraksi
169.1,3.78109728025557,5.47957781503231,0.690034416498795,Kontraksi
169.2,3.78152965776683,5.47957781503231,0.690113323583586,Kontraksi
169.3,3.85765215076534,5.47957781503231,0.704005359716311,Kontraksi
169.4,4.08423612019292,5.47957781503231,0.745355985088576,Kontraksi
169.5,4.73633329991511,5.47957781503231,0.864360989075064,Kontraksi
169.6,5.03993496968703,5.47957781503231,0.919767022171089,Kontraksi
169.7,4.57255667472134,5.47957781503231,0.834472440956543,Kontraksi
169.8,4.0558307687704,5.47957781503231,0.740172127429946,Kontraksi
169.9,3.797623873239,5.47957781503231,0.693050450496541,Kontraksi
170,4.00650455217254,5.47957781503231,0.73117029950398,Kontraksi
170.1,4.02062685262175,5.47957781503231,0.733747560184623,Kontraksi
170.2,3.5351051220121,5.47957781503231,0.645141877958942,Relaksasi
170.3,3.81808484360114,5.47957781503231,0.69678449188674,Kontraksi
170.4,4.11641412309674,5.47957781503231,0.751228335840773,Kontraksi
170.5,4.05182598710139,5.47957781503231,0.739441271549402,Kontraksi
170.6,4.1900723057071,5.47957781503231,0.764670645649438,Kontraksi
170.7,4.21848684865041,5.47957781503231,0.769856180722115,Kontraksi
170.8,4.19905630004049,5.47957781503231,0.76631018698577,Kontraksi
170.9,4.39634656370892,5.47957781503231,0.802314833753848,Kontraksi
171,4.08109420559515,5.47957781503231,0.744782598834412,Kontraksi
171.1,3.92059522222257,5.47957781503231,0.715492206619836,Kontraksi
171.2,4.44485406043061,5.47957781503231,0.811167248731624,Kontraksi
171.3,4.4488215614178,5.47957781503231,0.811891301043886,Kontraksi
171.4,4.37053941814519,5.47957781503231,0.797605137781846,Kontraksi
171.5,4.30770578878734,5.47957781503231,0.786138263603058,Kontraksi
171.6,3.77033393908085,5.47957781503231,0.688070151816726,Kontraksi
171.7,3.76042041688917,5.47957781503231,0.68626097553959,Kontraksi
171.8,4.42278762010365,5.47957781503231,0.807140215797368,Kontraksi
171.9,4.85747936968843,5.47957781503231,0.886469639387681,Kontraksi
172,4.35732880811285,5.47957781503231,0.79519425678366,Kontraksi
172.1,3.64978086793269,5.47957781503231,0.666069721269424,Kontraksi
172.2,3.98391051959481,5.47957781503231,0.72704698319378,Kontraksi
172.3,3.94815513554727,5.47957781503231,0.720521775366738,Kontraksi
172.4,3.78763935578931,5.47957781503231,0.691228317882183,Kontraksi
172.5,4.08795273901912,5.47957781503231,0.74603425245728,Kontraksi
172.6,3.99350469036793,5.47957781503231,0.728797879174636,Kontraksi
172.7,4.19008417723557,5.47957781503231,0.764672812153661,Kontraksi
172.8,4.26960025411346,5.47957781503231,0.779184163130328,Kontraksi
172.9,4.11000053016307,5.47957781503231,0.75005788199375,Kontraksi
173,4.47491822148601,5.47957781503231,0.816653832200323,Kontraksi
173.1,4.14417156255345,5.47957781503231,0.756293952279426,Kontraksi
173.2,4.11351423717087,5.47957781503231,0.750699118805491,Kontraksi
173.3,4.39409113180518,5.47957781503231,0.801903226878305,Kontraksi
173.4,4.19474551888621,5.47957781503231,0.765523487480846,Kontraksi
173.5,3.97329679193683,5.47957781503231,0.72511002235186,Kontraksi
173.6,3.84222797979257,5.47957781503231,0.70119051311801,Kontraksi
173.7,3.71683335199578,5.47957781503231,0.678306518761221,Kontraksi
173.8,3.62904362935589,5.47957781503231,0.662285262087201,Kontraksi
173.9,3.9624145043559,5.47957781503231,0.723124050448864,Kontraksi
174,4.14993162592106,5.47957781503231,0.757345139717956,Kontraksi
174.1,4.05479878632342,5.47957781503231,0.739983794955836,Kontraksi
174.2,4.06279029101087,5.47957781503231,0.741442211088832,Kontraksi
174.3,3.89973731865342,5.47957781503231,0.711685726581916,Kontraksi
174.4,3.68890354841023,5.47957781503231,0.673209446591001,Kontraksi
174.5,3.98839419391739,5.47957781503231,0.727865234977756,Kontraksi
174.6,3.91583365273032,5.47957781503231,0.714623240131363,Kontraksi
174.7,3.85165546237005,5.47957781503231,0.702910989201335,Kontraksi
174.8,3.79829963401531,5.47957781503231,0.693173774007791,Kontraksi
174.9,3.72745588647949,5.47957781503231,0.68024508681195,Kontraksi
175,4.06567469963924,5.47957781503231,0.741968603582148,Kontraksi
175.1,4.34344796350686,5.47957781503231,0.792661060783065,Kontraksi
175.2,4.14760074837845,5.47957781503231,0.756919764329325,Kontraksi
175.3,3.49396399494852,5.47957781503231,0.637633794589687,Relaksasi
175.4,3.38328218626642,5.47957781503231,0.6174348280966,Relaksasi
175.5,3.81050141369426,5.47957781503231,0.695400547691975,Kontraksi
175.6,4.7002140457568,5.47957781503231,0.857769376476879,Kontraksi
175.7,4.64625573196595,5.47957781503231,0.847922210214758,Kontraksi
175.8,3.74976254998395,5.47957781503231,0.684315959469924,Kontraksi
175.9,3.71834073942346,5.47957781503231,0.67858161065307,Kontraksi
176,3.88796184579566,5.47957781503231,0.709536752107011,Kontraksi
176.1,4.47501728134706,5.47957781503231,0.816671910210053,Kontraksi
176.2,4.26363443737592,5.47957781503231,0.778095426563585,Kontraksi
176.3,3.65752731929794,5.47957781503231,0.667483416197526,Kontraksi
176.4,3.65636717149486,5.47957781503231,0.66727169408275,Kontraksi
176.5,3.77532833739991,5.47957781503231,0.688981608590889,Kontraksi
176.6,3.93222266449983,5.47957781503231,0.717614166133826,Kontraksi
176.7,3.70014693191445,5.47957781503231,0.675261316987544,Kontraksi
176.8,3.63117657584684,5.47957781503231,0.662674515887942,Kontraksi
176.9,3.80302408454696,5.47957781503231,0.694035966441428,Kontraksi
177,4.00188513324109,5.47957781503231,0.730327274897453,Kontraksi
177.1,3.97226740562967,5.47957781503231,0.724922163662393,Kontraksi
177.2,4.11917748770958,5.47957781503231,0.751732638308248,Kontraksi
177.3,4.00456673215235,5.47957781503231,0.730816655466866,Kontraksi
177.4,3.92164361339186,5.47957781503231,0.715683533617039,Kontraksi
177.5,4.58297420234603,5.47957781503231,0.836373596114175,Kontraksi
177.6,4.29876079169678,5.47957781503231,0.784505839100203,Kontraksi
177.7,4.07430781417094,5.47957781503231,0.743544110824332,Kontraksi
177.8,4.40296266666655,5.47957781503231,0.803522244832029,Kontraksi
177.9,4.18623840285532,5.47957781503231,0.763970974437314,Kontraksi
178,4.45811674942821,5.47957781503231,0.813587633922838,Kontraksi
178.1,4.31817557434638,5.47957781503231,0.788048955614826,Kontraksi
178.2,4.20458089713655,5.47957781503231,0.767318402815994,Kontraksi
178.3,4.36200331239607,5.47957781503231,0.79604733423616,Kontraksi
178.4,4.575732343416,5.47957781503231,0.835051987192013,Kontraksi
178.5,4.87630192526232,5.47957781503231,0.889904676941533,Kontraksi
178.6,4.56366676620502,5.47957781503231,0.832850069887749,Kontraksi
178.7,4.19573492512856,5.47957781503231,0.765704049975942,Kontraksi
178.8,4.30972244645299,5.47957781503231,0.786506295180257,Kontraksi
178.9,4.50275630731917,5.47957781503231,0.821734166264892,Kontraksi
179,4.11412739100401,5.47957781503231,0.750811016811841,Kontraksi
179.1,3.79500513709242,5.47957781503231,0.692572542118383,Kontraksi
179.2,4.17555247497004,5.47957781503231,0.762020837356321,Kontraksi
179.3,4.31276989586297,5.47957781503231,0.787062441933319,Kontraksi
179.4,4.54223520640626,5.47957781503231,0.828938899990687,Kontraksi
179.5,4.24934705473502,5.47957781503231,0.775488039074405,Kontraksi
179.6,4.14252085320811,5.47957781503231,0.755992704737907,Kontraksi
179.7,4.38181596745477,5.47957781503231,0.799663060798952,Kontraksi
179.8,4.21221803280664,5.47957781503231,0.768712148087599,Kontraksi
179.9,4.69682780350713,5.47957781503231,0.857151401449609,Kontraksi
180,4.45310606131101,5.47957781503231,0.812673204328746,Kontraksi
180.1,3.88235004276701,5.47957781503231,0.708512621559352,Kontraksi
180.2,4.40668691114072,5.47957781503231,0.804201903849546,Kontraksi
180.3,4.42563741250764,5.47957781503231,0.807660290974725,Kontraksi
180.4,3.99228845114137,5.47957781503231,0.728575920610013,Kontraksi
180.5,3.9052410470364,5.47957781503231,0.712690133959412,Kontraksi
180.6,3.61957403804063,5.47957781503231,0.660557101335604,Kontraksi
180.7,3.67488773723339,5.47957781503231,0.670651619756533,Kontraksi
180.8,4.09014419496694,5.47957781503231,0.746434183988831,Kontraksi
180.9,4.40299486759863,5.47957781503231,0.80352812136726,Kontraksi
181,4.19395431769392,5.47957781503231,0.765379096577204,Kontraksi
181.1,3.69390091331118,5.47957781503231,0.674121444753934,Kontraksi
181.2,3.88057791483599,5.47957781503231,0.708189215634508,Kontraksi
181.3,4.04975822956907,5.47957781503231,0.739063914460568,Kontraksi
181.4,3.94927667888081,5.47957781503231,0.720726452327518,Kontraksi
181.5,3.615099850202,5.47957781503231,0.659740580795217,Kontraksi
181.6,3.59542760347336,5.47957781503231,0.656150478164559,Kontraksi
181.7,3.71321472825472,5.47957781503231,0.677646135085104,Kontraksi
181.8,4.38950201195903,5.47957781503231,0.801065731727937,Kontraksi
181.9,4.50460556939748,5.47957781503231,0.822071648848538,Kontraksi
182,4.25558158466463,5.47957781503231,0.776625814673194,Kontraksi
182.1,4.6697673657413,5.47957781503231,0.852212984900145,Kontraksi
182.2,4.71488687539466,5.47957781503231,0.860447106428556,Kontraksi
182.3,4.6773414829253,5.47957781503231,0.85359522956199,Kontraksi
182.4,4.16878081221057,5.47957781503231,0.760785037265866,Kontraksi
182.5,4.59217336143555,5.47957781503231,0.838052404117282,Kontraksi
182.6,4.86256143083845,5.47957781503231,0.887397094261317,Kontraksi
182.7,4.30043261455737,5.47957781503231,0.78481093976982,Kontraksi
182.8,4.36225683114115,5.47957781503231,0.796093600345271,Kontraksi
182.9,4.38948835596701,5.47957781503231,0.801063239566592,Kontraksi
183,4.21414201650934,5.47957781503231,0.769063267054725,Kontraksi
183.1,4.24726172018025,5.47957781503231,0.775107474252595,Kontraksi
183.2,4.40890100336832,5.47957781503231,0.804605966407345,Kontraksi
183.3,3.90695012875171,5.47957781503231,0.713002034213957,Kontraksi
183.4,3.74193446658514,5.47957781503231,0.682887367037614,Kontraksi
183.5,4.09575849222795,5.47957781503231,0.747458769723448,Kontraksi
183.6,3.97947847038413,5.47957781503231,0.726238152776495,Kontraksi
183.7,3.78947747224845,5.47957781503231,0.691563766437014,Kontraksi
183.8,3.96193762325988,5.47957781503231,0.723037021646259,Kontraksi
183.9,4.22946198888898,5.47957781503231,0.771859097846216,Kontraksi
184,4.08056615114005,5.47957781503231,0.744686231108115,Kontraksi
184.1,4.43560653382794,5.47957781503231,0.809479613859957,Kontraksi
184.2,4.45707971753906,5.47957781503231,0.813398379946683,Kontraksi
184.3,3.95610368263245,5.47957781503231,0.721972351917247,Kontraksi
184.4,4.13375390924685,5.47957781503231,0.754392774185373,Kontraksi
184.5,4.02832238332417,5.47957781503231,0.73515196230504,Kontraksi
184.6,3.68645499263939,5.47957781503231,0.672762595418613,Kontraksi
184.7,3.50773965987151,5.47957781503231,0.640147795738681,Relaksasi
184.8,3.85533725720207,5.47957781503231,0.703582901336959,Kontraksi
184.9,4.14227240945466,5.47957781503231,0.755947364793511,Kontraksi
185,4.03155575315941,5.47957781503231,0.735742038756984,Kontraksi
185.1,3.8309519691411,5.47957781503231,0.699132688403753,Kontraksi
185.2,3.45223871395097,5.47957781503231,0.630019105574215,Relaksasi
185.3,3.59392562991857,5.47957781503231,0.655876374281835,Kontraksi
185.4,4.55855387149933,5.47957781503231,0.83191698801935,Kontraksi
185.5,4.71533302765253,5.47957781503231,0.860528527346906,Kontraksi
185.6,4.09353568724817,5.47957781503231,0.747053117124869,Kontraksi
185.7,4.09967653949066,5.47957781503231,0.748173796938128,Kontraksi
185.8,3.85026647307346,5.47957781503231,0.702657504472496,Kontraksi
185.9,3.3857373705082,5.47957781503231,0.617882888937171,Relaksasi
186,3.81492488700322,5.47957781503231,0.696207813043115,Kontraksi
186.1,4.41761206972421,5.47957781503231,0.806195699530943,Kontraksi
186.2,4.67228725553757,5.47957781503231,0.852672854233391,Kontraksi
186.3,4.49896793258341,5.47957781503231,0.821042803743244,Kontraksi
186.4,3.98258342203778,5.47957781503231,0.726804793448179,Kontraksi
186.5,3.86318157034495,5.47957781503231,0.705014455629585,Kontraksi
186.6,4.23873860032664,5.47957781503231,0.773552040578448,Kontraksi
186.7,3.95646448447355,5.47957781503231,0.722038196742028,Kontraksi
186.8,3.86385027557422,5.47957781503231,0.70513649153305,Kontraksi
186.9,4.44794923886672,5.47957781503231,0.811732105832041,Kontraksi
187,4.28023327812327,5.47957781503231,0.781124645475635,Kontraksi
187.1,3.8689110151597,5.47957781503231,0.706060055310462,Kontraksi
187.2,3.91315991443589,5.47957781503231,0.714135294091596,Kontraksi
187.3,4.02025653688663,5.47957781503231,0.733679979114035,Kontraksi
187.4,4.06849323748789,5.47957781503231,0.742482974934063,Kontraksi
187.5,4.17799572541779,5.47957781503231,0.762466720329466,Kontraksi
187.6,3.8285013194636,5.47957781503231,0.698685455102169,Kontraksi
187.7,4.17442738750696,5.47957781503231,0.761815513606743,Kontraksi
187.8,4.47232844049814,5.47957781503231,0.816181208017349,Kontraksi
187.9,4.15629415987612,5.47957781503231,0.758506275515244,Kontraksi
188,3.91096956257001,5.47957781503231,0.713735564050376,Kontraksi
188.1,4.38495756248543,5.47957781503231,0.800236388733457,Kontraksi
188.2,4.83130256091443,5.47957781503231,0.881692481428141,Kontraksi
188.3,4.13282435067444,5.47957781503231,0.75422313363937,Kontraksi
188.4,3.79796291210514,5.47957781503231,0.693112323669546,Kontraksi
188.5,3.96968918392136,5.47957781503231,0.724451648999524,Kontraksi
188.6,3.8536036323361,5.47957781503231,0.703266522060218,Kontraksi
188.7,3.97404298497903,5.47957781503231,0.725246199456626,Kontraksi
188.8,4.5906557094469,5.47957781503231,0.837775438986047,Kontraksi
188.9,4.9905170323798,5.47957781503231,0.910748455599835,Kontraksi
189,4.79747613977988,5.47957781503231,0.875519301253247,Kontraksi
189.1,4.0090211066583,5.47957781503231,0.731629560157028,Kontraksi
189.2,3.52103757853486,5.47957781503231,0.642574610196333,Relaksasi
189.3,3.97610852788235,5.47957781503231,0.725623152384945,Kontraksi
189.4,4.28875284995706,5.47957781503231,0.782679431651026,Kontraksi
189.5,4.16335394877673,5.47957781503231,0.75979465741964,Kontraksi
189.6,4.09647087923534,5.47957781503231,0.74758877736846,Kontraksi
189.7,4.02266206260461,5.47957781503231,0.734118977482007,Kontraksi
189.8,3.90165063973017,5.47957781503231,0.712034899664467,Kontraksi
189.9,4.06993544802559,5.47957781503231,0.742746172316486,Kontraksi
190,4.43718022286495,5.47957781503231,0.809766805517806,Kontraksi
190.1,4.32441692133738,5.47957781503231,0.789187975298764,Kontraksi
190.2,4.38778561025255,5.47957781503231,0.800752495605663,Kontraksi
190.3,4.35347594586531,5.47957781503231,0.79449112556122,Kontraksi
190.4,3.76911332764201,5.47957781503231,0.687847395341677,Kontraksi
190.5,3.86918954886662,5.47957781503231,0.706110886545336,Kontraksi
190.6,3.6070066220556,5.47957781503231,0.658263600557031,Kontraksi
190.7,4.20404284619235,5.47957781503231,0.767220210772307,Kontraksi
190.8,4.49876133328554,5.47957781503231,0.821005100236726,Kontraksi
190.9,3.84202188367547,5.47957781503231,0.701152901439874,Kontraksi
191,4.09803400492889,5.47957781503231,0.747874041260372,Kontraksi
191.1,4.44804403521393,5.47957781503231,0.811749405768352,Kontraksi
191.2,3.97836930765752,5.47957781503231,0.726035735224623,Kontraksi
191.3,4.35769680918683,5.47957781503231,0.795261415438286,Kontraksi
191.4,4.75184530443648,5.47957781503231,0.867191864928094,Kontraksi
191.5,4.20065792589822,5.47957781503231,0.766602476996387,Kontraksi
191.6,3.99958276745029,5.47957781503231,0.729907102784105,Kontraksi
191.7,4.10472813026982,5.47957781503231,0.749095691096708,Kontraksi
191.8,4.35460700576248,5.47957781503231,0.794697539255002,Kontraksi
191.9,4.47172751186869,5.47957781503231,0.816071541059468,Kontraksi
192,4.25774870265255,5.47957781503231,0.777021304629003,Kontraksi
192.1,3.94035036715415,5.47957781503231,0.719097437825311,Kontraksi
192.2,4.3540826183119,5.47957781503231,0.794601840741672,Kontraksi
192.3,4.61495537392387,5.47957781503231,0.842210025973808,Kontraksi
192.4,4.57545596028195,5.47957781503231,0.83500154842768,Kontraksi
192.5,4.07332673188752,5.47957781503231,0.743365067416877,Kontraksi
192.6,3.72315024658196,5.47957781503231,0.679459325564848,Kontraksi
192.7,4.18982901644071,5.47957781503231,0.764626246377341,Kontraksi
192.8,4.04251607089175,5.47957781503231,0.737742250835781,Kontraksi
192.9,3.52981539289594,5.47957781503231,0.644176524551303,Relaksasi
193,3.43508305356943,5.47957781503231,0.626888269411166,Relaksasi
193.1,3.46306899243506,5.47957781503231,0.631995586034877,Relaksasi
193.2,3.73862177092508,5.47957781503231,0.682282813954898,Kontraksi
193.3,4.15120625458569,5.47957781503231,0.757577754110462,Kontraksi
193.4,3.81924147036051,5.47957781503231,0.696995571425786,Kontraksi
193.5,3.49618226328323,5.47957781503231,0.638038619269542,Relaksasi
193.6,3.89429290678311,5.47957781503231,0.710692144219535,Kontraksi
193.7,4.04034492078289,5.47957781503231,0.737346025034789,Kontraksi
193.8,4.09825688748901,5.47957781503231,0.747914716394047,Kontraksi
193.9,3.96861826389832,5.47957781503231,0.724256210580873,Kontraksi
194,4.06038124240096,5.47957781503231,0.741002569807838,Kontraksi
194.1,4.0707868491106,5.47957781503231,0.742901549448402,Kontraksi
194.2,4.10929194795626,5.47957781503231,0.749928568708907,Kontraksi
194.3,4.30755624778184,5.47957781503231,0.786110972995907,Kontraksi
194.4,4.02960888730762,5.47957781503231,0.73538674389349,Kontraksi
194.5,4.06203032580152,5.47957781503231,0.741303520621244,Kontraksi
194.6,4.04425316367881,5.47957781503231,0.738059262993596,Kontraksi
194.7,4.47589130656997,5.47957781503231,0.816831416152373,Kontraksi
194.8,4.55587030137128,5.47957781503231,0.83142724771113,Kontraksi
194.9,4.57266753262919,5.47957781503231,0.834492672060397,Kontraksi
195,5.00633769870875,5.47957781503231,0.913635660939917,Kontraksi
195.1,4.66569369138502,5.47957781503231,0.851469556392732,Kontraksi
195.2,4.15905894324918,5.47957781503231,0.759010836900516,Kontraksi
195.3,3.73251408899256,5.47957781503231,0.681168187584274,Kontraksi
195.4,3.51896653538433,5.47957781503231,0.642196653495937,Relaksasi
195.5,3.58233393036778,5.47957781503231,0.653760937665716,Kontraksi
195.6,3.78716863702475,5.47957781503231,0.691142413679259,Kontraksi
195.7,3.88316736956674,5.47957781503231,0.708661780276924,Kontraksi
195.8,3.81505339466112,5.47957781503231,0.696231265152427,Kontraksi
195.9,3.92623186255394,5.47957781503231,0.71652086987121,Kontraksi
196,3.87063553479052,5.47957781503231,0.706374772919927,Kontraksi
196.1,4.03279236559465,5.47957781503231,0.735967715346856,Kontraksi
196.2,4.60332843801738,5.47957781503231,0.840088158870363,Kontraksi
196.3,4.90875625206355,5.47957781503231,0.895827455647622,Kontraksi
196.4,4.2896008157498,5.47957781503231,0.782834181856491,Kontraksi
196.5,3.42662328656603,5.47957781503231,0.62534439736683,Relaksasi
196.6,3.55544579762833,5.47957781503231,0.648853966061866,Relaksasi
196.7,3.61573901722352,5.47957781503231,0.659857226099489,Kontraksi
196.8,3.89826058191326,5.47957781503231,0.711416228312158,Kontraksi
196.9,4.22079821063602,5.47957781503231,0.770277994603336,Kontraksi
197,4.47877664531744,5.47957781503231,0.817357978388528,Kontraksi
197.1,3.93836216065357,5.47957781503231,0.718734598466569,Kontraksi
197.2,4.09631028933788,5.47957781503231,0.747559470384805,Kontraksi
197.3,4.18700684607932,5.47957781503231,0.764111212107064,Kontraksi
197.4,3.51596652485315,5.47957781503231,0.641649164139558,Relaksasi
197.5,4.34478047681961,5.47957781503231,0.792904238881401,Kontraksi
197.6,4.38760792383352,5.47957781503231,0.800720068578431,Kontraksi
197.7,4.11348111023989,5.47957781503231,0.750693073279339,Kontraksi
197.8,4.59941395699316,5.47957781503231,0.839373782479269,Kontraksi
197.9,4.25435870468561,5.47957781503231,0.776402644199062,Kontraksi
198,3.96377850301944,5.47957781503231,0.723372974491843,Kontraksi
198.1,4.2962296151388,5.47957781503231,0.784043909980219,Kontraksi
198.2,4.00652665163379,5.47957781503231,0.731174332563094,Kontraksi
198.3,4.3832346396309,5.47957781503231,0.799921962528979,Kontraksi
198.4,4.50526229185629,5.47957781503231,0.822191497946586,Kontraksi
198.5,3.88552448623338,5.47957781503231,0.709091944195791,Kontraksi
198.6,3.80993443522374,5.47957781503231,0.695297076495897,Kontraksi
198.7,3.67742895930377,5.47957781503231,0.671115382140455,Kontraksi
198.8,3.84778619618567,5.47957781503231,0.70220486432913,Kontraksi
198.9,4.07737231994749,5.47957781503231,0.744103370292853,Kontraksi
199,3.88885019920299,5.47957781503231,0.709698872882976,Kontraksi
199.1,4.43140159782079,5.47957781503231,0.80871223065105,Kontraksi
199.2,4.45983043968085,5.47957781503231,0.813900375216144,Kontraksi
199.3,4.01173251362042,5.47957781503231,0.732124380570872,Kontraksi
199.4,3.80573769394189,5.47957781503231,0.694531188790034,Kontraksi
199.5,3.67171283575881,5.47957781503231,0.670072213535516,Kontraksi
199.6,4.06834527511351,5.47957781503231,0.74245597242048,Kontraksi
199.7,4.41696602841048,5.47957781503231,0.806077799697135,Kontraksi
199.8,4.91583032265169,5.47957781503231,0.897118443900171,Kontraksi
199.9,4.81970788565563,5.47957781503231,0.879576501757775,Kontraksi
200,4.49817151621016,5.47957781503231,0.820897461090922,Kontraksi
200.1,4.5572172623306,5.47957781503231,0.831673062444451,Kontraksi
200.2,4.49637713770316,5.47957781503231,0.820569994529158,Kontraksi
200.3,4.30492751013105,5.47957781503231,0.785631239385121,Kontraksi
200.4,4.06514007968014,5.47957781503231,0.741871037678871,Kontraksi
200.5,3.94340966633819,5.47957781503231,0.719655747112506,Kontraksi
200.6,3.95449093695138,5.47957781503231,0.721678032585446,Kontraksi
200.7,3.86457299271207,5.47957781503231,0.705268384383602,Kontraksi
200.8,3.91820280826715,5.47957781503231,0.715055601093613,Kontraksi
200.9,4.24606060733354,5.47957781503231,0.774888276188938,Kontraksi
201,4.12726047131307,5.47957781503231,0.75320774896026,Kontraksi
201.1,4.15791188278051,5.47957781503231,0.758801503169455,Kontraksi
201.2,4.0174335555999,5.47957781503231,0.733164796853278,Kontraksi
201.3,4.18619129392227,5.47957781503231,0.763962377254349,Kontraksi
201.4,4.22719030594821,5.47957781503231,0.771444525224482,Kontraksi
201.5,3.97976623142768,5.47957781503231,0.726290667961654,Kontraksi
201.6,4.09240293071038,5.47957781503231,0.746846393801279,Kontraksi
201.7,4.01903559866862,5.47957781503231,0.733457163003154,Kontraksi
201.8,3.94805506495583,5.47957781503231,0.720503512902946,Kontraksi
201.9,3.96169393024935,5.47957781503231,0.722992548692547,Kontraksi
202,4.00279727080166,5.47957781503231,0.730493736181764,Kontraksi
202.1,4.13505191621852,5.47957781503231,0.754629655020993,Kontraksi
202.2,3.96947731049733,5.47957781503231,0.724412982987071,Kontraksi
202.3,4.0523724402082,5.47957781503231,0.739540996952574,Kontraksi
202.4,4.19862885425287,5.47957781503231,0.766232179919889,Kontraksi
202.5,4.12208416135751,5.47957781503231,0.752263094074374,Kontraksi
202.6,4.56750886356657,5.47957781503231,0.833551236563585,Kontraksi
202.7,4.30378484554872,5.47957781503231,0.785422707884903,Kontraksi
202.8,4.20938458525741,5.47957781503231,0.768195055777776,Kontraksi
202.9,4.39954864726547,5.47957781503231,0.802899200590972,Kontraksi
203,3.9222386536356,5.47957781503231,0.715792125969193,Kontraksi
203.1,4.38281965452772,5.47957781503231,0.799846229485816,Kontraksi
203.2,4.50600519460402,5.47957781503231,0.822327074586394,Kontraksi
203.3,4.3889509423258,5.47957781503231,0.800965163828031,Kontraksi
203.4,4.42136442624248,5.47957781503231,0.806880488878761,Kontraksi
203.5,3.87871410789102,5.47957781503231,0.707849078673619,Kontraksi
203.6,4.10234362849751,5.47957781503231,0.748660529510761,Kontraksi
203.7,4.6613458832759,5.47957781503231,0.850676099623638,Kontraksi
203.8,4.18268066392737,5.47957781503231,0.763321701984572,Kontraksi
203.9,3.38916498181247,5.47957781503231,0.618508413643632,Relaksasi
204,3.7770389984648,5.47957781503231,0.689293797070118,Kontraksi
204.1,4.23458536284273,5.47957781503231,0.772794092133494,Kontraksi
204.2,4.33371452043339,5.47957781503231,0.790884748190739,Kontraksi
204.3,4.02902194940463,5.47957781503231,0.735279630184588,Kontraksi
204.4,3.66134815949398,5.47957781503231,0.668180703529691,Kontraksi
204.5,4.07722427348408,5.47957781503231,0.744076352433374,Kontraksi
204.6,4.1799451381725,5.47957781503231,0.762822479992075,Kontraksi
204.7,4.08929147900616,5.47957781503231,0.746278566897593,Kontraksi
204.8,4.16520123408396,5.47957781503231,0.760131779250843,Kontraksi
204.9,3.8166138706125,5.47957781503231,0.696516045477492,Kontraksi
205,3.79643138193904,5.47957781503231,0.692832825829056,Kontraksi
205.1,3.88070980612979,5.47957781503231,0.7082132852432,Kontraksi
205.2,4.66586018581968,5.47957781503231,0.851499940929694,Kontraksi
205.3,4.9137512293843,5.47957781503231,0.896739018087167,Kontraksi
205.4,4.15710960891366,5.47957781503231,0.758655091549083,Kontraksi
205.5,3.59936309531179,5.47957781503231,0.656868688941242,Kontraksi
205.6,4.22200447634544,5.47957781503231,0.770498133042854,Kontraksi
205.7,4.36406146891183,5.47957781503231,0.796422939179685,Kontraksi
205.8,3.71811154564208,5.47957781503231,0.678539783747948,Kontraksi
205.9,3.79147680465549,5.47957781503231,0.691928636227083,Kontraksi
206,3.77870821005689,5.47957781503231,0.689598421194172,Kontraksi
206.1,4.04872564424939,5.47957781503231,0.738875471964717,Kontraksi
206.2,4.16180175969398,5.47957781503231,0.759511389413391,Kontraksi
206.3,3.98840913587904,5.47957781503231,0.727867961823172,Kontraksi
206.4,4.4156481035829,5.47957781503231,0.805837283936237,Kontraksi
206.5,4.56300309145256,5.47957781503231,0.83272895202523,Kontraksi
206.6,3.88489858309078,5.47957781503231,0.708977719493864,Kontraksi
206.7,3.80594803157543,5.47957781503231,0.694569574527154,Kontraksi
206.8,4.22304050776318,5.47957781503231,0.770687204437169,Kontraksi
206.9,4.47720813128635,5.47957781503231,0.817071731147585,Kontraksi
207,4.24589215644786,5.47957781503231,0.77485753460786,Kontraksi
207.1,4.00536984775894,5.47957781503231,0.730963220701215,Kontraksi
207.2,4.06047236485804,5.47957781503231,0.741019199274589,Kontraksi
207.3,4.02362770507713,5.47957781503231,0.734295203188643,Kontraksi
207.4,3.86276480107751,5.47957781503231,0.704938396983917,Kontraksi
207.5,3.64493867809942,5.47957781503231,0.665186041906393,Kontraksi
207.6,3.93113775218329,5.47957781503231,0.71741617418022,Kontraksi
207.7,4.16253154880167,5.47957781503231,0.759644572868818,Kontraksi
207.8,4.0719997906387,5.47957781503231,0.743122906196869,Kontraksi
207.9,3.99754088648325,5.47957781503231,0.729534468060051,Kontraksi
208,3.84423190653806,5.47957781503231,0.701556221355603,Kontraksi
208.1,3.76663364509651,5.47957781503231,0.687394863663287,Kontraksi
208.2,3.86202739542152,5.47957781503231,0.704803823540326,Kontraksi
208.3,3.86477626183644,5.47957781503231,0.705305480147405,Kontraksi
208.4,4.02592976585856,5.47957781503231,0.734715319639059,Kontraksi
208.5,3.95619963715898,5.47957781503231,0.721989863216434,Kontraksi
208.6,4.26748606977654,5.47957781503231,0.778798333344113,Kontraksi
208.7,4.36503681920634,5.47957781503231,0.796600936523173,Kontraksi
208.8,4.17837424185735,5.47957781503231,0.762535797994267,Kontraksi
208.9,4.40815469419556,5.47957781503231,0.804469768109236,Kontraksi
209,4.14691962573624,5.47957781503231,0.756795462300008,Kontraksi
209.1,3.5551983002716,5.47957781503231,0.648808798830907,Relaksasi
209.2,3.19082807166913,5.47957781503231,0.582312758277767,Relaksasi
209.3,3.9024627617909,5.47957781503231,0.712183108538973,Kontraksi
209.4,4.48643378374852,5.47957781503231,0.818755374080233,Kontraksi
209.5,4.37617299324017,5.47957781503231,0.798633241640418,Kontraksi
209.6,3.97059221056431,5.47957781503231,0.724616447579529,Kontraksi
209.7,3.83170479037612,5.47957781503231,0.699270075125948,Kontraksi
209.8,3.96210379666289,5.47957781503231,0.723067347596291,Kontraksi
209.9,4.28805546704071,5.47957781503231,0.782552162189784,Kontraksi
210,4.48712594239922,5.47957781503231,0.818881690134873,Kontraksi
210.1,4.53851262927305,5.47957781503231,0.828259545255912,Kontraksi
210.2,4.48797726707576,5.47957781503231,0.819037053322564,Kontraksi
210.3,4.05176552779774,5.47957781503231,0.739430237979721,Kontraksi
210.4,3.97174136544878,5.47957781503231,0.724826163532702,Kontraksi
210.5,4.58000256110574,5.47957781503231,0.835831284034559,Kontraksi
210.6,4.62930814788348,5.47957781503231,0.844829347104762,Kontraksi
210.7,4.09825223532997,5.47957781503231,0.74791386739451,Kontraksi
210.8,3.90810780828771,5.47957781503231,0.71321330588033,Kontraksi
210.9,3.83362214571872,5.47957781503231,0.699619984445117,Kontraksi
211,3.91517932275092,5.47957781503231,0.714503827650787,Kontraksi
211.1,4.36895729717453,5.47957781503231,0.797316407331423,Kontraksi
211.2,4.42008565024338,5.47957781503231,0.806647117615084,Kontraksi
211.3,4.38282234115009,5.47957781503231,0.799846719783146,Kontraksi
211.4,4.33905233618328,5.47957781503231,0.791858877207622,Kontraksi
211.5,3.93900691546653,5.47957781503231,0.718852263519374,Kontraksi
211.6,4.31262711089852,5.47957781503231,0.787036384275361,Kontraksi
211.7,4.09242804284927,5.47957781503231,0.746850976661445,Kontraksi
211.8,3.68291789451613,5.47957781503231,0.672117089826274,Kontraksi
211.9,3.95498243760431,5.47957781503231,0.721767729395953,Kontraksi
212,3.81621847559202,5.47957781503231,0.696443887542369,Kontraksi
212.1,3.82776676349092,5.47957781503231,0.698551401713847,Kontraksi
212.2,4.48949552129587,5.47957781503231,0.819314128358518,Kontraksi
212.3,4.60175401210692,5.47957781503231,0.839800832736196,Kontraksi
212.4,4.23281160408251,5.47957781503231,0.772470388589153,Kontraksi
212.5,3.99659799522995,5.47957781503231,0.729362394355629,Kontraksi
212.6,3.87211939941343,5.47957781503231,0.706645571998433,Kontraksi
212.7,4.40823343034767,5.47957781503231,0.804484137127209,Kontraksi
212.8,4.23664079715776,5.47957781503231,0.773169200286789,Kontraksi
212.9,3.98533783350445,5.47957781503231,0.727307462003976,Kontraksi
213,3.96245072415752,5.47957781503231,0.723130660410952,Kontraksi
213.1,3.44129958875797,5.47957781503231,0.628022761045082,Relaksasi
213.2,3.67803582748627,5.47957781503231,0.67122613304189,Kontraksi
213.3,4.25233709171139,5.47957781503231,0.776033708298805,Kontraksi
213.4,4.52133519290178,5.47957781503231,0.825124735065947,Kontraksi
213.5,4.31941810784642,5.47957781503231,0.788275712774224,Kontraksi
213.6,4.2492426979348,5.47957781503231,0.775468994395464,Kontraksi
213.7,4.51842524970358,5.47957781503231,0.82459368262059,Kontraksi
213.8,4.17569335658459,5.47957781503231,0.762046547660892,Kontraksi
213.9,3.85393633441421,5.47957781503231,0.703327238795947,Kontraksi
214,3.78242987753638,5.47957781503231,0.690277609920953,Kontraksi
214.1,4.44743669418091,5.47957781503231,0.811638568573678,Kontraksi
214.2,4.51923999806018,5.47957781503231,0.824742370783092,Kontraksi
214.3,3.96547635367674,5.47957781503231,0.723682825125344,Kontraksi
214.4,4.29833034345723,5.47957781503231,0.78442728409942,Kontraksi
214.5,4.17122164053537,5.47957781503231,0.761230478211719,Kontraksi
214.6,4.32438120715546,5.47957781503231,0.789181457610154,Kontraksi
214.7,4.54021538735168,5.47957781503231,0.82857029147325,Kontraksi
214.8,4.16038292798305,5.47957781503231,0.75925245856893,Kontraksi
214.9,3.92325124043169,5.47957781503231,0.715976918818253,Kontraksi
215,3.69333971713685,5.47957781503231,0.674019028802691,Kontraksi
215.1,4.07287506604947,5.47957781503231,0.743282640293238,Kontraksi
215.2,3.99835793992542,5.47957781503231,0.729683576891012,Kontraksi
215.3,3.92822974359308,5.47957781503231,0.716885474792717,Kontraksi
215.4,4.30276347827646,5.47957781503231,0.785236312635719,Kontraksi
215.5,4.17621061740313,5.47957781503231,0.762140945593726,Kontraksi
215.6,4.4062093701207,5.47957781503231,0.804114754613575,Kontraksi
215.7,4.37644329912188,5.47957781503231,0.798682571331651,Kontraksi
215.8,4.0224075913783,5.47957781503231,0.734072537549059,Kontraksi
215.9,3.77399324449114,5.47957781503231,0.688737959727082,Kontraksi
216,3.87434822208995,5.47957781503231,0.707052322801461,Kontraksi
216.1,4.42437056993565,5.47957781503231,0.807429097511514,Kontraksi
216.2,4.77128677262483,5.47957781503231,0.870739851441766,Kontraksi
216.3,4.24344471249205,5.47957781503231,0.774410886337057,Kontraksi
216.4,4.12516065142644,5.47957781503231,0.752824540626058,Kontraksi
216.5,4.46453884437936,5.47957781503231,0.81475963935244,Kontraksi
216.6,4.48841391000309,5.47957781503231,0.81911673882792,Kontraksi
216.7,4.19833463583302,5.47957781503231,0.766178486290601,Kontraksi
216.8,4.37151394841649,5.47957781503231,0.797782985474532,Kontraksi
216.9,4.39292934449851,5.47957781503231,0.80169120556099,Kontraksi
217,3.96691183096468,5.47957781503231,0.723944793717887,Kontraksi
217.1,3.99752119386175,5.47957781503231,0.729530874239108,Kontraksi
217.2,4.08708888783284,5.47957781503231,0.745876603234028,Kontraksi
217.3,4.35896542352491,5.47957781503231,0.795492932241388,Kontraksi
217.4,4.30108011608377,5.47957781503231,0.784929106086325,Kontraksi
217.5,4.44830016494584,5.47957781503231,0.811796148371625,Kontraksi
217.6,4.86031242120101,5.47957781503231,0.886986659422475,Kontraksi
217.7,4.31528656948059,5.47957781503231,0.787521724327432,Kontraksi
217.8,4.06346005399735,5.47957781503231,0.741564440028558,Kontraksi
217.9,3.97576369091997,5.47957781503231,0.725560221083661,Kontraksi
218,4.19381846700339,5.47957781503231,0.765354304395194,Kontraksi
218.1,5.15211150257338,5.47957781503231,0.94023876957079,Kontraksi
218.2,4.72065964118369,5.47957781503231,0.861500612005791,Kontraksi
218.3,4.14300326121924,5.47957781503231,0.75608074217937,Kontraksi
218.4,3.87169884861472,5.47957781503231,0.706568823239148,Kontraksi
218.5,3.4411511223371,5.47957781503231,0.627995666545126,Relaksasi
218.6,3.55277231766779,5.47957781503231,0.648366067166954,Relaksasi
218.7,3.91782572752974,5.47957781503231,0.71498678543844,Kontraksi
218.8,4.21509498544874,5.47957781503231,0.76923717989465,Kontraksi
218.9,4.21416923761478,5.47957781503231,0.769068234792452,Kontraksi
219,4.20850733815802,5.47957781503231,0.768034961856491,Kontraksi
219.1,4.01711233647999,5.47957781503231,0.733106175709324,Kontraksi
219.2,3.81111088506496,5.47957781503231,0.695511773664352,Kontraksi
219.3,3.85182242894843,5.47957781503231,0.702941459902548,Kontraksi
219.4,3.89767207317093,5.47957781503231,0.711308827931655,Kontraksi
219.5,4.31609847964592,5.47957781503231,0.787669894531915,Kontraksi
219.6,4.550443543008,5.47957781503231,0.830436887039839,Kontraksi
219.7,4.23042424178917,5.47957781503231,0.772034704970099,Kontraksi
219.8,3.97846463332101,5.47957781503231,0.726053131758938,Kontraksi
219.9,3.9684090031513,5.47957781503231,0.724218021371032,Kontraksi
220,3.99848177105416,5.47957781503231,0.729706175553341,Kontraksi
220.1,3.91869931556101,5.47957781503231,0.715146211595117,Kontraksi
220.2,4.01166068265295,5.47957781503231,0.732111271720172,Kontraksi
220.3,4.4724639993295,5.47957781503231,0.816205946936283,Kontraksi
220.4,4.50853236187327,5.47957781503231,0.822788272027976,Kontraksi
220.5,3.818725915149,5.47957781503231,0.696901484759092,Kontraksi
220.6,3.8854423172768,5.47957781503231,0.709076948705379,Kontraksi
220.7,3.95625872949814,5.47957781503231,0.722000647320821,Kontraksi
220.8,3.70401906389864,5.47957781503231,0.675967964856212,Kontraksi
220.9,4.37771269021427,5.47957781503231,0.798914229889161,Kontraksi
221,4.31471381282864,5.47957781503231,0.787417198637446,Kontraksi
221.1,3.94038006832423,5.47957781503231,0.719102858164447,Kontraksi
221.2,4.53592729489171,5.47957781503231,0.827787732560007,Kontraksi
221.3,4.27854486615108,5.47957781503231,0.780816517362633,Kontraksi
221.4,4.04492136912381,5.47957781503231,0.738181207688527,Kontraksi
221.5,4.1274387829897,5.47957781503231,0.753240290094386,Kontraksi
221.6,3.9163250633082,5.47957781503231,0.714712920503549,Kontraksi
221.7,3.91724316064159,5.47957781503231,0.714880469421437,Kontraksi
221.8,4.21199402334565,5.47957781503231,0.768671267299234,Kontraksi
221.9,4.33714191413072,5.47957781503231,0.791510233184843,Kontraksi
222,3.82407508981555,5.47957781503231,0.697877686730688,Kontraksi
222.1,4.34783742713205,5.47957781503231,0.793462119509368,Kontraksi
222.2,4.66522927289935,5.47957781503231,0.851384801964317,Kontraksi
222.3,4.21446478875381,5.47957781503231,0.769122171637407,Kontraksi
222.4,3.94208454129741,5.47957781503231,0.719413917342858,Kontraksi
222.5,3.98018691395198,5.47957781503231,0.726367440760308,Kontraksi
222.6,3.96001250183431,5.47957781503231,0.722685695049474,Kontraksi
222.7,4.03044043593891,5.47957781503231,0.735538498035756,Kontraksi
222.8,4.14880879907828,5.47957781503231,0.757140228522116,Kontraksi
222.9,3.8797462567387,5.47957781503231,0.708037441515158,Kontraksi
223,3.65859361502767,5.47957781503231,0.667678010702016,Kontraksi
223.1,4.22824505488449,5.47957781503231,0.771637012487532,Kontraksi
223.2,4.50855293188158,5.47957781503231,0.822792025968335,Kontraksi
223.3,4.47544205666451,5.47957781503231,0.816749429926313,Kontraksi
223.4,4.51730639864827,5.47957781503231,0.82438949698931,Kontraksi
223.5,4.06914880963076,5.47957781503231,0.742602614104271,Kontraksi
223.6,3.9197791258781,5.47957781503231,0.715343272455194,Kontraksi
223.7,3.92397175006005,5.47957781503231,0.71610840880757,Kontraksi
223.8,4.51751172708767,5.47957781503231,0.824426968569482,Kontraksi
223.9,4.84554217459768,5.47957781503231,0.884291151282629,Kontraksi
224,4.26891077015297,5.47957781503231,0.779058335195446,Kontraksi
224.1,3.85361947488719,5.47957781503231,0.703269413259434,Kontraksi
224.2,3.801456613818,5.47957781503231,0.693749909598753,Kontraksi
224.3,4.32790477897873,5.47957781503231,0.7898244947094,Kontraksi
224.4,4.68908732781149,5.47957781503231,0.855738797056182,Kontraksi
224.5,4.12891532286481,5.47957781503231,0.753509752437098,Kontraksi
224.6,3.94818028481989,5.47957781503231,0.720526365003652,Kontraksi
224.7,3.9879656662179,5.47957781503231,0.727787030467489,Kontraksi
224.8,4.16314388204278,5.47957781503231,0.759756321120559,Kontraksi
224.9,4.59776690582976,5.47957781503231,0.839073202540631,Kontraksi
225,4.17837350387351,5.47957781503231,0.762535663315308,Kontraksi
225.1,3.84553865746493,5.47957781503231,0.701794697926423,Kontraksi
225.2,4.44876388437588,5.47957781503231,0.811880775225316,Kontraksi
225.3,4.43006327628082,5.47957781503231,0.808467992575574,Kontraksi
225.4,4.61441198315136,5.47957781503231,0.842110859433821,Kontraksi
225.5,4.6302130928367,5.47957781503231,0.844994495768356,Kontraksi
225.6,3.98112719268129,5.47957781503231,0.726539037690044,Kontraksi
225.7,4.23548557668907,5.47957781503231,0.7729583773899,Kontraksi
225.8,4.45307641258754,5.47957781503231,0.812667793560896,Kontraksi
225.9,4.38117476115288,5.47957781503231,0.799546043334552,Kontraksi
226,4.02057759943439,5.47957781503231,0.733738571684228,Kontraksi
226.1,3.9610069668084,5.47957781503231,0.722867180741925,Kontraksi
226.2,4.42667381049983,5.47957781503231,0.807849429267339,Kontraksi
226.3,4.27730132033397,5.47957781503231,0.780589575459611,Kontraksi
226.4,3.75171382051265,5.47957781503231,0.684672058168504,Kontraksi
226.5,3.8698721720606,5.47957781503231,0.706235462419066,Kontraksi
226.6,3.91974710345255,5.47957781503231,0.715337428496658,Kontraksi
226.7,4.15895932021613,5.47957781503231,0.758992656114258,Kontraksi
226.8,4.36072862871899,5.47957781503231,0.795814709804111,Kontraksi
226.9,3.78282664382782,5.47957781503231,0.690350018107282,Kontraksi
227,3.892040973975,5.47957781503231,0.710281175914288,Kontraksi
227.1,4.39655701557515,5.47957781503231,0.802353240337956,Kontraksi
227.2,4.52820946560918,5.47957781503231,0.826379261042117,Kontraksi
227.3,4.47903043903928,5.47957781503231,0.817404294679748,Kontraksi
227.4,4.58957124242294,5.47957781503231,0.837577528296471,Kontraksi
227.5,4.60027678382108,5.47957781503231,0.839531244761409,Kontraksi
227.6,4.4409073550718,5.47957781503231,0.81044699153444,Kontraksi
227.7,4.18327738098138,5.47957781503231,0.763430600347577,Kontraksi
227.8,3.9772840017583,5.47957781503231,0.725837671443825,Kontraksi
227.9,4.00736168572516,5.47957781503231,0.731326722787224,Kontraksi
228,4.07190452131465,5.47957781503231,0.743105519944267,Kontraksi
228.1,4.48634651732982,5.47957781503231,0.818739448324335,Kontraksi
228.2,4.41475444313773,5.47957781503231,0.805674194648096,Kontraksi
228.3,4.19467529908868,5.47957781503231,0.765510672661913,Kontraksi
228.4,3.9352355691509,5.47957781503231,0.718164008613078,Kontraksi
228.5,3.59164261083536,5.47957781503231,0.655459732861588,Kontraksi
228.6,4.21804095540702,5.47957781503231,0.769774807072822,Kontraksi
228.7,4.33557414517098,5.47957781503231,0.791224121916301,Kontraksi
228.8,4.07762100242987,5.47957781503231,0.744148753804278,Kontraksi
228.9,3.91810332775431,5.47957781503231,0.715037446316692,Kontraksi
229,3.73732016846245,5.47957781503231,0.682045276957237,Kontraksi
229.1,3.81393720729152,5.47957781503231,0.696027565632633,Kontraksi
229.2,4.86931945688133,5.47957781503231,0.888630405708111,Kontraksi
229.3,4.8922385884501,5.47957781503231,0.892813051222498,Kontraksi
229.4,3.77536309177573,5.47957781503231,0.688987951118907,Kontraksi
229.5,3.99751018179304,5.47957781503231,0.729528864582694,Kontraksi
229.6,3.90770655124095,5.47957781503231,0.713140078149963,Kontraksi
229.7,3.6938669829487,5.47957781503231,0.674115252604898,Kontraksi
229.8,4.06409870243969,5.47957781503231,0.741680990694304,Kontraksi
229.9,4.22846830895007,5.47957781503231,0.771677755419398,Kontraksi
230,4.38367223501723,5.47957781503231,0.800001821854112,Kontraksi
230.1,4.22832045183291,5.47957781503231,0.771650772114818,Kontraksi
230.2,3.79063051602962,5.47957781503231,0.691774192097548,Kontraksi
230.3,4.04161870695008,5.47957781503231,0.737578485675041,Kontraksi
230.4,4.01867168260153,5.47957781503231,0.733390749845174,Kontraksi
230.5,3.99300818989642,5.47957781503231,0.728707269918179,Kontraksi
230.6,4.00897965932563,5.47957781503231,0.731621996192418,Kontraksi
230.7,4.01326975731504,5.47957781503231,0.732404921106385,Kontraksi
230.8,3.79670067464136,5.47957781503231,0.692881970619296,Kontraksi
230.9,3.87486806546672,5.47957781503231,0.707147192040354,Kontraksi
231,4.43978028738126,5.47957781503231,0.810241306401646,Kontraksi
231.1,4.28344954175113,5.47957781503231,0.78171160011638,Kontraksi
231.2,3.9294033626694,5.47957781503231,0.717099655358435,Kontraksi
231.3,3.87800483971236,5.47957781503231,0.707719640201786,Kontraksi
231.4,3.73809096532762,5.47957781503231,0.682185944156644,Kontraksi
231.5,3.69551012779567,5.47957781503231,0.674415119657148,Kontraksi
231.6,3.53833178268102,5.47957781503231,0.645730730016132,Relaksasi
231.7,3.70317770848556,5.47957781503231,0.675814421017346,Kontraksi
231.8,3.99979195366496,5.47957781503231,0.729945278392104,Kontraksi
231.9,4.02246130835788,5.47957781503231,0.734082340672838,Kontraksi
232,4.41587806516103,5.47957781503231,0.80587925096105,Kontraksi
232.1,4.4702387112235,5.47957781503231,0.81579984117757,Kontraksi
232.2,4.13191795361173,5.47957781503231,0.754057719971875,Kontraksi
232.3,3.94074179048635,5.47957781503231,0.719168870943959,Kontraksi
232.4,3.87172678763956,5.47957781503231,0.706573921994158,Kontraksi
232.5,3.6898648469884,5.47957781503231,0.673384879555112,Kontraksi
232.6,3.90473199589926,5.47957781503231,0.712597234259048,Kontraksi
232.7,3.79789200289069,5.47957781503231,0.693099383034912,Kontraksi
232.8,3.97335116887962,5.47957781503231,0.72511994591616,Kontraksi
232.9,3.83692561594526,5.47957781503231,0.700222853924857,Kontraksi
233,3.41498855265005,5.47957781503231,0.623221107159314,Relaksasi
233.1,4.05471091834343,5.47957781503231,0.739967759417524,Kontraksi
233.2,4.08722050830146,5.47957781503231,0.745900623418259,Kontraksi
233.3,3.91508777288823,5.47957781503231,0.714487120184302,Kontraksi
233.4,4.46249101726544,5.47957781503231,0.814385919481487,Kontraksi
233.5,4.12673464599199,5.47957781503231,0.753111788041585,Kontraksi
233.6,4.06383111164371,5.47957781503231,0.741632156494843,Kontraksi
233.7,4.42842763146776,5.47957781503231,0.808169494248097,Kontraksi
233.8,3.85354364498955,5.47957781503231,0.70325557462073,Kontraksi
233.9,4.02996186608614,5.47957781503231,0.735451161042116,Kontraksi
234,4.22711993176425,5.47957781503231,0.771431682230672,Kontraksi
234.1,4.32252349594696,5.47957781503231,0.788842433095637,Kontraksi
234.2,4.29217847655255,5.47957781503231,0.783304594156445,Kontraksi
234.3,4.02688431286666,5.47957781503231,0.734889520469911,Kontraksi
234.4,3.95254746095428,5.47957781503231,0.721323356356237,Kontraksi
234.5,4.28751402785103,5.47957781503231,0.782453351805488,Kontraksi
234.6,4.40173615779258,5.47957781503231,0.803298412099769,Kontraksi
234.7,3.96266504793716,5.47957781503231,0.72316977360304,Kontraksi
234.8,3.69393305952062,5.47957781503231,0.674127311302511,Kontraksi
234.9,3.66058396730147,5.47957781503231,0.668041241655382,Kontraksi
235,3.80574637346443,5.47957781503231,0.694532772766544,Kontraksi
235.1,4.36994257184994,5.47957781503231,0.797496215832857,Kontraksi
235.2,4.57432247678866,5.47957781503231,0.834794692437759,Kontraksi
235.3,4.04251054339225,5.47957781503231,0.737741242090274,Kontraksi
235.4,3.90381318779451,5.47957781503231,0.712429555628364,Kontraksi
235.5,4.38926411140341,5.47957781503231,0.801022315872984,Kontraksi
235.6,4.92869049061674,5.47957781503231,0.899465370688905,Kontraksi
235.7,4.67028189383552,5.47957781503231,0.852306884122235,Kontraksi
235.8,3.99321258952787,5.47957781503231,0.72874457199479,Kontraksi
235.9,3.35043823518556,5.47957781503231,0.611440944591422,Relaksasi
236,3.67838015149287,5.47957781503231,0.671288970730892,Kontraksi
236.1,4.31873736286402,5.47957781503231,0.788151479666241,Kontraksi
236.2,4.21065006505326,5.47957781503231,0.76842600054005,Kontraksi
236.3,4.10805795800439,5.47957781503231,0.749703370711265,Kontraksi
236.4,3.85413298028951,5.47957781503231,0.703363125844538,Kontraksi
236.5,3.82989366775673,5.47957781503231,0.698939552833807,Kontraksi
236.6,3.6639316125258,5.47957781503231,0.66865217288719,Kontraksi
236.7,3.54228285237981,5.47957781503231,0.646451783687084,Relaksasi
236.8,4.27658617106736,5.47957781503231,0.780459063713861,Kontraksi
236.9,4.49994379927405,5.47957781503231,0.821220895326862,Kontraksi
237,4.15162630282003,5.47957781503231,0.757654411153855,Kontraksi
237.1,4.35560678199499,5.47957781503231,0.794879994229867,Kontraksi
237.2,4.57988633920171,5.47957781503231,0.835810074023869,Kontraksi
237.3,4.6389238406064,5.47957781503231,0.846584170751309,Kontraksi
237.4,4.2725554776086,5.47957781503231,0.779723479040219,Kontraksi
237.5,3.63698816234477,5.47957781503231,0.66373510608195,Kontraksi
237.6,4.12294716181379,5.47957781503231,0.752420588042964,Kontraksi
237.7,4.04071120688204,5.47957781503231,0.737412870713693,Kontraksi
237.8,4.12201181276377,5.47957781503231,0.752249890759049,Kontraksi
237.9,4.55153560201625,5.47957781503231,0.830636183234751,Kontraksi
238,4.70903064625542,5.47957781503231,0.859378369139494,Kontraksi
238.1,4.85667417928008,5.47957781503231,0.886322695510702,Kontraksi
238.2,4.4380139906521,5.47957781503231,0.80991896464672,Kontraksi
238.3,4.25978288767596,5.47957781503231,0.777392534875579,Kontraksi
238.4,3.7946223092838,5.47957781503231,0.692502677646786,Kontraksi
238.5,3.76713800686813,5.47957781503231,0.687486907574085,Kontraksi
238.6,4.35497144769486,5.47957781503231,0.794764048381195,Kontraksi
238.7,4.34020866225801,5.47957781503231,0.792069901872982,Kontraksi
238.8,3.80404802871866,5.47957781503231,0.694222831963967,Kontraksi
238.9,3.52488943350297,5.47957781503231,0.643277557594496,Relaksasi
239,3.98308303481588,5.47957781503231,0.726895970687551,Kontraksi
239.1,4.07977544538454,5.47957781503231,0.74454193061961,Kontraksi
239.2,3.86227814231998,5.47957781503231,0.70484958379904,Kontraksi
239.3,3.94181121403621,5.47957781503231,0.719364036262522,Kontraksi
239.4,4.54523598445483,5.47957781503231,0.829486529415775,Kontraksi
239.5,4.80147523839254,5.47957781503231,0.87624911999981,Kontraksi
239.6,4.19424492534704,5.47957781503231,0.765432131256687,Kontraksi
239.7,3.85128854625178,5.47957781503231,0.70284402854658,Kontraksi
239.8,3.75977396414185,5.47957781503231,0.686143000620875,Kontraksi
239.9,4.03870189030547,5.47957781503231,0.737046178854503,Kontraksi
240,3.79348411402503,5.47957781503231,0.692294961779397,Kontraksi
240.1,3.66382101516429,5.47957781503231,0.668631989331952,Kontraksi
240.2,3.83659256182672,5.47957781503231,0.700162072943224,Kontraksi
240.3,3.5911630962066,5.47957781503231,0.655372223450288,Kontraksi
240.4,3.94774970510984,5.47957781503231,0.720447786010054,Kontraksi
240.5,3.83733128790396,5.47957781503231,0.700296887358162,Kontraksi
240.6,3.59400619730393,5.47957781503231,0.655891077492206,Kontraksi
240.7,3.5954323831074,5.47957781503231,0.656151350427751,Kontraksi
240.8,3.52729834264805,5.47957781503231,0.643717173423743,Relaksasi
240.9,4.35567170390323,5.47957781503231,0.794891842206196,Kontraksi
241,4.37148642174081,5.47957781503231,0.797777961971516,Kontraksi
241.1,3.76702428785818,5.47957781503231,0.687466154331083,Kontraksi
241.2,4.66027838323134,5.47957781503231,0.850481285336736,Kontraksi
241.3,4.54287845397519,5.47957781503231,0.829056289977771,Kontraksi
241.4,3.69847679555285,5.47957781503231,0.674956524096928,Kontraksi
241.5,3.74814294415905,5.47957781503231,0.684020388190609,Kontraksi
241.6,4.01161426980185,5.47957781503231,0.732102801569247,Kontraksi
241.7,3.99384593215289,5.47957781503231,0.728860154371097,Kontraksi
241.8,3.7598153504714,5.47957781503231,0.686150553452672,Kontraksi
241.9,3.77376020702287,5.47957781503231,0.688695431365203,Kontraksi
242,4.14286585043407,5.47957781503231,0.756055665286623,Kontraksi
242.1,4.09866387075406,5.47957781503231,0.747988989135268,Kontraksi
242.2,4.07044028633377,5.47957781503231,0.742838303193212,Kontraksi
242.3,4.21422563735878,5.47957781503231,0.769078527509502,Kontraksi
242.4,4.07764158603714,5.47957781503231,0.744152510226392,Kontraksi
242.5,3.74604551226467,5.47957781503231,0.68363761565499,Kontraksi
242.6,4.50338205867855,5.47957781503231,0.821848363267015,Kontraksi
242.7,4.76270695681639,5.47957781503231,0.869174070993334,Kontraksi
242.8,4.86398211028594,5.47957781503231,0.887656362309959,Kontraksi
242.9,4.98474607659339,5.47957781503231,0.909695280340497,Kontraksi
243,3.92458683287523,5.47957781503231,0.716220658845063,Kontraksi
243.1,3.99599689064761,5.47957781503231,0.729252695287082,Kontraksi
243.2,4.26643642531004,5.47957781503231,0.778606777625419,Kontraksi
243.3,4.09890371543408,5.47957781503231,0.74803275978478,Kontraksi
243.4,4.03239974166083,5.47957781503231,0.735896063123443,Kontraksi
243.5,4.00609677897542,5.47957781503231,0.731095882603466,Kontraksi
243.6,3.82197513178631,5.47957781503231,0.697494453186038,Kontraksi
243.7,3.66401252537957,5.47957781503231,0.668666939144099,Kontraksi
243.8,3.91569652967246,5.47957781503231,0.714598215747642,Kontraksi
243.9,4.52712851005081,5.47957781503231,0.826181991180304,Kontraksi
244,4.42011810167339,5.47957781503231,0.80665303986514,Kontraksi
244.1,4.09382179321561,5.47957781503231,0.74710533026557,Kontraksi
244.2,4.330935592749,5.47957781503231,0.790377605527893,Kontraksi
244.3,4.35269015273981,5.47957781503231,0.794347721607114,Kontraksi
244.4,4.31682863275007,5.47957781503231,0.787803144415172,Kontraksi
244.5,4.13779247442297,5.47957781503231,0.755129795414462,Kontraksi
244.6,3.75545461844527,5.47957781503231,0.685354738122854,Kontraksi
244.7,3.44727187622798,5.47957781503231,0.629112678493398,Relaksasi
244.8,3.53779988049497,5.47957781503231,0.645633660095053,Relaksasi
244.9,3.76332881873195,5.47957781503231,0.686791746694039,Kontraksi
245,4.00952943182578,5.47957781503231,0.73172232737097,Kontraksi
245.1,4.26266016118559,5.47957781503231,0.77791762523961,Kontraksi
245.2,4.57625029949381,5.47957781503231,0.835146512006752,Kontraksi
245.3,4.31000955244439,5.47957781503231,0.786558690821141,Kontraksi
245.4,4.12062146405216,5.47957781503231,0.751996157942664,Kontraksi
245.5,4.78206045118236,5.47957781503231,0.8727060026529,Kontraksi
245.6,4.85315123872112,5.47957781503231,0.885679773614549,Kontraksi
245.7,4.28579687026919,5.47957781503231,0.782139977739128,Kontraksi
245.8,4.19607548682674,5.47957781503231,0.765766201059415,Kontraksi
245.9,4.20709164108808,5.47957781503231,0.767776603070884,Kontraksi
246,4.32246863401438,5.47957781503231,0.788832421022731,Kontraksi
246.1,4.61866497254796,5.47957781503231,0.84288701218503,Kontraksi
246.2,4.33359923975947,5.47957781503231,0.790863709950602,Kontraksi
246.3,4.26174261853649,5.47957781503231,0.777750177549283,Kontraksi
246.4,4.25464378809591,5.47957781503231,0.776454670727368,Kontraksi
246.5,3.75325038466423,5.47957781503231,0.68495247469026,Kontraksi
246.6,3.53507980180002,5.47957781503231,0.645137257126291,Relaksasi
246.7,3.61045335080888,5.47957781503231,0.658892614117861,Kontraksi
246.8,4.30045738574406,5.47957781503231,0.784815460407638,Kontraksi
246.9,4.6323152061293,5.47957781503231,0.845378122639542,Kontraksi
247,4.15376096810557,5.47957781503231,0.758043978627407,Kontraksi
247.1,4.22514102472697,5.47957781503231,0.771070539985033,Kontraksi
247.2,4.51672086726642,5.47957781503231,0.824282639964623,Kontraksi
247.3,4.10890928136346,5.47957781503231,0.749858733658523,Kontraksi
247.4,3.70842768617379,5.47957781503231,0.676772519955887,Kontraksi
247.5,3.892226318906,5.47957781503231,0.710315000587878,Kontraksi
247.6,3.8056242311553,5.47957781503231,0.694510482306721,Kontraksi
247.7,3.7732528136492,5.47957781503231,0.688602834199727,Kontraksi
247.8,4.49115708082032,5.47957781503231,0.819617356012278,Kontraksi
247.9,4.52328729429615,5.47957781503231,0.825480985394032,Kontraksi
248,4.29465774850543,5.47957781503231,0.783757050903402,Kontraksi
248.1,4.52151481732338,5.47957781503231,0.825157515770533,Kontraksi
248.2,4.37102384762065,5.47957781503231,0.797693544132081,Kontraksi
248.3,3.96785176671146,5.47957781503231,0.724116328054748,Kontraksi
248.4,3.61099728044071,5.47957781503231,0.658991878997419,Kontraksi
248.5,3.7175993066691,5.47957781503231,0.678446302280896,Kontraksi
248.6,4.00725557017909,5.47957781503231,0.731307357144531,Kontraksi
248.7,4.35598868686417,5.47957781503231,0.794949690268882,Kontraksi
248.8,4.38220773190536,5.47957781503231,0.799734556170277,Kontraksi
248.9,4.61655999744973,5.47957781503231,0.842502863046304,Kontraksi
249,4.82990866988528,5.47957781503231,0.881438102153642,Kontraksi
249.1,4.57865651081997,5.47957781503231,0.835585635495346,Kontraksi
249.2,4.11780858121363,5.47957781503231,0.751482818606409,Kontraksi
249.3,4.19504025501645,5.47957781503231,0.765577275590111,Kontraksi
249.4,4.04013293547144,5.47957781503231,0.737307338603352,Kontraksi
249.5,3.90569427271746,5.47957781503231,0.712772845747867,Kontraksi
249.6,4.16932976722656,5.47957781503231,0.760885219256983,Kontraksi
249.7,3.8615291355126,5.47957781503231,0.704712893193912,Kontraksi
249.8,3.93351781463346,5.47957781503231,0.71785052560847,Kontraksi
249.9,3.88152583553469,5.47957781503231,0.70836220719165,Kontraksi
250,3.89662736610036,5.47957781503231,0.711118173267038,Kontraksi
250.1,4.09110866877135,5.47957781503231,0.746610196418432,Kontraksi
250.2,4.17232816800543,5.47957781503231,0.761432414840308,Kontraksi
250.3,4.24917938745421,5.47957781503231,0.775457440497933,Kontraksi
250.4,4.17037309914551,5.47957781503231,0.761075622962189,Kontraksi
250.5,4.13152584470261,5.47957781503231,0.75398616173831,Kontraksi
250.6,3.86389657552157,5.47957781503231,0.705144941079514,Kontraksi
250.7,4.23224114869678,5.47957781503231,0.772366282870613,Kontraksi
250.8,4.62550276057291,5.47957781503231,0.844134879859468,Kontraksi
250.9,4.28090251785832,5.47957781503231,0.781246778924167,Kontraksi
251,4.26407501594092,5.47957781503231,0.77817583030633,Kontraksi
251.1,4.25202576142106,5.47957781503231,0.775976891824829,Kontraksi
251.2,4.37242166712979,5.47957781503231,0.797948640337724,Kontraksi
251.3,4.14309109713004,5.47957781503231,0.75609677186519,Kontraksi
251.4,4.03205315893668,5.47957781503231,0.735832813227949,Kontraksi
251.5,4.26503773521637,5.47957781503231,0.778351522541745,Kontraksi
251.6,4.08129217156663,5.47957781503231,0.744818726795025,Kontraksi
251.7,3.91863112515566,5.47957781503231,0.715133767131758,Kontraksi
251.8,3.81608195524405,5.47957781503231,0.69641897315068,Kontraksi
251.9,3.72801007041094,5.47957781503231,0.680346223058238,Kontraksi
252,3.99764680513257,5.47957781503231,0.72955379776991,Kontraksi
252.1,4.10787723455053,5.47957781503231,0.749670389437896,Kontraksi
252.2,3.99099214822308,5.47957781503231,0.728339350756998,Kontraksi
252.3,4.11245463018201,5.47957781503231,0.750505744968194,Kontraksi
252.4,4.18114440582698,5.47957781503231,0.763041341315877,Kontraksi
252.5,4.03499256788474,5.47957781503231,0.736369243049238,Kontraksi
252.6,3.70429648540459,5.47957781503231,0.676018593119065,Kontraksi
252.7,4.1480885521311,5.47957781503231,0.757008786471014,Kontraksi
252.8,4.51202842874076,5.47957781503231,0.823426289587997,Kontraksi
252.9,4.0852046690082,5.47957781503231,0.745532741190593,Kontraksi
253,3.90495132470105,5.47957781503231,0.712637260846715,Kontraksi
253.1,3.71982707900806,5.47957781503231,0.678852861401718,Kontraksi
253.2,3.76622538959422,5.47957781503231,0.6873203587441,Kontraksi
253.3,4.19448397470681,5.47957781503231,0.765475756763584,Kontraksi
253.4,3.83432313206403,5.47957781503231,0.699747911517052,Kontraksi
253.5,3.56649704255606,5.47957781503231,0.650870771972973,Kontraksi
253.6,3.6254519587845,5.47957781503231,0.661629797251655,Kontraksi
253.7,4.13323858577786,5.47957781503231,0.754298729810718,Kontraksi
253.8,4.26997146199633,5.47957781503231,0.779251907014146,Kontraksi
253.9,4.02457164417468,5.47957781503231,0.734467468120251,Kontraksi
254,3.97905529920339,5.47957781503231,0.726160925808464,Kontraksi
254.1,4.39611635910345,5.47957781503231,0.802272822377563,Kontraksi
254.2,4.49384251663041,5.47957781503231,0.820107436799657,Kontraksi
254.3,3.73148554491324,5.47957781503231,0.680980482597862,Kontraksi
254.4,3.55748240852859,5.47957781503231,0.649225639020806,Relaksasi
254.5,3.73824499953044,5.47957781503231,0.682214054753485,Kontraksi
254.6,3.78847555906745,5.47957781503231,0.691380921478,Kontraksi
254.7,3.68577121444812,5.47957781503231,0.672637808762715,Kontraksi
254.8,3.57744618582325,5.47957781503231,0.652868944758686,Kontraksi
254.9,3.63919123993516,5.47957781503231,0.664137158514592,Kontraksi
255,3.60113195604796,5.47957781503231,0.657191498616709,Kontraksi
255.1,3.62641900348555,5.47957781503231,0.661806278859126,Kontraksi
255.2,3.86167523042975,5.47957781503231,0.704739554904373,Kontraksi
255.3,4.36178706148325,5.47957781503231,0.796007869350338,Kontraksi
255.4,4.45409936206739,5.47957781503231,0.812854477556337,Kontraksi
255.5,3.91537296432816,5.47957781503231,0.714539166427565,Kontraksi
255.6,4.03644776163955,5.47957781503231,0.736634809814403,Kontraksi
255.7,4.15600239148914,5.47957781503231,0.758453029006694,Kontraksi
255.8,4.09850427933371,5.47957781503231,0.747959864369503,Kontraksi
255.9,4.08052506013725,5.47957781503231,0.744678732172213,Kontraksi
256,3.75727386776358,5.47957781503231,0.68568674350351,Kontraksi
256.1,4.02898538893011,5.47957781503231,0.735272958051122,Kontraksi
256.2,4.13073700699052,5.47957781503231,0.753842202159905,Kontraksi
256.3,4.09891708774726,5.47957781503231,0.748035200175927,Kontraksi
256.4,4.30168135137984,5.47957781503231,0.785038829009581,Kontraksi
256.5,4.09785529320065,5.47957781503231,0.747841427118502,Kontraksi
256.6,4.41576195292579,5.47957781503231,0.805858060964455,Kontraksi
256.7,4.70089802457415,5.47957781503231,0.857894199746195,Kontraksi
256.8,4.49961272991974,5.47957781503231,0.821160476556388,Kontraksi
256.9,4.14991957149897,5.47957781503231,0.757342939836415,Kontraksi
257,4.1285432943071,5.47957781503231,0.75344185878356,Kontraksi
257.1,4.39946292141939,5.47957781503231,0.802883555983127,Kontraksi
257.2,4.14350777608837,5.47957781503231,0.756172814029823,Kontraksi
257.3,3.72101188832834,5.47957781503231,0.679069084140088,Kontraksi
257.4,3.96293015973142,5.47957781503231,0.723218155395071,Kontraksi
257.5,3.93171873131546,5.47957781503231,0.717522200438407,Kontraksi
257.6,3.75898694614275,5.47957781503231,0.68599937313247,Kontraksi
257.7,4.1178646273254,5.47957781503231,0.751493046787058,Kontraksi
257.8,4.19847047257677,5.47957781503231,0.766203275927384,Kontraksi
257.9,3.75638428362023,5.47957781503231,0.685524398123376,Kontraksi
258,3.5189206146269,5.47957781503231,0.642188273150046,Relaksasi
258.1,3.78088795099979,5.47957781503231,0.689996214786394,Kontraksi
258.2,4.06909207807218,5.47957781503231,0.74259226083245,Kontraksi
258.3,4.30478798049753,5.47957781503231,0.785605775811425,Kontraksi
258.4,4.31091881662931,5.47957781503231,0.786724627726432,Kontraksi
258.5,4.33411072841888,5.47957781503231,0.790957054488572,Kontraksi
258.6,4.22191832547444,5.47957781503231,0.77048241086974,Kontraksi
258.7,4.18052701102658,5.47957781503231,0.762928669350766,Kontraksi
258.8,3.9756438336639,5.47957781503231,0.725538347636452,Kontraksi
258.9,3.60681436163292,5.47957781503231,0.658228513835176,Kontraksi
259,3.89152753405092,5.47957781503231,0.71018747527869,Kontraksi
259.1,3.76946489357705,5.47957781503231,0.687911554652286,Kontraksi
259.2,3.94066677786019,5.47957781503231,0.719155181453875,Kontraksi
259.3,4.18264692475885,5.47957781503231,0.763315544727634,Kontraksi
259.4,4.37944986450394,5.47957781503231,0.799231256920861,Kontraksi
259.5,4.48132320828847,5.47957781503231,0.817822715464447,Kontraksi
259.6,4.45576320801755,5.47957781503231,0.813158122473213,Kontraksi
259.7,4.19652716106143,5.47957781503231,0.765848629715406,Kontraksi
259.8,3.73252492585263,5.47957781503231,0.681170165265848,Kontraksi
259.9,3.77103019699179,5.47957781503231,0.688197215969194,Kontraksi
260,3.47485677611094,5.47957781503231,0.634146807182525,Relaksasi
260.1,3.87093610521479,5.47957781503231,0.706429625763416,Kontraksi
260.2,3.79907023286195,5.47957781503231,0.693314405069644,Kontraksi
260.3,3.69494908590988,5.47957781503231,0.674312731862919,Kontraksi
260.4,4.15977660051254,5.47957781503231,0.759141806345168,Kontraksi
260.5,4.0814463419834,5.47957781503231,0.744846862250342,Kontraksi
260.6,4.27688840026809,5.47957781503231,0.780514219277105,Kontraksi
260.7,4.38978977595607,5.47957781503231,0.801118247452096,Kontraksi
260.8,4.39654745587221,5.47957781503231,0.80235149573221,Kontraksi
260.9,4.15428972830799,5.47957781503231,0.758140475149634,Kontraksi
261,4.02160922368928,5.47957781503231,0.733926838789782,Kontraksi
261.1,4.24402109785658,5.47957781503231,0.77451607425189,Kontraksi
261.2,4.15125830511027,5.47957781503231,0.757587253113184,Kontraksi
261.3,4.36825554215688,5.47957781503231,0.797188339980006,Kontraksi
261.4,4.38345989945114,5.47957781503231,0.79996307150267,Kontraksi
261.5,4.19371023084584,5.47957781503231,0.765334551749789,Kontraksi
261.6,4.36732423881563,5.47957781503231,0.797018381020998,Kontraksi
261.7,4.15824282668155,5.47957781503231,0.758861899045234,Kontraksi
261.8,3.89439539649561,5.47957781503231,0.710710848162789,Kontraksi
261.9,4.08008894597923,5.47957781503231,0.744599143165042,Kontraksi
262,4.20063267437024,5.47957781503231,0.766597868698297,Kontraksi
262.1,4.19786293167509,5.47957781503231,0.766092402257515,Kontraksi
262.2,4.07902298547054,5.47957781503231,0.744404609836988,Kontraksi
262.3,4.21485404667903,5.47957781503231,0.769193209578351,Kontraksi
262.4,4.389288872593,5.47957781503231,0.801026834686372,Kontraksi
262.5,4.0021362296262,5.47957781503231,0.730373098936017,Kontraksi
262.6,3.58465295430495,5.47957781503231,0.654184149821004,Kontraksi
262.7,3.55632647806648,5.47957781503231,0.649014686553094,Relaksasi
262.8,3.88918207428016,5.47957781503231,0.709759438694498,Kontraksi
262.9,4.22712354324478,5.47957781503231,0.771432341310742,Kontraksi
263,3.82506483461426,5.47957781503231,0.698058311010902,Kontraksi
263.1,3.93571457330642,5.47957781503231,0.71825142486515,Kontraksi
263.2,4.44438559884453,5.47957781503231,0.811081756454319,Kontraksi
263.3,4.12666692386617,5.47957781503231,0.753099429037278,Kontraksi
263.4,3.99109626651931,5.47957781503231,0.728358351909959,Kontraksi
263.5,4.11281979793986,5.47957781503231,0.750572386554493,Kontraksi
263.6,4.51497091086175,5.47957781503231,0.823963280250474,Kontraksi
263.7,4.63051363112446,5.47957781503231,0.845049342747066,Kontraksi
263.8,4.11444412485188,5.47957781503231,0.750868819412434,Kontraksi
263.9,4.45801566156845,5.47957781503231,0.813569185811839,Kontraksi
264,4.33170515468764,5.47957781503231,0.790518047358379,Kontraksi
264.1,3.83669258092739,5.47957781503231,0.700180326010164,Kontraksi
264.2,4.21849822170399,5.47957781503231,0.769858256256757,Kontraksi
264.3,4.13503779705001,5.47957781503231,0.754627078331877,Kontraksi
264.4,4.15850902871765,5.47957781503231,0.758910479801834,Kontraksi
264.5,4.32518449002777,5.47957781503231,0.789328053369796,Kontraksi
264.6,4.3087896989189,5.47957781503231,0.786336072662103,Kontraksi
264.7,4.45165163748657,5.47957781503231,0.812407778072648,Kontraksi
264.8,4.16359021591262,5.47957781503231,0.759837775182334,Kontraksi
264.9,3.85537837691755,5.47957781503231,0.703590405512805,Kontraksi
265,4.03312406403594,5.47957781503231,0.736028248923072,Kontraksi
265.1,4.31144187742581,5.47957781503231,0.786820084130951,Kontraksi
265.2,4.43655640933495,5.47957781503231,0.809652962161427,Kontraksi
265.3,4.07901275509503,5.47957781503231,0.744402742836307,Kontraksi
265.4,4.03761239765557,5.47957781503231,0.736847351009242,Kontraksi
265.5,4.21669762543363,5.47957781503231,0.769529654979224,Kontraksi
265.6,4.22848584664641,5.47957781503231,0.771680955975524,Kontraksi
265.7,3.96172653601085,5.47957781503231,0.722998499107452,Kontraksi
265.8,4.10760286819434,5.47957781503231,0.749620318727076,Kontraksi
265.9,4.41020532448553,5.47957781503231,0.804843999548079,Kontraksi
266,4.05681931212554,5.47957781503231,0.740352532451738,Kontraksi
266.1,4.21179261450551,5.47957781503231,0.768634511029509,Kontraksi
266.2,4.14907741151343,5.47957781503231,0.757189249166446,Kontraksi
266.3,4.16691714437229,5.47957781503231,0.760444925691363,Kontraksi
266.4,4.07692966057209,5.47957781503231,0.744022586810924,Kontraksi
266.5,4.10673131013107,5.47957781503231,0.749461263031056,Kontraksi
266.6,4.44125073564641,5.47957781503231,0.810509657051056,Kontraksi
266.7,4.28518389110913,5.47957781503231,0.782028111609884,Kontraksi
266.8,3.74009779377067,5.47957781503231,0.682552181941889,Kontraksi
266.9,3.78207897009617,5.47957781503231,0.690213570782893,Kontraksi
267,4.04198045456145,5.47957781503231,0.737644503098934,Kontraksi
267.1,3.95323210771638,5.47957781503231,0.721448301522673,Kontraksi
267.2,3.97818437890686,5.47957781503231,0.726001986502203,Kontraksi
267.3,3.48400191632567,5.47957781503231,0.635815756967241,Relaksasi
267.4,4.00197883973065,5.47957781503231,0.730344375939308,Kontraksi
267.5,4.03494357186227,5.47957781503231,0.736360301480356,Kontraksi
267.6,3.93106740930447,5.47957781503231,0.717403336899467,Kontraksi
267.7,4.49031764640956,5.47957781503231,0.81946416274829,Kontraksi
267.8,4.07757979524878,5.47957781503231,0.744141233666326,Kontraksi
267.9,4.018249939781,5.47957781503231,0.7333137835469,Kontraksi
268,4.43666496969001,5.47957781503231,0.809672773971519,Kontraksi
268.1,4.36778662954017,5.47957781503231,0.797102765391499,Kontraksi
268.2,4.30012796630855,5.47957781503231,0.784755342740433,Kontraksi
268.3,4.93364569411255,5.47957781503231,0.900369674571992,Kontraksi
268.4,5.01374463855652,5.47957781503231,0.914987396438124,Kontraksi
268.5,4.20428443084523,5.47957781503231,0.767264298959579,Kontraksi
268.6,3.83744519800906,5.47957781503231,0.700317675475228,Kontraksi
268.7,3.76575818772056,5.47957781503231,0.687235096359035,Kontraksi
268.8,3.69599988109903,5.47957781503231,0.674504497583677,Kontraksi
268.9,3.93447338784212,5.47957781503231,0.718024913716628,Kontraksi
269,3.80195199751406,5.47957781503231,0.693840315048367,Kontraksi
269.1,3.838388435411,5.47957781503231,0.700489812350327,Kontraksi
269.2,3.84674905238176,5.47957781503231,0.702015589928998,Kontraksi
269.3,3.78158956334377,5.47957781503231,0.690124256100462,Kontraksi
269.4,4.49210363203951,5.47957781503231,0.819790097645145,Kontraksi
269.5,4.77487916449822,5.47957781503231,0.871395447911904,Kontraksi
269.6,4.38559998464737,5.47957781503231,0.800353628087224,Kontraksi
269.7,4.24996751010517,5.47957781503231,0.775601269580677,Kontraksi
269.8,4.43694468831431,5.47957781503231,0.809723821448852,Kontraksi
269.9,4.58264385725328,5.47957781503231,0.836313309518401,Kontraksi
270,4.45534791026833,5.47957781503231,0.813082332373458,Kontraksi
270.1,4.29759607832486,5.47957781503231,0.784293283788236,Kontraksi
270.2,4.38383565719303,5.47957781503231,0.800031645716702,Kontraksi
270.3,4.13845462670004,5.47957781503231,0.755250635431599,Kontraksi
270.4,4.14367922632266,5.47957781503231,0.75620410297946,Kontraksi
270.5,4.44873970061137,5.47957781503231,0.811876361789587,Kontraksi
270.6,4.28309614619861,5.47957781503231,0.781647106908246,Kontraksi
270.7,3.99467937434021,5.47957781503231,0.729012254079406,Kontraksi
270.8,4.10343018300289,5.47957781503231,0.748858821156954,Kontraksi
270.9,4.02781727036624,5.47957781503231,0.735059781305886,Kontraksi
271,4.2359791195853,5.47957781503231,0.773048446901256,Kontraksi
271.1,4.94153148045882,5.47957781503231,0.901808797550525,Kontraksi
271.2,4.6201276307753,5.47957781503231,0.843153941185167,Kontraksi
271.3,3.76841341975832,5.47957781503231,0.687719665084472,Kontraksi
271.4,3.80807629620844,5.47957781503231,0.694957973908431,Kontraksi
271.5,3.72186452093222,5.47957781503231,0.67922468601904,Kontraksi
271.6,3.97557824319261,5.47957781503231,0.725526377650168,Kontraksi
271.7,4.03668684213713,5.47957781503231,0.736678441003821,Kontraksi
271.8,3.74681679922319,5.47957781503231,0.68377837229438,Kontraksi
271.9,4.15282977701608,5.47957781503231,0.757874040153874,Kontraksi
272,4.70159786818111,5.47957781503231,0.858021918273167,Kontraksi
272.1,4.51869060886553,5.47957781503231,0.824642109556188,Kontraksi
272.2,3.91976989446333,5.47957781503231,0.715341587760666,Kontraksi
272.3,3.98796331678643,5.47957781503231,0.727786601706086,Kontraksi
272.4,3.85078016538817,5.47957781503231,0.702751251168327,Kontraksi
272.5,3.85384190156002,5.47957781503231,0.703310005195591,Kontraksi
272.6,3.968758581602,5.47957781503231,0.724281817974072,Kontraksi
272.7,3.93253588233161,5.47957781503231,0.717671327076213,Kontraksi
272.8,4.30056177408202,5.47957781503231,0.784834510842085,Kontraksi
272.9,4.58462430156847,5.47957781503231,0.836674732310821,Kontraksi
273,4.14636659827707,5.47957781503231,0.756694537105067,Kontraksi
273.1,4.09067054274404,5.47957781503231,0.746530240253539,Kontraksi
273.2,4.23700946987174,5.47957781503231,0.773236481512902,Kontraksi
273.3,4.15927190695947,5.47957781503231,0.759049701885645,Kontraksi
273.4,4.38259122904962,5.47957781503231,0.799804542792824,Kontraksi
273.5,4.47505769680925,5.47957781503231,0.81667928586262,Kontraksi
273.6,4.53826002500835,5.47957781503231,0.82821344603564,Kontraksi
273.7,4.76940012232597,5.47957781503231,0.870395545664469,Kontraksi
273.8,4.88214913813813,5.47957781503231,0.890971768800284,Kontraksi
273.9,4.18910673808207,5.47957781503231,0.764494433602156,Kontraksi
274,3.60651138156746,5.47957781503231,0.658173221242263,Kontraksi
274.1,3.89973446614142,5.47957781503231,0.711685206010424,Kontraksi
274.2,3.9878149177051,5.47957781503231,0.727759519495314,Kontraksi
274.3,4.04861820310559,5.47957781503231,0.738855864405991,Kontraksi
274.4,4.02127974227508,5.47957781503231,0.733866709811725,Kontraksi
274.5,4.3206397109685,5.47957781503231,0.788498650227312,Kontraksi
274.6,4.3222078606084,5.47957781503231,0.788784830968389,Kontraksi
274.7,3.81403629736476,5.47957781503231,0.696045649155959,Kontraksi
274.8,4.31382819020027,5.47957781503231,0.787255576217204,Kontraksi
274.9,4.88426991153138,5.47957781503231,0.89135880106168,Kontraksi
275,4.52850851184171,5.47957781503231,0.826433835726997,Kontraksi
275.1,3.95328014634058,5.47957781503231,0.721457068370379,Kontraksi
275.2,4.17179427244953,5.47957781503231,0.76133498113758,Kontraksi
275.3,4.36850963511361,5.47957781503231,0.797234710880341,Kontraksi
275.4,4.25219577194655,5.47957781503231,0.776007918033641,Kontraksi
275.5,4.16011107463589,5.47957781503231,0.759202846471734,Kontraksi
275.6,4.26015548902039,5.47957781503231,0.777460533060295,Kontraksi
275.7,4.11617495972371,5.47957781503231,0.751184689526932,Kontraksi
275.8,4.36662691729447,5.47957781503231,0.796891122764121,Kontraksi
275.9,4.40349232324057,5.47957781503231,0.803618904938318,Kontraksi
276,3.85041859180035,5.47957781503231,0.702685265503004,Kontraksi
276.1,3.88307584426909,5.47957781503231,0.708645077293458,Kontraksi
276.2,3.83226080440681,5.47957781503231,0.69937154535768,Kontraksi
276.3,4.14158566560321,5.47957781503231,0.755822036917052,Kontraksi
276.4,3.99859505170969,5.47957781503231,0.729726848798498,Kontraksi
276.5,3.59711323127099,5.47957781503231,0.656458098177365,Kontraksi
276.6,4.16222988326057,5.47957781503231,0.759589520171094,Kontraksi
276.7,4.46271674741767,5.47957781503231,0.814427114288795,Kontraksi
276.8,4.71386027387858,5.47957781503231,0.860259755951797,Kontraksi
276.9,4.40558225970526,5.47957781503231,0.804000309589413,Kontraksi
277,4.18858082305503,5.47957781503231,0.764398456312519,Kontraksi
277.1,4.61027871208045,5.47957781503231,0.841356554775609,Kontraksi
277.2,4.29948579868093,5.47957781503231,0.784638149838115,Kontraksi
277.3,4.13453300761436,5.47957781503231,0.754534956374186,Kontraksi
277.4,3.92449231976012,5.47957781503231,0.716203410597423,Kontraksi
277.5,4.10919085577373,5.47957781503231,0.74991011980902,Kontraksi
277.6,4.37247940481358,5.47957781503231,0.797959177223181,Kontraksi
277.7,3.9456107284005,5.47957781503231,0.720057431719716,Kontraksi
277.8,4.02801374774176,5.47957781503231,0.735095637603973,Kontraksi
277.9,4.41258240881233,5.47957781503231,0.805277807481289,Kontraksi
278,4.33227147811135,5.47957781503231,0.790621399011158,Kontraksi
278.1,4.16779598093008,5.47957781503231,0.760605309682148,Kontraksi
278.2,4.48924845273638,5.47957781503231,0.819269039381259,Kontraksi
278.3,4.58401613325243,5.47957781503231,0.836563744140461,Kontraksi
278.4,4.67157766985149,5.47957781503231,0.852543357817786,Kontraksi
278.5,4.44267063076729,5.47957781503231,0.810768781963377,Kontraksi
278.6,4.73230233110435,5.47957781503231,0.863625354150837,Kontraksi
278.7,4.56648758023521,5.47957781503231,0.833364856633264,Kontraksi
278.8,3.40553641089509,5.47957781503231,0.621496130879383,Relaksasi
278.9,3.8738352665229,5.47957781503231,0.706958710558991,Kontraksi
279,4.2740026121674,5.47957781503231,0.77998757503587,Kontraksi
279.1,4.08541644787149,5.47957781503231,0.745571389946107,Kontraksi
279.2,3.85397744382022,5.47957781503231,0.703334741090358,Kontraksi
279.3,4.43547110148807,5.47957781503231,0.809454898025189,Kontraksi
279.4,4.5930324497152,5.47957781503231,0.838209184130021,Kontraksi
279.5,3.90681937972753,5.47957781503231,0.712978173064688,Kontraksi
279.6,3.7378954348034,5.47957781503231,0.682150260654956,Kontraksi
279.7,3.58161924186348,5.47957781503231,0.653630510007158,Kontraksi
279.8,3.88660860158136,5.47957781503231,0.709289790705972,Kontraksi
279.9,3.96150293359106,5.47957781503231,0.722957692602399,Kontraksi
280,3.58420548312919,5.47957781503231,0.654102488205665,Kontraksi
280.1,3.65149890351571,5.47957781503231,0.666383255567323,Kontraksi
280.2,4.2099867969313,5.47957781503231,0.768304956885894,Kontraksi
280.3,4.302208163212,5.47957781503231,0.785134969962395,Kontraksi
280.4,4.0445038666021,5.47957781503231,0.738105015227026,Kontraksi
280.5,4.25624833239008,5.47957781503231,0.776747493340412,Kontraksi
280.6,4.62869178039313,5.47957781503231,0.844716862619431,Kontraksi
280.7,4.0946172270647,5.47957781503231,0.74725049361135,Kontraksi
280.8,3.31780658292366,5.47957781503231,0.60548580473149,Relaksasi
280.9,3.86464154552225,5.47957781503231,0.705280894984326,Kontraksi
281,4.16378134331784,5.47957781503231,0.759872655133248,Kontraksi
281.1,4.79958325191958,5.47957781503231,0.87590384039309,Kontraksi
281.2,4.59331174155429,5.47957781503231,0.838260153720841,Kontraksi
281.3,4.13690256580337,5.47957781503231,0.754967390818771,Kontraksi
281.4,4.36223553071001,5.47957781503231,0.796089713105806,Kontraksi
281.5,3.92958701935707,5.47957781503231,0.717133171934688,Kontraksi
281.6,3.66600667898131,5.47957781503231,0.669030863823893,Kontraksi
281.7,3.63357989258266,5.47957781503231,0.663113111125922,Kontraksi
281.8,4.00533275569175,5.47957781503231,0.730956451554313,Kontraksi
281.9,3.93628865252109,5.47957781503231,0.718356191917293,Kontraksi
282,4.19141140103909,5.47957781503231,0.764915024938719,Kontraksi
282.1,4.27582943034901,5.47957781503231,0.780320961702376,Kontraksi
282.2,3.96816961657465,5.47957781503231,0.724174334323464,Kontraksi
282.3,4.04619949952148,5.47957781503231,0.738414461132645,Kontraksi
282.4,4.12278630043897,5.47957781503231,0.752391231515828,Kontraksi
282.5,4.26815228740731,5.47957781503231,0.778919915271272,Kontraksi
282.6,4.11685499902537,5.47957781503231,0.751308793851137,Kontraksi
282.7,4.5158242983286,5.47957781503231,0.824119019888757,Kontraksi
282.8,4.4343365263223,5.47957781503231,0.809247842809611,Kontraksi
282.9,4.00189181657952,5.47957781503231,0.730328494578724,Kontraksi
283,4.30371673356242,5.47957781503231,0.78541027773269,Kontraksi
283.1,4.10333332361374,5.47957781503231,0.748841144724129,Kontraksi
283.2,3.69282412405565,5.47957781503231,0.673924935224936,Kontraksi
283.3,3.79772166149785,5.47957781503231,0.693068296444196,Kontraksi
283.4,3.95045416833949,5.47957781503231,0.720941339221805,Kontraksi
283.5,3.71828427226238,5.47957781503231,0.678571305632688,Kontraksi
283.6,3.45141238370622,5.47957781503231,0.629868303765637,Relaksasi
283.7,3.81021412566347,5.47957781503231,0.695348118829662,Kontraksi
283.8,3.97350645515408,5.47957781503231,0.725148285010831,Kontraksi
283.9,3.65480250163449,5.47957781503231,0.666986148386861,Kontraksi
284,3.73895646760711,5.47957781503231,0.682343894697489,Kontraksi
284.1,4.29019755101427,5.47957781503231,0.782943083542828,Kontraksi
284.2,4.22424159385593,5.47957781503231,0.770906397618338,Kontraksi
284.3,4.12219186562129,5.47957781503231,0.752282749651395,Kontraksi
284.4,4.11042256060876,5.47957781503231,0.75013490078241,Kontraksi
284.5,3.64067150528729,5.47957781503231,0.664407300741257,Kontraksi
284.6,3.59394208872383,5.47957781503231,0.655879377944856,Kontraksi
284.7,3.71636902428101,5.47957781503231,0.678221780898114,Kontraksi
284.8,3.81690577650838,5.47957781503231,0.69656931708084,Kontraksi
284.9,4.07097310436683,5.47957781503231,0.742935540252535,Kontraksi
285,4.30591773287885,5.47957781503231,0.785811950889041,Kontraksi
285.1,4.20937760715549,5.47957781503231,0.768193782303403,Kontraksi
285.2,4.42159547925768,5.47957781503231,0.806922655086267,Kontraksi
285.3,4.40175854012221,5.47957781503231,0.803302496781178,Kontraksi
285.4,3.79391697308926,5.47957781503231,0.692373956745586,Kontraksi
285.5,3.93687991054929,5.47957781503231,0.718464094030952,Kontraksi
285.6,4.0310422580572,5.47957781503231,0.735648328051607,Kontraksi
285.7,3.897333560158,5.47957781503231,0.711247050724659,Kontraksi
285.8,4.05725168267188,5.47957781503231,0.74043143826546,Kontraksi
285.9,4.02887356252205,5.47957781503231,0.735252550200037,Kontraksi
286,4.04851299835235,5.47957781503231,0.738836664979175,Kontraksi
286.1,4.08958901146669,5.47957781503231,0.746332865325423,Kontraksi
286.2,3.74311909651801,5.47957781503231,0.683103557038534,Kontraksi
286.3,3.55812243939611,5.47957781503231,0.649342441973356,Relaksasi
286.4,3.75342024619446,5.47957781503231,0.684983473708061,Kontraksi
286.5,4.10438862583848,5.47957781503231,0.749033732960005,Kontraksi
286.6,3.91706898757939,5.47957781503231,0.71484868356711,Kontraksi
286.7,4.05855201533194,5.47957781503231,0.74066874352947,Kontraksi
286.8,4.47814889142276,5.47957781503231,0.817243415932101,Kontraksi
286.9,4.15002605766387,5.47957781503231,0.757362373115491,Kontraksi
287,4.35909065850109,5.47957781503231,0.795515787099994,Kontraksi
287.1,4.42187231885425,5.47957781503231,0.806973177153097,Kontraksi
287.2,3.96958801810091,5.47957781503231,0.724433186661024,Kontraksi
287.3,3.8651106076661,5.47957781503231,0.705366496860909,Kontraksi
287.4,3.65458685665715,5.47957781503231,0.666946794081727,Kontraksi
287.5,3.53594595864246,5.47957781503231,0.645295327122133,Relaksasi
287.6,3.78942347619312,5.47957781503231,0.691553912383079,Kontraksi
287.7,4.12016545496487,5.47957781503231,0.751912938194231,Kontraksi
287.8,3.89718666883081,5.47957781503231,0.711220243672701,Kontraksi
287.9,3.63255036497013,5.47957781503231,0.662925226648819,Kontraksi
288,3.92040114196525,5.47957781503231,0.715456787785781,Kontraksi
288.1,3.99550013050774,5.47957781503231,0.729162038642238,Kontraksi
288.2,4.6128676598097,5.47957781503231,0.841829026892376,Kontraksi
288.3,5.09792768778244,5.47957781503231,0.930350450320666,Kontraksi
288.4,4.38359794069827,5.47957781503231,0.799988263452085,Kontraksi
288.5,4.31232749080638,5.47957781503231,0.786981704863507,Kontraksi
288.6,4.57709293130767,5.47957781503231,0.835300288783413,Kontraksi
288.7,4.31397345106123,5.47957781503231,0.787282085715904,Kontraksi
288.8,4.16282555213607,5.47957781503231,0.759698227245911,Kontraksi
288.9,3.7328664058383,5.47957781503231,0.681232483932942,Kontraksi
289,4.12918257786799,5.47957781503231,0.753558525355779,Kontraksi
289.1,4.38543552895004,5.47957781503231,0.800323615611284,Kontraksi
289.2,4.13857173012281,5.47957781503231,0.755272006315765,Kontraksi
289.3,3.89685682819675,5.47957781503231,0.711160049138524,Kontraksi
289.4,4.20421586821426,5.47957781503231,0.767251786566602,Kontraksi
289.5,4.59593234849036,5.47957781503231,0.838738403510245,Kontraksi
289.6,4.33423317476893,5.47957781503231,0.790979400434588,Kontraksi
289.7,3.9285701196291,5.47957781503231,0.716947591993624,Kontraksi
289.8,3.99113248208781,5.47957781503231,0.728364961099521,Kontraksi
289.9,4.2726598188942,5.47957781503231,0.779742520887808,Kontraksi
290,4.41644712307892,5.47957781503231,0.805983101647562,Kontraksi
290.1,4.35150176288833,5.47957781503231,0.794130845436797,Kontraksi
290.2,4.42304808755062,5.47957781503231,0.80718775001547,Kontraksi
290.3,4.60346596115567,5.47957781503231,0.840113256267085,Kontraksi
290.4,4.47929196898004,5.47957781503231,0.817452022798516,Kontraksi
290.5,4.41497729482991,5.47957781503231,0.805714864148502,Kontraksi
290.6,4.18057611878887,5.47957781503231,0.762937631311696,Kontraksi
290.7,4.09330625025756,5.47957781503231,0.74701124583508,Kontraksi
290.8,4.05336487674298,5.47957781503231,0.739722112463345,Kontraksi
290.9,3.8909951750786,5.47957781503231,0.71009032199603,Kontraksi
291,3.96055487992453,5.47957781503231,0.722784676779186,Kontraksi
291.1,4.13861763605433,5.47957781503231,0.755280383955991,Kontraksi
291.2,4.16765296481743,5.47957781503231,0.760579209840614,Kontraksi
291.3,3.85258353173772,5.47957781503231,0.70308035797371,Kontraksi
291.4,3.6671599064816,5.47957781503231,0.669241323012396,Kontraksi
291.5,4.38614820663992,5.47957781503231,0.800453676304633,Kontraksi
291.6,4.41905016984107,5.47957781503231,0.806458146778779,Kontraksi
291.7,4.06186040608971,5.47957781503231,0.741272510985549,Kontraksi
291.8,4.103605130785,5.47957781503231,0.748890748394418,Kontraksi
291.9,4.00411132071487,5.47957781503231,0.73073354478702,Kontraksi
292,4.39462650485493,5.47957781503231,0.80200093021747,Kontraksi
292.1,4.38264812979753,5.47957781503231,0.799814926940989,Kontraksi
292.2,4.28471960794292,5.47957781503231,0.781943381876703,Kontraksi
292.3,4.48300947873587,5.47957781503231,0.818130452758145,Kontraksi
292.4,4.56387338210867,5.47957781503231,0.832887776424753,Kontraksi
292.5,4.20952389661531,5.47957781503231,0.768220479517086,Kontraksi
292.6,3.73112822186105,5.47957781503231,0.680915272637487,Kontraksi
292.7,4.00669242770364,5.47957781503231,0.731204586001489,Kontraksi
292.8,4.56641403624846,5.47957781503231,0.83335143516372,Kontraksi
292.9,4.44306242950285,5.47957781503231,0.810840283591565,Kontraksi
293,4.34663209682993,5.47957781503231,0.793242151777765,Kontraksi
293.1,4.19750584209774,5.47957781503231,0.766027234905321,Kontraksi
293.2,3.81502057430061,5.47957781503231,0.696225275574102,Kontraksi
293.3,3.97075032033635,5.47957781503231,0.724645301950683,Kontraksi
293.4,3.94942920472504,5.47957781503231,0.720754287655234,Kontraksi
293.5,3.79065857071472,5.47957781503231,0.691779311960071,Kontraksi
293.6,4.15533590212916,5.47957781503231,0.758331397490092,Kontraksi
293.7,4.39357118784605,5.47957781503231,0.801808339283551,Kontraksi
293.8,4.58040935627366,5.47957781503231,0.83590552244884,Kontraksi
293.9,4.64389085949997,5.47957781503231,0.847490630894999,Kontraksi
294,4.48393668336352,5.47957781503231,0.818299663719088,Kontraksi
294.1,4.39802096505116,5.47957781503231,0.802620404985566,Kontraksi
294.2,4.39174521640735,5.47957781503231,0.80147510714408,Kontraksi
294.3,3.98574148033864,5.47957781503231,0.727381125860541,Kontraksi
294.4,3.69201721796013,5.47957781503231,0.673777678242234,Kontraksi
294.5,4.17707738531451,5.47957781503231,0.762299127107091,Kontraksi
294.6,4.08352645975832,5.47957781503231,0.745226475031678,Kontraksi
294.7,4.44382995080302,5.47957781503231,0.810980353014078,Kontraksi
294.8,4.88023552675141,5.47957781503231,0.890622542737378,Kontraksi
294.9,4.36296289516745,5.47957781503231,0.796222454072718,Kontraksi
295,3.53518674220975,5.47957781503231,0.645156773303146,Relaksasi
295.1,3.99769843714974,5.47957781503231,0.729563220396782,Kontraksi
295.2,4.18613687176962,5.47957781503231,0.763952445439438,Kontraksi
295.3,3.94849035702771,5.47957781503231,0.720582951882841,Kontraksi
295.4,3.94202412865467,5.47957781503231,0.719402892288596,Kontraksi
295.5,3.97902176774877,5.47957781503231,0.726154806458443,Kontraksi
295.6,3.90937606857791,5.47957781503231,0.713444758071176,Kontraksi
295.7,3.72700822206279,5.47957781503231,0.680163389930946,Kontraksi
295.8,4.15619769030438,5.47957781503231,0.758488670222465,Kontraksi
295.9,4.68645042536358,5.47957781503231,0.855257573404118,Kontraksi
296,4.57109163022885,5.47957781503231,0.834205076473013,Kontraksi
296.1,4.0519940157989,5.47957781503231,0.73947193608291,Kontraksi
296.2,3.91558807437845,5.47957781503231,0.714578423110752,Kontraksi
296.3,3.96010487568534,5.47957781503231,0.72270255289038,Kontraksi
296.4,4.11019101366631,5.47957781503231,0.750092644435249,Kontraksi
296.5,4.50657346759063,5.47957781503231,0.822430782026234,Kontraksi
296.6,4.38162760682089,5.47957781503231,0.799628685772218,Kontraksi
296.7,4.18584815371348,5.47957781503231,0.763899755603489,Kontraksi
296.8,4.40711517422861,5.47957781503231,0.804280060069304,Kontraksi
296.9,4.31170042446381,5.47957781503231,0.786867267882459,Kontraksi
297,3.88367363734762,5.47957781503231,0.70875417202643,Kontraksi
297.1,4.01928716708037,5.47957781503231,0.733503073184603,Kontraksi
297.2,4.32895782662765,5.47957781503231,0.79001667149463,Kontraksi
297.3,4.18175934721103,5.47957781503231,0.763153565542781,Kontraksi
297.4,4.08579298271561,5.47957781503231,0.74564010597804,Kontraksi
297.5,4.09289344162988,5.47957781503231,0.746935909989581,Kontraksi
297.6,3.92609922102126,5.47957781503231,0.716496663347067,Kontraksi
297.7,4.08095559302807,5.47957781503231,0.744757302621499,Kontraksi
297.8,4.44576879259683,5.47957781503231,0.811334183520599,Kontraksi
297.9,4.44803719924275,5.47957781503231,0.811748158232246,Kontraksi
298,4.38364044625717,5.47957781503231,0.79999602053855,Kontraksi
298.1,4.1656168667654,5.47957781503231,0.760207630474327,Kontraksi
298.2,4.36238044250257,5.47957781503231,0.796116158900985,Kontraksi
298.3,4.36467627002649,5.47957781503231,0.796535137808012,Kontraksi
298.4,3.68401097580418,5.47957781503231,0.672316572582966,Kontraksi
298.5,3.59918390547654,5.47957781503231,0.656835987546846,Kontraksi
298.6,3.9954442446949,5.47957781503231,0.729151839715472,Kontraksi
298.7,4.44623670650112,5.47957781503231,0.811419575848272,Kontraksi
298.8,4.80783024908832,5.47957781503231,0.87740888283379,Kontraksi
298.9,3.9558662339633,5.47957781503231,0.721929018529683,Kontraksi
299,3.65235487629702,5.47957781503231,0.666539467014664,Kontraksi
299.1,4.29578071019946,5.47957781503231,0.78396198670903,Kontraksi
299.2,4.06771029198792,5.47957781503231,0.742340090659691,Kontraksi
299.3,4.19418752964949,5.47957781503231,0.765421656782286,Kontraksi
299.4,4.67702141380289,5.47957781503231,0.853536818287762,Kontraksi
299.5,4.39597543192941,5.47957781503231,0.802247103758575,Kontraksi
299.6,4.11875530604222,5.47957781503231,0.751655591922264,Kontraksi
299.7,4.36658602590777,5.47957781503231,0.796883660257322,Kontraksi
299.8,4.29476748013705,5.47957781503231,0.78377707646656,Kontraksi
299.9,4.00524376614021,5.47957781503231,0.73094021133389,Kontraksi
300,3.99882615045912,5.47957781503231,0.729769023352311,Kontraksi
300.1,4.03134025289149,5.47957781503231,0.735702710860712,Kontraksi
300.2,4.16854664410671,5.47957781503231,0.760742302567726,Kontraksi
300.3,4.11876611100576,5.47957781503231,0.751657563782854,Kontraksi
300.4,3.86836791889927,5.47957781503231,0.705960942517697,Kontraksi
300.5,3.85590592245553,5.47957781503231,0.703686680363858,Kontraksi
300.6,4.33860119607569,5.47957781503231,0.791776546027589,Kontraksi
300.7,4.86032158780792,5.47957781503231,0.886988332289841,Kontraksi
300.8,5.02002101914281,5.47957781503231,0.916132809606466,Kontraksi
300.9,4.76858497046112,5.47957781503231,0.870246783863403,Kontraksi
301,4.06222901598605,5.47957781503231,0.741339780747706,Kontraksi
301.1,4.00511877211503,5.47957781503231,0.730917400447832,Kontraksi
301.2,4.5094159460369,5.47957781503231,0.822949522436941,Kontraksi
301.3,4.73670953957824,5.47957781503231,0.864429651237704,Kontraksi
301.4,4.53969969550786,5.47957781503231,0.828476179871732,Kontraksi
301.5,4.10597229617652,5.47957781503231,0.749322746163484,Kontraksi
301.6,3.73892517040972,5.47957781503231,0.682338183090055,Kontraksi
301.7,3.46662506823587,5.47957781503231,0.632644554973881,Relaksasi
301.8,3.58170690068164,5.47957781503231,0.653646507374314,Kontraksi
301.9,3.80660944804403,5.47957781503231,0.694690280262328,Kontraksi
302,3.84148043889712,5.47957781503231,0.701054090035669,Kontraksi
302.1,3.81303615468918,5.47957781503231,0.69586312730677,Kontraksi
302.2,4.25232769854643,5.47957781503231,0.776031994085543,Kontraksi
302.3,4.24337528259743,5.47957781503231,0.774398215672098,Kontraksi
302.4,4.1904854109608,5.47957781503231,0.764746035627946,Kontraksi
302.5,4.34033882394482,5.47957781503231,0.792093655835642,Kontraksi
302.6,3.89662390226832,5.47957781503231,0.711117541132198,Kontraksi
302.7,3.93129134348951,5.47957781503231,0.717444203950286,Kontraksi
302.8,4.09880487816347,5.47957781503231,0.748014722396874,Kontraksi
302.9,3.76953054316856,5.47957781503231,0.687923535427763,Kontraksi
303,3.77962031944358,5.47957781503231,0.689764877336866,Kontraksi
303.1,3.90324679842871,5.47957781503231,0.712326191941431,Kontraksi
303.2,4.06707794653077,5.47957781503231,0.742224690262345,Kontraksi
303.3,4.24297971972609,5.47957781503231,0.774326027104895,Kontraksi
303.4,3.90811793685582,5.47957781503231,0.713215154301587,Kontraksi
303.5,3.9060157716832,5.47957781503231,0.712831517962515,Kontraksi
303.6,4.17402215037925,5.47957781503231,0.761741559528275,Kontraksi
303.7,4.32292253878471,5.47957781503231,0.788915256742133,Kontraksi
303.8,4.57560527544548,5.47957781503231,0.835028797819619,Kontraksi
303.9,4.40116669186288,5.47957781503231,0.80319448695281,Kontraksi
304,3.67145996122393,5.47957781503231,0.670026064992067,Kontraksi
304.1,3.70440263794956,5.47957781503231,0.676037965513903,Kontraksi
304.2,4.38165092501227,5.47957781503231,0.799632941244477,Kontraksi
304.3,4.28687624624746,5.47957781503231,0.78233695933419,Kontraksi
304.4,4.11276108212114,5.47957781503231,0.750561671163509,Kontraksi
304.5,4.32095189780583,5.47957781503231,0.788555623017528,Kontraksi
304.6,3.63647095127528,5.47957781503231,0.663640717228109,Kontraksi
304.7,3.84421944520847,5.47957781503231,0.701553947215147,Kontraksi
304.8,4.6066531453553,5.47957781503231,0.840694904033976,Kontraksi
304.9,4.23960073630674,5.47957781503231,0.773709376783755,Kontraksi
305,3.80364274661327,5.47957781503231,0.694148869677259,Kontraksi
305.1,3.57879947540284,5.47957781503231,0.6531159144387,Kontraksi
305.2,3.86125278615869,5.47957781503231,0.704662460594314,Kontraksi
305.3,4.23196663963163,5.47957781503231,0.772316186116006,Kontraksi
305.4,4.12436235383435,5.47957781503231,0.752678854659175,Kontraksi
305.5,4.43605167243819,5.47957781503231,0.809560849791861,Kontraksi
305.6,4.5445169374937,5.47957781503231,0.829355306357101,Kontraksi
305.7,4.36994886053399,5.47957781503231,0.797497363491356,Kontraksi
305.8,4.20331972089545,5.47957781503231,0.767088243434439,Kontraksi
305.9,3.95769284468753,5.47957781503231,0.722262367336084,Kontraksi
306,3.97762400676786,5.47957781503231,0.725899720933957,Kontraksi
306.1,4.14331295511712,5.47957781503231,0.756137260018578,Kontraksi
306.2,3.96739512285231,5.47957781503231,0.72403299246311,Kontraksi
306.3,3.80324870992434,5.47957781503231,0.694076959631955,Kontraksi
306.4,4.08656435022334,5.47957781503231,0.745780877317323,Kontraksi
306.5,4.32148681621361,5.47957781503231,0.788653243386438,Kontraksi
306.6,4.26199362722442,5.47957781503231,0.777795985583479,Kontraksi
306.7,3.96452271605383,5.47957781503231,0.723508790253479,Kontraksi
306.8,3.97449649301193,5.47957781503231,0.725328962773109,Kontraksi
306.9,4.15457093227359,5.47957781503231,0.758191793695532,Kontraksi
307,4.23453650016433,5.47957781503231,0.772785174899348,Kontraksi
307.1,4.33359992842067,5.47957781503231,0.790863835628386,Kontraksi
307.2,4.10033149144392,5.47957781503231,0.748293322926328,Kontraksi
307.3,3.65253101548712,5.47957781503231,0.666571611679099,Kontraksi
307.4,3.78110630490394,5.47957781503231,0.690036063459324,Kontraksi
307.5,3.71893593818609,5.47957781503231,0.678690231934257,Kontraksi
307.6,3.77751722852109,5.47957781503231,0.68938107205232,Kontraksi
307.7,3.96099750611806,5.47957781503231,0.722865454205563,Kontraksi
307.8,3.67386656920537,5.47957781503231,0.670465260868589,Kontraksi
307.9,3.78427198284233,5.47957781503231,0.690613786423619,Kontraksi
308,3.86159149295733,5.47957781503231,0.704724273166391,Kontraksi
308.1,3.97203248629949,5.47957781503231,0.724879291868595,Kontraksi
308.2,4.23952517991266,5.47957781503231,0.773695588058304,Kontraksi
308.3,4.89237345459361,5.47957781503231,0.892837663728799,Kontraksi
308.4,4.61997948307238,5.47957781503231,0.843126904849901,Kontraksi
308.5,3.93503468755991,5.47957781503231,0.718127348564117,Kontraksi
308.6,4.26850888240077,5.47957781503231,0.778984992363979,Kontraksi
308.7,4.49026075061158,5.47957781503231,0.819453779503468,Kontraksi
308.8,4.18133850397364,5.47957781503231,0.763076763414662,Kontraksi
308.9,3.89543746685492,5.47957781503231,0.710901021638645,Kontraksi
309,4.49932664867715,5.47957781503231,0.821108267927867,Kontraksi
309.1,4.19128222354737,5.47957781503231,0.76489145058754,Kontraksi
309.2,3.77855059055835,5.47957781503231,0.689569656295878,Kontraksi
309.3,4.07768834273623,5.47957781503231,0.744161043128134,Kontraksi
309.4,4.21088236165453,5.47957781503231,0.768468393696806,Kontraksi
309.5,3.92644176590177,5.47957781503231,0.716559176353009,Kontraksi
309.6,3.90447154189105,5.47957781503231,0.712549702493463,Kontraksi
309.7,4.44827067733661,5.47957781503231,0.81179076700645,Kontraksi
309.8,4.28976604282428,5.47957781503231,0.782864335105529,Kontraksi
309.9,4.66263471078971,5.47957781503231,0.850911305246646,Kontraksi
310,4.5618077581708,5.47957781503231,0.83251080870797,Kontraksi
310.1,3.96246939507304,5.47957781503231,0.723134067774832,Kontraksi
310.2,4.17840448839656,5.47957781503231,0.762541317860985,Kontraksi
310.3,3.78192602579623,5.47957781503231,0.690185659088761,Kontraksi
310.4,3.79188266328648,5.47957781503231,0.692002703727299,Kontraksi
310.5,4.14664725266089,5.47957781503231,0.756745755354591,Kontraksi
310.6,3.98405863411269,5.47957781503231,0.727074013472916,Kontraksi
310.7,3.80746863342997,5.47957781503231,0.694847077996559,Kontraksi
310.8,4.13054884419357,5.47957781503231,0.753807863237582,Kontraksi
310.9,4.20190235856964,5.47957781503231,0.766829580746608,Kontraksi
311,4.32774042116773,5.47957781503231,0.789794500097305,Kontraksi
311.1,4.55590171681634,5.47957781503231,0.831432980898268,Kontraksi
311.2,4.36403428718018,5.47957781503231,0.79641797862751,Kontraksi
311.3,4.57478874428308,5.47957781503231,0.834879784302526,Kontraksi
311.4,4.43662757347575,5.47957781503231,0.809665949319051,Kontraksi
311.5,4.04082931611804,5.47957781503231,0.737434425154561,Kontraksi
311.6,3.83013998649296,5.47957781503231,0.69898450497146,Kontraksi
311.7,3.68182747781099,5.47957781503231,0.671918093344802,Kontraksi
311.8,4.00045343525783,5.47957781503231,0.730065996012184,Kontraksi
311.9,4.55139699869462,5.47957781503231,0.830610888709093,Kontraksi
312,4.10287573006749,5.47957781503231,0.748757635818571,Kontraksi
312.1,3.74802124765056,5.47957781503231,0.683998179087537,Kontraksi
312.2,4.11009390839753,5.47957781503231,0.750074923130423,Kontraksi
312.3,3.77528800349009,5.47957781503231,0.688974247821285,Kontraksi
312.4,4.0399558386296,5.47957781503231,0.737275019171487,Kontraksi
312.5,4.17973933548032,5.47957781503231,0.762784921862757,Kontraksi
312.6,3.76202619212099,5.47957781503231,0.686554022793598,Kontraksi
312.7,4.12962585992064,5.47957781503231,0.753639422473699,Kontraksi
312.8,4.16008403550358,5.47957781503231,0.759197911943339,Kontraksi
312.9,3.81326867750125,5.47957781503231,0.69590556174605,Kontraksi
313,3.86291995600687,5.47957781503231,0.704966712108658,Kontraksi
313.1,4.45710552558324,5.47957781503231,0.813403089806647,Kontraksi
313.2,4.63394410772893,5.47957781503231,0.845675390358811,Kontraksi
313.3,4.12310952507485,5.47957781503231,0.752450218658047,Kontraksi
313.4,4.10109399531722,5.47957781503231,0.748432476689455,Kontraksi
313.5,4.50352664285514,5.47957781503231,0.82187474927365,Kontraksi
313.6,4.30277466672213,5.47957781503231,0.785238354480191,Kontraksi
313.7,3.86381678223221,5.47957781503231,0.70513037913842,Kontraksi
313.8,4.32723193292009,5.47957781503231,0.789701703121916,Kontraksi
313.9,3.92484018598155,5.47957781503231,0.716266894725795,Kontraksi
314,3.75092649192775,5.47957781503231,0.68452837399949,Kontraksi
314.1,4.16171851946422,5.47957781503231,0.759496198420111,Kontraksi
314.2,3.86363878857424,5.47957781503231,0.705097896041369,Kontraksi
314.3,3.82350928800347,5.47957781503231,0.697774430269848,Kontraksi
314.4,3.8606276048654,5.47957781503231,0.704548367626866,Kontraksi
314.5,3.62928321044991,5.47957781503231,0.662328984633374,Kontraksi
314.6,3.80976084845202,5.47957781503231,0.695265397637127,Kontraksi
314.7,4.10833640384143,5.47957781503231,0.749754185910252,Kontraksi
314.8,4.13970424740007,5.47957781503231,0.755478685975309,Kontraksi
314.9,3.78690834124533,5.47957781503231,0.691094910789765,Kontraksi
315,3.55189131123433,5.47957781503231,0.648205287182948,Relaksasi
315.1,4.17034800055282,5.47957781503231,0.761071042574148,Kontraksi
315.2,4.35807784251066,5.47957781503231,0.795330952423926,Kontraksi
315.3,4.31548951906644,5.47957781503231,0.787558761776795,Kontraksi
315.4,4.55449133519929,5.47957781503231,0.831175592160549,Kontraksi
315.5,4.24672885685849,5.47957781503231,0.775010228928275,Kontraksi
315.6,4.05553153364628,5.47957781503231,0.740117518273141,Kontraksi
315.7,4.11012081025917,5.47957781503231,0.750079832607494,Kontraksi
315.8,4.09527830240952,5.47957781503231,0.747371137092863,Kontraksi
315.9,4.10353001251251,5.47957781503231,0.748877039624322,Kontraksi
316,4.18510588348787,5.47957781503231,0.763764294396318,Kontraksi
316.1,4.25271549879204,5.47957781503231,0.776102766006063,Kontraksi
316.2,3.92742761046425,5.47957781503231,0.716739088856446,Kontraksi
316.3,3.76108359639948,5.47957781503231,0.68638200302249,Kontraksi
316.4,3.98349779317826,5.47957781503231,0.726971662351467,Kontraksi
316.5,3.83412772307345,5.47957781503231,0.699712250194742,Kontraksi
316.6,3.67662230864885,5.47957781503231,0.670968171774594,Kontraksi
316.7,4.25895288983948,5.47957781503231,0.777241063746873,Kontraksi
316.8,4.04257202061199,5.47957781503231,0.737752461425379,Kontraksi
316.9,4.25950176508883,5.47957781503231,0.777341231180911,Kontraksi
317,4.44518906340936,5.47957781503231,0.811228385372084,Kontraksi
317.1,4.02381354328525,5.47957781503231,0.73432911788324,Kontraksi
317.2,4.21174809675876,5.47957781503231,0.768626386727191,Kontraksi
317.3,4.09961650222702,5.47957781503231,0.74816284038898,Kontraksi
317.4,3.83610785591576,5.47957781503231,0.700073616144667,Kontraksi
317.5,4.0018520882713,5.47957781503231,0.730321244328876,Kontraksi
317.6,4.27006449639607,5.47957781503231,0.779268885402422,Kontraksi
317.7,3.98908924958912,5.47957781503231,0.727992079726602,Kontraksi
317.8,3.54856551825657,5.47957781503231,0.64759834389461,Relaksasi
317.9,4.09294066328255,5.47957781503231,0.746944527743405,Kontraksi
318,4.24037388224269,5.47957781503231,0.773850472678739,Kontraksi
318.1,3.72067272629286,5.47957781503231,0.679007188489196,Kontraksi
318.2,3.48322430068168,5.47957781503231,0.63567384536926,Relaksasi
318.3,3.55867053590894,5.47957781503231,0.649442467291242,Relaksasi
318.4,3.8505200472289,5.47957781503231,0.702703780693767,Kontraksi
318.5,4.41392942653668,5.47957781503231,0.805523632573992,Kontraksi
318.6,4.33083852383026,5.47957781503231,0.790359890856796,Kontraksi
318.7,3.89909067752596,5.47957781503231,0.711567717284616,Kontraksi
318.8,4.35121849547434,5.47957781503231,0.794079150320211,Kontraksi
318.9,4.3648760082823,5.47957781503231,0.796571589203094,Kontraksi
319,3.98151461402138,5.47957781503231,0.726609740461894,Kontraksi
319.1,4.09453134535416,5.47957781503231,0.747234820558892,Kontraksi
319.2,4.1768399277438,5.47957781503231,0.762255792095029,Kontraksi
319.3,3.99249423668602,5.47957781503231,0.728613475609977,Kontraksi
319.4,3.81709149078548,5.47957781503231,0.696603209158546,Kontraksi
319.5,3.8483623773895,5.47957781503231,0.70231001498549,Kontraksi
319.6,4.05543269584593,5.47957781503231,0.74009948078856,Kontraksi
319.7,3.93951140866216,5.47957781503231,0.718944331414506,Kontraksi
319.8,4.03017245287471,5.47957781503231,0.735489592248986,Kontraksi
319.9,4.36785391057645,5.47957781503231,0.797115043898814,Kontraksi
320,4.38881251600202,5.47957781503231,0.800939901603741,Kontraksi
320.1,4.09485061958762,5.47957781503231,0.747293086769218,Kontraksi
320.2,3.65771017240027,5.47957781503231,0.66751678612282,Kontraksi
320.3,3.91950072907806,5.47957781503231,0.715292466205254,Kontraksi
320.4,4.17760595480417,5.47957781503231,0.762395588825037,Kontraksi
320.5,4.02471605574799,5.47957781503231,0.734493822627511,Kontraksi
320.6,4.1558412936937,5.47957781503231,0.758423629333786,Kontraksi
320.7,4.00030692749245,5.47957781503231,0.73003925895865,Kontraksi
320.8,4.46748191749471,5.47957781503231,0.815296737868913,Kontraksi
320.9,4.38269500487198,5.47957781503231,0.79982348144574,Kontraksi
321,3.69200681679971,5.47957781503231,0.673775780074024,Kontraksi
321.1,4.0239591552036,5.47957781503231,0.734355691448443,Kontraksi
321.2,4.20114800795858,5.47957781503231,0.766691914919691,Kontraksi
321.3,3.85456314746599,5.47957781503231,0.703441629552488,Kontraksi
321.4,3.82225045914564,5.47957781503231,0.697544699275907,Kontraksi
321.5,4.34756960047907,5.47957781503231,0.793413242266993,Kontraksi
321.6,4.16530901421293,5.47957781503231,0.760151448672943,Kontraksi
321.7,3.86091866743307,5.47957781503231,0.704601485326347,Kontraksi
321.8,3.76317477235289,5.47957781503231,0.686763633875086,Kontraksi
321.9,4.13427685064872,5.47957781503231,0.754488208800871,Kontraksi
322,4.76177111409996,5.47957781503231,0.869003283617368,Kontraksi
322.1,4.93621001492653,5.47957781503231,0.90083765237987,Kontraksi
322.2,4.57465775857562,5.47957781503231,0.834855879959549,Kontraksi
322.3,3.87942523043776,5.47957781503231,0.707978855559857,Kontraksi
322.4,4.26441523285577,5.47957781503231,0.778237918468291,Kontraksi
322.5,4.33191405460055,5.47957781503231,0.790556170717507,Kontraksi
322.6,4.30086823328085,5.47957781503231,0.784890438362265,Kontraksi
322.7,4.56739560220871,5.47957781503231,0.833530566840171,Kontraksi
322.8,4.62904490343449,5.47957781503231,0.844781306095421,Kontraksi
322.9,4.65335926238032,5.47957781503231,0.849218574762202,Kontraksi
323,4.27009133550197,5.47957781503231,0.779273783426834,Kontraksi
323.1,4.28633472867304,5.47957781503231,0.782238134645007,Kontraksi
323.2,4.03841733050363,5.47957781503231,0.736994247882548,Kontraksi
323.3,3.57058856407348,5.47957781503231,0.651617457512541,Kontraksi
323.4,4.07769167690968,5.47957781503231,0.744161651600823,Kontraksi
323.5,4.5787616894697,5.47957781503231,0.835604830158379,Kontraksi
323.6,4.17403452115397,5.47957781503231,0.761743817142847,Kontraksi
323.7,4.17577482318506,5.47957781503231,0.762061414974255,Kontraksi
323.8,4.18714933770337,5.47957781503231,0.764137216231626,Kontraksi
323.9,3.71731797564519,5.47957781503231,0.678394960547389,Kontraksi
324,4.20667047242824,5.47957781503231,0.76769974155453,Kontraksi
324.1,4.33754924072551,5.47957781503231,0.791584568582303,Kontraksi
324.2,3.87124805372155,5.47957781503231,0.706486555059302,Kontraksi
324.3,4.06643649376962,5.47957781503231,0.742107627820163,Kontraksi
324.4,4.13607914823039,5.47957781503231,0.754817120560592,Kontraksi
324.5,4.18072521392685,5.47957781503231,0.762964840549891,Kontraksi
324.6,4.34671679863236,5.47957781503231,0.793257609501933,Kontraksi
324.7,4.14303223688726,5.47957781503231,0.756086030117419,Kontraksi
324.8,3.83322191024693,5.47957781503231,0.699546943147904,Kontraksi
324.9,3.80886179525386,5.47957781503231,0.695101324194153,Kontraksi
325,4.28923105084595,5.47957781503231,0.782766701310302,Kontraksi
325.1,4.50225905571649,5.47957781503231,0.821643419930142,Kontraksi
325.2,4.52042019440232,5.47957781503231,0.824957751672273,Kontraksi
325.3,3.94832159702767,5.47957781503231,0.720552153889685,Kontraksi
325.4,3.91773045789897,5.47957781503231,0.714969399129862,Kontraksi
325.5,4.32868055419415,5.47957781503231,0.789966070436875,Kontraksi
325.6,4.26534570638893,5.47957781503231,0.778407725990799,Kontraksi
325.7,4.32546483210847,5.47957781503231,0.789379214625308,Kontraksi
325.8,3.97111913308285,5.47957781503231,0.724712608732144,Kontraksi
325.9,3.60243189424685,5.47957781503231,0.657428731893208,Kontraksi
326,4.11347201061283,5.47957781503231,0.750691412635513,Kontraksi
326.1,4.38113896680198,5.47957781503231,0.799539511015439,Kontraksi
326.2,4.33516128476091,5.47957781503231,0.79114877662073,Kontraksi
326.3,4.4516435751083,5.47957781503231,0.812406306722382,Kontraksi
326.4,4.08401738818434,5.47957781503231,0.745316067413171,Kontraksi
326.5,4.17585267533257,5.47957781503231,0.762075622665092,Kontraksi
326.6,4.57806471431748,5.47957781503231,0.835477635112384,Kontraksi
326.7,4.52640073797167,5.47957781503231,0.826049175824137,Kontraksi
326.8,4.40439433538963,5.47957781503231,0.803783518377439,Kontraksi
326.9,4.62598472770382,5.47957781503231,0.844222836842137,Kontraksi
327,4.87005158642417,5.47957781503231,0.888764016283151,Kontraksi
327.1,4.4810318170169,5.47957781503231,0.81776953777788,Kontraksi
327.2,4.06247518353115,5.47957781503231,0.741384705293612,Kontraksi
327.3,3.96932339837951,5.47957781503231,0.724384894670229,Kontraksi
327.4,3.77824358816052,5.47957781503231,0.689513629644156,Kontraksi
327.5,3.82057125894386,5.47957781503231,0.69723825227242,Kontraksi
327.6,4.39179593831794,5.47957781503231,0.801484363680314,Kontraksi
327.7,4.61360572905891,5.47957781503231,0.841963721438948,Kontraksi
327.8,4.22022295816655,5.47957781503231,0.770173013437107,Kontraksi
327.9,3.79537091662855,5.47957781503231,0.692639295351656,Kontraksi
328,3.71047839279088,5.47957781503231,0.677146765324109,Kontraksi
328.1,4.03933783421675,5.47957781503231,0.737162235954657,Kontraksi
328.2,4.5428741200784,5.47957781503231,0.82905549905976,Kontraksi
328.3,4.22132363787522,5.47957781503231,0.770373882873736,Kontraksi
328.4,3.9210316423953,5.47957781503231,0.715571851473411,Kontraksi
328.5,4.02070900181725,5.47957781503231,0.73376255206872,Kontraksi
328.6,3.57831144406091,5.47957781503231,0.653026850762919,Kontraksi
328.7,4.37765572752304,5.47957781503231,0.7989038344366,Kontraksi
328.8,4.59488206894502,5.47957781503231,0.838546731892323,Kontraksi
328.9,3.93707841140767,5.47957781503231,0.718500319606183,Kontraksi
329,3.82525545918501,5.47957781503231,0.698093099196632,Kontraksi
329.1,3.61627796200086,5.47957781503231,0.65995558126398,Kontraksi
329.2,3.74541631275012,5.47957781503231,0.683522789378991,Kontraksi
329.3,4.22121052839844,5.47957781503231,0.770353240867982,Kontraksi
329.4,4.31393144913521,5.47957781503231,0.78727442054033,Kontraksi
329.5,4.14648949359424,5.47957781503231,0.756716964985703,Kontraksi
329.6,3.79882642686943,5.47957781503231,0.693269911497192,Kontraksi
329.7,4.04947930169305,5.47957781503231,0.739013011291487,Kontraksi
329.8,4.24742248288691,5.47957781503231,0.775136812773205,Kontraksi
329.9,4.07836410943917,5.47957781503231,0.744284367720968,Kontraksi
330,4.37634469131766,5.47957781503231,0.798664575820401,Kontraksi
330.1,4.01888059544727,5.47957781503231,0.733428875564489,Kontraksi
330.2,3.41562551684529,5.47957781503231,0.623337350457017,Relaksasi
330.3,3.85185857615059,5.47957781503231,0.702948056615539,Kontraksi
330.4,4.2373500350978,5.47957781503231,0.773298633240198,Kontraksi
330.5,4.44958629052568,5.47957781503231,0.812030860903001,Kontraksi
330.6,4.38129945575165,5.47957781503231,0.799568799576544,Kontraksi
330.7,4.22166404894963,5.47957781503231,0.770436006469001,Kontraksi
330.8,4.11471923679632,5.47957781503231,0.750919026189986,Kontraksi
330.9,3.78681998326166,5.47957781503231,0.691078785827833,Kontraksi
331,4.20179628106693,5.47957781503231,0.766810222046669,Kontraksi
331.1,4.73257971963977,5.47957781503231,0.863675976396707,Kontraksi
331.2,4.78499946504537,5.47957781503231,0.873242360372822,Kontraksi
331.3,4.35521111229704,5.47957781503231,0.794807786167255,Kontraksi
331.4,4.11129564182186,5.47957781503231,0.750294234446894,Kontraksi
331.5,3.69709393010707,5.47957781503231,0.674704156945213,Kontraksi
331.6,3.51788819507675,5.47957781503231,0.641999860906439,Relaksasi
331.7,4.03306036758955,5.47957781503231,0.736016624588398,Kontraksi
331.8,4.14877693027355,5.47957781503231,0.757134412598735,Kontraksi
331.9,4.4180103115773,5.47957781503231,0.806268377001094,Kontraksi
332,4.92481103367754,5.47957781503231,0.898757386046629,Kontraksi
332.1,4.63717568307605,5.47957781503231,0.846265139324187,Kontraksi
332.2,3.81920764420269,5.47957781503231,0.696989398293665,Kontraksi
332.3,3.78622491310436,5.47957781503231,0.690970188016581,Kontraksi
332.4,4.2620025370126,5.47957781503231,0.777797611582503,Kontraksi
332.5,4.28575260138553,5.47957781503231,0.78213189885328,Kontraksi
332.6,3.99781667002755,5.47957781503231,0.729584797401764,Kontraksi
332.7,4.4716062521349,5.47957781503231,0.816049411665948,Kontraksi
332.8,4.3060053764528,5.47957781503231,0.785827945474192,Kontraksi
332.9,3.8364808114021,5.47957781503231,0.700141678958796,Kontraksi
333,4.15817851590061,5.47957781503231,0.758850162597077,Kontraksi
333.1,4.08584694820302,5.47957781503231,0.745649954453458,Kontraksi
333.2,4.03990437916619,5.47957781503231,0.737265628034952,Kontraksi
333.3,4.13688371136224,5.47957781503231,0.754963949962237,Kontraksi
333.4,4.13938318850405,5.47957781503231,0.755420094071544,Kontraksi
333.5,4.03539141394614,5.47957781503231,0.736442030784874,Kontraksi
333.6,3.86619021298446,5.47957781503231,0.705563520309578,Kontraksi
333.7,3.77554094148977,5.47957781503231,0.689020407946795,Kontraksi
333.8,4.27105120824212,5.47957781503231,0.779448956181478,Kontraksi
333.9,4.18727442312325,5.47957781503231,0.764160043796835,Kontraksi
334,3.84505279325669,5.47957781503231,0.701706029743465,Kontraksi
334.1,4.17446094920534,5.47957781503231,0.761821638476124,Kontraksi
334.2,4.2044395014864,5.47957781503231,0.767292598702079,Kontraksi
334.3,4.14556416198773,5.47957781503231,0.756548095843271,Kontraksi
334.4,4.32820705888376,5.47957781503231,0.789879659525965,Kontraksi
334.5,4.67199970235139,5.47957781503231,0.852620376981331,Kontraksi
334.6,4.42969791536808,5.47957781503231,0.808401315739315,Kontraksi
334.7,4.2275964874662,5.47957781503231,0.771518651650222,Kontraksi
334.8,4.33969806372651,5.47957781503231,0.791976719779627,Kontraksi
334.9,4.08223380140764,5.47957781503231,0.744990570296987,Kontraksi
335,3.66531094638692,5.47957781503231,0.668903895539498,Kontraksi
335.1,3.44956100031067,5.47957781503231,0.62953043405048,Relaksasi
335.2,3.64510199477817,5.47957781503231,0.665215846516212,Kontraksi
335.3,4.00919107793285,5.47957781503231,0.731660579202707,Kontraksi
335.4,4.06157070799819,5.47957781503231,0.741219642297249,Kontraksi
335.5,4.14713559700873,5.47957781503231,0.756834876152639,Kontraksi
335.6,4.59976945441461,5.47957781503231,0.839438659269682,Kontraksi
335.7,4.28930375696731,5.47957781503231,0.782779969872919,Kontraksi
335.8,3.79664936326705,5.47957781503231,0.692872606508401,Kontraksi
335.9,4.3343972990967,5.47957781503231,0.791009352436971,Kontraksi
336,4.78134891343621,5.47957781503231,0.872576149994507,Kontraksi
336.1,4.55540413268061,5.47957781503231,0.831342173877632,Kontraksi
336.2,4.17724047769585,5.47957781503231,0.762328890783572,Kontraksi
336.3,4.16985109578032,5.47957781503231,0.760980359534457,Kontraksi
336.4,4.31913837558183,5.47957781503231,0.788224662807597,Kontraksi
336.5,4.62897892988198,5.47957781503231,0.844769266198419,Kontraksi
336.6,4.55663736267569,5.47957781503231,0.831567233186344,Kontraksi
336.7,3.92227927511526,5.47957781503231,0.715799539219087,Kontraksi
336.8,3.51071905239479,5.47957781503231,0.640691522394977,Relaksasi
336.9,3.75527662755265,5.47957781503231,0.685322255530467,Kontraksi
337,4.02552370311613,5.47957781503231,0.734641214889362,Kontraksi
337.1,3.94195835545843,5.47957781503231,0.719390888955773,Kontraksi
337.2,4.13873681843265,5.47957781503231,0.755302134240837,Kontraksi
337.3,4.18106847041366,5.47957781503231,0.763027483421002,Kontraksi
337.4,4.26277410517398,5.47957781503231,0.777938419540237,Kontraksi
337.5,4.1287427988869,5.47957781503231,0.753478267533746,Kontraksi
337.6,3.78250605297571,5.47957781503231,0.690291511619569,Kontraksi
337.7,3.86480402486452,5.47957781503231,0.705310546783745,Kontraksi
337.8,4.11926380314375,5.47957781503231,0.751748390513451,Kontraksi
337.9,4.25226876576296,5.47957781503231,0.7760212390994,Kontraksi
338,4.49226187565269,5.47957781503231,0.819818976441746,Kontraksi
338.1,4.50939726915054,5.47957781503231,0.822946113983408,Kontraksi
338.2,4.31762493569752,5.47957781503231,0.787948466367761,Kontraksi
338.3,4.23499427813803,5.47957781503231,0.772868717462143,Kontraksi
338.4,3.82899721436303,5.47957781503231,0.698775953844256,Kontraksi
338.5,3.72973170421242,5.47957781503231,0.680660414015935,Kontraksi
338.6,4.38434067027194,5.47957781503231,0.800123808488353,Kontraksi
338.7,4.61984259313015,5.47957781503231,0.843101923008808,Kontraksi
338.8,3.86241838579928,5.47957781503231,0.704875177646602,Kontraksi
338.9,3.6735382278514,5.47957781503231,0.670405339946749,Kontraksi
339,4.74020515815464,5.47957781503231,0.865067586986478,Kontraksi
339.1,4.61811847247002,5.47957781503231,0.842787278209824,Kontraksi
339.2,4.08683721099656,5.47957781503231,0.745830673265557,Kontraksi
339.3,4.35946050143636,5.47957781503231,0.795583281886591,Kontraksi
339.4,4.05521922384008,5.47957781503231,0.740060523041622,Kontraksi
339.5,4.01883981762656,5.47957781503231,0.733421433783008,Kontraksi
339.6,4.09361874354585,5.47957781503231,0.747068274551314,Kontraksi
339.7,4.10747525737851,5.47957781503231,0.749597030287687,Kontraksi
339.8,4.18626500762525,5.47957781503231,0.763975829696392,Kontraksi
339.9,4.08507215340077,5.47957781503231,0.745508557647279,Kontraksi
340,4.2532657022959,5.47957781503231,0.776203175840988,Kontraksi
340.1,4.13394301165655,5.47957781503231,0.754427284583087,Kontraksi
340.2,3.97469988814963,5.47957781503231,0.725366081533819,Kontraksi
340.3,3.78708986273776,5.47957781503231,0.691128037701829,Kontraksi
340.4,3.65787700419692,5.47957781503231,0.667547232226933,Kontraksi
340.5,3.83414898229711,5.47957781503231,0.699716129914017,Kontraksi
340.6,4.02496842275669,5.47957781503231,0.734539878549558,Kontraksi
340.7,4.25821424130527,5.47957781503231,0.777106263483214,Kontraksi
340.8,3.82770000576375,5.47957781503231,0.698539218708253,Kontraksi
340.9,3.83174800512847,5.47957781503231,0.699277961637246,Kontraksi
341,4.41941830278968,5.47957781503231,0.806525329499973,Kontraksi
341.1,4.64017675686323,5.47957781503231,0.846812822720334,Kontraksi
341.2,4.26040930588968,5.47957781503231,0.777506853575827,Kontraksi
341.3,3.7657768569795,5.47957781503231,0.687238503420596,Kontraksi
341.4,3.81877048105862,5.47957781503231,0.696909617850934,Kontraksi
341.5,3.94371964416196,5.47957781503231,0.719712316767,Kontraksi
341.6,4.40549499940074,5.47957781503231,0.803984384949328,Kontraksi
341.7,4.34784775029973,5.47957781503231,0.793464003444231,Kontraksi
341.8,4.11274132680189,5.47957781503231,0.750558065900491,Kontraksi
341.9,4.06678208719347,5.47957781503231,0.742170697172496,Kontraksi
342,3.72801623255194,5.47957781503231,0.680347347623159,Kontraksi
342.1,4.08087913862388,5.47957781503231,0.744743350012963,Kontraksi
342.2,4.29644142274056,5.47957781503231,0.784082563980382,Kontraksi
342.3,4.31995156397949,5.47957781503231,0.788373066284126,Kontraksi
342.4,4.1892621245875,5.47957781503231,0.76452279098856,Kontraksi
342.5,4.14778468320464,5.47957781503231,0.756953331664691,Kontraksi
342.6,3.82526530913883,5.47957781503231,0.698094896771946,Kontraksi
342.7,3.34329009710629,5.47957781503231,0.610136439331974,Relaksasi
342.8,3.73147709064187,5.47957781503231,0.680978939728748,Kontraksi
342.9,4.34324984627203,5.47957781503231,0.792624905217523,Kontraksi
343,4.66301761074786,5.47957781503231,0.85098118288523,Kontraksi
343.1,4.30591018192278,5.47957781503231,0.785810572871186,Kontraksi
343.2,3.60367008715893,5.47957781503231,0.657654696913484,Kontraksi
343.3,3.68803181755209,5.47957781503231,0.67305035936064,Kontraksi
343.4,3.85911144177203,5.47957781503231,0.704271674212783,Kontraksi
343.5,3.58000327174639,5.47957781503231,0.65333560222929,Kontraksi
343.6,3.69084903538802,5.47957781503231,0.673564489815764,Kontraksi
343.7,4.25063746009371,5.47957781503231,0.775723532647496,Kontraksi
343.8,4.27944098027638,5.47957781503231,0.780980054437122,Kontraksi
343.9,4.07300775846841,5.47957781503231,0.743306856103912,Kontraksi
344,3.77650276355242,5.47957781503231,0.689195936444631,Kontraksi
344.1,3.3078554483068,5.47957781503231,0.603669764344297,Relaksasi
344.2,4.22555829519504,5.47957781503231,0.771146690097715,Kontraksi
344.3,4.49397402723595,5.47957781503231,0.820131436934335,Kontraksi
344.4,4.05451058435603,5.47957781503231,0.739931199303922,Kontraksi
344.5,4.11229425679361,5.47957781503231,0.750476477496536,Kontraksi
344.6,4.15532903545386,5.47957781503231,0.758330144350611,Kontraksi
344.7,4.06496914134383,5.47957781503231,0.741839842148471,Kontraksi
344.8,4.02900979241684,5.47957781503231,0.735277411585236,Kontraksi
344.9,3.90460958507103,5.47957781503231,0.712574894795613,Kontraksi
345,3.82402163657021,5.47957781503231,0.697867931737304,Kontraksi
345.1,3.8080861398275,5.47957781503231,0.694959770327678,Kontraksi
345.2,4.22536679655067,5.47957781503231,0.771111742397211,Kontraksi
345.3,4.57570490001636,5.47957781503231,0.835046978886526,Kontraksi
345.4,4.27236383063174,5.47957781503231,0.779688504269657,Kontraksi
345.5,3.89739159378221,5.47957781503231,0.711257641618003,Kontraksi
345.6,4.04036650937508,5.47957781503231,0.737349964862439,Kontraksi
345.7,3.98515169988456,5.47957781503231,0.727273493397969,Kontraksi
345.8,4.06815611891237,5.47957781503231,0.742421452206055,Kontraksi
345.9,4.87368281423668,5.47957781503231,0.889426700149515,Kontraksi
346,4.62114649830334,5.47957781503231,0.843339880241502,Kontraksi
346.1,4.04874872194867,5.47957781503231,0.738879683548174,Kontraksi
346.2,3.74734613706953,5.47957781503231,0.683874974234202,Kontraksi
346.3,3.55015763855709,5.47957781503231,0.64788889918085,Relaksasi
346.4,3.75342479955093,5.47957781503231,0.684984304676545,Kontraksi
346.5,3.70067575514188,5.47957781503231,0.675357825011571,Kontraksi
346.6,3.61716109612244,5.47957781503231,0.660116749542156,Kontraksi
346.7,4.17461977337876,5.47957781503231,0.761850623222537,Kontraksi
346.8,4.47149746723596,5.47957781503231,0.816029558877539,Kontraksi
346.9,4.12847457058639,5.47957781503231,0.753429316992379,Kontraksi
347,3.95550901702033,5.47957781503231,0.721863827933796,Kontraksi
347.1,4.21398139965095,5.47957781503231,0.769033955150812,Kontraksi
347.2,3.91973909516804,5.47957781503231,0.715335967018278,Kontraksi
347.3,4.13693513819783,5.47957781503231,0.75497333514433,Kontraksi
347.4,4.85084501750302,5.47957781503231,0.885258897901867,Kontraksi
347.5,4.53409650115505,5.47957781503231,0.827453620371356,Kontraksi
347.6,4.18673780703684,5.47957781503231,0.764062113608683,Kontraksi
347.7,3.98279567376826,5.47957781503231,0.726843528499973,Kontraksi
347.8,4.36371047678008,5.47957781503231,0.796358884585774,Kontraksi
347.9,4.37006444191591,5.47957781503231,0.797518456609442,Kontraksi
348,3.78445203782066,5.47957781503231,0.690646645703004,Kontraksi
348.1,3.72384426145921,5.47957781503231,0.679585980373061,Kontraksi
348.2,3.9926187464531,5.47957781503231,0.728636198120959,Kontraksi
348.3,4.37317345822513,5.47957781503231,0.798085839063743,Kontraksi
348.4,4.98524178732516,5.47957781503231,0.909785745472759,Kontraksi
348.5,4.86500140992154,5.47957781503231,0.887842380224115,Kontraksi
348.6,3.88899566003678,5.47957781503231,0.709725418875879,Kontraksi
348.7,4.21392041037727,5.47957781503231,0.76902282486382,Kontraksi
348.8,4.50282716755308,5.47957781503231,0.821747097960781,Kontraksi
348.9,4.29257879078416,5.47957781503231,0.783377649826996,Kontraksi
349,4.13685750585547,5.47957781503231,0.754959167567013,Kontraksi
349.1,3.74348397902813,5.47957781503231,0.683170146568318,Kontraksi
349.2,3.85814381625829,5.47957781503231,0.704095086609431,Kontraksi
349.3,4.44871542872886,5.47957781503231,0.811871932272692,Kontraksi
349.4,4.21894476027241,5.47957781503231,0.769939747675164,Kontraksi
349.5,4.28397329549222,5.47957781503231,0.781807182980383,Kontraksi
349.6,4.35504236079946,5.47957781503231,0.794776989725763,Kontraksi
349.7,3.49443294492421,5.47957781503231,0.63771937599605,Relaksasi
349.8,3.89821611109096,5.47957781503231,0.711408112573354,Kontraksi
349.9,4.61953031872124,5.47957781503231,0.843044934237145,Kontraksi
350,4.63229569857326,5.47957781503231,0.845374562592273,Kontraksi
350.1,4.59153982096547,5.47957781503231,0.83793678563508,Kontraksi
350.2,4.45302223211141,5.47957781503231,0.812657905850937,Kontraksi
350.3,4.21204929911341,5.47957781503231,0.768681354895327,Kontraksi
350.4,4.02879467310262,5.47957781503231,0.73523815321142,Kontraksi
350.5,3.87690618487712,5.47957781503231,0.707519140296077,Kontraksi
350.6,3.90739039729388,5.47957781503231,0.713082381378837,Kontraksi
350.7,3.77315064016381,5.47957781503231,0.688584187966598,Kontraksi
350.8,4.26054654595903,5.47957781503231,0.777531899313652,Kontraksi
350.9,4.29603216185873,5.47957781503231,0.784007875583641,Kontraksi
351,4.10886266089786,5.47957781503231,0.74985022561882,Kontraksi
351.1,4.28533753523653,5.47957781503231,0.782056151019595,Kontraksi
351.2,4.27865395569605,5.47957781503231,0.780836425747668,Kontraksi
351.3,4.34742087598653,5.47957781503231,0.793386100670037,Kontraksi
351.4,4.19461672151984,5.47957781503231,0.765499982500951,Kontraksi
351.5,4.09542901652933,5.47957781503231,0.74739864178846,Kontraksi
351.6,4.10450976674665,5.47957781503231,0.749055840668347,Kontraksi
351.7,3.91653602186457,5.47957781503231,0.714751419556485,Kontraksi
351.8,3.66736594756483,5.47957781503231,0.669278924647081,Kontraksi
351.9,3.79234499946253,5.47957781503231,0.692087078142929,Kontraksi
352,4.05061919753252,5.47957781503231,0.739221037507728,Kontraksi
352.1,4.11291406738629,5.47957781503231,0.750589590333619,Kontraksi
352.2,4.33981653081686,5.47957781503231,0.791998339527417,Kontraksi
352.3,4.16767534944601,5.47957781503231,0.76058329494157,Kontraksi
352.4,3.97655157025327,5.47957781503231,0.725704005761952,Kontraksi
352.5,4.39524352986268,5.47957781503231,0.802113534696973,Kontraksi
352.6,4.73392772567833,5.47957781503231,0.863921981852613,Kontraksi
352.7,4.25888252860315,5.47957781503231,0.777228223115951,Kontraksi
352.8,4.14443834187356,5.47957781503231,0.75634263838794,Kontraksi
352.9,4.25266937125184,5.47957781503231,0.776094347923183,Kontraksi
353,3.50096242339511,5.47957781503231,0.638910978468231,Relaksasi
353.1,3.70340531485678,5.47957781503231,0.675855958226764,Kontraksi
353.2,4.06839997693474,5.47957781503231,0.742465955273738,Kontraksi
353.3,3.88898902650315,5.47957781503231,0.709724208283776,Kontraksi
353.4,3.57359456936649,5.47957781503231,0.652166040887844,Kontraksi
353.5,4.04335094403198,5.47957781503231,0.737894611687001,Kontraksi
353.6,4.63042739710659,5.47957781503231,0.845033605399996,Kontraksi
353.7,4.62948924733372,5.47957781503231,0.844862396995893,Kontraksi
353.8,4.06940516249115,5.47957781503231,0.742649397427557,Kontraksi
353.9,4.04397257310932,5.47957781503231,0.73800805638992,Kontraksi
354,4.69144336546504,5.47957781503231,0.856168764059677,Kontraksi
354.1,4.28450364697131,5.47957781503231,0.781903969903938,Kontraksi
354.2,3.49767765228882,5.47957781503231,0.638311521499617,Relaksasi
354.3,3.50580902146897,5.47957781503231,0.639795462316707,Relaksasi
354.4,3.88501661114104,5.47957781503231,0.708999259118676,Kontraksi
354.5,4.20531223564173,5.47957781503231,0.767451869029974,Kontraksi
354.6,4.06701567704319,5.47957781503231,0.742213326341677,Kontraksi
354.7,4.32472813089634,5.47957781503231,0.789244769739773,Kontraksi
354.8,4.48628469452357,5.47957781503231,0.81872816592114,Kontraksi
354.9,3.96787861546113,5.47957781503231,0.724121227839107,Kontraksi
355,3.83780249393758,5.47957781503231,0.700382880485647,Kontraksi
355.1,3.98868609159366,5.47957781503231,0.727918505081059,Kontraksi
355.2,4.20238138070057,5.47957781503231,0.766917000279115,Kontraksi
355.3,3.90868491429082,5.47957781503231,0.713318625308686,Kontraksi
355.4,3.62035634715346,5.47957781503231,0.660699869471989,Kontraksi
355.5,4.03114452983723,5.47957781503231,0.735666992223097,Kontraksi
355.6,4.18391770007764,5.47957781503231,0.763547455900665,Kontraksi
355.7,4.08751311325509,5.47957781503231,0.745954022596718,Kontraksi
355.8,3.71416711729261,5.47957781503231,0.677819942095431,Kontraksi
355.9,3.57004501345087,5.47957781503231,0.65151826180058,Kontraksi
356,4.15222448365663,5.47957781503231,0.75776357665105,Kontraksi
356.1,4.17106510619421,5.47957781503231,0.761201911350102,Kontraksi
