WaktuNyata,ElapsedTime,Raw,Filtered,RMS,RMSNorm,Class
22-09-2026 08:55:40,0.0262003,1390.92,15.0469221577398,15.0469221577398,1.15745555059537,Kontraksi
22-09-2026 08:55:40,0.2351149,1394.14,15.404827484079,15.2269264172931,1.17130203209947,Kontraksi
22-09-2026 08:55:40,0.2354548,1390.11,8.72163747620534,13.4137434061943,1.0318264158611,Kontraksi
22-09-2026 08:55:40,0.2357251,1385.27,3.03628515128172,11.7154232106821,0.901186400821703,Kontraksi
22-09-2026 08:55:40,0.236001,1402.2,20.8231316585018,14.018611743599,1.07835474950762,Kontraksi
22-09-2026 08:55:40,0.2362831,1399.78,16.4148266949959,14.4456101262379,1.11120077894138,Kontraksi
22-09-2026 08:55:40,0.2365378,1407.84,24.0540096725711,16.17162105508,1.24397085039077,Kontraksi
22-09-2026 08:55:40,0.236791,1403,18.1112362003219,16.4266025456712,1.26358481120547,Kontraksi
22-09-2026 08:55:40,0.250093,1387.69,3.70628088205564,15.536346944877,1.19510361114438,Kontraksi
22-09-2026 08:55:40,0.2584888,1394.95,15.4014100032552,15.5229060346723,1.19406969497479,Kontraksi
22-09-2026 08:55:40,0.2587628,1392.53,15.5509949617795,15.5254616734574,1.19426628257365,Kontraksi
22-09-2026 08:55:40,0.259021,1396.56,22.227128661656,16.19023576742,1.24540275134,Kontraksi
22-09-2026 08:55:40,0.2592745,1388.5,15.3893341499779,16.1300398588745,1.2407722968365,Kontraksi
22-09-2026 08:55:40,0.259527,1388.5,17.637064646402,16.2423222859664,1.2494094066128,Kontraksi
22-09-2026 08:55:40,0.3344777,1387.69,18.1535719247605,16.3766798405624,1.25974460312019,Kontraksi
22-09-2026 08:55:40,0.3348315,1393.33,24.3978314820889,16.9893143255413,1.30687033273394,Kontraksi
22-09-2026 08:55:40,0.3351908,1389.3,19.1011018173934,17.1207492116697,1.31698070858997,Kontraksi
22-09-2026 08:55:40,0.3354622,1392.53,21.5112864245037,17.393767009906,1.33798207768508,Kontraksi
22-09-2026 08:55:40,0.3357187,1392.53,19.7538115545601,17.525904774664,1.348146521128,Kontraksi
22-09-2026 08:55:40,0.3359986,1397.36,22.8529377536879,17.8300956099724,1.37154581615172,Kontraksi
22-09-2026 08:55:40,0.3362718,1403.81,26.8446859506341,18.3600022733209,1.41230786717853,Kontraksi
22-09-2026 08:55:40,0.3365407,1405.42,25.3392453105402,18.7337331933492,1.4410563994884,Kontraksi
22-09-2026 08:55:40,0.441166,1390.11,7.60636085336066,18.3904718138669,1.41465167798976,Kontraksi
22-09-2026 08:55:40,0.4414905,1394.14,13.2301627325177,18.2046864814067,1.40036049856975,Kontraksi
22-09-2026 08:55:40,0.4417752,1386.89,6.99567978383892,17.8916675275498,1.37628211750383,Kontraksi
22-09-2026 08:55:40,0.442041,1396.56,19.257897606672,17.9461382101882,1.38047217001447,Kontraksi
22-09-2026 08:55:40,0.442359,1396.56,19.6561076662987,18.0123654663572,1.38556657433517,Kontraksi
22-09-2026 08:55:40,0.4426785,1398.17,21.6854077195157,18.1563450830452,1.39664192946501,Kontraksi
22-09-2026 08:55:40,0.4429396,1393.33,16.9344178591817,18.1155817650676,1.39350628962059,Kontraksi
22-09-2026 08:55:40,0.4431919,1405.42,30.0636841358724,18.6376678456472,1.43366675735748,Kontraksi
22-09-2026 08:55:40,0.443459,1406.23,29.3614530026432,19.0779173173244,1.46753210133264,Kontraksi
22-09-2026 08:55:40,0.4437083,1408.64,30.4838850707607,19.535418197768,1.50272447675139,Kontraksi
22-09-2026 08:55:40,0.4439851,1406.23,26.7900932786006,19.7943603470022,1.52264310361555,Kontraksi
22-09-2026 08:55:40,0.444242,1401.39,21.7116071551797,19.8533928322169,1.52718406401669,Kontraksi
22-09-2026 08:55:40,0.4444888,1400.59,22.0059364074972,19.9181225976186,1.53216327673989,Kontraksi
22-09-2026 08:55:40,0.4447355,1399.78,22.4950633495757,19.9941895369235,1.53801457976335,Kontraksi
22-09-2026 08:55:40,0.456245,1405.42,29.4747054696033,20.3086936590693,1.56220720454379,Kontraksi
22-09-2026 08:55:40,0.4565931,1393.33,17.3990565580988,20.2374844886095,1.55672957604688,Kontraksi
22-09-2026 08:55:40,0.4657549,1405.42,31.7997687504918,20.6151207094855,1.58577851611427,Kontraksi
22-09-2026 08:55:40,0.4661169,1397.36,23.0871019105527,20.6805217217965,1.59080936321512,Kontraksi
22-09-2026 08:55:40,0.4663927,1392.53,19.0983266470137,20.6433744335443,1.58795187950341,Kontraksi
22-09-2026 08:55:40,0.4666617,1401.39,29.3144014632092,20.8916931323309,1.60705331787161,Kontraksi
22-09-2026 08:55:40,0.4669508,1406.23,33.1915041027482,21.2587138390481,1.63528567992677,Kontraksi
22-09-2026 08:55:40,0.4672023,1390.11,15.0874751373145,21.1384759125887,1.62603660866067,Kontraksi
22-09-2026 08:55:40,0.4724711,1392.53,18.8767655908545,21.0908508289912,1.62237314069163,Kontraksi
22-09-2026 08:55:40,0.4727923,1390.11,16.8848083943405,21.0083711294568,1.61602854841975,Kontraksi
22-09-2026 08:55:40,0.4730503,1392.53,19.8485616963758,20.9843617796239,1.61418167535568,Kontraksi
22-09-2026 08:55:40,0.4733273,1398.17,25.1525878897489,21.0796081975389,1.62150832288761,Kontraksi
22-09-2026 08:55:40,0.473578,1381.25,6.60400182414465,20.8847210847769,1.6065170065213,Kontraksi
22-09-2026 08:55:40,0.4738383,1390.92,18.0481365565828,20.8317749593367,1.60244422764129,Kontraksi
22-09-2026 08:55:40,0.4741205,1387.69,14.1202922837347,20.7210819291304,1.59392937916388,Kontraksi
22-09-2026 08:55:40,0.4744081,1386.89,13.1402848424941,20.6016206129436,1.58474004714951,Kontraksi
22-09-2026 08:55:40,0.4746689,1392.53,18.5758526961557,20.5652456605302,1.58194197388694,Kontraksi
22-09-2026 08:55:40,0.4750991,1393.33,17.9468992283323,20.5197942525619,1.57844571173553,Kontraksi
22-09-2026 08:55:40,0.47536,1394.14,17.3956923115585,20.4672491130418,1.57440377792629,Kontraksi
22-09-2026 08:55:40,0.4951309,1379.63,1.71082099005258,20.2849709727697,1.56038238252074,Kontraksi
22-09-2026 08:55:40,0.4957099,1382.05,6.13600035590011,20.1226646908622,1.54789728391247,Kontraksi
22-09-2026 08:55:40,0.4961422,1377.22,2.47310479644725,19.9510821589672,1.53469862761286,Kontraksi
22-09-2026 08:55:40,0.4965586,1379.63,6.6353982149345,19.8001360677034,1.52308738982334,Kontraksi
22-09-2026 08:55:40,0.5244815,1377.22,4.90368851064104,19.6446447624978,1.51112652019214,Kontraksi
22-09-2026 08:55:40,0.5248141,1371.58,-0.0781935872706008,19.4829602662535,1.49868925125027,Kontraksi
22-09-2026 08:55:40,0.5250816,1381.25,10.7839161982772,19.3736697913783,1.49028229164448,Kontraksi
22-09-2026 08:55:40,0.5253444,1377.22,5.35067219850251,19.2311143089263,1.47931648530202,Kontraksi
22-09-2026 08:55:40,0.525643,1382.05,9.41669899445469,19.1165532598798,1.47050409691383,Kontraksi
22-09-2026 08:55:40,0.5259057,1379.63,5.14105899035915,18.9796479800228,1.45997292154021,Kontraksi
22-09-2026 08:55:40,0.5262061,1382.05,6.38121530749675,18.8516848144908,1.45012960111467,Kontraksi
22-09-2026 08:55:40,0.5321049,1379.63,2.52439591589518,18.7130132378608,1.43946255675852,Kontraksi
22-09-2026 08:55:40,0.5324054,1378.02,0.330487051680547,18.574951167379,1.42884239749069,Kontraksi
22-09-2026 08:55:40,0.5326692,1380.44,2.76115636270444,18.4428546014456,1.41868112318812,Kontraksi
22-09-2026 08:55:40,0.5572853,1373.99,-3.96382399917629,18.3167741328429,1.4089826256033,Kontraksi
22-09-2026 08:55:40,0.5575901,1379.63,2.8834574078796,18.1905444215324,1.39927264781019,Kontraksi
22-09-2026 08:55:40,0.5578757,1370.77,-5.98535312084984,18.0775466174951,1.39058050903809,Kontraksi
22-09-2026 08:55:40,0.5581325,1375.6,0.608538326941929,17.953442117348,1.38103400902677,Kontraksi
22-09-2026 08:55:40,0.5584145,1378.02,3.45316308029912,17.8362402326448,1.37201847943421,Kontraksi
22-09-2026 08:55:40,0.5586632,1379.63,4.81871550328988,17.7256681966054,1.36351293820042,Kontraksi
22-09-2026 08:55:40,0.5589138,1378.02,2.59985902501028,17.6111910231001,1.35470700177693,Kontraksi
22-09-2026 08:55:40,0.5591924,1375.6,-0.0523006974463209,17.4964599308175,1.34588153313981,Kontraksi
22-09-2026 08:55:40,0.5594444,1378.02,2.61784977349258,17.3864682189253,1.33742063222503,Kontraksi
22-09-2026 08:55:40,0.5597503,1377.22,1.51402081858875,17.2769165801941,1.32899358309185,Kontraksi
22-09-2026 08:55:40,0.5600192,1378.02,2.20324266641462,17.1703633309137,1.32079717930106,Kontraksi
22-09-2026 08:55:40,0.5602667,1378.02,1.95553376700061,17.0654275684304,1.31272519757157,Kontraksi
22-09-2026 08:55:40,0.560514,1369.16,-7.08678922301588,16.9790964908908,1.30608434545314,Kontraksi
22-09-2026 08:55:40,0.5692227,1377.22,2.54700809047816,16.8788182997497,1.29837063844229,Kontraksi
22-09-2026 08:55:40,0.5695119,1367.55,-7.49762704928877,16.7979797923084,1.29215229171603,Kontraksi
22-09-2026 08:55:40,0.5697727,1377.22,3.62700188566076,16.7035091949932,1.28488532269179,Kontraksi
22-09-2026 08:55:40,0.5898594,1375.6,1.12399483563223,16.6065541193077,1.27742723994674,Kontraksi
22-09-2026 08:55:40,0.5903673,1382.05,7.02956641364754,16.5280297689158,1.27138690530121,Kontraksi
22-09-2026 08:55:40,0.6412452,1378.83,2.05813126105697,16.4353166451631,1.26425512655101,Kontraksi
22-09-2026 08:55:40,0.6415753,1372.38,-5.11118618717244,16.3517005775389,1.25782312134914,Kontraksi
22-09-2026 08:55:40,0.6418456,1382.86,6.17113840888398,16.2736101633759,1.25181616641353,Kontraksi
22-09-2026 08:55:40,0.6421091,1379.63,1.67837194726997,16.1849040469616,1.24499261899704,Kontraksi
22-09-2026 08:55:40,0.6424213,1386.89,8.73233944461175,16.1224275272013,1.24018673286164,Kontraksi
22-09-2026 08:55:40,0.6427939,1377.22,-2.26216118074037,16.0372291855158,1.23363301427045,Kontraksi
22-09-2026 08:55:40,0.6432268,1378.83,0.466053537887001,15.9517691145657,1.2270591626589,Kontraksi
22-09-2026 08:55:40,0.6435148,1378.83,1.30963255675718,15.8681592135647,1.22062763181267,Kontraksi
22-09-2026 08:55:40,0.6437747,1370.77,-5.90609698409961,15.7968012585335,1.21513855834873,Kontraksi
22-09-2026 08:55:40,0.6440354,1377.22,2.83901517391387,15.7178069898515,1.20906207614243,Kontraksi
22-09-2026 08:55:40,0.6442874,1372.38,-1.51410033170033,15.6381564323718,1.20293511018244,Kontraksi
22-09-2026 08:55:40,0.6650887,1378.02,5.24647993600586,15.5679077238217,1.1975313633709,Kontraksi
22-09-2026 08:55:40,0.665399,1382.86,9.61803504331341,15.5197042294432,1.19382340226486,Kontraksi
22-09-2026 08:55:40,0.6656931,1378.83,4.02941069680112,15.4478868712572,1.18829899009671,Kontraksi
22-09-2026 08:55:40,0.6659506,1372.38,-3.02320910215627,15.3748897272559,1.18268382517353,Kontraksi
22-09-2026 08:55:40,0.6662042,1375.6,0.888813648574501,15.3003229455353,1.17694791888733,Kontraksi
22-09-2026 08:55:40,0.6755256,1378.02,3.14363023294913,15.229706005522,1.17151584657862,Kontraksi
22-09-2026 08:55:40,0.6758247,1375.6,0.0318026761040233,15.157010414148,1.16592387801139,Kontraksi
22-09-2026 08:55:40,0.6761227,1375.6,-0.0986281943145327,15.0853487024984,1.16041143865372,Kontraksi
22-09-2026 08:55:40,0.6763839,1378.83,3.00866729410224,15.0175078819517,1.15519291399628,Kontraksi
22-09-2026 08:55:40,0.6766492,1377.22,0.679875724038591,14.947963855625,1.14984337350961,Kontraksi
22-09-2026 08:55:40,0.6769006,1372.38,-4.37129395515275,14.885126971745,1.14500976705731,Kontraksi
22-09-2026 08:55:40,0.6771597,1379.63,3.71414818538247,14.8215440362163,1.14011877201664,Kontraksi
22-09-2026 08:55:40,0.6802581,1371.58,-5.03324147796215,14.762361428113,1.135566263701,Kontraksi
22-09-2026 08:55:40,0.6806456,1382.05,6.47488880874248,14.7090400236634,1.13146461720488,Kontraksi
22-09-2026 08:55:40,0.6809047,1379.63,2.87593912401033,14.6463101060437,1.12663923892644,Kontraksi
22-09-2026 08:55:40,0.6811714,1375.6,-1.56358105842158,14.5826657354032,1.12174351810794,Kontraksi
22-09-2026 08:55:40,0.6814438,1382.05,5.4470614298447,14.5280066655611,1.11753897427393,Kontraksi
22-09-2026 08:55:40,0.681718,1378.83,1.52597471679312,14.4659442614113,1.11276494318549,Kontraksi
22-09-2026 08:55:40,0.681973,1379.63,2.50964314130761,14.4058598417007,1.10814306474621,Kontraksi
22-09-2026 08:55:40,0.6822188,1385.27,8.26797662982157,14.3648667387089,1.10498974913145,Kontraksi
22-09-2026 08:55:40,0.6824647,1380.44,2.57098875920925,14.3063242643533,1.10048648187333,Kontraksi
22-09-2026 08:55:40,0.8294721,1374.8,-2.65873880675678,14.2486571451794,1.09605054962918,Kontraksi
22-09-2026 08:55:40,0.8297862,1379.63,3.73095920814025,14.1937093822957,1.09182379863813,Kontraksi
22-09-2026 08:55:40,0.8388951,1375.6,0.0483676707678198,14.1354194266896,1.0873399558992,Kontraksi
22-09-2026 08:55:40,0.8392116,1388.5,13.9639929787922,14.1340340989201,1.08723339222462,Kontraksi
22-09-2026 08:55:40,0.8394834,1379.63,3.33181703318164,14.0801061194691,1.08308508611301,Kontraksi
22-09-2026 08:55:40,0.8397587,1375.6,-0.399337255087503,14.0237180872539,1.07874754517338,Kontraksi
22-09-2026 08:55:40,0.8400615,1373.99,-0.989128696293179,13.9682355066785,1.07447965435989,Kontraksi
22-09-2026 08:55:40,0.8403139,1378.83,4.89584327152997,13.919914720744,1.07076267082646,Kontraksi
22-09-2026 08:55:40,0.8405654,1378.02,3.82184094995231,13.8695478446179,1.06688829573984,Kontraksi
22-09-2026 08:55:40,0.8408327,1384.47,10.047138780799,13.8439763148782,1.06492125499063,Kontraksi
22-09-2026 08:55:40,0.860738,1373.19,-2.78445027670194,13.7927896185581,1.06098381681216,Kontraksi
22-09-2026 08:55:40,0.8610531,1380.44,5.3624739903268,13.7480302648356,1.05754078960274,Kontraksi
22-09-2026 08:55:40,0.8614293,1372.38,-3.42752461791966,13.6991041407873,1.05377724159902,Kontraksi
22-09-2026 08:55:40,0.861748,1382.05,7.17688395018806,13.661687724087,1.050899055699,Kontraksi
22-09-2026 08:55:40,0.8621976,1374.8,-1.25294483600123,13.6110461879627,1.04700355292021,Kontraksi
22-09-2026 08:55:40,0.8960599,1371.58,-4.03323476693295,13.564983373328,1.04346025948677,Kontraksi
22-09-2026 08:55:40,0.9033381,1379.63,4.96014737401704,13.5217111748302,1.04013162883309,Kontraksi
22-09-2026 08:55:40,0.9036428,1378.83,3.27595874534853,13.4751784373145,1.03655218748573,Kontraksi
22-09-2026 08:55:40,0.9039263,1383.66,7.50984421131425,13.4414773404021,1.03395979541555,Kontraksi
22-09-2026 08:55:40,0.904218,1379.63,2.1048269041014,13.3942292693499,1.03032532841153,Kontraksi
22-09-2026 08:55:40,0.9045189,1374.8,-2.9119632772751,13.3485759093822,1.02681353149094,Kontraksi
22-09-2026 08:55:40,0.9047748,1379.63,2.86505490178835,13.3033445303621,1.02333419464324,Kontraksi
22-09-2026 08:55:40,0.9050285,1379.63,2.80113641240864,13.2585029687268,1.01988484374822,Kontraksi
22-09-2026 08:55:40,0.9196744,1381.25,4.46232951486191,13.2173318940097,1.01671783800074,Kontraksi
22-09-2026 08:55:40,0.9201896,1386.89,9.91647972330644,13.1972563680625,1.01517356677404,Kontraksi
22-09-2026 08:55:40,0.9612825,1378.83,0.739964980378211,13.1518134165809,1.01167795512161,Kontraksi
22-09-2026 08:55:40,0.9615804,1379.63,2.38384289656384,13.1081803246707,1.00832156343621,Kontraksi
22-09-2026 08:55:40,0.961865,1367.55,-9.03071314020954,13.084735596521,1.00651812280931,Kontraksi
22-09-2026 08:55:40,0.9621389,1377.22,3.54467296247045,13.0437102047847,1.00336232344498,Kontraksi
22-09-2026 08:55:40,0.962397,1382.05,8.67485554329463,13.0192765582282,1.0014828121714,Kontraksi
22-09-2026 08:55:40,0.962659,1378.02,3.723955284611,12.9793683964993,0.99841295357687,Kontraksi
22-09-2026 08:55:40,0.9629807,1378.02,3.58856820089505,12.9396148282796,0.995354986790739,Kontraksi
22-09-2026 08:55:40,0.9632308,1377.22,2.53702802768642,12.89862164422,0.992201664939999,Kontraksi
22-09-2026 08:55:40,0.9634815,1382.05,7.19824855059125,12.8695642655564,0.989966481965873,Kontraksi
22-09-2026 08:55:40,0.9637683,1381.25,5.24234161743451,12.8346658865499,0.987281991273067,Kontraksi
22-09-2026 08:55:40,0.9640174,1390.11,13.3301229586715,12.8379236675828,0.987532589814062,Kontraksi
22-09-2026 08:55:40,0.964266,1371.58,-7.4228270297045,12.8105031016192,0.985423315509167,Kontraksi
22-09-2026 08:55:40,0.9646624,1377.22,0.245213603965444,12.769655144878,0.982281164990618,Kontraksi
22-09-2026 08:55:40,0.9649229,1378.02,1.72411761210257,12.7299196819089,0.979224590916071,Kontraksi
22-09-2026 08:55:40,0.9651743,1380.44,4.58305260180282,12.6950293541642,0.976540719551094,Kontraksi
22-09-2026 08:55:40,0.9910538,1376.41,0.446242569256603,12.6553443776291,0.973488029048392,Kontraksi
22-09-2026 08:55:40,0.9916623,1379.63,4.35420850030755,12.6206470245605,0.970819001889271,Kontraksi
22-09-2026 08:55:40,0.9921087,1369.16,-6.22972570273704,12.5911509256875,0.968550071206734,Kontraksi
22-09-2026 08:55:40,0.9925491,1371.58,-1.95870992098833,12.5534058559372,0.965646604302863,Kontraksi
22-09-2026 08:55:40,0.9935051,1374.8,2.07272254738632,12.5161212987663,0.96277856144356,Kontraksi
22-09-2026 08:55:40,0.9940112,1366.74,-6.25018798647826,12.4876192742317,0.960586098017825,Kontraksi
22-09-2026 08:55:40,1.008309,1376.41,4.45737782082388,12.454754986595,0.958058075891919,Kontraksi
22-09-2026 08:55:40,1.0086113,1379.63,6.29580275055485,12.426962705283,0.95592020809869,Kontraksi
22-09-2026 08:55:40,1.0088743,1379.63,4.31507329815151,12.394394375386,0.95341495195277,Kontraksi
22-09-2026 08:55:40,1.0091502,1376.41,-0.56486506983724,12.3577465528805,0.950595888683118,Kontraksi
22-09-2026 08:55:40,1.0094049,1375.6,-1.99964517963985,12.3223010785726,0.947869313736352,Kontraksi
22-09-2026 08:55:40,1.0096738,1384.47,6.68761390364839,12.2968573548613,0.945912104220097,Kontraksi
22-09-2026 08:55:40,1.0099234,1372.38,-7.05022295865785,12.2728376302076,0.94406443309289,Kontraksi
22-09-2026 08:55:40,1.025156,1378.02,-0.0981829339576876,12.2373178711223,0.941332143932488,Kontraksi
22-09-2026 08:55:40,1.0259623,1377.22,-0.687243238634138,12.2022137205624,0.938631824658649,Kontraksi
22-09-2026 08:55:40,1.0262625,1383.66,6.27488141317479,12.1765426858287,0.936657129679131,Kontraksi
22-09-2026 08:55:40,1.0265504,1374.8,-3.23911443866743,12.1443555500575,0.934181196158267,Kontraksi
22-09-2026 08:55:40,1.0403599,1379.63,2.95726011049862,12.1120407036401,0.931695438741548,Kontraksi
22-09-2026 08:55:40,1.0407743,1373.99,-2.41602489061921,12.0793276813259,0.929179052409683,Kontraksi
22-09-2026 08:55:40,1.0557865,1379.63,4.56429334276264,12.0503693263055,0.926951486638886,Kontraksi
22-09-2026 08:55:40,1.0561011,1378.83,3.6983555448673,12.0200107679055,0.924616212915808,Kontraksi
22-09-2026 08:55:40,1.0690279,1377.22,2.11358778819045,11.9877897935325,0.922137676425578,Kontraksi
22-09-2026 08:55:40,1.0968028,1379.63,4.77443272371223,11.9600482045578,0.920003708042911,Kontraksi
22-09-2026 08:55:40,1.0972776,1374.8,-0.410892755320258,11.9273643882872,0.917489568329783,Kontraksi
22-09-2026 08:55:40,1.0977063,1381.25,6.60426113961745,11.9048688783865,0.915759144491268,Kontraksi
22-09-2026 08:55:40,1.1220394,1379.63,4.09499980169505,11.8764666639093,0.913574358762257,Kontraksi
22-09-2026 08:55:40,1.1549764,1377.22,1.2385394358581,11.8448457910685,0.911141983928345,Kontraksi
22-09-2026 08:55:40,1.1959277,1379.63,3.7551540880757,11.8163238715677,0.908947990120594,Kontraksi
22-09-2026 08:55:40,1.1963941,1374.8,-1.44700844894766,11.7853280975813,0.90656369981395,Kontraksi
22-09-2026 08:55:40,1.1967869,1371.58,-4.01385141322506,11.7577341823172,0.904441090947479,Kontraksi
22-09-2026 08:55:40,1.1971479,1379.63,5.15052129723644,11.732703517119,0.902515655163,Kontraksi
22-09-2026 08:55:40,1.197527,1379.63,4.38615967722417,11.7062522880543,0.900480945234948,Kontraksi
22-09-2026 08:55:40,1.1979769,1367.55,-8.37549419738306,11.6913630749552,0.899335621150398,Kontraksi
22-09-2026 08:55:40,1.198398,1379.63,5.45446681145092,11.6676430379725,0.897511002920963,Kontraksi
22-09-2026 08:55:40,1.1987112,1380.44,5.21941518379839,11.6435646242228,0.895658817247906,Kontraksi
22-09-2026 08:55:40,1.1989994,1378.83,2.54404992238435,11.6150998182731,0.893469216790238,Kontraksi
22-09-2026 08:55:40,1.4029615,1379.63,2.82688130564614,11.5871910492383,0.891322388402948,Kontraksi
22-09-2026 08:55:40,1.4034601,1378.83,1.54641627543363,11.5582696569049,0.88909766591576,Kontraksi
22-09-2026 08:55:40,1.4038517,1373.99,-3.39301701850459,11.531566527932,0.887043579071696,Kontraksi
22-09-2026 08:55:40,1.4041799,1374.8,-1.59543766410508,11.5031122478167,0.884854788293594,Kontraksi
22-09-2026 08:55:40,1.4473109,1376.41,0.712070952993761,11.4744289031809,0.882648377167758,Kontraksi
22-09-2026 08:55:40,1.5452779,1372.38,-3.07614231448218,11.4270636026821,0.879004892514006,Kontraksi
22-09-2026 08:55:40,1.545817,1372.38,-2.15475761666096,11.3760473773892,0.875080567491475,Kontraksi
22-09-2026 08:55:40,1.6278692,1374.8,0.881015187573921,11.3594894282303,0.873806879094636,Kontraksi
22-09-2026 08:55:40,1.7815577,1368.35,-5.72147524310299,11.364663713778,0.874204901059848,Kontraksi
22-09-2026 08:55:40,1.7818688,1379.63,6.48536305950535,11.278203178565,0.867554090658848,Kontraksi
22-09-2026 08:55:40,1.782144,1372.38,-2.42554709936296,11.2196279195665,0.863048301505118,Kontraksi
22-09-2026 08:55:40,1.7824107,1378.83,3.95263085092173,11.0934751182889,0.853344239868375,Kontraksi
22-09-2026 08:55:40,1.7826948,1369.16,-7.09934711752694,11.0307347653749,0.848518058874993,Kontraksi
22-09-2026 08:55:40,1.7829884,1372.38,-3.12213842882816,11.0298307156552,0.848448516588862,Kontraksi
22-09-2026 08:55:40,1.78325,1381.25,5.71375019276928,10.9833684802021,0.844874498477082,Kontraksi
22-09-2026 08:55:40,1.7835799,1379.63,2.3466415673388,10.9294441571206,0.840726473624661,Kontraksi
22-09-2026 08:55:40,1.7838521,1374.8,-3.45316418208,10.8186018068533,0.832200138988719,Kontraksi
22-09-2026 08:55:40,1.7841116,1378.83,0.942702259714721,10.7639412143092,0.827995478023785,Kontraksi
22-09-2026 08:55:40,1.7843751,1388.5,10.3403207590227,10.7164225087197,0.824340192978441,Kontraksi
22-09-2026 08:55:40,1.8112741,1378.02,-1.97596472341857,10.6401819862349,0.818475537402688,Kontraksi
22-09-2026 08:55:40,1.8567193,1378.83,-0.258161542640449,10.4994064133153,0.807646647178103,Kontraksi
22-09-2026 08:55:40,1.8570911,1370.77,-7.42197162243621,10.4253874217027,0.801952878592513,Kontraksi
22-09-2026 08:55:40,1.8573664,1380.44,4.73389997960812,10.3192574693868,0.793789036106679,Kontraksi
22-09-2026 08:55:40,1.8576515,1370.77,-4.7771892638371,10.22986398009,0.786912613853078,Kontraksi
22-09-2026 08:55:40,1.8579514,1374.8,1.18793763997747,10.1017765373451,0.77705973364193,Kontraksi
22-09-2026 08:55:40,1.8582731,1372.38,-0.651884531850023,9.92193671410623,0.763225901085095,Kontraksi
22-09-2026 08:55:40,1.8587128,1379.63,7.24988145731489,9.77226919911215,0.751713015316319,Kontraksi
22-09-2026 08:55:40,1.859045,1378.02,4.44686479183794,9.76252194390071,0.7509632264539,Kontraksi
22-09-2026 08:55:40,1.8593115,1376.41,1.95034724611072,9.71857334938623,0.747582565337403,Kontraksi
22-09-2026 08:55:40,1.878718,1378.02,3.00940002378072,9.70830843719574,0.746792956707364,Kontraksi
22-09-2026 08:55:40,1.9140862,1378.02,2.17217153489602,9.61355871966597,0.739504516897383,Kontraksi
22-09-2026 08:55:40,1.9403712,1380.44,3.91108588701618,9.51657403573356,0.732044156594889,Kontraksi
22-09-2026 08:55:40,1.9407696,1382.05,4.57297791069748,9.39779003131314,0.722906925485626,Kontraksi
22-09-2026 08:55:40,1.9928498,1379.63,1.23514940298077,9.32159926738648,0.717046097491268,Kontraksi
22-09-2026 08:55:40,1.9933564,1379.63,1.19809600809558,9.07635744959704,0.698181342276696,Kontraksi
22-09-2026 08:55:40,1.9937652,1383.66,5.44830532856471,8.84410595229896,0.680315842484536,Kontraksi
22-09-2026 08:55:40,1.9942426,1378.83,0.25874374281368,8.57742435653474,0.659801873579596,Kontraksi
22-09-2026 08:55:40,1.9946341,1375.6,-2.08073931247323,8.36691762139004,0.643609047799234,Relaksasi
22-09-2026 08:55:40,1.9950378,1382.86,6.69166557916478,8.23846059636992,0.633727738182302,Relaksasi
22-09-2026 08:55:40,1.995466,1382.05,5.75480134173086,8.10040218165121,0.623107860127016,Relaksasi
22-09-2026 08:55:40,1.995819,1373.99,-2.21395457230958,7.94423590430407,0.611095069561851,Relaksasi
22-09-2026 08:55:40,1.9960969,1379.63,5.06420947282514,7.67432888782842,0.590332991371417,Relaksasi
22-09-2026 08:55:40,1.9963648,1379.63,5.19048587461128,7.58395633894809,0.583381256842161,Relaksasi
22-09-2026 08:55:40,2.0011876,1376.41,1.93134578864366,7.24423341499456,0.55724872423035,Relaksasi
22-09-2026 08:55:40,2.0015175,1387.69,13.6545383188368,7.12362818241417,0.547971398647244,Relaksasi
22-09-2026 08:55:40,2.0017791,1382.05,6.04756034657307,7.00751118503798,0.539039321925999,Relaksasi
22-09-2026 08:55:40,2.0104929,1380.44,3.92729315522294,6.69967614891472,0.51535970376267,Relaksasi
22-09-2026 08:55:40,2.0108176,1379.63,3.07165822371007,6.27888972657901,0.482991517429154,Relaksasi
22-09-2026 08:55:40,2.04239,1387.69,11.3150232861687,6.23910614016757,0.479931241551352,Relaksasi
22-09-2026 08:55:40,2.0427174,1376.41,-1.30111255605174,6.09534646282177,0.468872804832444,Relaksasi
22-09-2026 08:55:40,2.0429896,1383.66,7.19001198519997,5.99885373142258,0.461450287032506,Relaksasi
22-09-2026 08:55:40,2.0432573,1379.63,2.84473331725486,5.83582741538506,0.448909801183466,Relaksasi
22-09-2026 08:55:40,2.0435254,1383.66,7.47374789409829,5.58326989964885,0.429482299972988,Relaksasi
22-09-2026 08:55:40,2.1359889,1379.63,3.19232615299296,5.56828459251085,0.428329584039296,Relaksasi
22-09-2026 08:55:40,2.1363515,1374.8,-1.02103341550626,5.42054699117592,0.416965153167379,Relaksasi
22-09-2026 08:55:40,2.1366479,1377.22,2.81126661059235,5.33150377589991,0.410115675069224,Relaksasi
22-09-2026 08:55:40,2.1369235,1381.25,7.38149536420235,5.27579657045117,0.405830505419321,Relaksasi
22-09-2026 08:55:40,2.1372237,1378.83,4.43559932846808,5.11928614582653,0.393791241986656,Relaksasi
22-09-2026 08:55:40,2.1376341,1379.63,5.12374305890917,4.97271539482811,0.382516568832932,Relaksasi
22-09-2026 08:55:40,2.1379018,1378.83,3.94626286395165,4.82625245878471,0.371250189137285,Relaksasi
22-09-2026 08:55:40,2.1381611,1383.66,8.52482648636619,4.86224655758413,0.37401896596801,Relaksasi
22-09-2026 08:55:40,2.1384815,1375.6,-0.730569520065314,4.84312479129114,0.37254806086855,Relaksasi
22-09-2026 08:55:40,2.1387583,1383.66,7.93749655940155,4.87240143722789,0.374800110555991,Relaksasi
22-09-2026 08:55:40,2.1390585,1384.47,7.69221359332973,4.88016433821379,0.375397256785676,Relaksasi
22-09-2026 08:55:40,2.1393153,1376.41,-1.28953182123009,4.8686843833336,0.374514183333354,Relaksasi
22-09-2026 08:55:40,2.1396432,1373.99,-2.74568708363249,4.87255077358227,0.374811597967867,Relaksasi
22-09-2026 08:55:40,2.168038,1379.63,4.21984552914829,4.82175510366601,0.370904238743539,Relaksasi
22-09-2026 08:55:40,2.1683456,1373.19,-2.26427888658259,4.80955388879584,0.369965683753526,Relaksasi
22-09-2026 08:55:40,2.1686205,1378.83,4.52306382645778,4.77396355676931,0.367227965905331,Relaksasi
22-09-2026 08:55:40,2.168888,1379.63,5.02655082740869,4.77335381778392,0.367181062906455,Relaksasi
22-09-2026 08:55:40,2.1691514,1379.63,4.50903307139694,4.7626635428029,0.366358734061762,Relaksasi
22-09-2026 08:55:40,2.169413,1377.22,1.60526905915064,4.76067070820954,0.366205439093041,Relaksasi
22-09-2026 08:55:40,2.1696939,1382.05,6.46759221592853,4.78252948019198,0.367886883091691,Relaksasi
22-09-2026 08:55:40,2.170017,1376.41,-0.0937454609073889,4.77854708542942,0.367580545033033,Relaksasi
22-09-2026 08:55:40,2.170286,1373.99,-2.12667502979041,4.77268964815391,0.367129972934916,Relaksasi
22-09-2026 08:55:40,2.1705431,1375.6,0.280946382735864,4.76837388412759,0.366797991086738,Relaksasi
22-09-2026 08:55:40,2.1708005,1383.66,8.62682861073975,4.78856743696057,0.368351341304659,Relaksasi
22-09-2026 08:55:40,2.171054,1379.63,3.2129544428302,4.79376072463998,0.368750824972306,Relaksasi
22-09-2026 08:55:40,2.1713111,1378.02,1.30028480905972,4.78842081606541,0.368340062774262,Relaksasi
22-09-2026 08:55:40,2.2020847,1381.25,4.67362241384601,4.78770169795031,0.368284745996178,Relaksasi
22-09-2026 08:55:40,2.2024198,1382.05,5.04388220118509,4.79744671175239,0.369034362442491,Relaksasi
22-09-2026 08:55:40,2.2026902,1377.22,-0.176363314516275,4.79746149493485,0.369035499610373,Relaksasi
22-09-2026 08:55:40,2.2029566,1374.8,-1.84561512071301,4.79566497829745,0.368897306022881,Relaksasi
22-09-2026 08:55:40,2.2032195,1379.63,4.12830223215645,4.80334838268819,0.369488337129861,Relaksasi
22-09-2026 08:55:40,2.2271471,1376.41,0.879949695023592,4.80122441170651,0.369324954746655,Relaksasi
22-09-2026 08:55:40,2.227497,1379.63,4.65502027834496,4.81050739100941,0.370039030077647,Relaksasi
22-09-2026 08:55:40,2.2277967,1378.83,3.60393172841701,4.79111783105095,0.368547525465458,Relaksasi
22-09-2026 08:55:40,2.302355,1372.38,-2.96154532430245,4.79230921096386,0.368639170074143,Relaksasi
22-09-2026 08:55:40,2.3026672,1374.8,0.539013940910714,4.76304610483464,0.366388161910357,Relaksasi
22-09-2026 08:55:40,2.3029401,1365.93,-8.07344972550943,4.79027508977711,0.368482699213624,Relaksasi
22-09-2026 08:55:40,2.3032063,1381.25,8.95914842439608,4.83133007734291,0.371640775180224,Relaksasi
22-09-2026 08:55:40,2.3612986,1379.63,5.46300656274116,4.82119264289881,0.370860972530678,Relaksasi
22-09-2026 08:55:40,2.3616075,1365.93,-9.61702612484084,4.86673966182004,0.374364589370773,Relaksasi
22-09-2026 08:55:40,2.3618942,1372.38,-1.71173670665672,4.85481040077747,0.373446953905959,Relaksasi
22-09-2026 08:55:40,2.3621583,1373.19,-1.12246066406931,4.83581108718083,0.371985468244679,Relaksasi
22-09-2026 08:55:40,2.3624161,1379.63,4.83232602716247,4.84641528174155,0.372801175518581,Relaksasi
22-09-2026 08:55:40,2.3626722,1374.8,-1.72058586269667,4.80845863045249,0.36988143311173,Relaksasi
22-09-2026 08:55:40,2.3629297,1379.63,2.69530166841194,4.80957490742721,0.369967300571324,Relaksasi
22-09-2026 08:55:40,2.369869,1381.25,3.16551985282334,4.81466793666455,0.370359072051119,Relaksasi
22-09-2026 08:55:40,2.3702368,1373.99,-5.11780483711366,4.82736069554897,0.371335438119152,Relaksasi
22-09-2026 08:55:40,2.3704985,1380.44,2.20042118880303,4.81177832449124,0.370136794191634,Relaksasi
22-09-2026 08:55:40,2.3707597,1385.27,6.73936891684832,4.83114956042991,0.371626889263839,Relaksasi
22-09-2026 08:55:40,2.3791892,1369.96,-9.46536764657015,4.87611623114067,0.375085863933898,Relaksasi
22-09-2026 08:55:40,2.3962316,1379.63,2.73851867639682,4.86583797137798,0.374295228567537,Relaksasi
22-09-2026 08:55:40,2.41027,1379.63,3.0527763684669,4.82290818811753,0.370992937547502,Relaksasi
22-09-2026 08:55:40,2.419776,1381.25,4.99560673337403,4.82742613318592,0.371340471783532,Relaksasi
22-09-2026 08:55:40,2.4200779,1377.22,0.955569551483046,4.82316386522665,0.371012605017435,Relaksasi
22-09-2026 08:55:40,2.4203449,1378.83,3.36124583900511,4.82860741728604,0.371431339791234,Relaksasi
22-09-2026 08:55:40,2.420606,1378.83,3.6595553706869,4.83042433566844,0.371571102743726,Relaksasi
22-09-2026 08:55:40,2.4208705,1381.25,6.25163418095606,4.85060912208243,0.373123778621726,Relaksasi
22-09-2026 08:55:40,2.4411499,1374.8,-0.605725880712194,4.85079320697539,0.373137938998107,Relaksasi
22-09-2026 08:55:40,2.4632609,1375.6,1.04419279496028,4.84668815124006,0.372822165480005,Relaksasi
22-09-2026 08:55:40,2.4637471,1381.25,7.10146265297912,4.8723945590878,0.374799581468292,Relaksasi
22-09-2026 08:55:40,2.4771951,1379.63,4.56754063651776,4.87329455528268,0.374868811944822,Relaksasi
22-09-2026 08:55:40,2.4775834,1374.8,-0.775250317652299,4.86652138638145,0.374347798952419,Relaksasi
22-09-2026 08:55:40,2.478039,1378.83,3.72809938919375,4.86064362307186,0.37389566331322,Relaksasi
22-09-2026 08:55:40,2.4785867,1365.93,-9.63046330833415,4.88671306941048,0.375901005339267,Relaksasi
22-09-2026 08:55:40,2.478857,1383.66,10.1505349662569,4.93495453819264,0.37961188755328,Relaksasi
22-09-2026 08:55:40,2.5028011,1373.99,-1.46036816240009,4.93479642348553,0.379599724883502,Relaksasi
22-09-2026 08:55:40,2.5031084,1380.44,5.2137311152837,4.93353608589777,0.37950277583829,Relaksasi
22-09-2026 08:55:40,2.5033826,1384.47,8.13533568448373,4.96578833118873,0.381983717783749,Relaksasi
22-09-2026 08:55:40,2.5036744,1377.22,-0.734700337343289,4.96288838577044,0.381760645059264,Relaksasi
22-09-2026 08:55:40,2.5039447,1383.66,5.97448944288804,4.94640642915386,0.380492802242604,Relaksasi
22-09-2026 08:55:40,2.5042061,1374.8,-3.71491572212413,4.9500393574685,0.380772258266807,Relaksasi
22-09-2026 08:55:40,2.5044651,1375.6,-1.64394743353687,4.94783366697947,0.380602589767652,Relaksasi
22-09-2026 08:55:40,2.5047234,1379.63,3.39807451867365,4.94663443820177,0.380510341400136,Relaksasi
22-09-2026 08:55:40,2.5049798,1372.38,-3.76347921710593,4.95378637479795,0.381060490369073,Relaksasi
22-09-2026 08:55:40,2.5052367,1378.83,4.16292626290336,4.86329967439052,0.374099974953117,Relaksasi
22-09-2026 08:55:40,2.5358842,1375.6,0.784382977286473,4.85790644027746,0.373685110790574,Relaksasi
22-09-2026 08:55:40,2.5362048,1376.41,1.98408554047755,4.8598498545153,0.373834604193484,Relaksasi
22-09-2026 08:55:40,2.5364771,1381.25,6.84376693803862,4.88338350532232,0.375644885024794,Relaksasi
22-09-2026 08:55:40,2.5367406,1384.47,9.01507777260095,4.91263128980666,0.377894714600512,Relaksasi
22-09-2026 08:55:40,2.5370068,1377.22,0.261002648238541,4.90522725877871,0.377325173752209,Relaksasi
22-09-2026 08:55:40,2.5372705,1375.6,-1.09355598556922,4.85412286570194,0.373394066592457,Relaksasi
22-09-2026 08:55:40,2.5375305,1387.69,11.5997967102649,4.91899577121293,0.378384290093302,Relaksasi
22-09-2026 08:55:40,2.5377915,1387.69,9.81021507064217,4.95317477577637,0.38101344429049,Relaksasi
22-09-2026 08:55:40,2.538074,1392.53,13.395011483367,5.03709563117008,0.387468894705391,Relaksasi
22-09-2026 08:55:40,2.5383407,1386.89,6.13516471196878,5.03020827715864,0.386939098242972,Relaksasi
22-09-2026 08:55:40,2.5687124,1389.3,8.78125287883383,5.06761264979824,0.389816357676788,Relaksasi
22-09-2026 08:55:40,2.5691897,1379.63,-0.702520736056378,5.05982516811521,0.389217320624247,Relaksasi
22-09-2026 08:55:40,2.5939421,1382.05,4.14229242201372,5.05614560258895,0.388934277122227,Relaksasi
22-09-2026 08:55:40,2.5942898,1378.83,2.6248795347938,5.05424562016275,0.388788124627904,Relaksasi
22-09-2026 08:55:40,2.5945856,1380.44,6.25772309595649,5.04571159305322,0.388131661004094,Relaksasi
22-09-2026 08:55:40,2.6098305,1378.02,5.00349672687828,5.05591029353468,0.388916176425745,Relaksasi
22-09-2026 08:55:40,2.6101722,1384.47,12.5768946910075,5.12939788337505,0.394569067951927,Relaksasi
22-09-2026 08:55:40,2.6104592,1379.63,7.02910206146003,5.14943893322109,0.396110687170853,Relaksasi
22-09-2026 08:55:40,2.6107379,1377.22,4.64360099175867,5.15609393357238,0.396622610274798,Relaksasi
22-09-2026 08:55:40,2.6589739,1378.83,6.40766202369152,5.16633655421084,0.397410504170065,Relaksasi
22-09-2026 08:55:40,2.6592921,1382.86,9.91741503889107,5.16634553104315,0.397411194695627,Relaksasi
22-09-2026 08:55:40,2.6595748,1387.69,13.2713623379324,5.25062221996518,0.403894016920398,Relaksasi
22-09-2026 08:55:40,2.6598361,1385.27,8.592884629524,5.28297345188258,0.406382573221737,Relaksasi
22-09-2026 08:55:40,2.6600966,1383.66,5.69020677650731,5.25965130593173,0.404588561994749,Relaksasi
22-09-2026 08:55:40,2.6603533,1390.92,12.4130764665173,5.32649328026921,0.409730252328401,Relaksasi
22-09-2026 08:55:40,2.6606087,1381.25,1.18379715925229,5.29171729685545,0.407055176681189,Relaksasi
22-09-2026 08:55:40,2.6608658,1380.44,1.35828307024166,5.28603418448319,0.406618014191014,Relaksasi
22-09-2026 08:55:40,2.6611411,1382.86,5.0434135982908,5.2919701808003,0.407074629292331,Relaksasi
22-09-2026 08:55:40,2.6910146,1380.44,3.37754779530018,5.29431817932781,0.407255244563678,Relaksasi
22-09-2026 08:55:40,2.6913676,1380.44,4.56390705747499,5.27966640149989,0.406128184730761,Relaksasi
22-09-2026 08:55:40,2.691642,1385.27,10.3541888304227,5.31728433644823,0.409021872034479,Relaksasi
22-09-2026 08:55:40,2.6919044,1379.63,4.47842526107478,5.24264563825043,0.403280433711572,Relaksasi
22-09-2026 08:55:40,2.6922728,1377.22,2.87748471328761,5.22027212643917,0.401559394341475,Relaksasi
22-09-2026 08:55:40,2.6989124,1377.22,3.84029272068895,5.22730137512874,0.402100105779134,Relaksasi
22-09-2026 08:55:40,2.6992466,1384.47,11.6252872572808,5.29013735906663,0.406933643005125,Relaksasi
22-09-2026 08:55:40,2.7354609,1379.63,5.54223889503226,5.2947250619731,0.4072865432287,Relaksasi
22-09-2026 08:55:40,2.7357635,1384.47,10.1190393871906,5.34276076671327,0.410981597439482,Relaksasi
22-09-2026 08:55:40,2.7360503,1382.05,6.41511416020509,5.35313603418147,0.411779694937036,Relaksasi
22-09-2026 08:55:40,2.736311,1390.92,14.6802632990353,5.43503161365603,0.418079354896617,Relaksasi
22-09-2026 08:55:40,2.73657,1386.89,8.50782323776172,5.46647063468675,0.42049774112975,Relaksasi
22-09-2026 08:55:40,2.7368281,1387.69,8.5819571415602,5.49809696604181,0.42293053584937,Relaksasi
22-09-2026 08:55:40,2.7370853,1380.44,0.906853123234409,5.48068042414463,0.421590801857279,Relaksasi
22-09-2026 08:55:40,2.7373437,1379.63,1.48810030566803,5.47262177014025,0.420970905395404,Relaksasi
22-09-2026 08:55:40,2.7375996,1382.05,5.41068417368684,5.4678863278035,0.420606640600269,Relaksasi
22-09-2026 08:55:40,2.7378716,1379.63,3.82183852415596,5.46605102925887,0.420465463789144,Relaksasi
22-09-2026 08:55:40,2.7441033,1379.63,4.94771151485641,5.47709026198195,0.421314635537073,Relaksasi
22-09-2026 08:55:40,2.7444263,1384.47,10.582060410764,5.52615823573308,0.425089095056391,Relaksasi
22-09-2026 08:55:40,2.7447204,1380.44,6.07932782911966,5.52264384891953,0.424818757609195,Relaksasi
22-09-2026 08:55:40,2.7449824,1381.25,7.12278505154006,5.52310937766282,0.424854567512525,Relaksasi
22-09-2026 08:55:40,2.7553853,1379.63,5.36558310981876,5.53612106160318,0.425855466277167,Relaksasi
22-09-2026 08:55:40,2.7556928,1379.63,5.4036488296373,5.54907848167164,0.426852190897819,Relaksasi
22-09-2026 08:55:40,2.7559632,1385.27,10.9121471740171,5.58487028423591,0.429605406479685,Relaksasi
22-09-2026 08:55:40,2.7562306,1380.44,4.7534042789174,5.59028541679237,0.430021955137875,Relaksasi
22-09-2026 08:55:40,2.7859741,1378.02,2.15556395475265,5.58845205617897,0.429880927398382,Relaksasi
22-09-2026 08:55:40,2.7863006,1385.27,9.72001189518801,5.62796620983668,0.432920477679745,Relaksasi
22-09-2026 08:55:40,2.7865748,1385.27,8.56353458214938,5.65123972356224,0.434710747966326,Relaksasi
22-09-2026 08:55:40,2.7868394,1378.02,0.45655623827351,5.64527797920351,0.434252152246424,Relaksasi
22-09-2026 08:55:40,2.7871,1384.47,7.75527210158226,5.66988081203089,0.43614467784853,Relaksasi
22-09-2026 08:55:40,2.7873627,1381.25,4.07797980821,5.66716172171314,0.435935517054857,Relaksasi
22-09-2026 08:55:40,2.7876215,1378.83,2.02566088759017,5.66889709960644,0.436069007662034,Relaksasi
22-09-2026 08:55:40,2.78788,1382.86,6.90401287474195,5.67068249585515,0.436206345835012,Relaksasi
22-09-2026 08:55:40,2.7881515,1378.02,1.99213488219693,5.66503643932349,0.435772033794115,Relaksasi
22-09-2026 08:55:40,2.7884131,1379.63,4.47824442063896,5.67320379720727,0.436400292092867,Relaksasi
22-09-2026 08:55:40,2.7999342,1388.5,13.6804388302957,5.7489570746761,0.442227467282777,Relaksasi
22-09-2026 08:55:40,2.8097472,1378.83,2.48820002861576,5.75073855918731,0.44236450455287,Relaksasi
22-09-2026 08:55:40,2.8100291,1379.63,3.93784262225788,5.7504758049117,0.442344292685515,Relaksasi
22-09-2026 08:55:40,2.8287271,1377.22,1.88351128851408,5.74047652277912,0.441575117136855,Relaksasi
22-09-2026 08:55:40,2.8290427,1370.77,-3.87342016664855,5.73863186168486,0.441433220129605,Relaksasi
22-09-2026 08:55:40,2.8293484,1378.83,5.85391636015683,5.72297936502057,0.440229181924659,Relaksasi
22-09-2026 08:55:40,2.829679,1379.63,6.18824401818636,5.72671010193534,0.440516161687334,Relaksasi
22-09-2026 08:55:40,2.8299488,1379.63,5.41974710134537,5.72764047497018,0.44058772884386,Relaksasi
22-09-2026 08:55:40,2.830221,1379.63,4.63335049741579,5.73418208157347,0.441090929351805,Relaksasi
22-09-2026 08:55:40,2.8305272,1379.63,3.9095992938497,5.7373611258356,0.441335471218123,Relaksasi
22-09-2026 08:55:40,2.8309136,1379.63,3.30758960604229,5.74108495118953,0.441621919322272,Relaksasi
22-09-2026 08:55:40,2.8454024,1381.25,4.48324665529901,5.74482298223338,0.441909460171798,Relaksasi
22-09-2026 08:55:40,2.8694849,1384.47,7.12206072535004,5.76575083882182,0.443519295293986,Relaksasi
22-09-2026 08:55:40,2.8698449,1379.63,1.3423649204153,5.76631227285358,0.443562482527198,Relaksasi
22-09-2026 08:55:40,2.8701132,1378.83,0.936881357934223,5.76258906254483,0.443276081734217,Relaksasi
22-09-2026 08:55:40,2.8703949,1384.47,7.24597737417738,5.78331554926445,0.444870426866496,Relaksasi
22-09-2026 08:55:40,2.8706965,1381.25,3.62705393670105,5.78866438868751,0.445281876052885,Relaksasi
22-09-2026 08:55:40,2.8709684,1383.66,6.4962488375519,5.79275109553904,0.445596238118387,Relaksasi
22-09-2026 08:55:40,2.8712288,1382.86,5.73526412591976,5.78879364442809,0.445291818802161,Relaksasi
22-09-2026 08:55:40,2.8714863,1377.22,0.400175638465665,5.78632147109223,0.445101651622479,Relaksasi
22-09-2026 08:55:40,2.871742,1373.99,-1.41865644911147,5.78043792841059,0.444649071416199,Relaksasi
22-09-2026 08:55:40,2.8720108,1381.25,7.55292852490668,5.78331156373611,0.444870120287393,Relaksasi
22-09-2026 08:55:40,2.8723437,1375.6,1.69531373110261,5.78033946621081,0.444641497400832,Relaksasi
22-09-2026 08:55:40,2.8726251,1373.99,0.797607641013742,5.76647817372549,0.44357524413273,Relaksasi
22-09-2026 08:55:40,2.8728791,1376.41,3.83789299841088,5.77047519777712,0.443882707521317,Relaksasi
22-09-2026 08:55:40,2.8731329,1378.02,5.1665911535029,5.77687031311558,0.44437463947043,Relaksasi
22-09-2026 08:55:40,2.8733837,1373.99,0.306158701002414,5.77652627818439,0.444348175244953,Relaksasi
22-09-2026 08:55:40,2.8772025,1379.63,5.82484599598333,5.74484889530978,0.441911453485368,Relaksasi
22-09-2026 08:55:40,2.8945725,1382.05,6.87132910261545,5.76366571421203,0.443358901093233,Relaksasi
22-09-2026 08:55:40,2.894886,1379.63,2.8095550947724,5.76705966914039,0.44361997454926,Relaksasi
22-09-2026 08:55:40,2.8951779,1374.8,-2.79834063091103,5.74653830275562,0.442041407904278,Relaksasi
22-09-2026 08:55:40,2.9266375,1384.47,7.32873587214663,5.76013934444048,0.443087641880037,Relaksasi
22-09-2026 08:55:40,2.9567353,1381.25,2.76425816345614,5.75354701006516,0.442580539235782,Relaksasi
22-09-2026 08:55:40,2.9571692,1382.05,3.342192877919,5.75778590119617,0.442906607784321,Relaksasi
22-09-2026 08:55:40,2.9646537,1378.83,0.0670968330156283,5.75760334051627,0.442892564655098,Relaksasi
22-09-2026 08:55:40,3.0035213,1373.99,-3.92286890375451,5.7414403091192,0.441649254547631,Relaksasi
22-09-2026 08:55:40,3.0038349,1372.38,-3.72424327439513,5.73886868037845,0.441451436952189,Relaksasi
22-09-2026 08:55:40,3.0041247,1377.22,2.91005851324874,5.74090033544211,0.441607718110931,Relaksasi
22-09-2026 08:55:40,3.0043883,1372.38,-1.549782621096,5.73800168611224,0.441384745085557,Relaksasi
22-09-2026 08:55:40,3.0046492,1379.63,6.7378502582218,5.75569846625524,0.442746035865788,Relaksasi
22-09-2026 08:55:40,3.0049535,1381.25,7.52761514892817,5.77363895818977,0.444126073706906,Relaksasi
22-09-2026 08:55:40,3.005213,1379.63,4.71520928605013,5.77421095715461,0.444170073627278,Relaksasi
22-09-2026 08:55:40,3.0054707,1374.8,-0.867639622868533,5.77387635822432,0.444144335248025,Relaksasi
22-09-2026 08:55:40,3.0057282,1377.22,1.84032637170124,5.77472120847497,0.444209323728844,Relaksasi
22-09-2026 08:55:40,3.0180407,1381.25,5.59509211813078,5.77542294207932,0.444263303236871,Relaksasi
22-09-2026 08:55:40,3.0183619,1370.77,-5.89608588426299,5.79042265832529,0.445417127563484,Relaksasi
22-09-2026 08:55:40,3.0515697,1384.47,9.05493094832413,5.82385663061937,0.447988971586105,Relaksasi
22-09-2026 08:55:40,3.0662519,1379.63,2.57850815474277,5.80746568086395,0.446728129297227,Relaksasi
22-09-2026 08:55:40,3.0666927,1378.83,1.48741221787157,5.79414626304239,0.445703558695568,Relaksasi
22-09-2026 08:55:40,3.0669799,1372.38,-4.90284391445081,5.80239711977163,0.446338239982433,Relaksasi
22-09-2026 08:55:40,3.0672429,1379.63,3.76008233082933,5.79743670455176,0.445956669580905,Relaksasi
22-09-2026 08:55:40,3.0675328,1380.44,4.33594873209525,5.7939251705772,0.445686551582862,Relaksasi
22-09-2026 08:55:40,3.1226736,1384.47,8.04409360521116,5.8201765960423,0.447705892003254,Relaksasi
22-09-2026 08:55:40,3.1229894,1379.63,2.23010591974495,5.74169751795425,0.441669039842635,Relaksasi
22-09-2026 08:55:40,3.1233005,1378.02,0.899760077197468,5.72610454828912,0.440469580637625,Relaksasi
22-09-2026 08:55:40,3.123575,1373.99,-2.47592926356985,5.72204563673631,0.440157356672024,Relaksasi
22-09-2026 08:55:40,3.1238358,1379.63,4.51831797008774,5.72684091223693,0.440526224018225,Relaksasi
22-09-2026 08:55:40,3.1240955,1375.6,0.438172766968496,5.67075991830959,0.43621230140843,Relaksasi
22-09-2026 08:55:40,3.1243503,1375.6,1.09354039990272,5.67054077974227,0.43619544459556,Relaksasi
22-09-2026 08:55:40,3.1246061,1382.86,8.75038299859694,5.68149605175382,0.437038157827217,Relaksasi
22-09-2026 08:55:40,3.1248968,1382.86,7.51795668523663,5.70276540035343,0.438674261565648,Relaksasi
22-09-2026 08:55:40,3.1251573,1377.22,0.826121443179536,5.67852631029741,0.436809716176724,Relaksasi
22-09-2026 08:55:40,3.1254146,1374.8,-1.32346006246711,5.67480960544838,0.436523815803721,Relaksasi
22-09-2026 08:55:40,3.1433469,1378.02,2.60016772561296,5.67732823367805,0.436717556436773,Relaksasi
22-09-2026 08:55:40,3.1436862,1379.63,4.12338997591247,5.68133360203447,0.437025661694959,Relaksasi
22-09-2026 08:55:40,3.143958,1383.66,7.74045628954058,5.68372170733215,0.437209362102473,Relaksasi
22-09-2026 08:55:40,3.1442249,1379.63,2.61319282286513,5.67806865254662,0.436774511734355,Relaksasi
22-09-2026 08:55:40,3.1445016,1375.6,-1.42848656517378,5.66739823708361,0.435953710544893,Relaksasi
22-09-2026 08:55:40,3.1447641,1379.63,3.47115443038652,5.66584348443719,0.435834114187476,Relaksasi
22-09-2026 08:55:40,3.1675397,1388.5,12.3071031067605,5.70050374891801,0.438500288378308,Relaksasi
22-09-2026 08:55:40,3.1958126,1375.6,-2.27707287935207,5.70254326040578,0.438657173877368,Relaksasi
22-09-2026 08:55:40,3.244458,1394.14,17.5463907217025,5.80890346928231,0.446838728406332,Relaksasi
22-09-2026 08:55:40,3.2447781,1378.83,-0.179780733790366,5.78339609322881,0.444876622556062,Relaksasi
22-09-2026 08:55:40,3.2450825,1379.63,1.87910070923283,5.78420357585741,0.444938736604416,Relaksasi
22-09-2026 08:55:40,3.245354,1361.9,-14.7997881350913,5.87490303438052,0.451915618029271,Relaksasi
22-09-2026 08:55:40,3.2456155,1373.99,1.59436330796368,5.8684035438706,0.451415657220815,Relaksasi
22-09-2026 08:55:40,3.2458754,1379.63,8.08289291413421,5.89399619516663,0.453384322705125,Relaksasi
22-09-2026 08:55:40,3.2461363,1376.41,4.05343779507061,5.89228753596938,0.45325288738226,Relaksasi
22-09-2026 08:55:40,3.2464102,1377.22,4.47450159242561,5.89006172827931,0.453081671406101,Relaksasi
22-09-2026 08:55:40,3.2466689,1379.63,6.10846852531996,5.89726523105159,0.453635787003969,Relaksasi
22-09-2026 08:55:40,3.2469265,1375.6,0.760505259011312,5.89641794675832,0.453570611289101,Relaksasi
22-09-2026 08:55:40,3.2471829,1372.38,-2.86267999928742,5.88213996275059,0.452472304826968,Relaksasi
22-09-2026 08:55:40,3.2474834,1377.22,2.20143710199353,5.8841956312567,0.452630433173592,Relaksasi
22-09-2026 08:55:40,3.2477427,1375.6,-0.240739093302412,5.88229838328897,0.452484491022228,Relaksasi
22-09-2026 08:55:40,3.2548044,1377.22,1.01798351539779,5.88270525080785,0.452515788523681,Relaksasi
22-09-2026 08:55:40,3.262071,1369.16,-7.61046746862684,5.87568772859331,0.451975979122562,Relaksasi
22-09-2026 08:55:40,3.3027368,1379.63,4.019938100002,5.87817066903665,0.45216697454128,Relaksasi
22-09-2026 08:55:40,3.3030379,1377.22,0.533971351601178,5.87757282714736,0.452120986703643,Relaksasi
22-09-2026 08:55:40,3.4371493,1367.55,-9.47019725542413,5.90635858938214,0.454335276106319,Relaksasi
22-09-2026 08:55:40,3.4374702,1379.63,4.29071529704072,5.90338201685037,0.45410630898849,Relaksasi
22-09-2026 08:55:40,3.4377425,1379.63,3.30389643078099,5.90798970673659,0.454460746672045,Relaksasi
22-09-2026 08:55:40,3.4380115,1379.63,2.54822033959786,5.90929589998099,0.454561223075461,Relaksasi
22-09-2026 08:55:40,3.438272,1375.6,-1.97609958604266,5.9037351299666,0.454133471535893,Relaksasi
22-09-2026 08:55:40,3.4385326,1382.05,5.00632246440308,5.91401160385747,0.454923969527498,Relaksasi
22-09-2026 08:55:40,3.4387945,1381.25,3.52561292704308,5.91010464494145,0.454623434226265,Relaksasi
22-09-2026 08:55:40,3.4517734,1378.83,0.886712274610264,5.90494086235695,0.454226220181304,Relaksasi
22-09-2026 08:55:40,3.4614513,1377.22,-0.238338051692484,5.90125044880555,0.453942342215812,Relaksasi
22-09-2026 08:55:40,3.4617574,1382.86,6.25559786006571,5.9176825449089,0.455206349608377,Relaksasi
22-09-2026 08:55:40,3.4620228,1371.58,-5.33404876193269,5.9021457226115,0.454011209431654,Relaksasi
22-09-2026 08:55:40,3.462297,1385.27,10.3513620626243,5.91352229312169,0.45488633024013,Relaksasi
22-09-2026 08:55:40,3.4625582,1378.83,2.8309303261121,5.90428611605848,0.454175855081421,Relaksasi
22-09-2026 08:55:40,3.4809834,1375.6,-0.0388846069502993,5.86499498234353,0.451153460180272,Relaksasi
22-09-2026 08:55:40,3.4813109,1379.63,4.87364904812118,5.87386399275396,0.451835691750305,Relaksasi
22-09-2026 08:55:40,3.481608,1390.92,16.0024584820773,5.98133530267386,0.460102715590297,Relaksasi
22-09-2026 08:55:40,3.4924767,1375.6,-1.6901218010873,5.97276298603596,0.459443306618151,Relaksasi
22-09-2026 08:55:40,3.4934491,1380.44,4.27795543361019,5.97918055608513,0.459936965852702,Relaksasi
22-09-2026 08:55:40,3.4937386,1379.63,3.48948012409731,5.9812339215692,0.460094917043785,Relaksasi
22-09-2026 08:55:40,3.5281053,1379.63,3.68625687450043,5.98272505582205,0.46020961967862,Relaksasi
22-09-2026 08:55:40,3.5284407,1378.83,3.05178433451302,5.97566786225012,0.459666758634625,Relaksasi
22-09-2026 08:55:40,3.5287318,1379.63,4.12793095434161,5.98076886384245,0.460059143372497,Relaksasi
22-09-2026 08:55:40,3.5289979,1383.66,8.19242054515719,5.98983134217183,0.460756257090141,Relaksasi
22-09-2026 08:55:40,3.5292569,1378.83,2.58323302112333,5.95512208510014,0.458086314238472,Relaksasi
22-09-2026 08:55:40,3.5295536,1375.6,-0.324175422562844,5.95201705930566,0.457847466100435,Relaksasi
22-09-2026 08:55:40,3.5298095,1379.63,4.58589402455264,5.95693394092199,0.45822568776323,Relaksasi
22-09-2026 08:55:40,3.5300779,1379.63,4.45093572025277,5.95477419280234,0.458059553292488,Relaksasi
22-09-2026 08:55:40,3.5534,1378.83,3.47274411357068,5.95945214594579,0.458419395841984,Relaksasi
22-09-2026 08:55:40,3.5537233,1372.38,-3.02081713697006,5.958540651262,0.458349280866308,Relaksasi
22-09-2026 08:55:40,3.5539979,1374.8,0.543808390329969,5.95304322200109,0.457926401692392,Relaksasi
22-09-2026 08:55:40,3.5542647,1374.8,0.852768069003235,5.93691376223777,0.45668567401829,Relaksasi
22-09-2026 08:55:40,3.5545319,1375.6,1.71433000010441,5.93799672766681,0.456768979051293,Relaksasi
22-09-2026 08:55:40,3.5548945,1386.08,11.897291594085,5.99683926591249,0.461295328147115,Relaksasi
22-09-2026 08:55:40,3.5551755,1380.44,3.85751141079608,5.98200044245683,0.460153880188987,Relaksasi
22-09-2026 08:55:40,3.5554328,1367.55,-9.83608357573488,6.01363117066276,0.462587013127904,Relaksasi
22-09-2026 08:55:40,3.5557094,1382.05,6.61228642461409,6.03153102042071,0.463963924647747,Relaksasi
22-09-2026 08:55:40,3.5559916,1375.6,-1.05854756057733,6.02623227561872,0.463556328893748,Relaksasi
22-09-2026 08:55:40,3.5847765,1379.63,3.28518783468545,5.99213723287349,0.460933633297961,Relaksasi
22-09-2026 08:55:40,3.5852458,1371.58,-5.23090402374122,5.96048266515479,0.458498666550368,Relaksasi
22-09-2026 08:55:40,3.585676,1377.22,1.65396783886392,5.96073554805293,0.458518119080995,Relaksasi
22-09-2026 08:55:40,3.6098174,1384.47,8.81030878819782,5.98185264093211,0.460142510840932,Relaksasi
22-09-2026 08:55:40,3.6101226,1379.63,2.49419554005703,5.95673968218274,0.458210744783288,Relaksasi
22-09-2026 08:55:40,3.6104113,1374.8,-2.48877874331105,5.95911225070714,0.458393250054395,Relaksasi
22-09-2026 08:55:40,3.6107494,1371.58,-4.77588335781658,5.95370401558973,0.457977231968441,Relaksasi
22-09-2026 08:55:40,3.6111942,1365.93,-9.01016856808116,5.98193147731258,0.460148575177891,Relaksasi
22-09-2026 08:55:40,3.6292573,1372.38,-0.429355370130477,5.98087895828123,0.460067612175479,Relaksasi
22-09-2026 08:55:40,3.6296234,1373.99,1.38129554261672,5.97684853817789,0.459757579859838,Relaksasi
22-09-2026 08:55:40,3.62989,1368.35,-4.72190870144641,5.98024929899709,0.46001917684593,Relaksasi
22-09-2026 08:55:40,3.630148,1379.63,6.98129566316432,5.99336502713508,0.461028079010391,Relaksasi
22-09-2026 08:55:40,3.6304033,1379.63,4.86379188373077,6.00296846757101,0.46176680519777,Relaksasi
22-09-2026 08:55:40,3.6306565,1379.63,3.03923796651846,6.00517545810094,0.461936573700072,Relaksasi
22-09-2026 08:55:40,3.6309149,1370.77,-7.22904097827439,6.00743220689129,0.462110169760868,Relaksasi
22-09-2026 08:55:40,3.6311926,1380.44,3.19328468057119,5.97778127062377,0.459829328509521,Relaksasi
22-09-2026 08:55:40,3.6314505,1379.63,1.28915491973642,5.97844778429517,0.459880598791936,Relaksasi
22-09-2026 08:55:40,3.6317055,1380.44,1.60809966202535,5.97902906069966,0.459925312361512,Relaksasi
22-09-2026 08:55:40,3.6319618,1372.38,-6.71426473221087,5.94149971341956,0.457038439493812,Relaksasi
22-09-2026 08:55:40,3.6322182,1378.83,1.3713510705946,5.90166250006704,0.453974038466695,Relaksasi
22-09-2026 08:55:40,3.6324742,1375.6,-1.60438315475018,5.82626456900441,0.448174197615724,Relaksasi
22-09-2026 08:55:40,3.6597366,1378.83,2.57592857384596,5.81294543565557,0.447149648896582,Relaksasi
22-09-2026 08:55:40,3.6600469,1378.83,2.76873107843603,5.78300198739567,0.444846306722744,Relaksasi
22-09-2026 08:55:40,3.6603223,1368.35,-7.53726248069969,5.80729678403077,0.446715137233136,Relaksasi
22-09-2026 08:55:40,3.6606086,1376.41,2.65786387576754,5.80294961266918,0.446380739436091,Relaksasi
22-09-2026 08:55:40,3.6609388,1380.44,6.67774205637634,5.81916965203576,0.447628434771981,Relaksasi
22-09-2026 08:55:40,3.6616505,1379.63,4.88581059538451,5.81259801408247,0.44712292416019,Relaksasi
22-09-2026 08:55:40,3.6622004,1372.38,-3.11718974142564,5.80600595377376,0.446615842597981,Relaksasi
22-09-2026 08:55:40,3.6625676,1374.8,0.0342441118332788,5.73749244864068,0.44134557297236,Relaksasi
22-09-2026 08:55:40,3.6628303,1376.41,1.66850590904846,5.7171406996067,0.4397800538159,Relaksasi
22-09-2026 08:55:40,3.6630869,1367.55,-7.58886189772949,5.73287334176852,0.440990257059117,Relaksasi
22-09-2026 08:55:40,3.6633423,1379.63,5.78240355779802,5.72954858991849,0.440734506916807,Relaksasi
22-09-2026 08:55:40,3.6635958,1371.58,-3.71636149573826,5.69253969268585,0.437887668668142,Relaksasi
22-09-2026 08:55:40,3.6744251,1377.22,2.22397107597677,5.61685793820837,0.432065995246798,Relaksasi
22-09-2026 08:55:40,3.6747268,1377.22,1.30931886785333,5.58466438975713,0.429589568442856,Relaksasi
22-09-2026 08:55:40,3.6841655,1380.44,3.79185478794109,5.57660065757702,0.428969281352079,Relaksasi
22-09-2026 08:55:40,3.6844711,1372.38,-5.40222335369445,5.52032359949002,0.424640276883848,Relaksasi
22-09-2026 08:55:40,3.6847388,1375.6,-1.38140467656072,5.52055315696872,0.42465793515144,Relaksasi
22-09-2026 08:55:40,3.685,1373.99,-2.84575890006346,5.52338430792293,0.424875715994071,Relaksasi
22-09-2026 08:55:40,3.6852585,1373.99,-2.32705057363966,5.51431500109066,0.424178077006974,Relaksasi
22-09-2026 08:55:40,3.6855178,1379.63,3.77705402842118,5.51561070701821,0.424277746693708,Relaksasi
22-09-2026 08:55:40,3.6857751,1379.63,3.07861000449534,5.5104631775402,0.423881782887708,Relaksasi
22-09-2026 08:55:40,3.7043762,1371.58,-5.47138225557377,5.47529345499209,0.421176419614776,Relaksasi
22-09-2026 08:55:40,3.7049506,1379.63,3.81962078037734,5.47279676844605,0.420984366803542,Relaksasi
22-09-2026 08:55:40,3.7053534,1374.8,-1.54161123685251,5.47009942353569,0.420776878733514,Relaksasi
22-09-2026 08:55:40,3.7382471,1386.08,10.2719798897967,5.51142597852357,0.423955844501813,Relaksasi
22-09-2026 08:55:40,3.7385559,1377.22,-0.307550104542269,5.44982134872392,0.419217026824917,Relaksasi
22-09-2026 08:55:40,3.7452012,1379.63,2.55504685880076,5.43871418585426,0.418362629681097,Relaksasi
22-09-2026 08:55:40,3.7455413,1385.27,8.22085843759793,5.42268842660814,0.417129878969857,Relaksasi
22-09-2026 08:55:40,3.7458706,1383.66,5.6735500332892,5.41855397440394,0.416811844184919,Relaksasi
22-09-2026 08:55:40,3.7461307,1370.77,-7.46409702554272,5.34431850126069,0.411101423173899,Relaksasi
22-09-2026 08:55:40,3.7653472,1374.8,-0.952900947321663,5.31077819747439,0.408521399805722,Relaksasi
22-09-2026 08:55:40,3.7656862,1374.8,0.279605475314867,5.27603127520872,0.40584855963144,Relaksasi
22-09-2026 08:55:40,3.7659707,1372.38,-1.27453347172068,5.27641130711942,0.40587779285534,Relaksasi
22-09-2026 08:55:40,3.7662376,1371.58,-1.13028328623945,5.27596737772655,0.405843644440504,Relaksasi
22-09-2026 08:55:40,3.7664984,1374.8,2.69720182891379,5.26553214245506,0.405040934035004,Relaksasi
22-09-2026 08:55:40,3.7667593,1377.22,4.62783360135361,5.26876462882077,0.405289586832367,Relaksasi
22-09-2026 08:55:40,3.7670185,1379.63,5.85950898915253,5.27343822337111,0.40564909410547,Relaksasi
22-09-2026 08:55:40,3.7674581,1369.16,-6.22988792871872,5.23863610122407,0.402972007786467,Relaksasi
22-09-2026 08:55:40,3.8287185,1386.08,11.3217189681086,5.28199050252296,0.406306961732535,Relaksasi
22-09-2026 08:55:40,3.8384974,1375.6,-1.97299584062187,5.25977346443989,0.404597958803069,Relaksasi
22-09-2026 08:55:40,3.8387798,1374.8,-2.89489811753757,5.25006396744257,0.403851074418659,Relaksasi
22-09-2026 08:55:40,3.8390453,1372.38,-5.08269479852001,5.24846105929568,0.403727773791975,Relaksasi
22-09-2026 08:55:40,3.8393039,1373.99,-2.66813333694915,5.19485932328535,0.399604563329643,Relaksasi
22-09-2026 08:55:40,3.8395616,1381.25,5.01507193381638,5.1960892852257,0.399699175786593,Relaksasi
22-09-2026 08:55:40,3.8398159,1374.8,-2.43717107683109,5.19671151734546,0.399747039795804,Relaksasi
22-09-2026 08:55:40,3.8400875,1375.6,-1.08944598326799,5.15163584709267,0.39627968054559,Relaksasi
22-09-2026 08:55:40,3.8403425,1381.25,4.93235334761819,5.12779892605791,0.394446071235224,Relaksasi
22-09-2026 08:55:40,3.8405945,1374.8,-2.24751392407345,5.13015947142793,0.394627651648302,Relaksasi
22-09-2026 08:55:40,3.8408489,1378.02,1.72223047933848,5.10221965075531,0.392478434673485,Relaksasi
22-09-2026 08:55:40,3.8950473,1378.02,1.75893131367186,5.09558288763943,0.391967914433803,Relaksasi
22-09-2026 08:55:40,3.8956669,1385.27,9.07626656867143,5.1338427643213,0.394910981870869,Relaksasi
22-09-2026 08:55:40,3.8959564,1374.8,-2.68722171628787,5.11410992868394,0.393393071437226,Relaksasi
22-09-2026 08:55:40,3.8962212,1371.58,-4.80707575960703,5.1234575476442,0.394112119049554,Relaksasi
22-09-2026 08:55:40,3.8964986,1365.93,-8.902828086537,5.15226606618384,0.396328158937219,Relaksasi
22-09-2026 08:55:40,3.896759,1369.96,-2.64033316869759,5.06408238282227,0.389544798678636,Relaksasi
22-09-2026 08:55:40,3.8970181,1377.22,5.34248657455456,5.07510448139694,0.390392652415149,Relaksasi
22-09-2026 08:55:40,3.9230701,1378.83,5.76632799791209,5.08383764172347,0.391064433978729,Relaksasi
22-09-2026 08:55:40,3.9234175,1373.99,-0.616583110984282,5.08227980016827,0.390944600012944,Relaksasi
22-09-2026 08:55:40,3.9237195,1375.6,0.539415848345329,5.0750375265163,0.390387502039715,Relaksasi
22-09-2026 08:55:40,3.9240202,1375.6,-0.213871518337215,5.05815113622773,0.389088548940595,Relaksasi
22-09-2026 08:55:40,3.9247532,1372.38,-4.04978462110135,5.04731858259069,0.3882552755839,Relaksasi
22-09-2026 08:55:40,3.9380423,1376.41,0.148475836665467,5.03275936304559,0.387135335618891,Relaksasi
22-09-2026 08:55:40,3.9383776,1379.63,2.77705926639989,5.02592154863255,0.386609349894811,Relaksasi
22-09-2026 08:55:40,3.9386493,1384.47,6.62154084972171,5.04010779606342,0.387700599697186,Relaksasi
22-09-2026 08:55:40,3.9389125,1379.63,0.247535864770876,5.03470875234616,0.387285288642012,Relaksasi
22-09-2026 08:55:40,3.9391689,1372.38,-6.98193729648646,5.04891393867534,0.388377995282718,Relaksasi
22-09-2026 08:55:40,3.9394299,1374.8,-2.82482137930711,5.02770437619369,0.386746490476438,Relaksasi
22-09-2026 08:55:40,3.9396838,1377.22,0.714512270093054,5.02706218535438,0.386697091181106,Relaksasi
22-09-2026 08:55:40,3.9399587,1378.02,2.02312623339742,5.02866092322867,0.38682007101759,Relaksasi
22-09-2026 08:55:40,3.9402611,1375.6,-0.125205941881069,5.00249818819667,0.384807552938206,Relaksasi
22-09-2026 08:55:40,3.9405142,1382.86,7.80019672067375,5.02627355662407,0.386636427432621,Relaksasi
22-09-2026 08:55:40,3.9407914,1378.83,2.84851568971796,5.00929035187563,0.385330027067356,Relaksasi
22-09-2026 08:55:40,3.952806,1377.22,1.26766373439745,4.99365181136425,0.384127062412635,Relaksasi
22-09-2026 08:55:40,3.9530914,1379.63,4.01466415581204,5.00163426810209,0.384741097546315,Relaksasi
22-09-2026 08:55:40,3.9628129,1371.58,-4.24634339702785,5.00963467555046,0.385356513503881,Relaksasi
22-09-2026 08:55:40,3.9631119,1370.77,-3.70143694174656,4.987956406499,0.383688954346077,Relaksasi
22-09-2026 08:55:40,3.9853936,1372.38,-0.976482964428424,4.98699371012228,0.383614900778637,Relaksasi
22-09-2026 08:55:40,3.9857399,1381.25,8.24459425044208,5.02063661768369,0.386202816744899,Relaksasi
22-09-2026 08:55:40,4.0110408,1375.6,0.911216960172668,5.01371085277488,0.385670065598067,Relaksasi
22-09-2026 08:55:40,4.0114028,1373.99,-1.10493821478797,5.0009931650411,0.384691781926238,Relaksasi
22-09-2026 08:55:40,4.0117512,1379.63,4.43603984218516,5.01077401390684,0.385444154915911,Relaksasi
22-09-2026 08:55:40,4.1014474,1370.77,-5.64318205198733,5.00973448222746,0.385364190940574,Relaksasi
22-09-2026 08:55:40,4.1017827,1369.16,-6.50329020033254,5.00727747197869,0.385175190152207,Relaksasi
22-09-2026 08:55:40,4.102056,1378.02,3.25086088985307,5.00861259880003,0.385277892215387,Relaksasi
22-09-2026 08:55:40,4.1023237,1371.58,-4.25702485928991,5.01374689395948,0.385672837996883,Relaksasi
22-09-2026 08:55:40,4.1025818,1373.99,-1.49104191003809,4.98800782869849,0.383692909899883,Relaksasi
22-09-2026 08:55:40,4.1028413,1366.74,-8.94865586765011,5.02418239043671,0.386475568495132,Relaksasi
22-09-2026 08:55:40,4.1030999,1378.02,3.52451519901461,5.02480531594496,0.38652348584192,Relaksasi
22-09-2026 08:55:40,4.116324,1377.22,1.41219061632995,5.02579519727057,0.386599630559275,Relaksasi
22-09-2026 08:55:40,4.1255161,1370.77,-5.95547962760321,5.03577318300792,0.387367167923686,Relaksasi
22-09-2026 08:55:40,4.1258098,1372.38,-3.77859508715267,5.03597562692976,0.387382740533059,Relaksasi
22-09-2026 08:55:40,4.12608,1371.58,-4.39657176268587,5.04136464943771,0.387797280725978,Relaksasi
22-09-2026 08:55:40,4.1263398,1371.58,-4.08607315390977,5.04844811470143,0.388342162669341,Relaksasi
22-09-2026 08:55:40,4.1266003,1380.44,5.00603105859083,5.0383664982928,0.387566653714831,Relaksasi
22-09-2026 08:55:40,4.1462955,1374.8,-2.17340535862831,5.01252735416296,0.385579027243305,Relaksasi
22-09-2026 08:55:40,4.1871084,1378.83,1.78941811479444,5.00302654091735,0.384848195455181,Relaksasi
22-09-2026 08:55:40,4.1874159,1373.99,-3.75678955140999,5.00969838565312,0.385361414281009,Relaksasi
22-09-2026 08:55:40,4.1877003,1370.77,-6.44501198215128,5.02870110532471,0.386823161948055,Relaksasi
22-09-2026 08:55:40,4.1880475,1378.83,2.79024756440203,5.01699481113897,0.385922677779921,Relaksasi
22-09-2026 08:55:40,4.2092098,1374.8,-1.80346652080751,5.00126786412013,0.384712912624625,Relaksasi
22-09-2026 08:55:40,4.2095234,1372.38,-3.84249831870034,4.96754922903963,0.382119171464587,Relaksasi
22-09-2026 08:55:40,4.2097938,1369.16,-6.25909843178658,4.983892393231,0.383376337940846,Relaksasi
22-09-2026 08:55:40,4.2100579,1378.83,4.63033937675297,4.99352797383733,0.384117536449026,Relaksasi
22-09-2026 08:55:40,4.2103242,1373.99,-1.22400014091086,4.98223073682596,0.383248518217382,Relaksasi
22-09-2026 08:55:40,4.2105882,1368.35,-6.83027163247236,4.9985192879659,0.384501483689684,Relaksasi
22-09-2026 08:55:40,4.2108491,1369.16,-4.98772498085965,5.00155773910026,0.38473521070002,Relaksasi
22-09-2026 08:55:40,4.2112389,1379.63,5.99690217017598,4.98716921570745,0.383628401208265,Relaksasi
22-09-2026 08:55:40,4.2117103,1367.55,-7.87608185293369,5.01569070525728,0.385822361942867,Relaksasi
22-09-2026 08:55:40,4.2119749,1373.99,-0.63528975172788,5.01548834862218,0.38580679604786,Relaksasi
22-09-2026 08:55:40,4.2122449,1370.77,-4.55225610310843,5.02275695457339,0.386365919582568,Relaksasi
22-09-2026 08:55:40,4.2125019,1382.86,7.53204478919489,5.04080052490211,0.387753886530932,Relaksasi
22-09-2026 08:55:40,4.254563,1375.6,-2.08462343490999,5.04286012390902,0.387912317223771,Relaksasi
22-09-2026 08:55:40,4.2548683,1369.16,-8.87635750432027,5.08118172170639,0.390860132438953,Relaksasi
22-09-2026 08:55:40,4.2551528,1378.02,1.13597038850424,5.04400771406134,0.388000593389334,Relaksasi
22-09-2026 08:55:40,4.2554197,1374.8,-2.73532504966516,5.01964395864302,0.386126458357156,Relaksasi
22-09-2026 08:55:40,4.2556784,1372.38,-4.9077840332666,5.03128659578571,0.38702204582967,Relaksasi
22-09-2026 08:55:40,4.2559368,1378.83,2.34204251959008,5.03314145361186,0.387164727200912,Relaksasi
22-09-2026 08:55:40,4.2562142,1369.16,-7.84590415071242,5.06028651271549,0.389252808670422,Relaksasi
22-09-2026 08:55:40,4.2564753,1382.05,6.57440584339567,5.0732240170597,0.390248001312285,Relaksasi
22-09-2026 08:55:40,4.2845909,1380.44,3.71455927265886,5.05044734279751,0.388495949445962,Relaksasi
22-09-2026 08:55:40,4.3143347,1372.38,-4.96926613016503,5.0592828057033,0.389175600438716,Relaksasi
22-09-2026 08:55:40,4.3149154,1378.02,1.84238491050445,5.05995173391436,0.389227056454951,Relaksasi
22-09-2026 08:55:40,4.3153235,1378.02,1.74924317910603,5.05550850485322,0.388885269604094,Relaksasi
22-09-2026 08:55:40,4.315808,1379.63,3.32235634510989,4.98558247014935,0.383506343857643,Relaksasi
22-09-2026 08:55:40,4.3637713,1377.22,0.618414314387694,4.98317363168216,0.383321048590935,Relaksasi
22-09-2026 08:55:40,4.3641311,1371.58,-4.73059797993745,4.83782317710538,0.372140244392722,Relaksasi
22-09-2026 08:55:40,4.3644717,1371.58,-3.37947082811251,4.84370473942902,0.372592672263771,Relaksasi
22-09-2026 08:55:40,4.3647955,1379.63,5.67622603804649,4.85848929355257,0.37372994565789,Relaksasi
22-09-2026 08:55:40,4.3651154,1371.58,-3.27773374180679,4.75010181614646,0.365392447395881,Relaksasi
22-09-2026 08:55:40,4.3849249,1381.25,7.09086247746347,4.7751606198473,0.367320047680562,Relaksasi
22-09-2026 08:55:40,4.3852639,1377.22,1.62015467250255,4.74221653468585,0.364785887283527,Relaksasi
22-09-2026 08:55:40,4.3855359,1375.6,-0.428206895746232,4.73364369991903,0.36412643845531,Relaksasi
22-09-2026 08:55:40,4.385798,1369.16,-6.89210417191197,4.74813461844359,0.365241124495661,Relaksasi
22-09-2026 08:55:40,4.3860589,1379.63,4.80111970296283,4.74061907014782,0.364663005395986,Relaksasi
22-09-2026 08:55:40,4.3863198,1367.55,-8.38059678170751,4.7772114605795,0.367477804659962,Relaksasi
22-09-2026 08:55:40,4.3865787,1379.63,5.10961406767353,4.78657658821034,0.368198199093103,Relaksasi
22-09-2026 08:55:40,4.3868352,1379.63,3.82319426866409,4.79167693822454,0.36859053370958,Relaksasi
22-09-2026 08:55:40,4.4001154,1374.8,-2.0561007979048,4.79385188092138,0.368757836993952,Relaksasi
22-09-2026 08:55:40,4.427931,1372.38,-4.31167020500365,4.80299769975053,0.369461361519272,Relaksasi
22-09-2026 08:55:40,4.4802172,1369.96,-6.05764083085406,4.79193759251223,0.368610584039402,Relaksasi
22-09-2026 08:55:40,4.4805357,1376.41,1.41355379400994,4.78454355717821,0.368041812090631,Relaksasi
22-09-2026 08:55:40,4.4808058,1380.44,4.95911193921635,4.79722788489793,0.369017529607533,Relaksasi
22-09-2026 08:55:40,4.4955373,1357.07,-19.608424108039,4.94847690500447,0.380652069615729,Relaksasi
22-09-2026 08:55:40,4.4959076,1379.63,6.5048479212747,4.96053804772788,0.381579849825221,Relaksasi
22-09-2026 08:55:40,4.5127652,1371.58,-3.2237623502062,4.96027441612682,0.381559570471294,Relaksasi
22-09-2026 08:55:40,4.5130718,1367.55,-7.18792752933596,4.98298973103713,0.383306902387472,Relaksasi
22-09-2026 08:55:40,4.5133447,1385.27,11.2415010863952,5.0440577460145,0.388004442001115,Relaksasi
22-09-2026 08:55:40,4.5412833,1388.5,11.4964026618476,5.09686556550765,0.392066581962127,Relaksasi
22-09-2026 08:55:40,4.5799545,1378.02,-1.89889316433514,5.09253550174653,0.391733500134348,Relaksasi
22-09-2026 08:55:40,4.5984291,1372.38,-7.51264894865128,5.11978378590223,0.393829521992479,Relaksasi
22-09-2026 08:55:40,4.598728,1379.63,1.22525993915157,5.12048906832593,0.39388377448661,Relaksasi
22-09-2026 08:55:40,4.598996,1371.58,-6.74947602606331,5.12362400152891,0.394124923194532,Relaksasi
22-09-2026 08:55:40,4.5992578,1379.63,3.13286339735721,5.114522137346,0.393424779795846,Relaksasi
22-09-2026 08:55:40,4.613183,1374.8,-1.68201643437915,5.06327256890957,0.389482505300737,Relaksasi
22-09-2026 08:55:40,4.6217769,1368.35,-7.14210653040993,5.0844573656364,0.391112105048954,Relaksasi
22-09-2026 08:55:40,4.622082,1372.38,-1.12056248419553,5.08507398612016,0.391159537393858,Relaksasi
22-09-2026 08:55:40,4.6223547,1382.05,9.16488663820877,5.11460564506695,0.393431203466689,Relaksasi
22-09-2026 08:55:40,4.6226171,1370.77,-3.74831892477986,4.99490210024251,0.384223238480193,Relaksasi
22-09-2026 08:55:40,4.6228789,1380.44,6.61016335920069,5.01530016356659,0.385792320274353,Relaksasi
22-09-2026 08:55:40,4.6231416,1378.83,3.51913057526667,5.01235000945068,0.38556538534236,Relaksasi
22-09-2026 08:55:40,4.6234012,1374.8,-1.46038246052317,5.00733799979718,0.385179846138245,Relaksasi
22-09-2026 08:55:40,4.6363037,1378.02,1.79443263860592,5.00215866781146,0.384781435985497,Relaksasi
22-09-2026 08:55:40,4.6463513,1365.93,-10.8450421704924,5.05599635069471,0.388922796207285,Relaksasi
22-09-2026 08:55:40,4.6466373,1365.93,-8.9024346203048,5.08666558162252,0.391281967817117,Relaksasi
22-09-2026 08:55:40,4.6660568,1376.41,3.05109319964308,5.05817494911793,0.389090380701379,Relaksasi
22-09-2026 08:55:40,4.6664388,1376.41,2.00670144902298,5.05686687635779,0.38898975971983,Relaksasi
22-09-2026 08:55:40,4.6669203,1379.63,4.23644787087937,5.06568007374084,0.389667697980065,Relaksasi
22-09-2026 08:55:40,4.7068722,1379.63,2.77470797948699,5.05909651136742,0.389161270105186,Relaksasi
22-09-2026 08:55:40,4.7071724,1370.77,-7.17374167012392,5.07471341211987,0.390362570163067,Relaksasi
22-09-2026 08:55:40,4.7074359,1377.22,0.28222095132028,5.0688080157059,0.389908308900454,Relaksasi
22-09-2026 08:55:40,4.7077218,1378.02,0.775711412777053,5.06460232004339,0.389584793849492,Relaksasi
22-09-2026 08:55:40,4.7079816,1373.19,-4.32050156228845,5.07366255195501,0.39028173476577,Relaksasi
22-09-2026 08:55:40,4.7082361,1370.77,-5.87723869371263,5.09029717182871,0.391561320909901,Relaksasi
22-09-2026 08:55:40,4.7084932,1374.8,-0.611173632440117,5.08903707265196,0.391464390203997,Relaksasi
22-09-2026 08:55:40,4.7087487,1375.6,0.379253807837901,5.01909252332595,0.386084040255842,Relaksasi
22-09-2026 08:55:40,4.7090429,1370.77,-4.51243487007586,5.02182219205018,0.386294014773091,Relaksasi
22-09-2026 08:55:40,4.72928,1367.55,-6.92156545636088,4.99744892618793,0.384419148168303,Relaksasi
22-09-2026 08:55:40,4.7295987,1369.16,-4.17868847915588,4.98429446342012,0.383407266416932,Relaksasi
22-09-2026 08:55:40,4.7298655,1379.63,6.65584115388452,5.00590549158882,0.38506965319914,Relaksasi
22-09-2026 08:55:40,4.7301269,1379.63,4.67663736642086,5.01143514179903,0.385495010907618,Relaksasi
22-09-2026 08:55:40,4.7303914,1371.58,-5.06753402280008,5.01059576310956,0.38543044331612,Relaksasi
22-09-2026 08:55:40,4.7306586,1366.74,-9.67343289470978,5.05571640552294,0.388901261963303,Relaksasi
22-09-2026 08:55:40,4.7309165,1368.35,-6.89927323565136,5.04084918681939,0.387757629755338,Relaksasi
22-09-2026 08:55:40,4.731173,1378.83,4.15819158590857,5.04633612174448,0.388179701672652,Relaksasi
22-09-2026 08:55:40,4.7314504,1369.96,-6.35372916942701,5.06323883766601,0.389479910589693,Relaksasi
22-09-2026 08:55:40,4.7475055,1382.05,6.13609160453289,5.07056213046524,0.390043240805019,Relaksasi
22-09-2026 08:55:40,4.747807,1372.38,-5.50445336568202,5.04541174385767,0.388108595681359,Relaksasi
22-09-2026 08:55:40,4.761866,1365.93,-11.5152442323111,5.11060291781082,0.393123301370063,Relaksasi
22-09-2026 08:55:40,4.7622139,1373.99,-1.71765702546032,5.11111279712566,0.39316252285582,Relaksasi
22-09-2026 08:55:40,4.7845727,1370.77,-5.07744098348677,5.11281663574215,0.393293587364781,Relaksasi
22-09-2026 08:55:40,4.8319113,1369.96,-5.39030262402001,5.10318315533861,0.392552550410662,Relaksasi
22-09-2026 08:55:40,4.8322274,1379.63,4.78624555490923,5.10281654501217,0.392524349616321,Relaksasi
22-09-2026 08:55:40,4.8324945,1378.83,2.45748088472463,5.1012496426325,0.392403818664039,Relaksasi
22-09-2026 08:55:40,4.8327563,1379.63,2.21955101977019,5.07800007707534,0.390615390544257,Relaksasi
22-09-2026 08:55:40,4.8330148,1370.77,-7.48315257072824,5.10049873144826,0.392346056265251,Relaksasi
22-09-2026 08:55:40,4.8332754,1373.99,-3.02778296712761,5.10417623676437,0.392628941289567,Relaksasi
22-09-2026 08:55:40,4.8335622,1379.63,3.11375790544915,5.1076572491509,0.392896711473146,Relaksasi
22-09-2026 08:55:40,4.8338219,1379.63,2.51070546324604,5.08864166845619,0.39143397449663,Relaksasi
22-09-2026 08:55:40,4.8340828,1370.77,-6.71630916222613,5.10983512992029,0.393064240763099,Relaksasi
22-09-2026 08:55:40,4.8343419,1378.02,2.07914249079796,5.11069065742747,0.393130050571344,Relaksasi
22-09-2026 08:55:40,4.8346825,1367.55,-8.51034625378787,5.14277278543642,0.395597906572032,Relaksasi
22-09-2026 08:55:40,4.8349897,1369.96,-4.18770273610733,5.14756902185216,0.395966847834782,Relaksasi
22-09-2026 08:55:40,4.835242,1382.05,8.82563165166426,5.15779740552801,0.396753646579078,Relaksasi
22-09-2026 08:55:40,4.8355123,1377.22,2.18529348111886,5.156687930499,0.396668302346077,Relaksasi
22-09-2026 08:55:40,4.8357642,1369.16,-6.50590782306627,5.15558952988964,0.396583809991511,Relaksasi
22-09-2026 08:55:40,4.8360644,1382.05,7.38531459515247,5.17044118361139,0.397726244893184,Relaksasi
22-09-2026 08:55:40,4.8363447,1375.6,-0.822641658272342,5.16606826999548,0.397389866922729,Relaksasi
22-09-2026 08:55:40,4.8415698,1369.16,-7.4071172613353,5.19255066779073,0.399426974445441,Relaksasi
22-09-2026 08:55:40,4.8419643,1375.6,0.208960062196747,5.19123118337734,0.399325475644411,Relaksasi
22-09-2026 08:55:40,4.8422216,1372.38,-3.3292466883279,5.16878578510601,0.397598906546616,Relaksasi
22-09-2026 08:55:40,4.8424803,1374.8,-0.570527610403517,5.15274616554696,0.396365089657459,Relaksasi
22-09-2026 08:55:40,4.8427303,1379.63,4.02496227889149,5.15390511548829,0.396454239652946,Relaksasi
22-09-2026 08:55:40,4.8641329,1374.8,-1.93977903303054,5.15333109902783,0.396410084540603,Relaksasi
22-09-2026 08:55:40,4.864455,1370.77,-5.88597086284085,5.16928168140506,0.397637052415774,Relaksasi
22-09-2026 08:55:40,4.8647546,1368.35,-7.39450749657058,5.18873549081372,0.399133499293363,Relaksasi
22-09-2026 08:55:40,4.8650526,1378.02,3.46255495240305,5.18044422243942,0.398495709418417,Relaksasi
22-09-2026 08:55:40,4.8653143,1364.32,-11.2427394175688,5.24017718168581,0.40309055243737,Relaksasi
22-09-2026 08:55:40,4.8655717,1378.83,5.02796968296969,5.24836808660926,0.403720622046866,Relaksasi
22-09-2026 08:55:40,4.8659131,1371.58,-3.75654693358058,5.25250892193417,0.40403914784109,Relaksasi
22-09-2026 08:55:40,4.866244,1370.77,-4.4837310059487,5.25528671986587,0.404252824605067,Relaksasi
22-09-2026 08:55:40,4.866506,1379.63,4.53757133882603,5.26057003360609,0.404659233354314,Relaksasi
22-09-2026 08:55:40,4.8667605,1377.22,0.497452053533993,5.24644205650545,0.403572465885034,Relaksasi
22-09-2026 08:55:40,4.8670155,1379.63,2.12800237161338,5.24164561070353,0.403203508515656,Relaksasi
22-09-2026 08:55:40,4.8800985,1373.99,-4.44225150656128,5.24991751120124,0.403839808553941,Relaksasi
22-09-2026 08:55:40,4.8803801,1373.99,-3.87270873658871,5.20663570695394,0.400510438996457,Relaksasi
22-09-2026 08:55:40,4.8896437,1379.63,2.42419815757694,5.20941130389315,0.400723946453319,Relaksasi
22-09-2026 08:55:40,4.8899296,1379.63,2.01463681164985,5.20822605291769,0.400632773301361,Relaksasi
22-09-2026 08:55:40,4.8901935,1378.83,1.05301345101575,5.17621968599436,0.39817074507649,Relaksasi
22-09-2026 08:55:40,4.8904512,1379.63,2.0602438732546,5.16270543531789,0.397131187332145,Relaksasi
22-09-2026 08:55:40,4.8907061,1373.99,-3.39825212903889,5.14127457713453,0.395482659779579,Relaksasi
22-09-2026 08:55:40,4.8909604,1377.22,1.19939998688329,5.14153255149236,0.39550250396095,Relaksasi
22-09-2026 08:55:40,4.8912147,1383.66,8.14768526158501,5.1736727725626,0.397974828658662,Relaksasi
22-09-2026 08:55:40,4.8914659,1379.63,3.26876069545533,5.17804903048665,0.398311463883588,Relaksasi
22-09-2026 08:55:40,4.8919566,1375.6,-0.636074257748569,5.17762754675293,0.398279042057918,Relaksasi
22-09-2026 08:55:40,4.8925977,1377.22,1.88667645301297,5.17583329180501,0.398141022446539,Relaksasi
22-09-2026 08:55:40,4.8929703,1369.96,-5.0031290432642,5.17757883054095,0.398275294656996,Relaksasi
22-09-2026 08:55:40,4.8932319,1386.89,13.5181135537917,5.24874749714272,0.403749807472517,Relaksasi
22-09-2026 08:55:40,4.9122145,1375.6,0.0526295952861631,5.23023007334395,0.402325390257227,Relaksasi
22-09-2026 08:55:40,4.9129076,1378.83,3.63369395476765,5.17498006536566,0.398075389643512,Relaksasi
22-09-2026 08:55:40,4.9133888,1379.63,4.03734113573338,5.18097053950587,0.398536195346606,Relaksasi
22-09-2026 08:55:40,4.9138493,1371.58,-4.51400711438446,5.18675571593812,0.398981208918317,Relaksasi
22-09-2026 08:55:40,4.9145533,1379.63,4.68198072389528,5.18486939490638,0.398836107300491,Relaksasi
22-09-2026 08:55:40,4.9150343,1377.22,1.5791903773986,5.182638823607,0.398664524892846,Relaksasi
22-09-2026 08:55:40,4.9154805,1379.63,3.86286047701503,5.17770208671532,0.398284775901179,Relaksasi
22-09-2026 08:55:40,4.915933,1373.99,-2.34855295811014,5.17749730946069,0.398269023804669,Relaksasi
22-09-2026 08:55:40,4.9166737,1379.63,3.94626236382794,5.18443910755457,0.398803008273429,Relaksasi
22-09-2026 08:55:40,4.9175615,1385.27,9.0256949779164,5.21191751291062,0.400916731762355,Relaksasi
22-09-2026 08:55:40,4.9179431,1371.58,-6.15553346058277,5.22764579214312,0.402126599395624,Relaksasi
22-09-2026 08:55:40,4.9182197,1367.55,-8.60871767907299,5.26155872716268,0.404735286704821,Relaksasi
22-09-2026 08:55:40,4.9187431,1372.38,-1.70601742855129,5.26147161162001,0.404728585509231,Relaksasi
22-09-2026 08:55:40,4.9191757,1375.6,2.10060033693768,5.22429450305331,0.401868807927178,Relaksasi
22-09-2026 08:55:40,4.9194959,1368.35,-5.51883529528143,5.23540208264397,0.402723237126459,Relaksasi
22-09-2026 08:55:40,4.9267971,1375.6,2.61439876562779,5.22762570242825,0.402125054032942,Relaksasi
22-09-2026 08:55:40,4.9574737,1375.6,1.66911959537208,5.19092463306052,0.399301894850809,Relaksasi
22-09-2026 08:55:40,4.9577971,1376.41,1.5229749597742,5.18868374576312,0.399129518904855,Relaksasi
22-09-2026 08:55:40,4.958069,1378.02,2.10775427687024,5.17705914009182,0.398235318468601,Relaksasi
22-09-2026 08:55:40,4.9583296,1370.77,-6.27518582655163,5.18001722322421,0.398462863324939,Relaksasi
22-09-2026 08:55:40,4.9585913,1377.22,0.750692752951847,5.1801057187361,0.398469670672007,Relaksasi
22-09-2026 08:55:40,4.958849,1374.8,-2.37014113316051,5.18267578138462,0.398667367798817,Relaksasi
22-09-2026 08:55:40,4.9591103,1375.6,-1.55055017028104,5.18381332408601,0.39875487108354,Relaksasi
22-09-2026 08:55:40,4.9593674,1374.8,-2.36130596190456,5.17859011998573,0.398353086152748,Relaksasi
22-09-2026 08:55:40,4.9596224,1382.05,5.15858154248953,5.19141023452163,0.399339248809357,Relaksasi
22-09-2026 08:55:40,4.9599001,1373.99,-3.96171732942615,5.19525321358275,0.399634862583288,Relaksasi
22-09-2026 08:55:40,4.9601873,1368.35,-8.72485057615823,5.21076261453164,0.400827893425511,Relaksasi
22-09-2026 08:55:40,4.9604392,1378.83,3.65649297178712,5.21714388906828,0.40131876069756,Relaksasi
22-09-2026 08:55:40,4.9607332,1369.16,-6.53387024873401,5.21424111633885,0.401095470487604,Relaksasi
22-09-2026 08:55:40,4.9609876,1379.63,5.33577408285433,5.22405635167826,0.401850488590636,Relaksasi
22-09-2026 08:55:40,4.9612662,1379.63,4.32450949804928,5.23275444088322,0.402519572375632,Relaksasi
22-09-2026 08:55:40,4.9615183,1376.41,0.228911997923491,5.23082362953634,0.402371048425872,Relaksasi
22-09-2026 08:55:40,4.9617876,1374.8,-1.4484201665539,5.23181871489931,0.402447593453793,Relaksasi
22-09-2026 08:55:40,4.962041,1377.22,1.25998795798686,5.20342671414098,0.40026359339546,Relaksasi
22-09-2026 08:55:40,4.9622918,1374.8,-1.37795797551913,5.20043971238727,0.40003382402979,Relaksasi
22-09-2026 08:55:40,4.9625402,1374.8,-1.06455922297971,5.20021199348192,0.400016307190917,Relaksasi
22-09-2026 08:55:40,4.9704496,1381.25,5.63868484960261,5.20774336636312,0.400595643566394,Relaksasi
22-09-2026 08:55:40,4.9707712,1370.77,-5.88850208017859,5.21572680385131,0.401209754142409,Relaksasi
22-09-2026 08:55:40,4.9710308,1370.77,-4.6673964368411,5.21960016310997,0.401507704854613,Relaksasi
22-09-2026 08:55:40,4.9713399,1364.32,-10.1699621611928,5.26845318092882,0.405265629302217,Relaksasi
22-09-2026 08:55:40,4.9715951,1375.6,2.96971954863479,5.24030804617959,0.403100618936892,Relaksasi
22-09-2026 08:55:40,4.9718866,1370.77,-2.81519338034261,5.24369177259263,0.403360905584049,Relaksasi
22-09-2026 08:55:40,4.972167,1369.16,-4.50433206503909,5.25277488575551,0.404059606596578,Relaksasi
22-09-2026 08:55:40,4.972443,1370.77,-2.86779004550948,5.24732054021309,0.403640041554853,Relaksasi
22-09-2026 08:55:40,4.972717,1379.63,5.48960941998074,5.24650592216406,0.403577378628005,Relaksasi
22-09-2026 08:55:40,4.9729672,1379.63,3.22833551309628,5.23129727936383,0.402407483027987,Relaksasi
22-09-2026 08:55:40,4.9732297,1379.63,1.44776323436212,5.22724696512107,0.402095920393928,Relaksasi
22-09-2026 08:55:40,4.9734785,1377.22,-2.17876966422587,5.22084616871184,0.401603551439372,Relaksasi
22-09-2026 08:55:40,4.9737242,1365.13,-14.4506816504779,5.31885605072021,0.409142773132324,Relaksasi
22-09-2026 08:55:40,4.9739879,1378.02,0.955049209928795,5.28151475185498,0.406270365527306,Relaksasi
22-09-2026 08:55:40,4.9742388,1373.99,-3.36984176975337,5.28100996068812,0.406231535437548,Relaksasi
22-09-2026 08:55:40,4.9744885,1375.6,-1.08675659263125,5.28062496231848,0.406201920178345,Relaksasi
22-09-2026 08:55:40,4.9890775,1375.6,-0.767579418632933,5.26408654901367,0.404929734539513,Relaksasi
22-09-2026 08:55:40,4.989394,1372.38,-3.68047845597095,5.26373896576071,0.404902997366209,Relaksasi
22-09-2026 08:55:40,4.9896646,1368.35,-6.83080490135573,5.27670334217752,0.405900257090578,Relaksasi
22-09-2026 08:55:40,4.989929,1373.99,0.221109550415404,5.26881036282559,0.405293104832737,Relaksasi
22-09-2026 08:55:40,5.0197728,1372.38,-1.52285898754931,5.25800878680325,0.404462214369481,Relaksasi
22-09-2026 08:55:40,5.0201335,1372.38,-1.51801046705476,5.25685835140401,0.40437371933877,Relaksasi
22-09-2026 08:55:40,5.0646309,1360.29,-13.7970957606841,5.34512384308593,0.411163372545072,Relaksasi
22-09-2026 08:55:40,5.0649811,1371.58,-0.535063847037847,5.33865273508774,0.41066559500675,Relaksasi
22-09-2026 08:55:40,5.0652498,1372.38,-0.650565529725041,5.31936446449685,0.409181881884373,Relaksasi
22-09-2026 08:55:40,5.0655085,1370.77,-3.43222933618411,5.32124157409522,0.409326274930402,Relaksasi
22-09-2026 08:55:40,5.0657666,1368.35,-6.65820607143223,5.34050634049519,0.410808180038091,Relaksasi
22-09-2026 08:55:40,5.0660505,1367.55,-7.73450000118552,5.36155727914614,0.412427483011241,Relaksasi
22-09-2026 08:55:40,5.0663499,1372.38,-3.03227785917571,5.3475591101686,0.4113507007822,Relaksasi
22-09-2026 08:55:40,5.0666078,1372.38,-4.09794350688056,5.34538622813689,0.41118355601053,Relaksasi
22-09-2026 08:55:40,5.0669466,1379.63,2.34894169289678,5.34726572012407,0.411328132317236,Relaksasi
22-09-2026 08:55:40,5.0672392,1372.38,-6.79175469644298,5.34702041215764,0.411309262473665,Relaksasi
22-09-2026 08:55:40,5.0675263,1374.8,-4.20138617818594,5.34364094178288,0.411049303214068,Relaksasi
22-09-2026 08:55:40,5.0677797,1379.63,0.613920704320685,5.32696619377868,0.409766630290668,Relaksasi
22-09-2026 08:55:40,5.0680283,1371.58,-8.05815156345544,5.3283275552455,0.4098713504035,Relaksasi
22-09-2026 08:55:40,5.0683203,1367.55,-10.692275738025,5.38151283311069,0.413962525623899,Relaksasi
22-09-2026 08:55:40,5.0685725,1366.74,-9.37174340950667,5.41259762659868,0.416353663584514,Relaksasi
22-09-2026 08:55:40,5.0689287,1379.63,5.42323030512135,5.39996404697674,0.415381849767442,Relaksasi
22-09-2026 08:55:40,5.0694858,1375.6,0.322903216414568,5.39800007102171,0.415230774693978,Relaksasi
22-09-2026 08:55:40,5.0700325,1365.13,-10.3067687344068,5.41069344564545,0.416207188126573,Relaksasi
22-09-2026 08:55:40,5.0704893,1388.5,14.8826658638302,5.51149890095289,0.423961453919453,Relaksasi
22-09-2026 08:55:40,5.0823141,1374.8,-2.00784477804051,5.50993351346746,0.423841039497497,Relaksasi
22-09-2026 08:55:40,5.0826387,1379.63,2.932767366768,5.5029029815529,0.423300229350223,Relaksasi
22-09-2026 08:55:40,5.0829107,1379.63,2.18471751392456,5.50257942801776,0.42327534061675,Relaksasi
22-09-2026 08:55:40,5.0831743,1369.96,-7.93776616007893,5.5032381340438,0.423326010311061,Relaksasi
22-09-2026 08:55:40,5.0834461,1379.63,3.40288993921853,5.4888445230957,0.4222188094689,Relaksasi
22-09-2026 08:55:40,5.0837653,1368.35,-8.3272425218487,5.51408553486937,0.424160425759182,Relaksasi
22-09-2026 08:55:40,5.0840357,1381.25,6.43182699995364,5.52164044911295,0.424741573008688,Relaksasi
22-09-2026 08:55:40,5.0842907,1366.74,-9.12794718930329,5.55770981951572,0.427516139962748,Relaksasi
22-09-2026 08:55:40,5.0845591,1373.99,0.0300622583291634,5.55633365612075,0.427410281240057,Relaksasi
22-09-2026 08:55:40,5.0848349,1368.35,-5.62922792401838,5.56561716926555,0.428124397635811,Relaksasi
22-09-2026 08:55:40,5.0970967,1379.63,6.52255327726078,5.58452332789252,0.429578717530194,Relaksasi
22-09-2026 08:55:40,5.1064304,1372.38,-2.43660142973177,5.57715816040514,0.429012166185011,Relaksasi
22-09-2026 08:55:40,5.1067104,1367.55,-7.3764171527351,5.5963958652725,0.430491989636346,Relaksasi
22-09-2026 08:55:40,5.1069851,1372.38,-1.80877497144674,5.58344940920493,0.429496108400379,Relaksasi
22-09-2026 08:55:40,5.1072467,1369.16,-5.51347390478039,5.59224298338631,0.430172537183562,Relaksasi
22-09-2026 08:55:40,5.1075515,1369.96,-4.61054061730863,5.57925311809575,0.429173316776596,Relaksasi
22-09-2026 08:55:40,5.1078191,1354.65,-20.1156918510868,5.75657416726359,0.442813397481814,Relaksasi
22-09-2026 08:55:40,5.1081234,1379.63,7.51098750437065,5.78094317598198,0.444687936613999,Relaksasi
22-09-2026 08:55:40,5.1289264,1379.63,4.53953661391348,5.76930112472001,0.443792394209231,Relaksasi
22-09-2026 08:55:40,5.1293319,1370.77,-6.80490558200379,5.77936981128432,0.444566908560333,Relaksasi
22-09-2026 08:55:40,5.1300787,1369.16,-8.5758791054725,5.78080201318599,0.444677077937384,Relaksasi
22-09-2026 08:55:40,5.1305018,1365.13,-12.2462115817354,5.83412200991507,0.448778616147313,Relaksasi
22-09-2026 08:55:40,5.1308887,1375.6,-0.569456019722129,5.82799424804861,0.448307249849893,Relaksasi
22-09-2026 08:55:40,5.1312827,1374.8,-2.35215212558016,5.82855404889938,0.448350311453799,Relaksasi
22-09-2026 08:55:40,5.1644714,1374.8,-2.87043425122943,5.82411253025823,0.44800865617371,Relaksasi
22-09-2026 08:55:40,5.1648026,1369.16,-8.75369847266473,5.84122828587314,0.449325252759472,Relaksasi
22-09-2026 08:55:40,5.1650683,1369.96,-6.8775426418677,5.86058531035896,0.450814254642997,Relaksasi
22-09-2026 08:55:40,5.1653289,1373.99,-2.03199463734076,5.8518493858692,0.450142260451477,Relaksasi
22-09-2026 08:55:40,5.1655885,1372.38,-3.73209437311781,5.69133836605621,0.437795258927401,Relaksasi
22-09-2026 08:55:40,5.1750871,1379.63,3.77501004797317,5.67899820997157,0.436846016151659,Relaksasi
22-09-2026 08:55:40,5.1755358,1365.13,-11.8968036115909,5.73643854070373,0.441264503131056,Relaksasi
22-09-2026 08:55:40,5.1758054,1377.22,2.11447587431946,5.71583333045599,0.439679486958153,Relaksasi
22-09-2026 08:55:40,5.1760618,1366.74,-9.18196804337648,5.69740613033004,0.438262010025388,Relaksasi
22-09-2026 08:55:40,5.1763137,1371.58,-3.00536172341505,5.64311627016036,0.434085866935412,Relaksasi
22-09-2026 08:55:40,5.1765649,1379.63,5.08227381272235,5.65295319260987,0.434842553277682,Relaksasi
22-09-2026 08:55:40,5.1768191,1369.96,-6.21754995828419,5.64508369859372,0.434237207584133,Relaksasi
22-09-2026 08:55:40,5.177073,1377.22,1.59071042786836,5.64553942975007,0.434272263826929,Relaksasi
22-09-2026 08:55:40,5.180651,1359.49,-17.0987984760986,5.75379725627884,0.442599788944526,Relaksasi
22-09-2026 08:55:40,5.1813921,1379.63,5.70637206589073,5.76367262357963,0.443359432583049,Relaksasi
22-09-2026 08:55:40,5.1816601,1363.52,-12.2634713097389,5.82732699084217,0.448255922372475,Relaksasi
22-09-2026 08:55:40,5.181917,1377.22,2.98477555572747,5.80923711474488,0.446864393441913,Relaksasi
22-09-2026 08:55:40,5.182183,1373.99,-1.75509967823793,5.81002232597493,0.446924794305764,Relaksasi
22-09-2026 08:55:40,5.2196479,1381.25,4.88344484616124,5.78408366646771,0.444929512805209,Relaksasi
22-09-2026 08:55:40,5.219968,1370.77,-7.43206097937083,5.80185763690343,0.446296741300264,Relaksasi
22-09-2026 08:55:40,5.2202386,1379.63,2.16192681709466,5.78501947952904,0.445001498425311,Relaksasi
22-09-2026 08:55:40,5.2205036,1375.6,-2.80127063302252,5.78305840920691,0.44485064686207,Relaksasi
22-09-2026 08:55:40,5.220766,1375.6,-2.54339152468829,5.78493259959725,0.444994815353635,Relaksasi
22-09-2026 08:55:40,5.2210246,1380.44,2.72826210142235,5.78675749534062,0.445135191949278,Relaksasi
22-09-2026 08:55:40,5.2212845,1376.41,-1.69229409509143,5.736968442305,0.441305264792692,Relaksasi
22-09-2026 08:55:40,5.2215425,1378.83,1.39562419167981,5.703181483311,0.438706267947,Relaksasi
22-09-2026 08:55:40,5.221817,1372.38,-4.82062617285472,5.70928413783278,0.439175702910214,Relaksasi
22-09-2026 08:55:40,5.2220738,1368.35,-7.30482067393547,5.73084576117463,0.440834289321125,Relaksasi
22-09-2026 08:55:40,5.2223289,1375.6,1.94316078028161,5.72466025670082,0.440358481284679,Relaksasi
22-09-2026 08:55:40,5.2226327,1378.83,5.19667428417489,5.73308530818021,0.441006562167709,Relaksasi
22-09-2026 08:55:40,5.2532762,1383.66,9.21167960471007,5.74762816375786,0.44212524336599,Relaksasi
22-09-2026 08:55:40,5.2538094,1369.16,-7.00757772935651,5.76891341533747,0.443762570410575,Relaksasi
22-09-2026 08:55:40,5.2803142,1377.22,2.44513225491198,5.77124308198859,0.443941775537584,Relaksasi
22-09-2026 08:55:40,5.2810325,1367.55,-7.73618977823567,5.78905486276273,0.44531191252021,Relaksasi
22-09-2026 08:55:40,5.2813718,1378.02,4.10112536423113,5.78139625670376,0.444722788977212,Relaksasi
22-09-2026 08:55:40,5.2816584,1375.6,0.607193022888244,5.78139415952748,0.44472262765596,Relaksasi
22-09-2026 08:55:40,5.2820805,1379.63,4.14081247904768,5.78874173724289,0.445287825941761,Relaksasi
22-09-2026 08:55:40,5.2823503,1373.99,-2.7054085880061,5.78310614949741,0.444854319192108,Relaksasi
22-09-2026 08:55:40,5.282626,1367.55,-8.96978052775915,5.79715975354329,0.445935365657176,Relaksasi
22-09-2026 08:55:40,5.2947256,1377.22,2.1312773095985,5.79158577040218,0.445506597723245,Relaksasi
22-09-2026 08:55:40,5.2950744,1379.63,3.78590566482917,5.7786356553352,0.444510435025785,Relaksasi
22-09-2026 08:55:40,5.3347322,1374.8,-2.11748244925346,5.77110856001173,0.44393142769321,Relaksasi
22-09-2026 08:55:40,5.3350175,1369.16,-7.60654579099037,5.78503173720177,0.445002441323213,Relaksasi
22-09-2026 08:55:40,5.3352887,1375.6,0.116379058096992,5.7444567542123,0.441881288785561,Relaksasi
22-09-2026 08:55:40,5.335561,1366.74,-8.96619916032899,5.75871054855406,0.442977734504159,Relaksasi
22-09-2026 08:55:40,5.3358355,1379.63,5.41247182175008,5.76391955632696,0.443378427409766,Relaksasi
22-09-2026 08:55:40,5.3360957,1373.19,-2.43400509170747,5.74896000890148,0.442227692992422,Relaksasi
22-09-2026 08:55:40,5.3363468,1374.8,-0.763518054615763,5.73281762156717,0.440985970889782,Relaksasi
22-09-2026 08:55:40,5.3366005,1372.38,-3.47056408956247,5.72485169444371,0.440373207264901,Relaksasi
22-09-2026 08:55:40,5.336855,1381.25,5.62525816065665,5.68059330718159,0.436968715937046,Relaksasi
22-09-2026 08:55:40,5.3371121,1370.77,-6.38262331027219,5.69719913597155,0.438246087382427,Relaksasi
22-09-2026 08:55:40,5.3374529,1374.8,-1.47240780709143,5.68682827980262,0.437448329215587,Relaksasi
22-09-2026 08:55:40,5.3377894,1390.92,14.6342670743065,5.76762931680608,0.443663793600468,Relaksasi
22-09-2026 08:55:40,5.3380604,1379.63,0.307975014615941,5.7577323180719,0.442902486005531,Relaksasi
22-09-2026 08:55:40,5.3383115,1373.99,-5.30877965326114,5.76733916915852,0.443641474550656,Relaksasi
22-09-2026 08:55:40,5.3385631,1372.38,-5.49189761027039,5.77826736619826,0.444482105092174,Relaksasi
22-09-2026 08:55:40,5.3388339,1357.88,-18.3334042940956,5.89821620986732,0.453708939220563,Relaksasi
22-09-2026 08:55:40,5.3390822,1374.8,2.72216272438176,5.89747131907833,0.453651639929103,Relaksasi
22-09-2026 08:55:40,5.3393346,1379.63,7.31509221783463,5.9160158374247,0.455078141340362,Relaksasi
22-09-2026 08:55:40,5.3396156,1372.38,-1.39447907200509,5.91417348734845,0.454936422103727,Relaksasi
22-09-2026 08:55:40,5.3399406,1377.22,3.43563737176724,5.90007813638038,0.453852164336952,Relaksasi
22-09-2026 08:55:40,5.3697856,1368.35,-6.56715226823434,5.91649772183506,0.455115209371927,Relaksasi
22-09-2026 08:55:40,5.3703444,1371.58,-2.66159687146944,5.88882295668784,0.45298638128368,Relaksasi
22-09-2026 08:55:40,5.3706729,1378.83,4.36276467938594,5.88945838956539,0.453035260735799,Relaksasi
22-09-2026 08:55:40,5.3990336,1373.99,-2.17603799191581,5.85832202587731,0.450640155836716,Relaksasi
22-09-2026 08:55:40,5.4318121,1369.96,-6.63333137112915,5.87503743360688,0.451925956431298,Relaksasi
22-09-2026 08:55:40,5.4321272,1373.19,-2.9118339300479,5.86061639654498,0.450816645888075,Relaksasi
22-09-2026 08:55:40,5.4324036,1367.55,-8.74441348306299,5.86996030863232,0.451535408356332,Relaksasi
22-09-2026 08:55:40,5.4326686,1379.63,4.29428807020211,5.8775211508406,0.452117011603123,Relaksasi
22-09-2026 08:55:40,5.4329298,1364.32,-12.5878721882782,5.92141879781399,0.455493753677999,Relaksasi
22-09-2026 08:55:40,5.4331888,1379.63,4.46153074119512,5.92979835579087,0.456138335060836,Relaksasi
22-09-2026 08:55:40,5.4334457,1373.99,-2.74836761936292,5.92830977139667,0.456023828568974,Relaksasi
22-09-2026 08:55:40,5.4336996,1377.22,0.36689603983136,5.9282292719147,0.45601763630113,Relaksasi
22-09-2026 08:55:40,5.4339711,1376.41,-1.05388613788583,5.92186238219126,0.455527875553173,Relaksasi
22-09-2026 08:55:40,5.4342273,1374.8,-2.84877761247238,5.92369969103377,0.455669207002598,Relaksasi
22-09-2026 08:55:40,5.4344804,1373.99,-3.32821988535739,5.91374500655794,0.454903462042918,Relaksasi
22-09-2026 08:55:40,5.4347331,1374.8,-1.95440429061078,5.89220542561616,0.453246571201243,Relaksasi
22-09-2026 08:55:40,5.4350552,1379.63,3.26506968645723,5.89164168495977,0.453203206535367,Relaksasi
22-09-2026 08:55:40,5.4353111,1376.41,-0.509700365156752,5.83787159572819,0.449067045825246,Relaksasi
22-09-2026 08:55:40,5.4567205,1379.63,2.97529429917329,5.83083220933163,0.448525554563972,Relaksasi
22-09-2026 08:55:40,5.4570219,1379.63,2.65402246861661,5.82780106089577,0.448292389299675,Relaksasi
22-09-2026 08:55:40,5.4572914,1379.63,2.50119098819391,5.82185758744633,0.447835199034333,Relaksasi
22-09-2026 08:55:40,5.457554,1356.26,-20.8702113046872,5.99740832357971,0.461339101813824,Relaksasi
22-09-2026 08:55:40,5.4578156,1375.6,3.03641976401072,6.00114726797566,0.461626712921205,Relaksasi
22-09-2026 08:55:40,5.4847129,1382.05,9.18619263993672,6.03432326259987,0.464178712507682,Relaksasi
22-09-2026 08:55:40,5.5425388,1367.55,-7.07900076462394,6.04689593960769,0.465145841508284,Relaksasi
22-09-2026 08:55:40,5.5823427,1379.63,6.20590946126058,6.05661024838635,0.465893096029719,Relaksasi
22-09-2026 08:55:40,5.58266,1367.55,-7.43434852503416,6.07696402056824,0.467458770812942,Relaksasi
22-09-2026 08:55:40,5.5829362,1376.41,2.37161839042814,6.07760814538217,0.467508318875552,Relaksasi
22-09-2026 08:55:40,5.5831999,1378.02,2.88435761092145,6.08057350718779,0.46773642362983,Relaksasi
22-09-2026 08:55:40,5.5834669,1379.63,3.22688158518551,6.0831089893287,0.467931460717592,Relaksasi
22-09-2026 08:55:40,5.5837314,1370.77,-6.91447178200488,6.09799343952663,0.469076418425125,Relaksasi
22-09-2026 08:55:40,5.58402,1378.02,1.15980490053895,6.09795514282482,0.469073472524986,Relaksasi
22-09-2026 08:55:40,5.6127016,1382.05,4.57634985762925,6.07929666477887,0.46763820498299,Relaksasi
22-09-2026 08:55:40,5.6374489,1382.86,4.27945944381076,6.08243313334613,0.467879471795856,Relaksasi
22-09-2026 08:55:40,5.6377489,1383.66,4.29309925933196,6.08983771340193,0.468449054877071,Relaksasi
22-09-2026 08:55:40,5.6380625,1371.58,-8.23475990776936,6.11615745293347,0.470473650225652,Relaksasi
22-09-2026 08:55:40,5.6383551,1370.77,-6.72474649762952,6.1244049968338,0.471108076679523,Relaksasi
22-09-2026 08:55:40,5.6386174,1379.63,4.32852555225238,6.05708843110774,0.46592987931598,Relaksasi
22-09-2026 08:55:40,5.6388763,1374.8,-0.465191241749473,6.05717660526295,0.465936661943304,Relaksasi
22-09-2026 08:55:40,5.639215,1387.69,13.3124922756817,6.12449851183839,0.471115270141414,Relaksasi
22-09-2026 08:55:40,5.6396261,1374.8,-1.45679387159674,6.11870841323566,0.470669877941204,Relaksasi
22-09-2026 08:55:40,5.6400451,1380.44,5.14795297285892,6.12121053747631,0.47086234903664,Relaksasi
22-09-2026 08:55:40,5.6412553,1379.63,3.98983479316387,6.11875866781818,0.470673743678322,Relaksasi
22-09-2026 08:55:40,5.6415727,1379.63,3.83811689096298,6.12375653746157,0.471058195189351,Relaksasi
22-09-2026 08:55:40,5.6462549,1365.13,-10.7935335226322,6.16508617168485,0.474237397821912,Relaksasi
22-09-2026 08:55:40,5.6478517,1379.63,6.3620493047057,6.17924650391066,0.475326654146974,Relaksasi
22-09-2026 08:55:40,5.6485807,1380.44,6.31171907696399,6.1890557770474,0.476081213619031,Relaksasi
22-09-2026 08:55:40,5.6982461,1379.63,4.47882502651364,6.16420270029486,0.47416943848422,Relaksasi
22-09-2026 08:55:40,5.6985707,1373.99,-1.90743042726466,6.15029539319657,0.473099645630506,Relaksasi
22-09-2026 08:55:40,5.6988641,1375.6,0.172489502135244,6.12010882961462,0.470777602278048,Relaksasi
22-09-2026 08:55:40,5.6991316,1385.27,9.87357296123571,6.15862134118493,0.473740103168071,Relaksasi
22-09-2026 08:55:40,5.6993953,1369.16,-8.09729365670549,6.18339591470863,0.475645839592971,Relaksasi
22-09-2026 08:55:40,5.6996547,1375.6,0.033512055617452,6.17106983741413,0.474697679801087,Relaksasi
22-09-2026 08:55:40,5.6999321,1379.63,4.17944644605113,6.17537581015852,0.475028908473732,Relaksasi
22-09-2026 08:55:40,5.7002291,1375.6,-0.564589449592719,6.17437692417669,0.474952071090515,Relaksasi
22-09-2026 08:55:40,5.700486,1376.41,0.461395961733339,6.17352391826035,0.474886455250796,Relaksasi
22-09-2026 08:55:40,5.7007383,1379.63,3.70973968072395,6.17729676083058,0.475176673910045,Relaksasi
22-09-2026 08:55:40,5.7130156,1379.63,3.12473276261158,6.16530009486707,0.474253853451313,Relaksasi
22-09-2026 08:55:40,5.722834,1374.8,-2.11790000455826,6.16689022635135,0.474376171257796,Relaksasi
22-09-2026 08:55:40,5.7231267,1374.8,-1.43171055384262,6.16544371432115,0.474264901101627,Relaksasi
22-09-2026 08:55:40,5.7233894,1374.8,-0.840489105106238,6.16475524858761,0.474211942199047,Relaksasi
22-09-2026 08:55:40,5.7236478,1366.74,-8.44418953967629,6.19135285141056,0.476257911646966,Relaksasi
22-09-2026 08:55:40,5.7239624,1375.6,2.25116420626747,6.18264781581767,0.475588293524436,Relaksasi
22-09-2026 08:55:40,5.7420714,1369.16,-4.63316533698963,6.18498092952946,0.475767763809958,Relaksasi
22-09-2026 08:55:40,5.7423868,1375.6,2.46791040828868,6.15660839421173,0.47358526109321,Relaksasi
22-09-2026 08:55:40,5.7426687,1378.83,4.74095325690018,6.16030522006298,0.473869632312537,Relaksasi
22-09-2026 08:55:40,5.7429561,1379.63,3.97648279134017,6.14938738242664,0.473029798648203,Relaksasi
22-09-2026 08:55:40,5.7662602,1362.71,-14.3850706541227,6.22151621732614,0.478578170563549,Relaksasi
22-09-2026 08:55:40,5.7828418,1368.35,-6.57527216208737,6.23136647537971,0.479335882721516,Relaksasi
22-09-2026 08:55:40,5.795692,1379.63,5.2992761691726,6.24260184430803,0.480200141869848,Relaksasi
22-09-2026 08:55:40,5.7960306,1369.16,-6.98443579368343,6.26126983114799,0.481636140857538,Relaksasi
22-09-2026 08:55:40,5.7963018,1372.38,-3.21620424260373,6.26476511122511,0.481905008555778,Relaksasi
22-09-2026 08:55:40,5.7965817,1383.66,7.86964059118276,6.2886758759761,0.483744298152008,Relaksasi
22-09-2026 08:55:40,5.7968405,1373.99,-4.11058503075315,6.2949394268621,0.484226109758623,Relaksasi
22-09-2026 08:55:40,5.7971073,1377.22,-0.695655280942765,6.28249219936219,0.483268630720168,Relaksasi
22-09-2026 08:55:40,5.7973678,1379.63,1.45052652180383,6.26951801076109,0.482270616212392,Relaksasi
22-09-2026 08:55:40,5.7976268,1378.83,0.204393355495657,6.26084195799442,0.481603227538032,Relaksasi
22-09-2026 08:55:40,5.7979855,1379.63,1.06441899896376,6.21986063430763,0.478450818023664,Relaksasi
22-09-2026 08:55:40,5.7982781,1382.05,3.64437582392274,6.2216539211814,0.4785887631678,Relaksasi
22-09-2026 08:55:40,5.7985469,1378.02,-0.468725935907152,6.21855686362385,0.478350527971065,Relaksasi
22-09-2026 08:55:40,5.7988042,1378.02,0.48579854164649,6.21048987041102,0.477729990031617,Relaksasi
22-09-2026 08:55:40,5.7991262,1379.63,3.03146307092197,6.21087853475691,0.477759887288993,Relaksasi
22-09-2026 08:55:40,5.7993849,1376.41,0.333823771596847,6.19878135661654,0.476829335124349,Relaksasi
22-09-2026 08:55:40,5.7996343,1378.83,3.80854608619782,6.20042778142482,0.476955983186524,Relaksasi
22-09-2026 08:55:40,5.7998838,1370.77,-3.94109648090566,6.20584287491311,0.47737252883947,Relaksasi
22-09-2026 08:55:40,5.8001314,1373.99,0.948782974621477,6.20429299336562,0.477253307181971,Relaksasi
22-09-2026 08:55:40,5.8003799,1369.16,-3.41781741482704,6.12434061153639,0.471103123964338,Relaksasi
22-09-2026 08:55:40,5.8006426,1379.63,8.02339541561154,6.15019200522417,0.473091692709552,Relaksasi
22-09-2026 08:55:40,5.8008956,1378.02,4.79145030991921,6.15490637733179,0.47345433671783,Relaksasi
22-09-2026 08:55:40,5.8242235,1374.8,0.303697484196146,6.15446410949572,0.473420316115055,Relaksasi
22-09-2026 08:55:40,5.8949036,1369.16,-5.88621483841887,6.16828340868604,0.474483339129696,Relaksasi
22-09-2026 08:55:40,5.8952183,1366.74,-7.75973915526781,6.18716884853938,0.47593606527226,Relaksasi
22-09-2026 08:55:40,5.8954882,1375.6,1.86991384696116,6.16970353998549,0.474592579998884,Relaksasi
22-09-2026 08:55:40,5.8957503,1375.6,0.599766702234681,6.16982948910492,0.474602268392686,Relaksasi
22-09-2026 08:55:40,5.896021,1379.63,3.51538067686688,6.17389584732892,0.474915065179148,Relaksasi
22-09-2026 08:55:40,5.8962797,1379.63,1.86992894799131,6.17437861862451,0.474952201432655,Relaksasi
22-09-2026 08:55:40,5.9072328,1369.16,-9.74857003165384,6.13566012400381,0.471973855692601,Relaksasi
22-09-2026 08:55:40,5.9075731,1372.38,-5.17035917553222,6.14642634062334,0.472802026201795,Relaksasi
22-09-2026 08:55:40,5.9078486,1383.66,6.76326811487728,6.16483167338206,0.474217821029389,Relaksasi
22-09-2026 08:55:40,5.9081075,1384.47,6.05827950944705,6.17493014722651,0.474994626709731,Relaksasi
22-09-2026 08:55:40,5.9471532,1378.02,-1.5255413649776,6.15790062967565,0.473684663821204,Relaksasi
22-09-2026 08:55:40,5.9476706,1376.41,-2.46862760423771,6.13604908103416,0.472003775464166,Relaksasi
22-09-2026 08:55:40,5.9479853,1375.6,-2.13780167738165,6.1341646342304,0.471858818017723,Relaksasi
22-09-2026 08:55:40,5.948246,1373.99,-2.48684879088979,6.12983948725077,0.471526114403905,Relaksasi
22-09-2026 08:55:40,5.948501,1369.16,-5.92995016640576,6.14191875955356,0.472455289196428,Relaksasi
22-09-2026 08:55:40,5.9487558,1370.77,-2.3542672560618,6.12537666280511,0.471182820215778,Relaksasi
22-09-2026 08:55:40,5.9490119,1379.63,7.52346063339423,6.14125340070391,0.472404107746455,Relaksasi
22-09-2026 08:55:40,5.9492668,1374.8,1.46413546308858,6.1419725904446,0.4724594300342,Relaksasi
22-09-2026 08:55:40,5.9495246,1382.05,8.38741258241401,6.14417624403897,0.472628941849152,Relaksasi
22-09-2026 08:55:40,5.9498246,1377.22,1.69711655729466,6.09866206135151,0.469127850873193,Relaksasi
22-09-2026 08:55:40,5.9501555,1374.8,-1.34666129708797,6.0632993121852,0.466407639398861,Relaksasi
22-09-2026 08:55:40,5.9504117,1370.77,-5.39505655049036,6.06317364012845,0.466397972317573,Relaksasi
22-09-2026 08:55:40,5.9506626,1371.58,-3.80453580241777,6.06909595584648,0.466853535065114,Relaksasi
22-09-2026 08:55:40,5.9509139,1377.22,2.266768015603,6.02731030383637,0.46363925414126,Relaksasi
22-09-2026 08:55:40,5.9511633,1381.25,5.48400421121993,5.94738365111949,0.457491050086115,Relaksasi
22-09-2026 08:55:40,5.9603328,1365.13,-12.0716751957718,6.00664979839019,0.462049984491553,Relaksasi
22-09-2026 08:55:40,5.9606054,1380.44,5.27082763471942,6.01462752779735,0.462663655984412,Relaksasi
22-09-2026 08:55:40,5.9608668,1378.02,1.51823801187565,6.01360163116605,0.462584740858927,Relaksasi
22-09-2026 08:55:40,5.9611233,1378.83,1.7698595932295,5.98865810805736,0.460666008312105,Relaksasi
22-09-2026 08:55:40,5.9613785,1374.8,-2.7505029484084,5.9869820417181,0.460537080132162,Relaksasi
22-09-2026 08:55:40,5.9617253,1369.16,-7.85721736020031,5.98380468021758,0.460292667709044,Relaksasi
22-09-2026 08:55:40,5.9624723,1372.38,-3.01999943041199,5.97031644395886,0.459255111073758,Relaksasi
22-09-2026 08:55:40,5.9629705,1378.83,4.08247701735545,5.94234082113591,0.457103140087378,Relaksasi
22-09-2026 08:55:40,5.9632969,1377.22,1.66444314748764,5.94350584847003,0.457192757574618,Relaksasi
22-09-2026 08:55:40,5.9635737,1377.22,1.28440284385773,5.93085737385593,0.456219797988917,Relaksasi
22-09-2026 08:55:40,5.9641342,1370.77,-5.46758137454891,5.92552300756518,0.455809462120398,Relaksasi
22-09-2026 08:55:40,5.9644773,1378.02,2.80014687169107,5.92632617167353,0.455871243974887,Relaksasi
22-09-2026 08:55:40,5.9647545,1378.83,2.99247288469989,5.90711932441144,0.454393794185496,Relaksasi
22-09-2026 08:55:40,5.9832801,1371.58,-4.91585531688736,5.91595542121738,0.455073493939798,Relaksasi
22-09-2026 08:55:40,5.9838147,1376.41,0.820399374438805,5.90338054414636,0.454106195703566,Relaksasi
22-09-2026 08:55:40,5.9841407,1375.6,-0.201156403721256,5.8943887507171,0.453414519285931,Relaksasi
22-09-2026 08:55:40,5.9845076,1380.44,4.61438574946276,5.729491795139,0.440730138087615,Relaksasi
22-09-2026 08:55:40,5.9848749,1376.41,-0.360646208261728,5.70487965627222,0.438836896636325,Relaksasi
22-09-2026 08:55:40,5.985201,1379.63,2.94751435709136,5.69965386086117,0.438434912373936,Relaksasi
22-09-2026 08:55:40,5.9854643,1370.77,-6.37426792935925,5.69716393409089,0.438243379545453,Relaksasi
22-09-2026 08:55:40,5.9857951,1370.77,-4.93913173516933,5.67555490601883,0.436581146616833,Relaksasi
22-09-2026 08:55:40,6.0167534,1379.63,5.0683240495153,5.62054397225622,0.432349536327402,Relaksasi
22-09-2026 08:55:40,6.0172089,1375.6,0.154923127478796,5.62041040753706,0.432339262118235,Relaksasi
22-09-2026 08:55:40,6.017494,1376.41,0.973139927891694,5.61837032044327,0.43218233234179,Relaksasi
22-09-2026 08:55:40,6.017782,1378.83,3.20298987393717,5.61926897508452,0.432251459621886,Relaksasi
22-09-2026 08:55:40,6.018044,1379.63,3.36440470551934,5.59013807742781,0.430010621340601,Relaksasi
22-09-2026 08:55:40,6.0183033,1384.47,7.57286215247489,5.59462974348229,0.430356134114022,Relaksasi
22-09-2026 08:55:40,6.0185814,1375.6,-2.62964535758322,5.59587456338677,0.43045188949129,Relaksasi
22-09-2026 08:55:40,6.0188433,1382.86,5.46755645947512,5.60300279808047,0.431000215236959,Relaksasi
22-09-2026 08:55:40,6.0323087,1379.63,1.6838607193832,5.59790708976109,0.43060823767393,Relaksasi
22-09-2026 08:55:40,6.0328838,1377.22,-0.358362937894606,5.5343957416063,0.425722749354331,Relaksasi
22-09-2026 08:55:40,6.0496132,1378.83,2.17443680954764,5.53451190808983,0.425731685237679,Relaksasi
22-09-2026 08:55:40,6.0498952,1386.89,10.7521402571688,5.54863244192561,0.426817880148124,Relaksasi
22-09-2026 08:55:40,6.0501647,1378.02,0.793726784735551,5.54484544339971,0.426526572569208,Relaksasi
22-09-2026 08:55:40,6.0504414,1377.22,0.929704346384626,5.53357797509997,0.42565984423846,Relaksasi
22-09-2026 08:55:40,6.050697,1366.74,-8.59951009193515,5.54950028725102,0.426884637480848,Relaksasi
22-09-2026 08:55:40,6.0509506,1373.19,0.561413988547452,5.54850228153555,0.426807867810427,Relaksasi
22-09-2026 08:55:40,6.0512007,1378.02,6.04405039902951,5.43200568369586,0.417846591053528,Relaksasi
22-09-2026 08:55:40,6.0575991,1372.38,-0.367769301173411,5.41706088282444,0.416696990986495,Relaksasi
22-09-2026 08:55:40,6.0867605,1373.99,1.38280747720731,5.34809739514884,0.411392107319142,Relaksasi
22-09-2026 08:55:40,6.0873668,1377.22,4.10079486613875,5.35179258894422,0.411676352995709,Relaksasi
22-09-2026 08:55:40,6.0878596,1378.83,4.41192989179577,5.35944098461081,0.412264691123908,Relaksasi
22-09-2026 08:55:40,6.1015228,1378.83,2.91059071276891,5.35226355770947,0.411712581362267,Relaksasi
22-09-2026 08:55:40,6.1243009,1374.8,-2.33157379490225,5.32895193457258,0.409919379582506,Relaksasi
22-09-2026 08:55:40,6.1246037,1370.77,-6.45404402467285,5.3462727675021,0.411251751346315,Relaksasi
22-09-2026 08:55:40,6.1248965,1374.8,-1.59963916758134,5.34379931753333,0.411061485964102,Relaksasi
22-09-2026 08:55:40,6.1251589,1375.6,-0.845689733076953,5.3411068983361,0.410854376795085,Relaksasi
22-09-2026 08:55:40,6.1254186,1378.83,2.25123924736316,5.33999496439159,0.410768843414738,Relaksasi
22-09-2026 08:55:40,6.1256902,1381.25,4.01835318737949,5.34621012820285,0.411246932938681,Relaksasi
22-09-2026 08:55:40,6.1259439,1379.63,1.54185258419379,5.34641098751618,0.411262383655091,Relaksasi
22-09-2026 08:55:40,6.1261973,1371.58,-6.677612259707,5.35638598230156,0.412029690946273,Relaksasi
22-09-2026 08:55:40,6.1264504,1371.58,-5.05055293922555,5.34337058334572,0.411028506411209,Relaksasi
22-09-2026 08:55:40,6.1267033,1382.05,6.81257924879071,5.36328127194347,0.412560097841805,Relaksasi
22-09-2026 08:55:40,6.1485297,1375.6,-0.561945744069316,5.35082589877459,0.41160199221343,Relaksasi
22-09-2026 08:55:40,6.1489481,1376.41,0.753084155571479,5.31129911340198,0.408561470261691,Relaksasi
22-09-2026 08:55:40,6.1492601,1375.6,0.176939802706817,5.28814940053027,0.406780723117713,Relaksasi
22-09-2026 08:55:40,6.1495193,1369.16,-5.96382537361687,5.30211908476635,0.407855314212796,Relaksasi
22-09-2026 08:55:40,6.149816,1372.38,-1.34992704268118,5.27468815596922,0.405745242766863,Relaksasi
22-09-2026 08:55:40,6.1500916,1382.05,8.62782931688767,5.30192759192947,0.407840583994575,Relaksasi
22-09-2026 08:55:40,6.1503446,1378.02,2.7680770104739,5.30536558824247,0.408105045249421,Relaksasi
22-09-2026 08:55:40,6.1505957,1373.99,-2.03971022624078,5.29924282081972,0.407634063139979,Relaksasi
22-09-2026 08:55:40,6.1509696,1370.77,-5.10825462149544,5.30809284227954,0.408314834021503,Relaksasi
22-09-2026 08:55:40,6.1587213,1386.89,11.7478105484182,5.33513074554748,0.410394672734422,Relaksasi
22-09-2026 08:55:40,6.1590341,1373.99,-3.69280346268579,5.33939063417391,0.410722356474916,Relaksasi
22-09-2026 08:55:40,6.1850698,1375.6,-1.51177195744632,5.33374673264918,0.410288210203783,Relaksasi
22-09-2026 08:55:40,6.1854855,1382.05,5.2164350146231,5.34438878822829,0.411106829863714,Relaksasi
22-09-2026 08:55:40,6.185798,1373.99,-3.75080041404408,5.32386479393664,0.409528061072049,Relaksasi
22-09-2026 08:55:40,6.1861516,1372.38,-4.38064285639845,5.33286215674742,0.410220165903648,Relaksasi
22-09-2026 08:55:40,6.1865186,1385.27,9.69699145701943,5.33925213513493,0.410711702702687,Relaksasi
22-09-2026 08:55:40,6.1868886,1379.63,2.53845337127127,5.3285418112301,0.409887831633084,Relaksasi
22-09-2026 08:55:40,6.2163802,1378.02,0.888773352735533,5.32613232284532,0.409702486372717,Relaksasi
22-09-2026 08:55:40,6.2167065,1373.99,-2.74449889191225,5.32939321988888,0.409953324606837,Relaksasi
22-09-2026 08:55:40,6.2354806,1379.63,4.0674524056967,5.33150343355998,0.410115648735383,Relaksasi
22-09-2026 08:55:40,6.2358052,1371.58,-4.13612337345109,5.32468297629011,0.409590998176162,Relaksasi
22-09-2026 08:55:40,6.2360742,1375.6,1.27449042481479,5.30628693396845,0.408175917997573,Relaksasi
22-09-2026 08:55:40,6.2363326,1370.77,-3.34466846709358,5.31053435518745,0.408502642706727,Relaksasi
22-09-2026 08:55:40,6.2365862,1371.58,-1.61760579139186,5.20999515509345,0.400768858084112,Relaksasi
22-09-2026 08:55:40,6.236842,1378.02,5.14976293585329,5.22265981704022,0.401743062849248,Relaksasi
22-09-2026 08:55:40,6.2370963,1375.6,1.47630446584645,5.21019742734108,0.400784417487775,Relaksasi
22-09-2026 08:55:40,6.2493294,1366.74,-8.11075057178462,5.22726256364185,0.402097120280143,Relaksasi
22-09-2026 08:55:40,6.2496531,1371.58,-2.27462384044405,5.06651506582931,0.389731928140716,Relaksasi
22-09-2026 08:55:40,6.2499426,1381.25,7.08553910627876,5.08758767835193,0.391352898334764,Relaksasi
22-09-2026 08:55:40,6.2753756,1368.35,-8.07147743593836,5.09330337346358,0.391792567189507,Relaksasi
22-09-2026 08:55:40,6.2757204,1378.83,3.08672586750714,5.09702420806787,0.39207878523599,Relaksasi
22-09-2026 08:55:40,6.2760451,1382.86,5.66151221655474,5.10694638309132,0.392842029468563,Relaksasi
22-09-2026 08:55:40,6.2763129,1364.32,-14.6943667769818,5.19084636548617,0.399295874268167,Relaksasi
22-09-2026 08:55:40,6.2863214,1378.02,1.3679674534205,5.18833520267513,0.399102707898087,Relaksasi
22-09-2026 08:55:40,6.3030549,1364.32,-12.9455813621796,5.25942905466967,0.404571465743821,Relaksasi
22-09-2026 08:55:40,6.3035716,1379.63,4.60948748738869,5.26727207849321,0.405174775268708,Relaksasi
22-09-2026 08:55:40,6.304105,1369.16,-7.03533577882775,5.26987945508077,0.405375342698521,Relaksasi
22-09-2026 08:55:40,6.3045669,1379.63,4.50538881704975,5.27548369619938,0.405806438169183,Relaksasi
22-09-2026 08:55:40,6.3049936,1373.19,-3.13084139511692,5.24379778712514,0.403369060548088,Relaksasi
22-09-2026 08:55:40,6.3053261,1378.02,1.99830390632409,5.23690526691282,0.402838866685602,Relaksasi
22-09-2026 08:55:40,6.3055984,1383.66,6.97703714229634,5.18423566014336,0.398787358472566,Relaksasi
22-09-2026 08:55:40,6.3060373,1377.22,-0.992386019140516,5.17510359772477,0.398084892132675,Relaksasi
22-09-2026 08:55:40,6.3064796,1379.63,1.63157869776733,5.17274007365178,0.397903082588599,Relaksasi
22-09-2026 08:55:40,6.359884,1378.83,0.754688786566954,5.17295027830983,0.397919252177679,Relaksasi
22-09-2026 08:55:40,6.3602304,1374.8,-2.97018156347278,5.17667567986517,0.39820582152809,Relaksasi
22-09-2026 08:55:40,6.3605282,1375.6,-0.970997207829629,5.17321057013621,0.397939274625862,Relaksasi
22-09-2026 08:55:40,6.3608598,1369.16,-6.52313549469186,5.18839848588686,0.399107575837451,Relaksasi
22-09-2026 08:55:40,6.3611199,1374.8,1.04241797235241,5.18708140902403,0.399006262232618,Relaksasi
22-09-2026 08:55:40,6.361375,1378.83,5.35321654448321,5.19574775950644,0.399672904577419,Relaksasi
22-09-2026 08:55:40,6.3616275,1371.58,-2.67073375473216,5.19905375064043,0.399927211587726,Relaksasi
22-09-2026 08:55:40,6.3618804,1379.63,5.97162449482677,5.21192857939851,0.400917583030655,Relaksasi
22-09-2026 08:55:40,6.3621335,1382.05,7.1238823577591,5.23285092847745,0.402526994498265,Relaksasi
22-09-2026 08:55:40,6.362404,1378.02,1.51301086493775,5.23095546408659,0.402381189545122,Relaksasi
22-09-2026 08:55:40,6.3626985,1380.44,3.47993690568494,5.02450159439557,0.386500122645813,Relaksasi
22-09-2026 08:55:40,6.3629526,1375.6,-2.08118663337675,5.02206867099425,0.386312974691865,Relaksasi
22-09-2026 08:55:40,6.3694691,1378.02,0.851733347810982,4.98024801677293,0.383096001290225,Relaksasi
22-09-2026 08:55:40,6.3697951,1379.63,2.54400066336777,4.95829292663503,0.381407148202695,Relaksasi
22-09-2026 08:55:40,6.3700812,1370.77,-6.43707115987252,4.95976628589478,0.381520483530368,Relaksasi
22-09-2026 08:55:40,6.3847564,1369.16,-6.32979860217637,4.95209709844836,0.380930546034489,Relaksasi
22-09-2026 08:55:40,6.3851702,1365.93,-7.89908836585186,4.9806747322596,0.383128825558431,Relaksasi
22-09-2026 08:55:40,6.3855217,1370.77,-1.29862390257694,4.97734420294926,0.382872630996097,Relaksasi
22-09-2026 08:55:40,6.3858681,1377.22,5.28562025733329,4.98613882662048,0.383549140509267,Relaksasi
22-09-2026 08:55:40,6.4664743,1370.77,-2.66780605443742,4.96569398412065,0.381976460316973,Relaksasi
22-09-2026 08:55:40,6.466797,1379.63,5.96210097901388,4.98288312599395,0.383298701999534,Relaksasi
22-09-2026 08:55:40,6.4670652,1370.77,-4.98479240266895,4.98484203698639,0.383449387460491,Relaksasi
22-09-2026 08:55:40,6.4673468,1366.74,-9.03230134192193,5.01647222714398,0.385882479011076,Relaksasi
22-09-2026 08:55:40,6.4676046,1376.41,1.38126026598901,5.00823117468299,0.385248551898691,Relaksasi
22-09-2026 08:55:40,6.4678614,1377.22,0.873303606716021,4.97464937873224,0.382665336825557,Relaksasi
22-09-2026 08:55:40,6.468113,1377.22,-0.301964735524579,4.95191692958814,0.380916686891395,Relaksasi
22-09-2026 08:55:40,6.4683688,1375.6,-2.71246374902362,4.94616901330797,0.380474539485229,Relaksasi
22-09-2026 08:55:40,6.4686304,1378.02,-0.385610708772481,4.9461347911116,0.380471907008584,Relaksasi
22-09-2026 08:55:40,6.4689106,1375.6,-3.09287630320147,4.86065494949278,0.373896534576368,Relaksasi
22-09-2026 08:55:40,6.4817577,1379.63,1.44091362020201,4.86063128167643,0.37389471397511,Relaksasi
22-09-2026 08:55:40,6.4821194,1383.66,5.33968604064921,4.86166541345876,0.373974262573751,Relaksasi
22-09-2026 08:55:40,6.4823849,1372.38,-6.57388406981362,4.87568215154087,0.375052473195451,Relaksasi
22-09-2026 08:55:40,6.4826755,1374.8,-2.22091599736815,4.87065530250782,0.374665792500601,Relaksasi
22-09-2026 08:55:40,6.5237298,1377.22,1.41781582418182,4.8115311757156,0.370117782747354,Relaksasi
22-09-2026 08:55:40,6.5240379,1370.77,-4.51205055548374,4.80106726667954,0.369312866667657,Relaksasi
22-09-2026 08:55:40,6.5243068,1379.63,5.93785721921568,4.79868197033604,0.369129382333542,Relaksasi
22-09-2026 08:55:40,6.5245686,1358.68,-15.6224572911454,4.91399584283563,0.377999680218125,Relaksasi
22-09-2026 08:55:40,6.5248278,1379.63,8.66324574890196,4.95019422081204,0.380784170831695,Relaksasi
22-09-2026 08:55:40,6.5250889,1379.63,6.90256950181024,4.9741834897052,0.382629499208092,Relaksasi
22-09-2026 08:55:40,6.5253461,1372.38,-2.08295467281687,4.92714498213688,0.379011152472068,Relaksasi
22-09-2026 08:55:40,6.525618,1373.19,-1.43882179988506,4.89482153842621,0.376524733725093,Relaksasi
22-09-2026 08:55:40,6.5258828,1375.6,0.561433404255808,4.89498195247836,0.376537073267566,Relaksasi
22-09-2026 08:55:40,6.5261422,1375.6,-0.310166288288743,4.88610176600363,0.375853982000279,Relaksasi
22-09-2026 08:55:40,6.5368573,1378.83,2.2175339754054,4.88845414688234,0.376034934375565,Relaksasi
22-09-2026 08:55:40,6.5375613,1375.6,-2.12312091625112,4.890650031144,0.376203848549538,Relaksasi
22-09-2026 08:55:40,6.5729309,1364.32,-13.5075076500337,4.9761341118597,0.38277954706613,Relaksasi
22-09-2026 08:55:40,6.5737561,1379.63,4.05530648288846,4.97948978092894,0.383037675456073,Relaksasi
22-09-2026 08:55:40,6.5742286,1378.83,2.14112109436746,4.97953943391685,0.383041494916681,Relaksasi
22-09-2026 08:55:40,6.5746954,1375.6,-1.7599652040965,4.98006539976948,0.383081953828422,Relaksasi
22-09-2026 08:55:40,6.5751557,1380.44,3.29607367526119,4.98516196172862,0.383473997056048,Relaksasi
22-09-2026 08:55:40,6.5756165,1375.6,-2.16483179958191,4.95164120099169,0.380895476999361,Relaksasi
22-09-2026 08:55:40,6.5760771,1379.63,2.46747025977752,4.95215649281755,0.380935114832119,Relaksasi
22-09-2026 08:55:40,6.576737,1385.27,7.95533407926308,4.97322425853882,0.382555712195294,Relaksasi
22-09-2026 08:55:40,6.5772074,1357.88,-20.4900645297149,5.17703779578261,0.398233676598662,Relaksasi
22-09-2026 08:55:40,6.5776664,1383.66,9.8879146689229,5.21327070393823,0.401020823379864,Relaksasi
22-09-2026 08:55:40,6.5785954,1378.83,3.67632868575468,5.21216906082487,0.400936081601913,Relaksasi
22-09-2026 08:55:40,6.5795569,1382.86,7.43374669579386,5.13890630189787,0.395300484761375,Relaksasi
22-09-2026 08:55:40,6.5801573,1375.6,-0.858053789972372,5.11818993797519,0.393706918305784,Relaksasi
22-09-2026 08:55:40,6.5879624,1382.05,6.1930306476484,5.12320453862797,0.394092656817536,Relaksasi
22-09-2026 08:55:40,6.5885155,1371.58,-5.01847637666468,5.11167668711095,0.393205899008534,Relaksasi
22-09-2026 08:55:40,6.6083816,1379.63,4.49227041675196,5.11648523621333,0.393575787401025,Relaksasi
22-09-2026 08:55:40,6.6418691,1379.63,4.07304507697506,5.09428242623162,0.391867878940894,Relaksasi
22-09-2026 08:55:40,6.6422351,1369.16,-6.76833240983584,5.10845187016451,0.392957836166501,Relaksasi
22-09-2026 08:55:40,6.6425003,1373.99,-0.243009301400793,5.10824393466488,0.392941841128068,Relaksasi
22-09-2026 08:55:40,6.6427579,1382.05,8.1120124292802,5.13932482806373,0.395332679081825,Relaksasi
22-09-2026 08:55:40,6.6430276,1378.02,2.59844581812318,5.14258790965036,0.39558368535772,Relaksasi
22-09-2026 08:55:40,6.6432833,1380.44,4.53770952118759,5.1520383837806,0.3963106449062,Relaksasi
22-09-2026 08:55:40,6.6435403,1370.77,-5.97958617573861,5.16293224692946,0.397148634379189,Relaksasi
22-09-2026 08:55:40,6.6438306,1374.8,-0.711533441528676,5.16307101109032,0.397159308545409,Relaksasi
22-09-2026 08:55:40,6.6440998,1372.38,-2.92965086245492,5.16711104344829,0.397470080265253,Relaksasi
22-09-2026 08:55:40,6.6443518,1377.22,2.47914091295971,5.16563823664656,0.397356787434351,Relaksasi
22-09-2026 08:55:40,6.6446036,1369.96,-5.35109105990172,5.1794239137195,0.398417224132269,Relaksasi
22-09-2026 08:55:40,6.6448529,1377.22,2.77254056321143,5.1761319406898,0.398163995437677,Relaksasi
22-09-2026 08:55:40,6.6451035,1372.38,-2.8874531313187,5.172655757732,0.397896596748615,Relaksasi
22-09-2026 08:55:40,6.6453527,1377.22,2.14927933802625,5.17445298081813,0.398034844678318,Relaksasi
22-09-2026 08:55:40,6.6456016,1370.77,-5.13996182269063,5.1815685182178,0.398582193709061,Relaksasi
22-09-2026 08:55:40,6.6458517,1379.63,4.27044938880362,5.15925979467221,0.396866138051709,Relaksasi
22-09-2026 08:55:40,6.6461213,1371.58,-5.06828751309086,5.16058226754848,0.396967866734498,Relaksasi
22-09-2026 08:55:40,6.6463764,1369.96,-6.12571053417161,5.17868417912007,0.398360321470775,Relaksasi
22-09-2026 08:55:40,6.646626,1379.63,4.32988517073606,5.17100297132068,0.39776945933236,Relaksasi
22-09-2026 08:55:40,6.6468761,1370.77,-5.78808283891685,5.15807265219957,0.396774819399967,Relaksasi
22-09-2026 08:55:40,6.6471275,1370.77,-5.05536082418498,5.16875361781806,0.397596432139851,Relaksasi
22-09-2026 08:55:40,6.6473745,1378.83,3.59454134777228,5.17482550418137,0.398063500321644,Relaksasi
22-09-2026 08:55:40,6.6476223,1377.22,0.867787959881792,5.169216069379,0.397632005336847,Relaksasi
22-09-2026 08:55:40,6.647872,1373.99,-2.9141646571231,5.17163159736051,0.397817815181577,Relaksasi
22-09-2026 08:55:40,6.656823,1379.63,2.9939994570355,5.12985579273442,0.394604291748802,Relaksasi
22-09-2026 08:55:40,6.6572707,1373.99,-3.42634006279908,5.12254393981746,0.39404184152442,Relaksasi
22-09-2026 08:55:40,6.681294,1366.74,-10.0850258183567,5.14978506019199,0.396137312322461,Relaksasi
22-09-2026 08:55:40,6.6816378,1372.38,-2.49324698102354,5.13496385728718,0.394997219791321,Relaksasi
22-09-2026 08:55:40,6.681958,1379.63,5.1687502974998,5.14682400433061,0.395909538794663,Relaksasi
22-09-2026 08:55:40,6.6822633,1383.66,8.01567634421592,5.1749958508764,0.398076603913569,Relaksasi
22-09-2026 08:55:40,6.6825581,1373.99,-3.40239935007535,5.17837934910294,0.398336873007919,Relaksasi
22-09-2026 08:55:40,6.6892648,1378.83,2.00840005054024,5.17734091522734,0.398256993479026,Relaksasi
22-09-2026 08:55:40,6.6896636,1378.02,0.833571136157694,5.16066968636843,0.39697459125911,Relaksasi
22-09-2026 08:55:40,6.7164852,1378.83,1.6303435278571,5.15927212311304,0.396867086393311,Relaksasi
22-09-2026 08:55:40,6.7170567,1378.83,1.59523942734261,5.13301085961961,0.394846989201509,Relaksasi
22-09-2026 08:55:40,6.7173277,1379.63,2.49975901968884,5.13500983421493,0.395000756478072,Relaksasi
22-09-2026 08:55:40,6.7175886,1371.58,-5.49504843061567,5.11542376882111,0.393494136063162,Relaksasi
22-09-2026 08:55:40,6.7447439,1378.02,2.63797591208959,5.11741672097735,0.393647440075181,Relaksasi
22-09-2026 08:55:40,6.7450437,1375.6,0.31710045392479,5.11657983191727,0.393583063993636,Relaksasi
22-09-2026 08:55:40,6.7453522,1379.63,4.82935356480764,5.1137529545078,0.393365611885215,Relaksasi
22-09-2026 08:55:40,6.7456137,1372.38,-2.90171893171749,5.1107921773607,0.393137859796977,Relaksasi
22-09-2026 08:55:40,6.7458696,1369.16,-5.19116084163952,5.12144962373031,0.39395766336387,Relaksasi
22-09-2026 08:55:40,6.7461368,1379.63,6.49651228068766,5.12736756011597,0.39441288923969,Relaksasi
22-09-2026 08:55:40,6.7464325,1372.38,-2.0260153935255,5.05784490452629,0.389064992655868,Relaksasi
22-09-2026 08:55:40,6.7467047,1371.58,-2.62244100009012,5.04750165353739,0.388269357964415,Relaksasi
22-09-2026 08:55:40,6.75137,1378.02,3.97147481479976,5.05416766344194,0.388782127957072,Relaksasi
22-09-2026 08:55:40,6.7516982,1369.16,-6.16689248718982,5.07140035592007,0.390107719686159,Relaksasi
22-09-2026 08:55:40,6.7519603,1382.86,8.12886865462755,5.10016350382035,0.392320269524643,Relaksasi
22-09-2026 08:55:40,6.7683542,1380.44,3.47493584353652,5.07576243908808,0.390443264545237,Relaksasi
22-09-2026 08:55:40,6.768678,1370.77,-7.43859276996586,5.09847287599394,0.392190221230303,Relaksasi
22-09-2026 08:55:40,6.7689526,1375.6,-1.54836267439473,5.09147127155963,0.391651636273818,Relaksasi
22-09-2026 08:55:40,6.7692111,1373.99,-3.09211535810146,5.09480458321023,0.391908044862325,Relaksasi
22-09-2026 08:55:40,6.7694652,1378.02,1.41644735805867,5.09497957830688,0.391921506023606,Relaksasi
22-09-2026 08:55:40,6.7697162,1374.8,-2.11041217888465,5.08248107431317,0.390960082639474,Relaksasi
22-09-2026 08:55:40,6.769967,1374.8,-1.64518095443532,5.07995500571614,0.390765769670473,Relaksasi
22-09-2026 08:55:40,6.770221,1373.99,-2.02199459183747,5.0775595221444,0.390581501703415,Relaksasi
22-09-2026 08:55:40,6.7940747,1374.8,-0.69318824474781,5.06588443247077,0.389683417882367,Relaksasi
22-09-2026 08:55:40,6.7944198,1382.05,6.78610512867912,5.08822915379892,0.391402242599917,Relaksasi
22-09-2026 08:55:40,6.8338824,1378.02,1.50326776140226,5.08931947040936,0.391486113108412,Relaksasi
22-09-2026 08:55:40,6.8342151,1382.05,5.34685722544816,5.09290234577596,0.391761718905843,Relaksasi
22-09-2026 08:55:40,6.8344876,1379.63,2.09028742194336,5.0949828736419,0.391921759510915,Relaksasi
22-09-2026 08:55:40,6.8347475,1374.8,-2.79483398337364,5.09455265585223,0.391888665834787,Relaksasi
22-09-2026 08:55:40,6.8350033,1378.02,1.46734572312151,5.07563550921759,0.390433500709046,Relaksasi
22-09-2026 08:55:40,6.8352636,1377.22,0.965922906757049,5.06406612775275,0.389543548288673,Relaksasi
22-09-2026 08:55:40,6.8355196,1371.58,-4.24313881589242,5.06027146880016,0.389251651446166,Relaksasi
22-09-2026 08:55:40,6.8357768,1378.02,3.61352939797543,5.06670655412626,0.389746658009712,Relaksasi
22-09-2026 08:55:40,6.8360445,1375.6,0.973105365542093,5.06670652093566,0.389746655456589,Relaksasi
22-09-2026 08:55:40,6.83637,1370.77,-3.69782881611255,5.06839115877963,0.389876242983049,Relaksasi
22-09-2026 08:55:40,6.8366407,1372.38,-1.1780597055976,5.06349009741628,0.389499238262791,Relaksasi
22-09-2026 08:55:40,6.8674794,1373.99,0.636592096878076,5.03529711220895,0.387330547092996,Relaksasi
22-09-2026 08:55:40,6.8677822,1369.16,-4.58031730631682,5.04227511821988,0.387867316786144,Relaksasi
22-09-2026 08:55:40,6.8680532,1374.8,1.45618445199477,5.02848584222156,0.386806603247812,Relaksasi
22-09-2026 08:55:40,6.8683184,1377.22,2.87786136393859,5.03119303554947,0.387014848888421,Relaksasi
22-09-2026 08:55:40,6.8685802,1379.63,3.86895256494445,5.03856181967972,0.387581678436901,Relaksasi
22-09-2026 08:55:40,6.8688403,1372.38,-5.00004740134583,5.04861037352053,0.388354644116964,Relaksasi
22-09-2026 08:55:40,6.8690981,1367.55,-9.61536816761228,5.03713218290563,0.387471706377356,Relaksasi
22-09-2026 08:55:40,6.8693815,1372.38,-3.56524784869561,5.04312458483159,0.387932660371661,Relaksasi
22-09-2026 08:55:40,6.8696418,1379.63,3.76316746118433,5.04971196940765,0.388439382262127,Relaksasi
22-09-2026 08:55:40,6.8698964,1371.58,-5.60222264117667,5.02859399807531,0.38681492292887,Relaksasi
22-09-2026 08:55:40,6.8701511,1374.8,-1.78885664192088,5.03002800286172,0.386925230989363,Relaksasi
22-09-2026 08:55:40,6.870406,1367.55,-9.09958677525042,5.05297351871594,0.388690270670457,Relaksasi
22-09-2026 08:55:40,6.8706611,1373.19,-2.05334530628886,5.05499221011115,0.388845554623935,Relaksasi
22-09-2026 08:55:40,6.9074781,1381.25,6.01290155389952,5.07189909079171,0.390146083907055,Relaksasi
22-09-2026 08:55:40,6.9259485,1378.02,1.19303687053246,5.06430592276723,0.389561994059018,Relaksasi
22-09-2026 08:55:40,6.9262659,1380.44,3.03206732244778,5.05923274951488,0.389171749962683,Relaksasi
22-09-2026 08:55:40,6.9597442,1369.16,-9.02871641196686,5.09520038099742,0.391938490845955,Relaksasi
22-09-2026 08:55:40,6.960045,1379.63,3.18062739756551,5.09749621813706,0.39211509370285,Relaksasi
22-09-2026 08:55:40,6.9603159,1372.38,-4.59406444724061,5.08740812332631,0.391339086409716,Relaksasi
22-09-2026 08:55:40,6.9605796,1365.93,-9.98282186082348,5.13490125002214,0.394992403847857,Relaksasi
22-09-2026 08:55:40,6.9608427,1375.6,1.77828445841763,5.13609251960388,0.39508403996953,Relaksasi
22-09-2026 08:55:40,6.9611061,1377.22,3.05360318502972,5.13816391731957,0.395243378255351,Relaksasi
22-09-2026 08:55:40,6.9613624,1373.99,-0.931095712816477,5.13072385981591,0.394671066139685,Relaksasi
22-09-2026 08:55:40,6.9616176,1378.83,3.81830827980715,5.13666605585039,0.395128158142337,Relaksasi
22-09-2026 08:55:40,6.9618917,1377.22,1.13020021759098,5.11554223954116,0.393503249195474,Relaksasi
22-09-2026 08:55:40,6.9621471,1378.02,1.38380812569871,5.10399907956633,0.392615313812795,Relaksasi
22-09-2026 08:55:40,6.9624023,1372.38,-4.77636295351641,5.09242757822115,0.391725198324704,Relaksasi
22-09-2026 08:55:40,6.9626576,1370.77,-5.60947537875964,5.10769721052996,0.392899785425381,Relaksasi
22-09-2026 08:55:40,6.9629132,1379.63,4.23645857637425,5.11619712502121,0.393553625001632,Relaksasi
22-09-2026 08:55:40,6.9759305,1379.63,3.30382953674601,5.12151275812584,0.393962519855834,Relaksasi
22-09-2026 08:55:40,6.9762259,1374.8,-2.23794623267663,5.10657408473749,0.392813391133653,Relaksasi
22-09-2026 08:55:40,7.0010657,1378.83,2.24771371359293,5.1081550928394,0.392935007141492,Relaksasi
22-09-2026 08:55:40,7.0014039,1366.74,-10.1699544153028,5.12232282494388,0.394024832687991,Relaksasi
22-09-2026 08:55:40,7.0016772,1369.16,-5.61461995188291,5.13395555661343,0.394919658201033,Relaksasi
22-09-2026 08:55:40,7.0019466,1374.8,1.18886263926477,5.13261770835525,0.394816746796558,Relaksasi
22-09-2026 08:55:40,7.0334197,1374.8,0.838017833346587,5.12023481719118,0.393864216707014,Relaksasi
22-09-2026 08:55:40,7.033896,1383.66,9.22658510453874,5.09434968207186,0.391873052467066,Relaksasi
22-09-2026 08:55:40,7.0341983,1364.32,-12.3215492532524,5.16171653388262,0.397055117990971,Relaksasi
22-09-2026 08:55:40,7.0345946,1377.22,2.5422888364135,5.16373958159582,0.397210737045832,Relaksasi
22-09-2026 08:55:40,7.0348912,1366.74,-8.91555032399168,5.18898696116386,0.399152843166451,Relaksasi
22-09-2026 08:55:40,7.0351625,1369.96,-4.51580926817179,5.19203291891828,0.399387147609099,Relaksasi
22-09-2026 08:55:40,7.0354846,1379.63,5.36216080888351,5.19663540328318,0.399741184867937,Relaksasi
22-09-2026 08:55:40,7.0357394,1371.58,-4.5149484142856,5.16108371313496,0.39700643947192,Relaksasi
22-09-2026 08:55:40,7.0360034,1375.6,-0.422734624285108,5.15804806968772,0.396772928437517,Relaksasi
22-09-2026 08:55:40,7.0362649,1379.63,2.91669731936402,5.16178708541048,0.397060545031576,Relaksasi
22-09-2026 08:55:40,7.0663609,1380.44,2.48326794744128,5.16112561780527,0.397009662908098,Relaksasi
22-09-2026 08:55:40,7.0916406,1379.63,0.715628025350185,5.15335399664686,0.396411845895912,Relaksasi
22-09-2026 08:55:40,7.091964,1375.6,-3.63860846645735,5.15147718521736,0.396267475785951,Relaksasi
22-09-2026 08:55:40,7.0922328,1378.83,0.424670411533157,5.15077637695449,0.396213567458038,Relaksasi
22-09-2026 08:55:40,7.0925496,1368.35,-9.74628898738249,5.19129213151663,0.399330163962818,Relaksasi
22-09-2026 08:55:40,7.0928569,1382.05,6.41491671902983,5.20981636286973,0.400755104836133,Relaksasi
22-09-2026 08:55:40,7.0931155,1381.25,4.98084128254997,5.20899511832729,0.400691932179022,Relaksasi
22-09-2026 08:55:40,7.0933682,1370.77,-5.82304113327319,5.22420059038482,0.401861583875755,Relaksasi
22-09-2026 08:55:40,7.0936701,1371.58,-3.21248043931751,5.19759084454072,0.399814680349286,Relaksasi
22-09-2026 08:55:40,7.094391,1376.41,2.81697612760834,5.1989189060509,0.399916838926993,Relaksasi
22-09-2026 08:55:40,7.0946603,1372.38,-1.38294685805908,5.17564451828191,0.398126501406301,Relaksasi
22-09-2026 08:55:40,7.1193816,1377.22,3.87885342184769,5.15138621722039,0.396260478247722,Relaksasi
22-09-2026 08:55:40,7.1197272,1369.96,-4.20775103893038,5.15535318092665,0.39656562930205,Relaksasi
22-09-2026 08:55:40,7.1200034,1375.6,1.97605919012653,5.14168521662052,0.395514247432348,Relaksasi
22-09-2026 08:55:40,7.1202691,1373.99,-0.485633275473242,5.03572080146655,0.38736313857435,Relaksasi
22-09-2026 08:55:40,7.1205263,1376.41,1.41370683251878,5.03578396583852,0.387367997372194,Relaksasi
22-09-2026 08:55:40,7.1207774,1387.69,11.7260478062458,5.02082470838647,0.386217285260498,Relaksasi
22-09-2026 08:55:40,7.1210472,1377.22,-1.66453834246928,5.01161623803438,0.38550894138726,Relaksasi
22-09-2026 08:55:40,7.1213153,1361.1,-17.8657786647125,5.1443899352798,0.395722302713831,Relaksasi
22-09-2026 08:55:40,7.1215968,1379.63,3.9677268761431,5.14217555583845,0.395551965833727,Relaksasi
22-09-2026 08:55:40,7.135733,1378.02,1.49139293601579,5.13849003816331,0.395268464474101,Relaksasi
22-09-2026 08:55:40,7.1614466,1372.38,-4.48058492411197,5.14630857859343,0.395869890661033,Relaksasi
22-09-2026 08:55:40,7.1781994,1381.25,5.2897238449192,5.13624402082465,0.395095693909588,Relaksasi
22-09-2026 08:55:40,7.17853,1372.38,-4.52890820964788,5.14573935788231,0.395826104452486,Relaksasi
22-09-2026 08:55:40,7.1788002,1371.58,-4.30964890736852,5.15346375387932,0.396420288759948,Relaksasi
22-09-2026 08:55:40,7.1970144,1372.38,-2.52951613835227,5.15629063825887,0.396637741404528,Relaksasi
22-09-2026 08:55:40,7.1973469,1372.38,-1.98139423355315,5.15391626524334,0.396455097326411,Relaksasi
22-09-2026 08:55:40,7.1976131,1379.63,5.56502906025384,5.16846074121291,0.397573903170224,Relaksasi
22-09-2026 08:55:40,7.1978751,1372.38,-3.00053408197915,5.15220787371144,0.396323682593188,Relaksasi
22-09-2026 08:55:40,7.198128,1372.38,-2.736219819568,5.15531253100079,0.396562502384676,Relaksasi
22-09-2026 08:55:40,7.1983817,1372.38,-2.5956336314507,5.14467192590322,0.395743994300247,Relaksasi
22-09-2026 08:55:40,7.1986321,1378.83,3.88094155455419,5.14852344541449,0.396040265031884,Relaksasi
22-09-2026 08:55:40,7.1988851,1378.83,2.58569794303783,5.13443486098614,0.394956527768165,Relaksasi
22-09-2026 08:55:40,7.1991567,1378.83,1.57234226391356,5.11087410757184,0.393144162120911,Relaksasi
22-09-2026 08:55:40,7.1994115,1373.99,-3.95327575027863,5.11739485283771,0.393645757910593,Relaksasi
22-09-2026 08:55:40,7.1996868,1375.6,-1.77554560657079,5.11301702388298,0.393309001837153,Relaksasi
22-09-2026 08:55:40,7.1999553,1375.6,-1.47413699851495,5.11196163883831,0.393227818372177,Relaksasi
22-09-2026 08:55:40,7.2002049,1379.63,2.91788350244793,5.1157692255559,0.393520709658146,Relaksasi
22-09-2026 08:55:40,7.2249964,1368.35,-8.75306550056004,5.14993357729536,0.396148736715028,Relaksasi
22-09-2026 08:55:40,7.2254614,1385.27,10.1157151200929,5.17940873912479,0.398416056855753,Relaksasi
22-09-2026 08:55:40,7.2258725,1386.89,10.0269294759693,5.20851607550385,0.400655082731065,Relaksasi
22-09-2026 08:55:40,7.2263069,1374.8,-3.66019823727115,5.18494426000945,0.398841866154573,Relaksasi
22-09-2026 08:55:40,7.2518797,1377.22,0.0172470966119525,5.18413120460072,0.398779323430825,Relaksasi
22-09-2026 08:55:40,7.2522043,1370.77,-5.74386796793648,5.18656799195352,0.398966768611809,Relaksasi
22-09-2026 08:55:40,7.2524773,1374.8,0.133567529948893,5.18314487457774,0.398703451890596,Relaksasi
22-09-2026 08:55:40,7.252741,1379.63,5.57614720375735,5.18099649089165,0.39853819160705,Relaksasi
22-09-2026 08:55:40,7.2529898,1372.38,-2.27461994132536,5.17149430450527,0.397807254192713,Relaksasi
22-09-2026 08:55:40,7.2532405,1373.99,0.107468156925321,5.13190985412817,0.394762296471397,Relaksasi
22-09-2026 08:55:40,7.2534941,1378.83,5.07208829678681,5.14349975694933,0.395653827457641,Relaksasi
22-09-2026 08:55:40,7.2537627,1371.58,-3.20468833763149,5.14811874285132,0.396009134065486,Relaksasi
22-09-2026 08:55:40,7.2540335,1377.22,2.87526060161104,5.15208756666901,0.396314428205309,Relaksasi
22-09-2026 08:55:40,7.2542812,1365.93,-9.28019272498446,5.19016655626203,0.399243581250925,Relaksasi
22-09-2026 08:55:40,7.254529,1378.83,5.00096320156909,5.20212779239077,0.400163676337752,Relaksasi
22-09-2026 08:55:40,7.2584402,1379.63,4.26755780321359,5.20628124453998,0.400483172656922,Relaksasi
22-09-2026 08:55:40,7.2587277,1372.38,-4.42738689311318,5.21469002055261,0.40113000158097,Relaksasi
22-09-2026 08:55:40,7.2590207,1379.63,3.12210010375307,5.20568615272537,0.40043739636349,Relaksasi
22-09-2026 08:55:40,7.2763909,1378.83,1.24866566699716,5.18564213879049,0.39889554913773,Relaksasi
22-09-2026 08:55:40,7.2767349,1375.6,-2.53186402646313,5.18635457036108,0.398950351566237,Relaksasi
22-09-2026 08:55:40,7.2769983,1382.05,4.30754764255284,5.1943235896903,0.3995633530531,Relaksasi
22-09-2026 08:55:40,7.2772614,1378.83,0.359548297845,5.18457818228536,0.398813706329643,Relaksasi
22-09-2026 08:55:40,7.2775265,1377.22,-0.974158094721039,5.1680078469772,0.397539065152092,Relaksasi
22-09-2026 08:55:40,7.2777847,1370.77,-6.66705092289154,5.07052729875225,0.390040561442481,Relaksasi
22-09-2026 08:55:40,7.2883024,1369.16,-6.28379276214798,5.05296133076937,0.388689333136105,Relaksasi
22-09-2026 08:55:40,7.2886995,1365.93,-7.63404728070251,5.05821947636062,0.389093805873894,Relaksasi
22-09-2026 08:55:40,7.289018,1372.38,0.727835659011205,5.05633656849715,0.388948966807473,Relaksasi
22-09-2026 08:55:40,7.2892777,1370.77,-0.972365376205727,5.05578044669531,0.388906188207332,Relaksasi
22-09-2026 08:55:40,7.2895309,1379.63,7.71633433269828,5.08498269077875,0.391152514675288,Relaksasi
22-09-2026 08:55:40,7.2897801,1372.38,-1.74502424021357,5.08643229561568,0.391264022739667,Relaksasi
22-09-2026 08:55:40,7.2900466,1372.38,-2.32946762093706,5.08668244636981,0.39128326510537,Relaksasi
22-09-2026 08:55:40,7.2902935,1374.8,-0.496276811035363,5.08458764812325,0.391122126778711,Relaksasi
22-09-2026 08:55:40,7.2905395,1378.83,2.54225130614729,4.99730756962056,0.384408274586197,Relaksasi
22-09-2026 08:55:40,7.2907826,1374.8,-3.01648723278539,4.99363108050284,0.384125467730987,Relaksasi
22-09-2026 08:55:40,7.2910411,1362.71,-15.3881936040637,5.10856260433803,0.392966354179848,Relaksasi
22-09-2026 08:55:40,7.3242263,1375.6,-0.208214355281722,5.10706777524359,0.39285136732643,Relaksasi
22-09-2026 08:55:40,7.3245376,1369.16,-7.24873645743214,5.12743031680727,0.394417716677482,Relaksasi
22-09-2026 08:55:40,7.3248045,1379.63,4.01240631886924,5.13299193379947,0.39484553336919,Relaksasi
22-09-2026 08:55:40,7.3250605,1375.6,-1.39192443661277,5.13096983164218,0.394689987049398,Relaksasi
22-09-2026 08:55:40,7.3253258,1370.77,-6.45961773026532,5.12045388786624,0.393881068297403,Relaksasi
22-09-2026 08:55:40,7.325582,1374.8,-1.57029678403839,4.91244984254852,0.377880757119117,Relaksasi
22-09-2026 08:55:40,7.3352109,1371.58,-4.81094375441716,4.87432406309801,0.374948004853693,Relaksasi
22-09-2026 08:55:40,7.3354816,1375.6,-0.144158908663739,4.86739786929551,0.374415220715039,Relaksasi
22-09-2026 08:55:40,7.3357566,1368.35,-7.6466522058077,4.86904667446506,0.374542051881928,Relaksasi
22-09-2026 08:55:40,7.3360209,1379.63,4.82004030573489,4.8805837949298,0.375429522686908,Relaksasi
22-09-2026 08:55:40,7.3362776,1372.38,-3.71702266164652,4.8679986979922,0.374461438307092,Relaksasi
22-09-2026 08:55:40,7.3398136,1372.38,-3.35933696698633,4.86085501966752,0.373911924589809,Relaksasi
22-09-2026 08:55:40,7.3401424,1367.55,-7.91199320416169,4.88262298739666,0.375586383645897,Relaksasi
22-09-2026 08:55:40,7.3403981,1379.63,5.27178724510386,4.88835529190004,0.376027330146157,Relaksasi
22-09-2026 08:55:40,7.3406574,1369.96,-5.94875008625397,4.8830220130305,0.375617077925423,Relaksasi
22-09-2026 08:55:40,7.3409065,1374.8,-0.522636486588182,4.88313162392979,0.375625509533061,Relaksasi
22-09-2026 08:55:40,7.3411558,1373.99,-1.83125507110948,4.85105330871931,0.373157946824562,Relaksasi
22-09-2026 08:55:40,7.3414005,1379.63,3.55407805168224,4.85408240089465,0.373390953914973,Relaksasi
22-09-2026 08:55:40,7.3416524,1365.93,-11.4046973127329,4.91014231159924,0.377703254738403,Relaksasi
22-09-2026 08:55:40,7.3419178,1377.22,1.61417798927286,4.89323493395698,0.37640268722746,Relaksasi
22-09-2026 08:55:40,7.3559997,1380.44,4.06296503995645,4.90140338518311,0.37703102962947,Relaksasi
22-09-2026 08:55:40,7.3566089,1379.63,2.06495486722025,4.89920004351968,0.376861541809207,Relaksasi
22-09-2026 08:55:40,7.3570104,1379.63,1.42175184263604,4.89709477747796,0.376699598267535,Relaksasi
22-09-2026 08:55:40,7.357268,1375.6,-2.9009602875446,4.88676214224661,0.375904780172816,Relaksasi
22-09-2026 08:55:40,7.3575173,1378.83,1.11549131265041,4.88346505397186,0.375651157997836,Relaksasi
22-09-2026 08:55:40,7.3577667,1375.6,-1.91116651702099,4.88106615328204,0.375466627175541,Relaksasi
22-09-2026 08:55:40,7.3580138,1369.16,-7.41200799062056,4.90677074017284,0.377443903090218,Relaksasi
22-09-2026 08:55:40,7.3582603,1368.35,-6.16770725013797,4.91268827858431,0.37789909835264,Relaksasi
22-09-2026 08:55:40,7.3731564,1379.63,6.79880648931685,4.9269099120061,0.378993070154315,Relaksasi
22-09-2026 08:55:40,7.3734781,1373.99,0.0824851758771192,4.91386178157957,0.377989367813813,Relaksasi
22-09-2026 08:55:40,7.3738129,1380.44,6.53984447950648,4.91652964903159,0.378194588387046,Relaksasi
22-09-2026 08:55:40,7.3740819,1363.52,-11.7941997580186,4.97735271017718,0.382873285398245,Relaksasi
22-09-2026 08:55:40,7.3743544,1380.44,7.14300968161467,4.98614514663538,0.38354962666426,Relaksasi
22-09-2026 08:55:40,7.3990766,1372.38,-2.7515254090015,4.977119098272,0.382855315251693,Relaksasi
22-09-2026 08:55:40,7.4260084,1374.8,-0.358105744981553,4.97068929621462,0.382360715093433,Relaksasi
22-09-2026 08:55:40,7.451249,1372.38,-3.32934659859926,4.97588279038545,0.382760214645034,Relaksasi
22-09-2026 08:55:40,7.4516894,1371.58,-4.13137534315539,4.98018966270765,0.383091512515973,Relaksasi
22-09-2026 08:55:40,7.4520923,1371.58,-3.99597422043134,4.98370424108897,0.383361864699152,Relaksasi
22-09-2026 08:55:40,7.452499,1379.63,4.13546247880382,4.98639340416362,0.383568723397202,Relaksasi
22-09-2026 08:55:40,7.4529406,1375.6,-1.39600179558669,4.93612444711114,0.379701880547011,Relaksasi
22-09-2026 08:55:40,7.4534054,1372.38,-4.95627325769077,4.94540861586289,0.380416047374068,Relaksasi
22-09-2026 08:55:40,7.484649,1389.3,12.4441818966408,5.00976793824273,0.38536676448021,Relaksasi
22-09-2026 08:55:40,7.4849575,1378.02,-1.56788146063073,4.978836281717,0.382987406285923,Relaksasi
22-09-2026 08:55:40,7.485224,1372.38,-6.91369062083336,4.99699156527782,0.384383966559832,Relaksasi
22-09-2026 08:55:40,7.4855244,1374.8,-2.84750174366029,4.99902967390106,0.384540744146235,Relaksasi
22-09-2026 08:55:40,7.485781,1374.8,-1.7995940921441,5.00030160798632,0.384638585229717,Relaksasi
22-09-2026 08:55:40,7.4860374,1374.8,-0.879292161844394,4.99935914335686,0.384566087950528,Relaksasi
22-09-2026 08:55:40,7.4863015,1373.99,-0.962630893585479,4.99854990885352,0.384503839142578,Relaksasi
22-09-2026 08:55:40,7.4995346,1378.02,3.71996838028194,5.00234425437398,0.384795711874922,Relaksasi
22-09-2026 08:55:40,7.4998522,1365.93,-8.76189297364752,5.0255670421757,0.386582080167362,Relaksasi
22-09-2026 08:55:40,7.5001409,1378.02,5.19402814147135,5.03551577820096,0.38734736755392,Relaksasi
22-09-2026 08:55:40,7.5005319,1365.13,-8.78104523447936,5.0736032724358,0.390277174802754,Relaksasi
22-09-2026 08:55:40,7.5007931,1370.77,-1.76105662745854,5.06362947785748,0.389509959835191,Relaksasi
22-09-2026 08:55:40,7.5010504,1370.77,-2.04163406050263,5.06152990442799,0.389348454186768,Relaksasi
22-09-2026 08:55:40,7.5013151,1371.58,-1.75814582502919,5.04973262685365,0.388440971296435,Relaksasi
22-09-2026 08:55:40,7.501642,1378.83,4.66371433989054,5.03959595611247,0.387661227393267,Relaksasi
22-09-2026 08:55:40,7.5018918,1376.41,0.0273629047271529,5.03755967236458,0.387504590181891,Relaksasi
22-09-2026 08:55:40,7.502137,1374.8,-2.86820832963346,5.03822930837314,0.387556100644087,Relaksasi
22-09-2026 08:55:40,7.5023825,1370.77,-7.45729508818414,5.05795885243132,0.389073757879333,Relaksasi
22-09-2026 08:55:40,7.5026442,1378.83,1.14756757497251,5.03977970697542,0.387675362075032,Relaksasi
22-09-2026 08:55:40,7.513666,1366.74,-11.8556239195631,5.07659000308582,0.390506923314294,Relaksasi
22-09-2026 08:55:40,7.5139702,1382.05,5.28079788097527,5.08437058987108,0.391105429990083,Relaksasi
22-09-2026 08:55:40,7.5142377,1376.41,-1.70209742251632,5.05852218156032,0.389117090889255,Relaksasi
22-09-2026 08:55:40,7.514495,1375.6,-2.30871212293004,5.05997137193614,0.38922856707201,Relaksasi
22-09-2026 08:55:40,7.5147506,1375.6,-1.79032012537927,5.05683009687204,0.388986930528619,Relaksasi
22-09-2026 08:55:40,7.515004,1383.66,6.83847393903449,5.07890959184296,0.390685353218689,Relaksasi
22-09-2026 08:55:40,7.515259,1375.6,-2.20080714074664,5.07910141704655,0.390700109003581,Relaksasi
22-09-2026 08:55:40,7.5155281,1372.38,-4.493460202632,5.08770026885855,0.391361559142965,Relaksasi
22-09-2026 08:55:40,7.5157878,1373.99,-1.42163530446736,5.08668427856406,0.391283406043389,Relaksasi
22-09-2026 08:55:40,7.516043,1378.83,4.25167404856063,5.09532511829751,0.391948086022885,Relaksasi
22-09-2026 08:55:40,7.5271977,1370.77,-4.18058310420979,5.08128608941891,0.390868160724531,Relaksasi
22-09-2026 08:55:40,7.5274988,1376.41,2.59987176052162,5.08349937725633,0.391038413635102,Relaksasi
22-09-2026 08:55:40,7.5277682,1371.58,-2.58044504095759,5.07270292749988,0.390207917499991,Relaksasi
22-09-2026 08:55:40,7.5590082,1382.05,8.35639917508544,5.10486194906396,0.392681688389535,Relaksasi
22-09-2026 08:55:40,7.5595495,1374.8,-0.719865140066291,5.10128915698055,0.392406858229273,Relaksasi
22-09-2026 08:55:40,7.5600078,1379.63,3.97393795424277,5.10796891729897,0.392920685946075,Relaksasi
22-09-2026 08:55:40,7.5751326,1378.83,2.12383573639218,5.1097196416202,0.393055357047708,Relaksasi
22-09-2026 08:55:40,7.5930256,1379.63,2.30635246989672,5.10350957572156,0.392577659670889,Relaksasi
22-09-2026 08:55:40,7.5936287,1375.6,-2.23430444799896,5.0995570981962,0.392273622938169,Relaksasi
22-09-2026 08:55:40,7.6114651,1369.96,-7.32978591084365,5.12536600985676,0.394258923835135,Relaksasi
22-09-2026 08:55:40,7.6119921,1372.38,-3.25689983155847,5.12387002448273,0.394143848037133,Relaksasi
22-09-2026 08:55:40,7.6122683,1378.02,3.23970733697463,5.12831194669251,0.394485534360962,Relaksasi
22-09-2026 08:55:40,7.6125269,1371.58,-3.68569484445766,5.13473260331367,0.394979431024129,Relaksasi
22-09-2026 08:55:40,7.612789,1379.63,5.13605330820373,5.13736095600876,0.395181612000674,Relaksasi
22-09-2026 08:55:40,7.613039,1378.83,3.29558508107737,5.14161255168699,0.395508657822076,Relaksasi
22-09-2026 08:55:40,7.6132898,1372.38,-3.8790412373023,5.14490077709166,0.39576159823782,Relaksasi
22-09-2026 08:55:40,7.6362834,1374.8,-0.78188811486298,5.13791949931976,0.395224576870751,Relaksasi
22-09-2026 08:55:40,7.6365825,1370.77,-4.75153254953586,5.13674018413022,0.39513386031771,Relaksasi
22-09-2026 08:55:40,7.6368456,1369.16,-5.58035222991967,5.10681161286711,0.392831662528239,Relaksasi
22-09-2026 08:55:40,7.6371051,1379.63,5.7186039004828,5.11658890678686,0.393583762060528,Relaksasi
22-09-2026 08:55:40,7.637417,1375.6,0.177526929647225,5.10968027115235,0.39305232855018,Relaksasi
22-09-2026 08:55:40,7.6377246,1379.63,3.70510873662964,5.10103392799422,0.392387225230325,Relaksasi
22-09-2026 08:55:40,7.6379865,1378.83,1.7367389573975,5.10094387394649,0.392380297995884,Relaksasi
22-09-2026 08:55:40,7.6382656,1375.6,-2.16856750921641,5.06252204271357,0.389424772516428,Relaksasi
22-09-2026 08:55:40,7.6385278,1380.44,2.92413621346335,5.06466199871234,0.389589384516334,Relaksasi
22-09-2026 08:55:40,7.6506247,1372.38,-5.6905843164894,5.06279961928495,0.389446124560381,Relaksasi
22-09-2026 08:55:40,7.6603853,1379.63,2.85780173788615,5.06612854693058,0.389702195917737,Relaksasi
22-09-2026 08:55:40,7.6606545,1377.22,0.209402750344984,5.06161145687269,0.389354727451746,Relaksasi
22-09-2026 08:55:40,7.6609155,1377.22,0.585503648112673,5.02135798491963,0.386258306532279,Relaksasi
22-09-2026 08:55:40,7.6611722,1370.77,-5.48544539468756,5.03129253923839,0.387022503018337,Relaksasi
22-09-2026 08:55:40,7.6614439,1379.63,4.94567377327652,5.03295896268062,0.387150689436971,Relaksasi
22-09-2026 08:55:40,7.661699,1374.8,-0.412528028307501,4.98329641456067,0.383330493427744,Relaksasi
22-09-2026 08:55:40,7.6619502,1374.8,0.0127564628155363,4.981709795937,0.383208445841308,Relaksasi
22-09-2026 08:55:40,7.6622007,1369.96,-4.58905482209017,4.98759532737745,0.383661179029034,Relaksasi
22-09-2026 08:55:40,7.6792975,1368.35,-5.2151568788493,5.00077611575446,0.384675085827266,Relaksasi
22-09-2026 08:55:40,7.6798912,1369.16,-3.5271129493086,4.99970669120579,0.384592822400445,Relaksasi
22-09-2026 08:55:40,7.6804875,1373.19,0.749083482435547,4.99934854413523,0.384565272625787,Relaksasi
22-09-2026 08:55:40,7.6885941,1370.77,-2.57331955536816,5.00170182125779,0.384746293942907,Relaksasi
22-09-2026 08:55:40,7.702122,1382.05,8.18844736783604,5.02376415100609,0.386443396231238,Relaksasi
22-09-2026 08:55:40,7.7287363,1382.86,6.23684622733172,5.02746123099187,0.386727786999375,Relaksasi
22-09-2026 08:55:40,7.7290289,1369.16,-9.78184590425582,5.06596990410056,0.38968999262312,Relaksasi
22-09-2026 08:55:40,7.7293105,1382.05,4.13547280434934,5.06902212441323,0.389924778801018,Relaksasi
22-09-2026 08:55:40,7.7295673,1379.63,0.297458405762473,5.0665950784136,0.389738082954892,Relaksasi
22-09-2026 08:55:40,7.7398444,1379.63,-0.0527596954787901,5.0641029335748,0.389546379505754,Relaksasi
22-09-2026 08:55:40,7.7401406,1373.99,-5.6035070057814,5.02841874863395,0.386801442202611,Relaksasi
22-09-2026 08:55:40,7.7404054,1369.96,-8.12424675955441,5.04553190978351,0.388117839214116,Relaksasi
22-09-2026 08:55:40,7.7406847,1376.41,0.532115339451444,5.04497185467281,0.388074758051755,Relaksasi
22-09-2026 08:55:40,7.7409422,1379.63,4.3141267268059,5.05383894599645,0.388756841999727,Relaksasi
22-09-2026 08:55:40,7.7412158,1376.41,0.882101296033,5.01193867102305,0.38553374392485,Relaksasi
22-09-2026 08:55:40,7.7415259,1373.99,-1.13181423283235,4.93627707684475,0.37971362129575,Relaksasi
22-09-2026 08:55:40,7.7417854,1374.8,0.393614428370591,4.9330811749185,0.379467782686038,Relaksasi
22-09-2026 08:55:40,7.7420422,1374.8,0.675558413438215,4.89286588680775,0.376374298985211,Relaksasi
22-09-2026 08:55:40,7.7525345,1378.83,4.76262159347557,4.89403583372329,0.376464294901791,Relaksasi
22-09-2026 08:55:40,7.7619595,1377.22,2.25538197002414,4.88193165030191,0.375533203869378,Relaksasi
22-09-2026 08:55:40,7.7622324,1377.22,1.74511492942966,4.87304422028836,0.374849555406797,Relaksasi
22-09-2026 08:55:40,7.7625095,1377.22,1.29245199521097,4.87380945574123,0.374908419672402,Relaksasi
22-09-2026 08:55:40,7.8192027,1378.02,1.73085383819932,4.87098165359455,0.37469089643035,Relaksasi
22-09-2026 08:55:40,7.8195029,1377.22,0.526321261998107,4.86795791287424,0.374458300990326,Relaksasi
22-09-2026 08:55:40,7.8197729,1379.63,2.84086479501503,4.87183807079827,0.37475677467679,Relaksasi
22-09-2026 08:55:40,7.8200327,1378.83,1.59471484997928,4.86634610436642,0.374334315720494,Relaksasi
22-09-2026 08:55:40,7.8372988,1375.6,-1.71166123160456,4.86775837563338,0.374442951971799,Relaksasi
22-09-2026 08:55:40,7.8524023,1373.99,-2.62864561274189,4.82230958641272,0.370946891262517,Relaksasi
22-09-2026 08:55:40,7.8528114,1372.38,-3.29786615202747,4.8065885584717,0.3697375814209,Relaksasi
22-09-2026 08:55:40,7.8530984,1372.38,-2.24834661934292,4.79630326226614,0.368946404789703,Relaksasi
22-09-2026 08:55:40,7.853391,1379.63,5.73039632044814,4.79574531781796,0.368903485985997,Relaksasi
22-09-2026 08:55:40,7.8536637,1369.16,-5.72121015078808,4.80741450557941,0.3698011158138,Relaksasi
22-09-2026 08:55:40,7.8539176,1370.77,-3.01289340252888,4.80800843273103,0.369846802517772,Relaksasi
22-09-2026 08:55:40,7.8541721,1379.63,6.22687798162412,4.8271370838357,0.371318237218131,Relaksasi
22-09-2026 08:55:40,7.8544244,1379.63,4.60800055794089,4.83034090437837,0.371564684952182,Relaksasi
22-09-2026 08:55:40,7.854676,1378.83,2.4124266755982,4.82418557072678,0.371091197748214,Relaksasi
22-09-2026 08:55:40,7.8549264,1381.25,3.90680108879726,4.83006809940928,0.37154369995456,Relaksasi
22-09-2026 08:55:40,7.8551792,1388.5,10.0903245368498,4.88236130297981,0.37556625407537,Relaksasi
22-09-2026 08:55:40,7.8554795,1379.63,-0.774853740039205,4.88164532195708,0.375511178612083,Relaksasi
22-09-2026 08:55:40,7.8806417,1375.6,-4.29188261558518,4.82027606528334,0.370790466560257,Relaksasi
22-09-2026 08:55:40,7.9023196,1379.63,1.3136194958794,4.81973400583221,0.370748769679401,Relaksasi
22-09-2026 08:55:40,7.9026924,1365.93,-11.6370338778816,4.72345302060556,0.363342540046581,Relaksasi
22-09-2026 08:55:40,7.9029758,1382.05,7.86121205180811,4.74776657278629,0.365212813291253,Relaksasi
22-09-2026 08:55:40,7.9460048,1379.63,4.9482601251614,4.75947397897606,0.366113382998159,Relaksasi
22-09-2026 08:55:40,7.9463044,1378.02,3.28110702029539,4.75458122936526,0.365737017643482,Relaksasi
22-09-2026 08:55:40,7.9465748,1376.41,1.81899778006997,4.74159050735873,0.364737731335287,Relaksasi
22-09-2026 08:55:40,7.946839,1361.1,-13.1911935593318,4.82184232728696,0.370910948252843,Relaksasi
22-09-2026 08:55:40,7.9532098,1379.63,8.33849294269382,4.84819042359817,0.372937724892167,Relaksasi
22-09-2026 08:55:40,7.9687953,1382.86,10.027300988488,4.8964979270461,0.376653686695854,Relaksasi
22-09-2026 08:55:40,7.9690975,1379.63,4.63550324068491,4.90545632795716,0.377342794458243,Relaksasi
22-09-2026 08:55:40,7.9693648,1379.63,3.41116593018921,4.89559335610138,0.376584104315491,Relaksasi
22-09-2026 08:55:40,7.9696231,1379.63,2.45257694678749,4.89406721989165,0.376466709222435,Relaksasi
22-09-2026 08:55:40,7.9698793,1379.63,1.80328002988569,4.89190336705908,0.376300259004544,Relaksasi
22-09-2026 08:55:40,7.9701355,1370.77,-7.39179540845268,4.91632232260075,0.378178640200058,Relaksasi
22-09-2026 08:55:40,7.9704062,1382.05,5.52579101876509,4.92418404153099,0.378783387810076,Relaksasi
22-09-2026 08:55:40,7.9706618,1375.6,-1.67839434025927,4.92221945299195,0.378632265614765,Relaksasi
22-09-2026 08:55:40,7.9709161,1372.38,-4.1458676606348,4.92968803635031,0.379206772026947,Relaksasi
22-09-2026 08:55:40,7.9712273,1384.47,9.23025460088555,4.96484342048494,0.381911032344995,Relaksasi
22-09-2026 08:55:40,7.9716193,1379.63,3.07096825761664,4.96800378513583,0.382154137318141,Relaksasi
22-09-2026 08:55:40,7.9718838,1379.63,2.98844336103344,4.97140324036207,0.382415633874005,Relaksasi
22-09-2026 08:55:40,8.0183985,1390.11,13.4761907859075,5.05769893806503,0.38905376446654,Relaksasi
22-09-2026 08:55:40,8.0189846,1372.38,-6.16711567597449,5.03859150444079,0.387583961880061,Relaksasi
22-09-2026 08:55:40,8.0347635,1373.99,-2.47513732417694,4.9906309631685,0.3838946894745,Relaksasi
22-09-2026 08:55:40,8.0350769,1382.05,7.02384305257325,4.96491416774669,0.381916474442053,Relaksasi
22-09-2026 08:55:40,8.0353777,1381.25,5.77363047878191,4.9749433646966,0.382687951130508,Relaksasi
22-09-2026 08:55:40,8.069849,1379.63,3.90090573258137,4.98258420122525,0.383275707786558,Relaksasi
22-09-2026 08:55:40,8.07018,1373.99,-1.65091970143379,4.96737485050574,0.382105757731211,Relaksasi
22-09-2026 08:55:40,8.07045,1382.05,7.52972528536232,4.99581900376473,0.384293769520364,Relaksasi
22-09-2026 08:55:40,8.0707127,1378.83,3.55203487350946,4.98656446753675,0.383581882118212,Relaksasi
22-09-2026 08:55:40,8.109031,1379.63,4.29110130435024,4.99319771905076,0.384092132234674,Relaksasi
22-09-2026 08:55:40,8.1093562,1367.55,-8.0434507870747,5.02548019768563,0.386575399821971,Relaksasi
22-09-2026 08:55:40,8.1096264,1378.83,5.29988978179857,5.02665544645487,0.386665803573452,Relaksasi
22-09-2026 08:55:40,8.1098884,1374.8,0.56752976314435,5.02170541657194,0.386285032043995,Relaksasi
22-09-2026 08:55:40,8.1101503,1372.38,-1.81639587605633,5.01923162875403,0.386094740673387,Relaksasi
22-09-2026 08:55:40,8.1104106,1375.6,1.72888285357686,4.97765220135231,0.382896323180947,Relaksasi
22-09-2026 08:55:40,8.1106688,1378.83,4.4142274446096,4.97487691230386,0.38268283940799,Relaksasi
22-09-2026 08:55:40,8.1109299,1379.63,4.01577262757934,4.97382872579437,0.38260220967649,Relaksasi
22-09-2026 08:55:40,8.2187795,1384.47,7.70683759243566,4.99379015862817,0.38413770450986,Relaksasi
22-09-2026 08:55:40,8.2286372,1379.63,1.10209941290513,4.98951658166419,0.383808967820323,Relaksasi
22-09-2026 08:55:40,8.2289124,1377.22,-1.55809884221034,4.9899517281205,0.383842440624654,Relaksasi
22-09-2026 08:55:40,8.2446107,1379.63,1.39183349845614,4.98771015338375,0.38367001179875,Relaksasi
22-09-2026 08:55:40,8.2664755,1379.63,1.60249595195399,4.97969052322363,0.383053117171048,Relaksasi
22-09-2026 08:55:40,8.2667689,1379.63,1.98368417446236,4.98160078154712,0.383200060119009,Relaksasi
22-09-2026 08:55:40,8.267063,1378.02,0.855604364441774,4.98149191717557,0.383191685936583,Relaksasi
22-09-2026 08:55:40,8.2673738,1380.44,4.09808210908276,4.96759350850161,0.382122577577047,Relaksasi
22-09-2026 08:55:40,8.2929447,1364.32,-11.7704835253004,5.01719806469867,0.385938312669128,Relaksasi
22-09-2026 08:55:40,8.2932404,1380.44,7.63974663538916,5.01724144069834,0.385941649284488,Relaksasi
22-09-2026 08:55:40,8.2935051,1390.11,16.6096292926858,5.15261699301727,0.396355153309021,Relaksasi
22-09-2026 08:55:40,8.2937853,1378.02,1.87946747030432,5.15387198079908,0.396451690830698,Relaksasi
22-09-2026 08:55:40,8.2940429,1383.66,7.70381958484615,5.15377837103762,0.396444490079817,Relaksasi
22-09-2026 08:55:40,8.2942958,1374.8,-2.07194838571596,5.15438364892893,0.39649104991761,Relaksasi
22-09-2026 08:55:40,8.294547,1387.69,11.8578937759092,5.21953895735674,0.401502996719749,Relaksasi
22-09-2026 08:55:40,8.2948149,1383.66,6.21454972777287,5.23788684639078,0.402914372799291,Relaksasi
22-09-2026 08:55:40,8.300168,1383.66,5.82604266297963,5.250986314268,0.403922024174462,Relaksasi
22-09-2026 08:55:40,8.3004845,1378.02,0.0620654258929889,5.24665422503594,0.403588786541226,Relaksasi
22-09-2026 08:55:40,8.3007548,1380.44,3.65731105219038,5.13909307813832,0.395314852164486,Relaksasi
22-09-2026 08:55:40,8.3010539,1381.25,5.04772628039093,5.15145208680904,0.396265545139157,Relaksasi
22-09-2026 08:55:40,8.3014902,1378.83,2.97512000033706,5.13020412816339,0.394631086781799,Relaksasi
22-09-2026 08:55:40,8.301763,1382.05,6.93389892931619,5.14576448606969,0.395828037389976,Relaksasi
22-09-2026 08:55:40,8.309699,1382.86,7.65494654577845,5.17321910525772,0.397939931173671,Relaksasi
22-09-2026 08:55:40,8.3100213,1388.5,13.0019867184594,5.23438830218323,0.402645254014095,Relaksasi
22-09-2026 08:55:40,8.3103408,1375.6,-1.24637203626846,5.23395251739513,0.402611732107317,Relaksasi
22-09-2026 08:55:40,8.3106158,1379.63,4.23799355192443,5.23147550907358,0.40242119300566,Relaksasi
22-09-2026 08:55:40,8.3108675,1378.83,3.80234355662673,5.23837008769857,0.402951545207582,Relaksasi
22-09-2026 08:55:40,8.3111151,1377.22,2.5559078759301,5.21352357348304,0.401040274883311,Relaksasi
22-09-2026 08:55:40,8.3245362,1378.83,4.64741095730637,5.21273980278599,0.400979984829691,Relaksasi
22-09-2026 08:55:40,8.3346306,1378.83,4.56506961811028,5.2161071947674,0.401239014982108,Relaksasi
22-09-2026 08:55:40,8.3349523,1378.83,4.33999184123016,5.21972472348161,0.401517286421663,Relaksasi
22-09-2026 08:55:40,8.396594,1383.66,8.85137729050403,5.22726146335784,0.402097035642911,Relaksasi
22-09-2026 08:55:40,8.3969383,1388.5,12.4095328946573,5.28727588043556,0.406713529264274,Relaksasi
22-09-2026 08:55:40,8.3972068,1379.63,1.60029633498845,5.2717314840279,0.405517806463685,Relaksasi
22-09-2026 08:55:40,8.3974657,1386.89,9.18558213545216,5.31146511718199,0.40857423978323,Relaksasi
22-09-2026 08:55:40,8.3977325,1380.44,1.79698701146415,5.31140659589912,0.408569738146086,Relaksasi
22-09-2026 08:55:40,8.3979872,1375.6,-2.30701419678775,5.30796516995866,0.408305013073743,Relaksasi
22-09-2026 08:55:40,8.3982432,1374.8,-1.39167183420417,5.24726999438657,0.403636153414351,Relaksasi
22-09-2026 08:55:40,8.3984972,1379.63,5.01123574398903,5.25798221369125,0.404460170283942,Relaksasi
22-09-2026 08:55:40,8.3987654,1377.22,2.8337510387421,5.2539498722068,0.404149990169754,Relaksasi
22-09-2026 08:55:40,8.3990863,1379.63,5.74384847644402,5.2676017354433,0.405200133495639,Relaksasi
22-09-2026 08:55:40,8.3993424,1379.63,5.49531951527558,5.28095766264131,0.40622751251087,Relaksasi
22-09-2026 08:55:40,8.3995921,1377.22,2.71268343232388,5.28045729446612,0.40618902265124,Relaksasi
22-09-2026 08:55:40,8.3998799,1381.25,6.76448477690844,5.30149025329884,0.407806942561449,Relaksasi
22-09-2026 08:55:40,8.4001534,1375.6,0.229190211461377,5.29979233171535,0.407676333208873,Relaksasi
22-09-2026 08:55:40,8.4004479,1379.63,4.56638768820534,5.28368895087879,0.406437611606061,Relaksasi
22-09-2026 08:55:40,8.4006943,1385.27,9.60931662576715,5.30931828920558,0.40840909916966,Relaksasi
22-09-2026 08:55:40,8.4010548,1365.93,-11.3087320650975,5.34763302333825,0.411356386410634,Relaksasi
22-09-2026 08:55:40,8.4013197,1376.41,1.70371781764679,5.34898665218819,0.411460511706784,Relaksasi
22-09-2026 08:55:40,8.401588,1374.8,0.0392281328070587,5.32896031796436,0.409920024458797,Relaksasi
22-09-2026 08:55:40,8.4185897,1378.02,3.4121029403237,5.26882478007718,0.405294213852091,Relaksasi
22-09-2026 08:55:40,8.4188898,1372.38,-2.84043416409134,5.24840375331394,0.403723365639534,Relaksasi
22-09-2026 08:55:40,8.4191555,1381.25,6.54172566387313,5.26515511364336,0.40501193181872,Relaksasi
22-09-2026 08:55:40,8.419434,1379.63,3.53587375372853,5.27102733706755,0.405463641312888,Relaksasi
22-09-2026 08:55:40,8.4196905,1378.02,1.1320243227829,5.26637577842507,0.405105829109621,Relaksasi
22-09-2026 08:55:40,8.4199421,1377.22,0.0940123545829945,5.25827126725754,0.404482405173657,Relaksasi
22-09-2026 08:55:40,8.4201933,1377.22,0.175846336293002,5.25068874338256,0.403899134106351,Relaksasi
22-09-2026 08:55:40,8.4204446,1370.77,-6.09327223465765,5.26021500158925,0.404631923199173,Relaksasi
22-09-2026 08:55:40,8.4207203,1372.38,-3.0130436226283,5.26360237073789,0.404892490056761,Relaksasi
22-09-2026 08:55:40,8.4209855,1378.83,4.27558912503959,5.26061688455297,0.404662837273306,Relaksasi
22-09-2026 08:55:40,8.4212611,1379.63,4.39939789428222,5.19582286070469,0.399678681592669,Relaksasi
22-09-2026 08:55:40,8.4215774,1381.25,5.25586338877118,5.20791747613724,0.400609036625941,Relaksasi
22-09-2026 08:55:40,8.4261486,1368.35,-8.55966006598313,5.22012909327716,0.401548391790551,Relaksasi
22-09-2026 08:55:40,8.4265,1381.25,6.15304251008522,5.23435823002519,0.402642940771168,Relaksasi
22-09-2026 08:55:40,8.4362091,1378.02,1.86305937112909,5.23446925073133,0.402651480825487,Relaksasi
22-09-2026 08:55:40,8.4364912,1372.38,-3.99443417460033,5.2417153762102,0.403208875093092,Relaksasi
22-09-2026 08:55:40,8.4367472,1385.27,9.84091634128208,5.28726441235849,0.406712647104499,Relaksasi
22-09-2026 08:55:40,8.4370003,1382.05,4.89200959727767,5.29203485740035,0.407079604415412,Relaksasi
22-09-2026 08:55:40,8.437253,1382.86,5.03813763099321,5.26770284312586,0.405207911009682,Relaksasi
22-09-2026 08:55:40,8.4523,1381.25,2.92619737086021,5.25895586186749,0.404535066297499,Relaksasi
22-09-2026 08:55:40,8.4526218,1377.22,-0.965198537545215,5.22261821513932,0.401739862703024,Relaksasi
22-09-2026 08:55:40,8.4529551,1380.44,3.35930120938962,5.22653412329398,0.40204108640723,Relaksasi
22-09-2026 08:55:40,8.46961,1379.63,2.94964652552767,5.22870152780776,0.402207809831366,Relaksasi
22-09-2026 08:55:40,8.4944652,1378.02,1.89622472517646,5.2289427826503,0.402226367896177,Relaksasi
22-09-2026 08:55:40,8.5383495,1379.63,4.28709239983897,5.22733079814488,0.402102369088068,Relaksasi
22-09-2026 08:55:40,8.5386508,1374.8,-0.269107417490478,5.22736507464343,0.402105005741803,Relaksasi
22-09-2026 08:55:40,8.5389194,1374.8,0.791729366979365,5.22372919526307,0.401825322712544,Relaksasi
22-09-2026 08:55:40,8.5391839,1379.63,6.29829954488837,5.21609368599416,0.401237975845705,Relaksasi
22-09-2026 08:55:40,8.5394442,1387.69,13.7385228123027,5.30516576835195,0.408089674488612,Relaksasi
22-09-2026 08:55:40,8.5397245,1378.83,2.65410100361614,5.24187237518902,0.403220951937617,Relaksasi
22-09-2026 08:55:40,8.5399851,1378.83,2.56480076283291,5.23169980801998,0.402438446770768,Relaksasi
22-09-2026 08:55:40,8.5402481,1377.22,0.92030919124253,5.23072003151527,0.402363079347328,Relaksasi
22-09-2026 08:55:40,8.540553,1372.38,-3.60016359652906,5.23436597682767,0.402643536679052,Relaksasi
22-09-2026 08:55:40,8.5408069,1383.66,8.869496471415,5.27028469694917,0.405406515149936,Relaksasi
22-09-2026 08:55:40,8.5410621,1376.41,0.332077056378045,5.24810713816698,0.403700549089768,Relaksasi
22-09-2026 08:55:40,8.541323,1379.63,3.90674882699491,5.25306807544996,0.404082159649997,Relaksasi
22-09-2026 08:55:40,8.5416475,1374.8,-1.26325862585544,5.24421084569712,0.403400834284394,Relaksasi
22-09-2026 08:55:40,8.5419073,1378.83,3.42791848816627,5.24884704342205,0.403757464878619,Relaksasi
22-09-2026 08:55:40,8.5421614,1357.07,-18.6090567822709,5.40291556437756,0.415608889567504,Relaksasi
22-09-2026 08:55:40,8.5424433,1378.83,7.04593326984457,5.41777962809053,0.416752279083887,Relaksasi
22-09-2026 08:55:40,8.5671377,1378.83,5.6647254859268,5.42945531401185,0.417650408770142,Relaksasi
22-09-2026 08:55:40,8.5674557,1390.11,15.5596915498586,5.53680517351281,0.425908090270216,Relaksasi
22-09-2026 08:55:40,8.567827,1372.38,-5.56815563626733,5.51924689423474,0.424557453402672,Relaksasi
22-09-2026 08:55:40,8.5681217,1372.38,-4.74741221520224,5.52921195688189,0.425323996683222,Relaksasi
22-09-2026 08:55:40,8.5686206,1373.99,-2.34882391258153,5.52456412929259,0.424966471484045,Relaksasi
22-09-2026 08:55:40,8.5690833,1384.47,8.5101193970957,5.55521071501835,0.427323901155257,Relaksasi
22-09-2026 08:55:40,8.5695377,1379.63,1.99256212097321,5.55460361310394,0.427277201007995,Relaksasi
22-09-2026 08:55:40,8.5855091,1370.77,-7.13437245413826,5.57522708671561,0.428863622055047,Relaksasi
22-09-2026 08:55:40,8.5861585,1393.33,17.0931553256446,5.68114495994306,0.437011150764851,Relaksasi
22-09-2026 08:55:40,8.5864684,1379.63,0.489449019879551,5.67658073800045,0.436660056769266,Relaksasi
22-09-2026 08:55:40,8.6030401,1379.63,1.06018652659442,5.67245188029369,0.436342452330284,Relaksasi
22-09-2026 08:55:40,8.603355,1380.44,2.59623515900364,5.66943478548076,0.436110368113905,Relaksasi
22-09-2026 08:55:40,8.6036305,1380.44,3.22279053232485,5.66237825149221,0.435567557807093,Relaksasi
22-09-2026 08:55:40,8.6038929,1379.63,3.05119236718376,5.6616933802659,0.435514875405069,Relaksasi
22-09-2026 08:55:40,8.6041523,1375.6,-0.23936512446368,5.65507061015663,0.43500543155051,Relaksasi
22-09-2026 08:55:40,8.6044067,1381.25,6.77203385022482,5.67503912524657,0.436541471172813,Relaksasi
22-09-2026 08:55:40,8.6047353,1375.6,1.01327281412434,5.66553769506586,0.435810591928143,Relaksasi
22-09-2026 08:55:40,8.6049929,1371.58,-2.14745469774382,5.653819375215,0.434909182708846,Relaksasi
22-09-2026 08:55:40,8.6052953,1383.66,11.1827812389986,5.69450914090934,0.438039164685334,Relaksasi
22-09-2026 08:55:40,8.6055702,1367.55,-6.54450095757626,5.71326782505116,0.439482140388551,Relaksasi
22-09-2026 08:55:40,8.6058258,1382.05,9.53368384003261,5.74693359321491,0.442071814862686,Relaksasi
22-09-2026 08:55:40,8.6061289,1379.63,5.30641580623327,5.75786024989619,0.442912326915091,Relaksasi
22-09-2026 08:55:40,8.6063885,1377.22,1.73953220163033,5.75713219350806,0.442856322577543,Relaksasi
22-09-2026 08:55:40,8.6067232,1379.63,3.63155750650769,5.75914570749585,0.443011208268912,Relaksasi
22-09-2026 08:55:40,8.6069739,1372.38,-4.48439779094872,5.75381565994166,0.442601204610897,Relaksasi
22-09-2026 08:55:40,8.6072215,1375.6,-0.490336710510745,5.75037056590033,0.442336197376949,Relaksasi
22-09-2026 08:55:40,8.6074701,1365.93,-10.1237768138548,5.79473870700805,0.445749131308312,Relaksasi
22-09-2026 08:55:40,8.6077338,1378.02,3.85296396381422,5.80099209329058,0.446230161022352,Relaksasi
22-09-2026 08:55:40,8.6079797,1364.32,-10.7836894087871,5.83802179653822,0.449078599733709,Relaksasi
22-09-2026 08:55:40,8.6082269,1368.35,-4.98241311239052,5.83817799091545,0.449090614685804,Relaksasi
22-09-2026 08:55:40,8.608485,1370.77,-2.14102447779242,5.84006774667994,0.449235980513842,Relaksasi
22-09-2026 08:55:40,8.6087375,1375.6,2.28100630052829,5.84229453390446,0.449407271838804,Relaksasi
22-09-2026 08:55:40,8.6089873,1376.41,1.59235769565637,5.83436254574943,0.448797118903802,Relaksasi
22-09-2026 08:55:40,8.6269222,1379.63,3.34090247123627,5.82748703606454,0.448268233543426,Relaksasi
22-09-2026 08:55:40,8.627245,1374.8,-3.25275929862991,5.82668900336962,0.448206846413048,Relaksasi
22-09-2026 08:55:40,8.6275084,1375.6,-2.7495756058976,5.8296912389708,0.448437787613138,Relaksasi
22-09-2026 08:55:40,8.6278014,1376.41,-2.0889989646184,5.82872281528583,0.448363293483525,Relaksasi
22-09-2026 08:55:40,8.6280527,1378.02,-0.496447017568479,5.79999901759998,0.446153770584614,Relaksasi
22-09-2026 08:55:40,8.62832,1382.86,4.2823763527299,5.79113038067491,0.445471567744224,Relaksasi
22-09-2026 08:55:40,8.6285715,1379.63,0.34705818966516,5.74972788803418,0.442286760618014,Relaksasi
22-09-2026 08:55:40,8.6288652,1373.99,-4.91684161382973,5.75280251417844,0.442523270321419,Relaksasi
22-09-2026 08:55:40,8.6291856,1380.44,3.20740442543302,5.75723297907628,0.44286407531356,Relaksasi
22-09-2026 08:55:40,8.6294352,1372.38,-4.58955494981705,5.76637127929022,0.443567021483863,Relaksasi
22-09-2026 08:55:40,8.6296821,1370.77,-4.3467914369585,5.76094734013304,0.443149795394849,Relaksasi
22-09-2026 08:55:40,8.6299259,1367.55,-5.83326508305419,5.74705422250227,0.442081094038636,Relaksasi
22-09-2026 08:55:40,8.6301703,1376.41,4.80020363111465,5.75694591577945,0.442841993521496,Relaksasi
22-09-2026 08:55:40,8.6304386,1370.77,-1.50502070372267,5.74984289061259,0.442295606970199,Relaksasi
22-09-2026 08:55:40,8.6306866,1378.83,6.73586269898051,5.76919942320799,0.443784571015999,Relaksasi
22-09-2026 08:55:40,8.6512592,1367.55,-6.30035408417413,5.78582140023221,0.445063184633247,Relaksasi
22-09-2026 08:55:40,8.6517807,1378.02,4.69364331223506,5.7952658309612,0.445789679304707,Relaksasi
22-09-2026 08:55:40,8.6520902,1379.63,4.48849861054634,5.80375372104476,0.44644259392652,Relaksasi
22-09-2026 08:55:40,8.6523477,1375.6,-1.39022883259999,5.79480872103322,0.445754517002555,Relaksasi
22-09-2026 08:55:40,8.6526092,1372.38,-5.23234977908191,5.80441743806064,0.446493649081588,Relaksasi
22-09-2026 08:55:40,8.6528621,1380.44,3.10688992222446,5.80726256420544,0.44671250493888,Relaksasi
22-09-2026 08:55:40,8.653123,1371.58,-6.91606428782848,5.82710099920957,0.448238538400736,Relaksasi
22-09-2026 08:55:40,8.6533727,1372.38,-5.11643962233398,5.83703833737522,0.449002949028863,Relaksasi
22-09-2026 08:55:40,8.6536214,1379.63,2.95124343874345,5.84064899397383,0.449280691844141,Relaksasi
22-09-2026 08:55:40,8.6539026,1383.66,6.34430855736842,5.85440683265566,0.450338987127358,Relaksasi
22-09-2026 08:55:40,8.6541561,1372.38,-6.07743619913543,5.86907487929353,0.451467298407195,Relaksasi
22-09-2026 08:55:40,8.6544049,1373.99,-2.99479026757384,5.87164669080397,0.451665130061844,Relaksasi
22-09-2026 08:55:40,8.6546542,1356.26,-19.7283920961196,6.03222456862586,0.464017274509682,Relaksasi
22-09-2026 08:55:40,8.6549162,1374.8,3.00284685891307,6.03145414364069,0.463958011049284,Relaksasi
22-09-2026 08:55:40,8.6551653,1378.02,5.69553599277382,6.04279400819371,0.464830308322593,Relaksasi
22-09-2026 08:55:40,8.6554124,1379.63,5.91804765906435,6.04369825983971,0.464899866141516,Relaksasi
22-09-2026 08:55:40,8.6556572,1374.8,-0.554514415514465,6.03027071193551,0.463866977841193,Relaksasi
22-09-2026 08:55:40,8.6559183,1377.22,1.40206687352637,6.02732164261552,0.46364012635504,Relaksasi
22-09-2026 08:55:40,8.6561705,1381.25,4.59120350735257,6.01997773125291,0.463075210096377,Relaksasi
22-09-2026 08:55:40,8.6564183,1373.99,-4.03965433958852,6.01793632194523,0.462918178611172,Relaksasi
22-09-2026 08:55:40,8.6566659,1379.63,2.08130512982709,6.01731814996343,0.462870626920264,Relaksasi
22-09-2026 08:55:40,8.6569168,1374.8,-3.26713641710107,6.01541130314311,0.462723946395624,Relaksasi
22-09-2026 08:55:40,8.6571669,1381.25,3.89608602667034,5.9792973944539,0.459945953419531,Relaksasi
22-09-2026 08:55:40,8.6574176,1381.25,3.39242750855133,5.98385646232718,0.460296650948245,Relaksasi
22-09-2026 08:55:40,8.6576664,1368.35,-9.72199655906394,6.01556505785427,0.462735773681098,Relaksasi
22-09-2026 08:55:40,8.657923,1379.63,4.05261972049352,6.02167033449791,0.463205410345993,Relaksasi
22-09-2026 08:55:40,8.6581739,1380.44,4.71025763749186,5.97447432541601,0.459574948108924,Relaksasi
22-09-2026 08:55:40,8.6584207,1369.16,-6.86208161796422,5.96831559245116,0.45910119941932,Relaksasi
22-09-2026 08:55:40,8.6689651,1377.22,3.12035909306215,5.96213450235003,0.458625730950002,Relaksasi
22-09-2026 08:55:40,8.6692516,1378.83,4.5818803634567,5.96642167853099,0.458955513733153,Relaksasi
22-09-2026 08:55:40,8.669525,1378.83,3.99568219529796,5.97172263776996,0.459363279828458,Relaksasi
22-09-2026 08:55:40,8.6697796,1375.6,0.188336308476483,5.89844137698094,0.453726259767765,Relaksasi
22-09-2026 08:55:40,8.6701042,1378.83,3.5191799121398,5.87417070667632,0.451859285128947,Relaksasi
22-09-2026 08:55:40,8.6706064,1381.25,5.35138191044178,5.84348646848459,0.449498959114199,Relaksasi
22-09-2026 08:55:40,8.6824677,1378.83,1.99683482198313,5.83599446559212,0.448922651199394,Relaksasi
22-09-2026 08:55:40,8.6828543,1378.02,0.98320978037178,5.831422180289,0.448570936945308,Relaksasi
22-09-2026 08:55:40,8.6831486,1375.6,-1.33412198320677,5.82960619456386,0.448431245735682,Relaksasi
22-09-2026 08:55:40,8.6834253,1378.83,2.54298358586275,5.83098474676073,0.448537288212364,Relaksasi
22-09-2026 08:55:40,8.6836793,1369.16,-7.17657905241522,5.82964032806759,0.448433871389815,Relaksasi
22-09-2026 08:55:40,8.6839675,1377.22,2.72746237297467,5.81972763775906,0.447671356750697,Relaksasi
22-09-2026 08:55:40,8.684222,1378.02,3.35402271079574,5.82334887170709,0.447949913208238,Relaksasi
22-09-2026 08:55:40,8.6844708,1382.05,6.97266845600394,5.8368263221807,0.448986640167747,Relaksasi
22-09-2026 08:55:40,8.6847338,1378.02,1.76440497008917,5.80156178453768,0.446273983425976,Relaksasi
22-09-2026 08:55:40,8.6850162,1365.93,-10.477217830541,5.8446407397679,0.449587749212915,Relaksasi
22-09-2026 08:55:40,8.6852677,1380.44,6.26156691484675,5.85757693158951,0.450582840891501,Relaksasi
22-09-2026 08:55:40,8.6855151,1378.02,2.72277583300505,5.78275336325031,0.444827181788485,Relaksasi
22-09-2026 08:55:40,8.6857639,1378.02,2.21941115536278,5.76842255827026,0.443724812174635,Relaksasi
22-09-2026 08:55:40,8.686013,1381.25,5.03412106951441,5.7767446855133,0.444364975808716,Relaksasi
22-09-2026 08:55:40,8.6862607,1376.41,-0.723471867259937,5.75558201776188,0.442737078289375,Relaksasi
22-09-2026 08:55:40,8.7067954,1375.6,-1.23359312523552,5.74174704063575,0.441672849279673,Relaksasi
22-09-2026 08:55:40,8.7072975,1372.38,-3.96250875374659,5.74195795257111,0.441689073274701,Relaksasi
22-09-2026 08:55:40,8.7078462,1379.63,4.34385804650663,5.74898242852008,0.442229417578468,Relaksasi
22-09-2026 08:55:40,8.7083085,1369.96,-5.90635609086563,5.73948955573822,0.441499196595247,Relaksasi
22-09-2026 08:55:40,8.7087678,1367.55,-6.94843948170587,5.75500301110865,0.44269253931605,Relaksasi
22-09-2026 08:55:40,8.7092115,1375.6,2.53438201922152,5.74979194118756,0.442291687783658,Relaksasi
22-09-2026 08:55:40,8.7097003,1375.6,1.89011817982757,5.72315337884575,0.440242567603519,Relaksasi
22-09-2026 08:55:40,8.7101565,1386.89,12.4461163832724,5.77828430456889,0.444483408043761,Relaksasi
22-09-2026 08:55:40,8.7333764,1375.6,-1.72605446546854,5.77943382818385,0.444571832937219,Relaksasi
22-09-2026 08:55:40,8.7337369,1379.63,2.25707934334852,5.78021028512578,0.444631560394291,Relaksasi
22-09-2026 08:55:40,8.7340026,1373.99,-4.04024413503912,5.78597473413257,0.445074979548659,Relaksasi
22-09-2026 08:55:40,8.7707371,1373.99,-3.28906396918145,5.78222849023831,0.444786806941408,Relaksasi
22-09-2026 08:55:40,8.771038,1375.6,-0.932285326716586,5.77562809952247,0.444279084578652,Relaksasi
22-09-2026 08:55:40,8.7713094,1378.83,2.66143019015515,5.75294005434595,0.442533850334304,Relaksasi
22-09-2026 08:55:40,8.7715745,1378.02,1.5607022025492,5.75347070125012,0.442574669326933,Relaksasi
22-09-2026 08:55:40,8.7718392,1375.6,-0.883833955224878,5.75275521488922,0.442519631914556,Relaksasi
22-09-2026 08:55:40,8.7720975,1379.63,3.6460635776986,5.75768837799174,0.442899105999365,Relaksasi
22-09-2026 08:55:40,8.7723589,1375.6,-0.734638235538801,5.7568076186691,0.442831355282238,Relaksasi
22-09-2026 08:55:40,8.7726359,1374.8,-1.00767072563302,5.75553958767577,0.442733814436598,Relaksasi
22-09-2026 08:55:40,8.7728965,1380.44,5.20498337720541,5.76697797038845,0.443613690029881,Relaksasi
22-09-2026 08:55:40,8.7731533,1379.63,3.72367549275847,5.76570831051646,0.443516023885882,Relaksasi
22-09-2026 08:55:40,8.7734096,1382.05,5.75628369680056,5.71982035730599,0.43998618133123,Relaksasi
22-09-2026 08:55:40,8.7736688,1376.41,-0.617344956112895,5.69442023831764,0.438032326024434,Relaksasi
22-09-2026 08:55:40,8.7997437,1378.83,2.39313398938388,5.57455454505694,0.428811888081303,Relaksasi
22-09-2026 08:55:40,8.8005031,1381.25,4.88630377228705,5.5836704960743,0.429513115082639,Relaksasi
22-09-2026 08:55:40,8.8013609,1375.6,-1.11723604956584,5.55759598295015,0.427507383303857,Relaksasi
22-09-2026 08:55:40,8.801834,1379.63,3.78276485727912,5.56209985607644,0.427853835082803,Relaksasi
22-09-2026 08:55:40,8.802451,1379.63,3.71843661779327,5.50481974631001,0.423447672793078,Relaksasi
22-09-2026 08:55:40,8.8309465,1371.58,-4.38068774117179,5.49598848463114,0.422768344971626,Relaksasi
22-09-2026 08:55:40,8.8312718,1379.63,5.16852304898288,5.49269912795004,0.422515317534618,Relaksasi
22-09-2026 08:55:40,8.831541,1369.16,-5.75588566719327,5.50775594490775,0.423673534223673,Relaksasi
22-09-2026 08:55:40,8.8317995,1366.74,-6.6471371291415,5.52172238419067,0.424747875706975,Relaksasi
22-09-2026 08:55:40,8.8320568,1378.02,6.08901255085161,5.52697030517496,0.425151561936535,Relaksasi
22-09-2026 08:55:40,8.838715,1379.63,6.3481278896133,5.54117656258291,0.426244350967916,Relaksasi
22-09-2026 08:55:40,8.8390471,1378.02,3.08302466287049,5.52374584238518,0.424903526337322,Relaksasi
22-09-2026 08:55:40,8.8495851,1370.77,-5.29399263936186,5.50989191259702,0.42383783943054,Relaksasi
22-09-2026 08:55:40,8.8498894,1375.6,0.0204300542497471,5.4326469314969,0.417895917807454,Relaksasi
22-09-2026 08:55:40,8.8501558,1377.22,1.08637752123813,5.43247517680771,0.417882705908286,Relaksasi
22-09-2026 08:55:40,8.8504165,1383.66,6.79506933872988,5.44544290544782,0.418880223495986,Relaksasi
22-09-2026 08:55:40,8.8506712,1382.86,4.27476335517099,5.44719444875914,0.419014957596857,Relaksasi
22-09-2026 08:55:40,8.8509249,1375.6,-3.96210276262311,5.45139939178457,0.419338414752659,Relaksasi
22-09-2026 08:55:40,8.8511763,1378.02,-0.592019650656816,5.44164640729738,0.418588185176722,Relaksasi
22-09-2026 08:55:40,8.8514274,1371.58,-6.4540205267471,5.45120062222625,0.419323124786635,Relaksasi
22-09-2026 08:55:40,8.8517003,1383.66,7.53065064532171,5.46854313995598,0.420657164611998,Relaksasi
22-09-2026 08:55:40,8.8519577,1385.27,8.41172868485731,5.46507232991509,0.420390179224238,Relaksasi
22-09-2026 08:55:40,8.886527,1382.05,4.39006207256831,5.40309136170125,0.415622412438558,Relaksasi
22-09-2026 08:55:40,8.8868272,1377.22,-0.303505202886108,5.40194891665339,0.415534532050261,Relaksasi
22-09-2026 08:55:40,8.9104069,1383.66,7.32632476489595,5.38772240145135,0.414440184727027,Relaksasi
22-09-2026 08:55:40,8.9106939,1379.63,3.08002544448214,5.39062516292842,0.414663474071417,Relaksasi
22-09-2026 08:55:40,8.9109597,1373.99,-1.90386845795711,5.38983781297751,0.414602908690578,Relaksasi
22-09-2026 08:55:40,8.9113134,1377.22,2.9316149049983,5.39292496957705,0.414840382275158,Relaksasi
22-09-2026 08:55:40,8.9116398,1369.16,-4.59738379809671,5.39108124572553,0.414698557363502,Relaksasi
22-09-2026 08:55:40,8.9119183,1379.63,7.62799982062595,5.41429018243232,0.416483860187101,Relaksasi
22-09-2026 08:55:40,8.9122361,1377.22,4.27002067754188,5.40747118216218,0.415959321704783,Relaksasi
22-09-2026 08:55:40,8.9131362,1373.99,0.44302205281537,5.39358259839747,0.414890969107498,Relaksasi
22-09-2026 08:55:40,8.9223303,1378.83,5.18536469016229,5.40262714089783,0.415586703145987,Relaksasi
22-09-2026 08:55:40,8.9701356,1371.58,-3.28256893959055,5.38641486021051,0.414339604631577,Relaksasi
22-09-2026 08:55:40,8.97045,1376.41,1.8401827858019,5.38796193091202,0.414458610070156,Relaksasi
22-09-2026 08:55:40,8.9707378,1380.44,5.06165061612429,5.39017400657537,0.414628769736567,Relaksasi
22-09-2026 08:55:40,8.9709982,1379.63,2.78154254693172,5.35079114578317,0.411599318906398,Relaksasi
22-09-2026 08:55:40,8.9712657,1369.16,-8.63045578594439,5.32578187842465,0.409675529109589,Relaksasi
22-09-2026 08:55:40,8.9715912,1375.6,-0.774664479854216,5.32470091834531,0.409592378334254,Relaksasi
22-09-2026 08:55:40,8.9718497,1378.83,2.42778896205555,5.32746684380266,0.409805141830974,Relaksasi
22-09-2026 08:55:40,8.9721918,1373.99,-2.99694150583608,5.32621807959333,0.409709083045641,Relaksasi
22-09-2026 08:55:40,8.9724683,1378.83,2.39869281481413,5.32513167314043,0.409625513318495,Relaksasi
22-09-2026 08:55:40,8.9728263,1369.16,-7.68670685957006,5.33277449126638,0.410213422405106,Relaksasi
22-09-2026 08:55:40,8.9730833,1373.99,-1.2589507777243,5.32765394371608,0.409819534132006,Relaksasi
22-09-2026 08:55:40,8.9733345,1372.38,-2.5532962366525,5.33011123308108,0.410008556390852,Relaksasi
22-09-2026 08:55:40,8.9735831,1354.65,-19.8131689099687,5.51115685466108,0.423935142666237,Relaksasi
22-09-2026 08:55:40,8.9739476,1382.05,11.2025091021016,5.56778019662425,0.428290784355712,Relaksasi
22-09-2026 08:55:40,8.9742868,1374.8,1.18090169975871,5.55171227004925,0.427054790003789,Relaksasi
22-09-2026 08:55:40,8.9745379,1385.27,10.5625149535115,5.59767367580247,0.430590282754036,Relaksasi
22-09-2026 08:55:40,8.9750825,1359.49,-18.2047065487946,5.73581763758052,0.441216741352348,Relaksasi
22-09-2026 08:55:40,8.9753701,1372.38,-2.65399554200993,5.73044927768353,0.440803790591041,Relaksasi
22-09-2026 08:55:40,8.9756346,1378.02,2.61050594961425,5.72136366007803,0.440104896929079,Relaksasi
22-09-2026 08:55:40,8.9758916,1379.63,2.79882173788833,5.69269973248527,0.437899979421944,Relaksasi
22-09-2026 08:55:40,8.9761523,1370.77,-7.42544832919137,5.70028218582473,0.438483245063441,Relaksasi
22-09-2026 08:55:40,8.9764023,1385.27,7.88179174207339,5.72594754187079,0.44045750322083,Relaksasi
22-09-2026 08:55:40,8.9766519,1373.99,-5.35269772686447,5.73148799136454,0.440883691643426,Relaksasi
22-09-2026 08:55:40,8.9768999,1378.02,-0.421872585661628,5.68916745274456,0.437628265595735,Relaksasi
22-09-2026 08:55:40,8.9772077,1378.02,-0.206363550905533,5.67866009243769,0.436820007110592,Relaksasi
22-09-2026 08:55:40,8.9775327,1383.66,5.83859837400571,5.68249174626457,0.43711474971266,Relaksasi
22-09-2026 08:55:40,8.9777837,1375.6,-2.77550067495915,5.68211371859824,0.437085670661403,Relaksasi
22-09-2026 08:55:40,8.9780312,1382.05,5.00262014998725,5.69270492049458,0.437900378499583,Relaksasi
22-09-2026 08:55:40,8.9782874,1378.02,0.936789810614432,5.68813261664077,0.437548662818521,Relaksasi
22-09-2026 08:55:40,8.9858687,1375.6,-0.628274525393195,5.68448099968335,0.437267769206412,Relaksasi
22-09-2026 08:55:40,8.9861424,1377.22,2.17892524504145,5.68498764034159,0.437306741564738,Relaksasi
22-09-2026 08:55:40,8.9864454,1370.77,-3.69914561400357,5.68292240453632,0.437147877272024,Relaksasi
22-09-2026 08:55:40,8.9867112,1378.83,5.91297196342104,5.69825070957492,0.438326977659609,Relaksasi
22-09-2026 08:55:40,8.9869775,1374.8,1.31817901989846,5.69873801396949,0.438364462613038,Relaksasi
22-09-2026 08:55:40,8.9872235,1379.63,6.22204531758807,5.6983191649596,0.43833224345843,Relaksasi
22-09-2026 08:55:40,8.9874701,1369.16,-5.34844115014592,5.62762253301586,0.43289404100122,Relaksasi
22-09-2026 08:55:40,8.9877154,1379.63,6.08701480662831,5.64093723238448,0.43391824864496,Relaksasi
22-09-2026 08:55:40,8.9879608,1375.6,0.620362222365486,5.63819173950044,0.433707056884649,Relaksasi
22-09-2026 08:55:40,8.9882476,1398.17,22.7047864060651,5.86195427097984,0.450919559306141,Relaksasi
22-09-2026 08:55:40,8.9884899,1369.16,-11.031552194885,5.90814503076831,0.454472694674485,Relaksasi
22-09-2026 08:55:40,8.9887339,1379.63,1.54706689949133,5.87578122008194,0.451983170775534,Relaksasi
22-09-2026 08:55:40,9.017122,1379.63,1.48173749530267,5.87666838441949,0.452051414186115,Relaksasi
22-09-2026 08:55:40,9.0174567,1377.22,-0.758781491148991,5.87041707336081,0.451570544104677,Relaksasi
22-09-2026 08:55:40,9.0298532,1376.41,-0.767320592719483,5.86998819486778,0.451537553451368,Relaksasi
22-09-2026 08:55:40,9.064049,1378.02,1.77359323995876,5.86632222495353,0.451255555765656,Relaksasi
22-09-2026 08:55:40,9.0643675,1378.02,2.25790271400436,5.71906828938808,0.439928329952929,Relaksasi
22-09-2026 08:55:40,9.0646306,1372.38,-3.0011472643148,5.70127622949277,0.438559709960982,Relaksasi
22-09-2026 08:55:40,9.0648866,1384.47,10.4215028129931,5.73473135161804,0.441133180893695,Relaksasi
22-09-2026 08:55:40,9.065136,1379.63,4.1830446109671,5.63596602018535,0.433535847706565,Relaksasi
22-09-2026 08:55:40,9.0653883,1370.77,-4.93270225832471,5.63300532154744,0.433308101657496,Relaksasi
22-09-2026 08:55:40,9.0656402,1380.44,6.19790752438002,5.64004695257765,0.433849765582896,Relaksasi
22-09-2026 08:55:40,9.0658916,1379.63,4.57273959888177,5.64686590026846,0.434374300020651,Relaksasi
22-09-2026 08:55:40,9.1197727,1380.44,4.79552944917481,5.62494171955053,0.43268782458081,Relaksasi
22-09-2026 08:55:40,9.129255,1388.5,12.2025982424245,5.68899242824602,0.437614802172771,Relaksasi
22-09-2026 08:55:40,9.1295289,1382.05,3.73128129744905,5.67271987653825,0.436363067426019,Relaksasi
22-09-2026 08:55:40,9.1298194,1386.89,8.39812250730772,5.57418274825807,0.428783288327544,Relaksasi
22-09-2026 08:55:40,9.130073,1377.22,-2.07716430732814,5.57601009388081,0.428923853375447,Relaksasi
22-09-2026 08:55:40,9.1303255,1379.63,1.85346572461871,5.57704628505686,0.429003560388989,Relaksasi
22-09-2026 08:55:40,9.1305773,1375.6,-1.21679201501803,5.57468797285564,0.428822151758127,Relaksasi
22-09-2026 08:55:40,9.1308286,1375.6,0.418933646467535,5.57010696734146,0.428469766718574,Relaksasi
22-09-2026 08:55:40,9.131092,1366.74,-7.18395599581811,5.58905974847893,0.429927672959917,Relaksasi
22-09-2026 08:55:40,9.1313746,1380.44,9.0284277605849,5.62537687029889,0.4327212977153,Relaksasi
22-09-2026 08:55:40,9.1316379,1381.25,8.83182761351765,5.63964259643511,0.433818661264239,Relaksasi
22-09-2026 08:55:40,9.1318856,1373.19,-0.537474917317949,5.63931550837332,0.433793500644101,Relaksasi
22-09-2026 08:55:40,9.1321317,1372.38,-1.08652296068108,5.63779427216939,0.433676482474568,Relaksasi
22-09-2026 08:55:40,9.1323844,1380.44,7.10340735077452,5.60461802927413,0.431124463790318,Relaksasi
22-09-2026 08:55:40,9.1326315,1382.05,7.0374610865043,5.60760377370462,0.431354136438817,Relaksasi
22-09-2026 08:55:40,9.1328771,1376.41,-0.351677972091981,5.56699046451834,0.42823003573218,Relaksasi
22-09-2026 08:55:40,9.1331389,1382.05,5.0301760730955,5.56570803628134,0.428131387406257,Relaksasi
22-09-2026 08:55:40,9.1333922,1377.22,-0.969333546285425,5.56477080582335,0.428059292755642,Relaksasi
22-09-2026 08:55:40,9.1494298,1373.99,-4.00200026803422,5.5660410618729,0.428157004759454,Relaksasi
22-09-2026 08:55:40,9.1499527,1375.6,-1.41019978651615,5.55789594198266,0.427530457075589,Relaksasi
22-09-2026 08:55:40,9.1504155,1378.02,1.61076600202265,5.5589547566989,0.427611904361454,Relaksasi
22-09-2026 08:55:40,9.1508894,1378.02,1.68989063077443,5.51396430473226,0.42415110036402,Relaksasi
22-09-2026 08:55:40,9.1513624,1382.05,5.8283619308509,5.52262842415767,0.424817571089051,Relaksasi
22-09-2026 08:55:40,9.1518254,1372.38,-4.486588364388,5.47892619960751,0.42145586150827,Relaksasi
22-09-2026 08:55:40,9.1522757,1372.38,-3.07349834068762,5.47190479256392,0.420915753274148,Relaksasi
22-09-2026 08:55:40,9.1527102,1375.6,1.25068265372929,5.47052494421817,0.420809611093705,Relaksasi
22-09-2026 08:55:40,9.1530273,1379.63,5.41384869187553,5.48153053488627,0.421656194991252,Relaksasi
22-09-2026 08:55:40,9.1677483,1379.63,4.59267770525409,5.48998747104742,0.422306728542109,Relaksasi
22-09-2026 08:55:40,9.168068,1371.58,-4.20525081771825,5.49295685017147,0.422535142320883,Relaksasi
22-09-2026 08:55:40,9.1683328,1377.22,2.35071854078822,5.49065589259258,0.422358145584045,Relaksasi
22-09-2026 08:55:40,9.1866211,1369.96,-5.3377015771438,5.50017786907225,0.42309060531325,Relaksasi
22-09-2026 08:55:40,9.1871955,1378.02,3.69948416335843,5.50441349495438,0.423416422688799,Relaksasi
22-09-2026 08:55:40,9.187483,1367.55,-7.66315268634072,5.53090907272037,0.425454544055413,Relaksasi
22-09-2026 08:55:40,9.187746,1374.8,0.790132642309727,5.52289624948094,0.424838173036995,Relaksasi
22-09-2026 08:55:40,9.1880058,1386.89,12.2947427769338,5.59084825722809,0.430065250556007,Relaksasi
22-09-2026 08:55:40,9.1882632,1373.99,-3.50420291854504,5.5855263645018,0.429655874192446,Relaksasi
22-09-2026 08:55:40,9.2135382,1378.83,1.59807853512338,5.58206385021036,0.429389526939259,Relaksasi
22-09-2026 08:55:40,9.21384,1367.55,-10.2563980852058,5.61961611349472,0.432278162576517,Relaksasi
22-09-2026 08:55:40,9.214109,1372.38,-3.55711008171735,5.61683874120796,0.432064518554459,Relaksasi
22-09-2026 08:55:40,9.2143735,1378.83,3.49633275179791,5.60712620248958,0.431317400191506,Relaksasi
22-09-2026 08:55:40,9.2146338,1372.38,-3.74391860680051,5.60310084763929,0.431007757510715,Relaksasi
22-09-2026 08:55:40,9.2148917,1379.63,4.11682293668134,5.60964836934392,0.431511413026455,Relaksasi
22-09-2026 08:55:40,9.2152174,1369.16,-7.27207590702073,5.61299483664226,0.431768833587866,Relaksasi
22-09-2026 08:55:40,9.2155106,1373.99,-1.14082873173309,5.59586867065503,0.430451436204233,Relaksasi
22-09-2026 08:55:40,9.2157652,1378.02,2.95306602658692,5.58991929604471,0.429993792003439,Relaksasi
22-09-2026 08:55:40,9.2160165,1374.8,-1.0604141902668,5.58140547072897,0.429338882363767,Relaksasi
22-09-2026 08:55:40,9.2162674,1382.05,6.15765129656606,5.59750003975871,0.430576926135285,Relaksasi
22-09-2026 08:55:40,9.2237149,1369.96,-7.33513042472652,5.60929050467029,0.431483884974637,Relaksasi
22-09-2026 08:55:40,9.2793467,1374.8,-1.19353326721477,5.60562206620638,0.431201697400491,Relaksasi
22-09-2026 08:55:40,9.27964,1387.69,11.8432036440959,5.64669340284654,0.434361030988195,Relaksasi
22-09-2026 08:55:40,9.3049056,1379.63,1.4478854197317,5.63602151119467,0.433540116245744,Relaksasi
22-09-2026 08:55:40,9.3052997,1379.63,1.31339631900995,5.63292236187659,0.433301720144353,Relaksasi
22-09-2026 08:55:40,9.305617,1380.44,2.25337195664316,5.61729040600971,0.432099262000747,Relaksasi
22-09-2026 08:55:40,9.3198377,1379.63,1.62074249142336,5.60200048043496,0.430923113879612,Relaksasi
22-09-2026 08:55:40,9.3201195,1372.38,-5.12292569419725,5.60970474957471,0.431515749967285,Relaksasi
22-09-2026 08:55:40,9.3764735,1377.22,1.66532642991025,5.43475911743112,0.418058393648548,Relaksasi
22-09-2026 08:55:40,9.3767905,1372.38,-2.54770886707756,5.43359690449772,0.417968992653671,Relaksasi
22-09-2026 08:55:40,9.3770696,1378.83,5.23773157948489,5.43129347668085,0.417791805898527,Relaksasi
22-09-2026 08:55:40,9.3773309,1376.41,2.44957007391404,5.41791789870391,0.416762915284916,Relaksasi
22-09-2026 08:55:40,9.3775888,1371.58,-2.40658165197526,5.42044786914783,0.416957528395987,Relaksasi
22-09-2026 08:55:40,9.3778443,1372.38,-0.894219422496017,5.41990998877637,0.416916152982798,Relaksasi
22-09-2026 08:55:40,9.3780946,1380.44,7.33658856542234,5.43499367038267,0.418076436183282,Relaksasi
22-09-2026 08:55:40,9.3783504,1372.38,-2.38912145482227,5.43011064968407,0.417700819206467,Relaksasi
22-09-2026 08:55:40,9.3786053,1372.38,-2.31450468498969,5.43058258129635,0.417737121638181,Relaksasi
22-09-2026 08:55:40,9.3788938,1379.63,4.88105700872201,5.43663313623897,0.418202548941459,Relaksasi
22-09-2026 08:55:40,9.3791948,1372.38,-3.90160755414716,5.43665293484405,0.418204071911081,Relaksasi
22-09-2026 08:55:40,9.3794577,1375.6,-0.50475169308637,5.43147550701491,0.417805808231916,Relaksasi
22-09-2026 08:55:40,9.4034205,1369.16,-7.39051393926352,5.41308032263173,0.416390794048595,Relaksasi
22-09-2026 08:55:40,9.4037762,1379.63,4.00989244616363,5.41292121995298,0.416378555380998,Relaksasi
22-09-2026 08:55:40,9.4040533,1380.44,3.55861182063875,5.4085212478837,0.416040095991054,Relaksasi
22-09-2026 08:55:40,9.404437,1385.27,7.31102300879492,5.41146159141198,0.41626627626246,Relaksasi
22-09-2026 08:55:40,9.4047058,1380.44,0.893113570225614,5.4073303588948,0.415948489145754,Relaksasi
22-09-2026 08:55:40,9.4049658,1378.02,-1.53596381134829,5.39870812287987,0.415285240221528,Relaksasi
22-09-2026 08:55:40,9.4336885,1377.22,-1.52268539743421,5.39238489623263,0.414798838171741,Relaksasi
22-09-2026 08:55:40,9.4343376,1369.96,-7.69071095254497,5.41972072076323,0.416901593904864,Relaksasi
22-09-2026 08:55:40,9.4346322,1376.41,1.19882053443673,5.41466854093297,0.416512964687152,Relaksasi
22-09-2026 08:55:40,9.4348987,1365.13,-9.3957035006223,5.44213608684772,0.41862585283444,Relaksasi
22-09-2026 08:55:40,9.4456871,1379.63,7.67282698548187,5.46729090235598,0.420560838642768,Relaksasi
22-09-2026 08:55:40,9.453652,1374.8,1.78339933762543,5.46830310696203,0.420638700535541,Relaksasi
22-09-2026 08:55:40,9.4540064,1362.71,-10.5270257838442,5.51792812761718,0.424456009816706,Relaksasi
22-09-2026 08:55:40,9.4543336,1369.16,-2.21428087931111,5.51721960710478,0.424401508238829,Relaksasi
22-09-2026 08:55:40,9.4704681,1385.27,13.7391367864318,5.57906938088468,0.429159183144976,Relaksasi
22-09-2026 08:55:40,9.4707504,1378.83,3.68345574945964,5.58181503930721,0.429370387639016,Relaksasi
22-09-2026 08:55:40,9.4710098,1374.8,-2.12354238670681,5.57879547506935,0.429138113466873,Relaksasi
22-09-2026 08:55:40,9.4713103,1381.25,3.75606462305266,5.56330913512185,0.427946856547834,Relaksasi
22-09-2026 08:55:40,9.4716333,1373.99,-5.03358653906451,5.57328699024813,0.428714383865241,Relaksasi
22-09-2026 08:55:40,9.4718877,1369.16,-9.41374662501102,5.56379012328157,0.427983855637044,Relaksasi
22-09-2026 08:55:40,9.472135,1377.22,0.194673137835247,5.54616208949333,0.426627853037949,Relaksasi
22-09-2026 08:55:40,9.4724045,1379.63,2.44024217293163,5.5455045118602,0.426577270143092,Relaksasi
22-09-2026 08:55:40,9.472723,1374.8,-2.85247672900258,5.54695181871328,0.426688601439483,Relaksasi
22-09-2026 08:55:40,9.4939086,1375.6,-1.33479634110466,5.53632287811821,0.425870990624477,Relaksasi
22-09-2026 08:55:40,9.4941987,1377.22,0.818735224004483,5.5363892195091,0.425876093808393,Relaksasi
22-09-2026 08:55:40,9.5034063,1379.63,3.40462540749051,5.54093441584812,0.426225724296009,Relaksasi
22-09-2026 08:55:40,9.5036747,1382.05,5.54296230817976,5.54770844388582,0.426746803375832,Relaksasi
22-09-2026 08:55:40,9.5039311,1377.22,0.0859003588708109,5.53920214101989,0.426092472386145,Relaksasi
22-09-2026 08:55:40,9.5042031,1379.63,3.02909962863358,5.52758648693259,0.425198960533276,Relaksasi
22-09-2026 08:55:40,9.5044573,1373.99,-2.56630468129555,5.5086965711456,0.423745890088123,Relaksasi
22-09-2026 08:55:40,9.5047062,1377.22,1.83883909953087,5.50731596133946,0.423639689333804,Relaksasi
22-09-2026 08:55:40,9.5049557,1364.32,-10.7715352483438,5.55812884183043,0.427548372448495,Relaksasi
22-09-2026 08:55:40,9.5052058,1379.63,7.14983475596075,5.51124920888588,0.423942246837375,Relaksasi
22-09-2026 08:55:40,9.520317,1372.38,-1.22748824886421,5.51058119977938,0.42389086152149,Relaksasi
22-09-2026 08:55:40,9.5207714,1387.69,14.3253677948024,5.60063513682447,0.430818087448036,Relaksasi
22-09-2026 08:55:40,9.5211949,1387.69,11.3646100569465,5.65077586541986,0.434675066570758,Relaksasi
22-09-2026 08:55:40,9.5884337,1374.8,-3.88172962999021,5.65265577377983,0.43481967490614,Relaksasi
22-09-2026 08:55:40,9.6135672,1375.6,-2.26551414827671,5.65454103256618,0.434964694812783,Relaksasi
22-09-2026 08:55:40,9.6138694,1379.63,2.4691326501873,5.65410482003211,0.43493114000247,Relaksasi
22-09-2026 08:55:40,9.6141433,1374.8,-2.43026736927683,5.65563907587073,0.435049159682364,Relaksasi
22-09-2026 08:55:40,9.6144094,1370.77,-5.46541669462731,5.66848316945931,0.436037166881486,Relaksasi
22-09-2026 08:55:40,9.6146724,1375.6,0.972735463631151,5.66303484147779,0.435618064729061,Relaksasi
22-09-2026 08:55:40,9.6149475,1381.25,6.88548428317467,5.68368846948661,0.437206805345124,Relaksasi
22-09-2026 08:55:40,9.6152127,1374.8,-0.574312669872208,5.68338691203867,0.437183608618359,Relaksasi
22-09-2026 08:55:40,9.6154711,1369.16,-5.8554494578758,5.68655070969355,0.437426977668735,Relaksasi
22-09-2026 08:55:40,9.6157277,1375.6,1.86411637768266,5.6819807133945,0.437075439491885,Relaksasi
22-09-2026 08:55:40,9.6159839,1374.8,0.667367349663675,5.66757952862541,0.435967656048108,Relaksasi
22-09-2026 08:55:40,9.6162372,1378.02,3.5474927182921,5.67296004412611,0.436381541855855,Relaksasi
22-09-2026 08:55:40,9.61649,1377.22,1.72254706529262,5.67174365189016,0.43628797322232,Relaksasi
22-09-2026 08:55:40,9.6423162,1379.63,3.41720832347044,5.66636415998927,0.435874166153021,Relaksasi
22-09-2026 08:55:40,9.6428523,1384.47,7.25241543236253,5.68897436799258,0.437613412922506,Relaksasi
22-09-2026 08:55:40,9.6878675,1373.19,-5.63098958244236,5.69661505003077,0.438201157694675,Relaksasi
22-09-2026 08:55:40,9.6881744,1379.63,1.94320434245391,5.69220250776596,0.437861731366612,Relaksasi
22-09-2026 08:55:40,9.6884689,1382.05,4.23543015288442,5.69165280097869,0.43781944622913,Relaksasi
22-09-2026 08:55:40,9.6887293,1378.83,0.641284863744014,5.68008799982285,0.436929846140219,Relaksasi
22-09-2026 08:55:40,9.6889855,1375.6,-2.05343761371137,5.66734784681773,0.435949834370595,Relaksasi
22-09-2026 08:55:40,9.6892393,1378.02,1.58854509653541,5.64894032844924,0.434533871419172,Relaksasi
22-09-2026 08:55:40,9.689492,1379.63,3.78287326427177,5.63885601126911,0.433758154713008,Relaksasi
22-09-2026 08:55:40,9.6897885,1369.16,-6.52306052843051,5.63985417104017,0.433834936233859,Relaksasi
22-09-2026 08:55:40,9.6900587,1378.83,5.2519112248229,5.64786178325983,0.434450906404602,Relaksasi
22-09-2026 08:55:40,9.6903112,1375.6,1.66387907898517,5.63667041793524,0.433590032148865,Relaksasi
22-09-2026 08:55:40,9.6905618,1376.41,2.60761861876084,5.63968524722747,0.433821942094421,Relaksasi
22-09-2026 08:55:40,9.6908133,1369.96,-4.09119754932887,5.64657755584213,0.434352119680164,Relaksasi
22-09-2026 08:55:40,9.6980874,1378.02,4.81528750103543,5.6363914188191,0.433568570678392,Relaksasi
22-09-2026 08:55:40,9.698406,1379.63,5.31732471449222,5.64082528784758,0.433909637526737,Relaksasi
22-09-2026 08:55:40,9.6986782,1381.25,5.58010821513166,5.64766382453627,0.434435678810483,Relaksasi
22-09-2026 08:55:40,9.7213481,1377.22,0.121894488620114,5.64751525274378,0.43442425021106,Relaksasi
22-09-2026 08:55:40,9.7216493,1378.02,0.650629856966073,5.62923380410062,0.433017984930817,Relaksasi
22-09-2026 08:55:40,9.722014,1368.35,-9.24476445920172,5.64198972659915,0.433999209738396,Relaksasi
22-09-2026 08:55:40,9.8968486,1370.77,-4.99954972467605,5.62167587690358,0.43243660591566,Relaksasi
22-09-2026 08:55:40,9.8971626,1369.16,-5.60000342203167,5.6270486608513,0.432849896988562,Relaksasi
22-09-2026 08:55:40,9.8974386,1377.22,3.47585690258631,5.63237285347693,0.433259450267456,Relaksasi
22-09-2026 08:55:40,9.8977071,1374.8,0.138174339649257,5.60850641869303,0.431423570668694,Relaksasi
22-09-2026 08:55:40,9.8979717,1379.63,4.56605646412669,5.61356890248936,0.431812992499181,Relaksasi
22-09-2026 08:55:40,9.8982327,1379.63,3.24247245886211,5.61663603820845,0.432048926016035,Relaksasi
22-09-2026 08:55:40,9.8984902,1374.8,-2.60995780949226,5.61584258636071,0.431987891258516,Relaksasi
22-09-2026 08:55:40,9.8987699,1378.83,1.66056568499696,5.60765509440608,0.431358084185083,Relaksasi
22-09-2026 08:55:40,9.8990302,1378.83,1.21623523639088,5.58231671371773,0.429408977978287,Relaksasi
22-09-2026 08:55:40,9.8992897,1371.58,-6.2235388575087,5.59148966634776,0.430114589719058,Relaksasi
22-09-2026 08:55:40,9.9264195,1373.99,-2.39947384503868,5.59397557376169,0.430305813366284,Relaksasi
22-09-2026 08:55:40,9.9268592,1379.63,3.97907427039994,5.58903281840779,0.429925601415984,Relaksasi
22-09-2026 08:55:40,9.9490319,1378.02,1.87311165593177,5.58578143927969,0.429675495329207,Relaksasi
22-09-2026 08:55:40,9.9558144,1369.16,-7.05631137671774,5.60651233613212,0.431270179702471,Relaksasi
22-09-2026 08:55:40,9.9561366,1378.83,4.2759450782279,5.60323991740164,0.431018455184742,Relaksasi
22-09-2026 08:55:40,9.9817834,1369.96,-5.2149458680268,5.6119150901714,0.431685776167031,Relaksasi
22-09-2026 08:55:40,9.9821146,1382.05,7.99019637875482,5.60717249019353,0.431320960784118,Relaksasi
22-09-2026 08:55:40,9.9823887,1373.99,-1.64282267046439,5.60810816061302,0.431392935431771,Relaksasi
22-09-2026 08:55:40,9.9826513,1375.6,0.20126118328057,5.60549809341083,0.431192161031602,Relaksasi
22-09-2026 08:55:40,9.9829106,1380.44,4.87849496893602,5.61210291683029,0.431700224371561,Relaksasi
22-09-2026 08:55:40,9.9831616,1378.02,1.37552457581531,5.61038241586875,0.43156787814375,Relaksasi
22-09-2026 08:55:40,9.9834169,1378.02,1.03333767452361,5.58446975766835,0.429574596743719,Relaksasi
22-09-2026 08:55:40,9.983673,1379.63,2.47495334487566,5.58650200566555,0.429730923512735,Relaksasi
22-09-2026 08:55:40,9.9839257,1379.63,2.15762711155806,5.58566780472195,0.429666754209381,Relaksasi
22-09-2026 08:55:40,9.9842038,1372.38,-5.19331290900557,5.41956907957513,0.416889929198087,Relaksasi
22-09-2026 08:55:40,9.9844588,1378.02,1.90995389284793,5.36306699349705,0.412543614884389,Relaksasi
22-09-2026 08:55:40,9.9847122,1374.8,-1.1736074723102,5.36305898765904,0.412542999050695,Relaksasi
22-09-2026 08:55:40,10.0059277,1374.8,-0.441203650384134,5.31088894608993,0.408529918929994,Relaksasi
22-09-2026 08:55:40,10.0062541,1378.02,3.31028442471802,5.15783623333702,0.396756633333617,Relaksasi
22-09-2026 08:55:40,10.0065223,1378.83,3.82441228735005,5.16151012737138,0.397039240567029,Relaksasi
22-09-2026 08:55:40,10.0982354,1375.6,0.115131767256429,5.15821474591855,0.396785749686043,Relaksasi
22-09-2026 08:55:40,10.0985468,1375.6,0.302589556868077,5.15446118926206,0.39649701455862,Relaksasi
22-09-2026 08:55:40,10.098814,1377.22,2.01801609235681,5.12963406900594,0.39458723607738,Relaksasi
22-09-2026 08:55:40,10.122415,1379.63,4.13139382261885,5.10762905379465,0.392894542599589,Relaksasi
22-09-2026 08:55:40,10.1227398,1372.38,-3.8542990885039,5.10087206208013,0.392374774006164,Relaksasi
22-09-2026 08:55:40,10.1230156,1377.22,1.80346293180401,5.10237869077246,0.392490668520958,Relaksasi
22-09-2026 08:55:40,10.1232979,1373.99,-1.72882030121356,5.10382204555004,0.392601695811541,Relaksasi
22-09-2026 08:55:40,10.1235667,1370.77,-4.59470421748702,5.09746111824395,0.392112393711073,Relaksasi
22-09-2026 08:55:40,10.1238253,1367.55,-6.96486246613322,5.11743484354086,0.393648834118528,Relaksasi
22-09-2026 08:55:40,10.124084,1379.63,6.28382946634305,5.1244942091753,0.394191862244254,Relaksasi
22-09-2026 08:55:40,10.1243396,1370.77,-4.17340915536145,5.13255684274564,0.394812064826588,Relaksasi
22-09-2026 08:55:40,10.1245936,1371.58,-3.0638930324425,5.13693520517731,0.395148861936717,Relaksasi
22-09-2026 08:55:40,10.1248484,1371.58,-3.09485873571415,5.13928550277593,0.395329654059687,Relaksasi
22-09-2026 08:55:40,10.1250991,1371.58,-3.23657703625925,5.13772461720488,0.395209585938837,Relaksasi
22-09-2026 08:55:40,10.1253673,1369.16,-5.8741026203901,5.13750167523149,0.395192436556269,Relaksasi
22-09-2026 08:55:40,10.1885276,1373.19,-1.64138186670944,5.13796712285372,0.395228240219517,Relaksasi
22-09-2026 08:55:40,10.1888515,1373.99,-1.54449968689992,5.12026018013433,0.393866167702641,Relaksasi
22-09-2026 08:55:40,10.1891229,1368.35,-7.93884115229624,5.13703817318826,0.395156782552943,Relaksasi
22-09-2026 08:55:40,10.2049894,1370.77,-5.01588242667905,5.13124720015555,0.394711323088888,Relaksasi
22-09-2026 08:55:40,10.2052734,1378.02,2.17423871857119,5.13336246067781,0.394874035436754,Relaksasi
22-09-2026 08:55:40,10.2418604,1373.99,-3.28489651280308,4.88137544647716,0.375490418959781,Relaksasi
22-09-2026 08:55:40,10.2421718,1382.86,5.33111783764008,4.83336886832794,0.371797605255995,Relaksasi
22-09-2026 08:55:40,10.2424438,1374.8,-4.45895535755575,4.84240631832642,0.372492793717417,Relaksasi
22-09-2026 08:55:40,10.2427104,1379.63,0.83346082812758,4.84163138895381,0.372433183765677,Relaksasi
22-09-2026 08:55:40,10.2429726,1377.22,-1.83368941056316,4.84307008456602,0.372543852658924,Relaksasi
22-09-2026 08:55:40,10.2432494,1377.22,-1.27235321842472,4.84360179547415,0.372584753498012,Relaksasi
22-09-2026 08:55:40,10.2435065,1375.6,-2.18100912702739,4.84443332003622,0.372648716925863,Relaksasi
22-09-2026 08:55:40,10.2437593,1379.63,2.92020204883321,4.84620278867668,0.372784829898206,Relaksasi
22-09-2026 08:55:40,10.2440127,1377.22,0.693470047101647,4.84180251022264,0.372446346940203,Relaksasi
22-09-2026 08:55:40,10.2442869,1378.83,2.97363503867589,4.79001309709153,0.368462545930117,Relaksasi
22-09-2026 08:55:40,10.2445524,1378.02,2.39830436984482,4.78387870649683,0.367990669730525,Relaksasi
22-09-2026 08:55:40,10.2448034,1370.77,-4.53282728384161,4.78190028509096,0.367838483468536,Relaksasi
22-09-2026 08:55:40,10.2450693,1381.25,7.52809378002281,4.79143621766515,0.368572016743473,Relaksasi
22-09-2026 08:55:40,10.2453262,1378.83,4.18527746451982,4.78966533570274,0.368435795054057,Relaksasi
22-09-2026 08:55:40,10.2455777,1371.58,-3.47352808968805,4.78395605137549,0.367996619336577,Relaksasi
22-09-2026 08:55:40,10.2458288,1373.99,-0.0966498607113282,4.70550371247755,0.361961824036734,Relaksasi
22-09-2026 08:55:40,10.2564053,1375.6,1.66377390958055,4.6995737685079,0.361505674500608,Relaksasi
22-09-2026 08:55:40,10.2566928,1373.99,-0.320226941642075,4.66195924734221,0.358612249795555,Relaksasi
22-09-2026 08:55:40,10.2892409,1376.41,1.94981729868895,4.66168423464875,0.358591094972981,Relaksasi
22-09-2026 08:55:40,10.2895716,1372.38,-2.8001628900081,4.66404628929258,0.358772791484045,Relaksasi
22-09-2026 08:55:40,10.3222711,1379.63,4.56511749734296,4.67441187353528,0.359570144118098,Relaksasi
22-09-2026 08:55:40,10.3226295,1378.02,1.59091819602374,4.67567149615743,0.359667038165956,Relaksasi
22-09-2026 08:55:40,10.3228991,1381.25,4.0759061374358,4.65692203879727,0.358224772215175,Relaksasi
22-09-2026 08:55:40,10.3231632,1365.93,-12.3347623694917,4.6946876520014,0.361129819384723,Relaksasi
22-09-2026 08:55:40,10.3234244,1375.6,-0.400682739243862,4.65305157806869,0.357927044466823,Relaksasi
22-09-2026 08:55:40,10.3236828,1374.8,-1.19150271678189,4.65365909638366,0.357973776644897,Relaksasi
22-09-2026 08:55:40,10.3239384,1369.16,-6.66022287834762,4.67679731959599,0.359753639968922,Relaksasi
22-09-2026 08:55:40,10.3241923,1378.02,3.40634730545402,4.65598079876323,0.358152369135633,Relaksasi
22-09-2026 08:55:40,10.3244655,1379.63,4.18626807365729,4.63876622688126,0.356828171298559,Relaksasi
22-09-2026 08:55:40,10.3247239,1371.58,-4.8849080458644,4.65154225539838,0.357810942722953,Relaksasi
22-09-2026 08:55:40,10.3249799,1380.44,4.73640395816575,4.64999995799996,0.357692304461535,Relaksasi
22-09-2026 08:55:40,10.3252314,1378.83,2.04207580436264,4.65173644349437,0.357825880268798,Relaksasi
22-09-2026 08:55:40,10.3254919,1379.63,2.35879003768767,4.64611572834948,0.357393517565344,Relaksasi
22-09-2026 08:55:40,10.3257439,1382.05,4.37168905992827,4.65532022209111,0.35810155554547,Relaksasi
22-09-2026 08:55:40,10.3259922,1382.05,3.75792230920985,4.66150656280288,0.358577427907914,Relaksasi
22-09-2026 08:55:40,10.3262384,1379.63,1.07676573923405,4.66059673278223,0.358507440983248,Relaksasi
22-09-2026 08:55:40,10.3266709,1366.74,-11.3028462225654,4.71063526026907,0.362356558482236,Relaksasi
22-09-2026 08:55:40,10.3270934,1372.38,-2.58555153665003,4.70349471810869,0.36180728600836,Relaksasi
22-09-2026 08:55:40,10.3274088,1378.83,5.1971684965065,4.71282117260253,0.36252470558481,Relaksasi
22-09-2026 08:55:40,10.3276739,1385.27,11.2707826243699,4.77891358723486,0.367608737479605,Relaksasi
22-09-2026 08:55:40,10.3477421,1377.22,1.5146019964116,4.76475984515516,0.366519988088858,Relaksasi
22-09-2026 08:55:40,10.3480476,1369.96,-5.614638023476,4.7702299462557,0.366940765096592,Relaksasi
22-09-2026 08:55:40,10.4014466,1371.58,-2.53734941708752,4.76433245883167,0.366487112217821,Relaksasi
22-09-2026 08:55:40,10.4023072,1372.38,-1.03607242684659,4.76199555022423,0.366307350017248,Relaksasi
22-09-2026 08:55:40,10.4027746,1369.96,-3.28032794829534,4.75267809629097,0.365590622791613,Relaksasi
22-09-2026 08:55:40,10.403249,1380.44,7.54480632024902,4.77536791081479,0.367335993139599,Relaksasi
22-09-2026 08:55:40,10.4037088,1378.83,3.9300747856402,4.75265679144543,0.365588983957341,Relaksasi
22-09-2026 08:55:40,10.4042164,1379.63,3.31605284542496,4.75810950501125,0.366008423462404,Relaksasi
22-09-2026 08:55:40,10.4055768,1371.58,-5.9888502589166,4.69714106654699,0.361318543580538,Relaksasi
22-09-2026 08:55:40,10.4231601,1379.63,2.74143770942814,4.69460481959279,0.361123447660984,Relaksasi
22-09-2026 08:55:40,10.4392548,1375.6,-2.16820561783849,4.69574815286424,0.361211396374172,Relaksasi
22-09-2026 08:55:40,10.4398471,1378.02,0.490949746794324,4.63953525312463,0.356887327163433,Relaksasi
22-09-2026 08:55:40,10.4401725,1378.83,1.19685997028682,4.63348514330858,0.35642193410066,Relaksasi
22-09-2026 08:55:40,10.4404749,1382.05,4.35068150088573,4.63710092701416,0.356700071308782,Relaksasi
22-09-2026 08:55:40,10.4407589,1380.44,2.25312278715049,4.63227840118809,0.3563291077837,Relaksasi
22-09-2026 08:55:40,10.4417158,1372.38,-5.66988505958157,4.64047411517381,0.356959547321062,Relaksasi
22-09-2026 08:55:40,10.4420618,1381.25,5.05675770689584,4.6257365430969,0.355825887930531,Relaksasi
22-09-2026 08:55:40,10.455551,1374.8,-1.5443902344755,4.62632217005561,0.355870936158123,Relaksasi
22-09-2026 08:55:40,10.4650214,1380.44,5.24514160848018,4.63646539713456,0.356651184394966,Relaksasi
22-09-2026 08:55:40,10.465316,1379.63,4.22716524048704,4.64548529406815,0.357345022620627,Relaksasi
22-09-2026 08:55:40,10.4655802,1383.66,8.19568049930523,4.6612011503674,0.358553934643646,Relaksasi
22-09-2026 08:55:40,10.5230399,1374.8,-1.52156602951088,4.63350313352203,0.356423317963233,Relaksasi
22-09-2026 08:55:40,10.5233627,1380.44,5.1516869425782,4.64703433082115,0.357464179293935,Relaksasi
22-09-2026 08:55:40,10.5236224,1379.63,4.04869243029402,4.57991050797157,0.352300808305505,Relaksasi
22-09-2026 08:55:40,10.5238807,1379.63,3.93585086627782,4.58721625937702,0.352862789182848,Relaksasi
22-09-2026 08:55:40,10.5241332,1374.8,-1.00389724735188,4.58682537374764,0.352832721057511,Relaksasi
22-09-2026 08:55:40,10.5243836,1371.58,-3.4016529712709,4.59036325338911,0.353104865645316,Relaksasi
22-09-2026 08:55:40,10.5246338,1374.8,1.00962479541894,4.58948771412291,0.353037516470993,Relaksasi
22-09-2026 08:55:40,10.5387631,1374.8,1.15867700420942,4.57590300397028,0.351992538766944,Relaksasi
22-09-2026 08:55:40,10.5391627,1379.63,5.8907047471799,4.59331293874537,0.353331764518875,Relaksasi
22-09-2026 08:55:40,10.539451,1359.49,-15.4564670129172,4.71811207089188,0.362931697760914,Relaksasi
22-09-2026 08:55:40,10.5397203,1375.6,3.41488673920367,4.70974729791419,0.362288253685707,Relaksasi
22-09-2026 08:55:40,10.539979,1375.6,2.22895803293061,4.70919939183273,0.362246107064056,Relaksasi
22-09-2026 08:55:40,10.5402503,1372.38,-2.19703190941967,4.70868723550998,0.362206710423845,Relaksasi
22-09-2026 08:55:40,10.5536455,1378.02,2.95151447128951,4.71288600841862,0.362529692955278,Relaksasi
22-09-2026 08:55:40,10.553956,1379.63,3.0124542734628,4.68908746700305,0.360699035923311,Relaksasi
22-09-2026 08:55:40,10.5542227,1381.25,3.14405267534305,4.6913140059798,0.360870308152292,Relaksasi
22-09-2026 08:55:40,10.554486,1379.63,0.228551854542872,4.68848628266834,0.360652790974487,Relaksasi
22-09-2026 08:55:40,10.5652903,1371.58,-8.21767063517892,4.71173328919397,0.36244102224569,Relaksasi
22-09-2026 08:55:40,10.5655861,1371.58,-6.62320794444979,4.72690726568047,0.36360825120619,Relaksasi
22-09-2026 08:55:40,10.6060506,1387.69,11.0077957098382,4.79043174034785,0.368494749257527,Relaksasi
22-09-2026 08:55:40,10.6066482,1359.49,-18.9442143790609,4.94667100884008,0.38051315452616,Relaksasi
22-09-2026 08:55:40,10.6069661,1367.55,-6.69063768812151,4.96114715019808,0.381626703861391,Relaksasi
22-09-2026 08:55:40,10.6072265,1375.6,3.06637856892144,4.95950358837538,0.381500276028875,Relaksasi
22-09-2026 08:55:40,10.6074805,1377.22,4.21202454045392,4.94147005551785,0.38011308119368,Relaksasi
22-09-2026 08:55:40,10.6077483,1379.63,5.6486515793205,4.95718411738517,0.381321855183474,Relaksasi
22-09-2026 08:55:40,10.623749,1362.71,-12.7040497539238,5.03674923440285,0.38744224880022,Relaksasi
22-09-2026 08:55:40,10.6555939,1378.02,4.61801370574112,5.04617481356839,0.388167293351415,Relaksasi
22-09-2026 08:55:40,10.6559277,1370.77,-4.15397835110209,5.02537787186408,0.386567528604929,Relaksasi
22-09-2026 08:55:40,10.6562097,1374.8,-0.0713186389411549,5.02466539516747,0.38651272270519,Relaksasi
22-09-2026 08:55:40,10.6564962,1371.58,-4.11240837271762,4.98903052958743,0.383771579199033,Relaksasi
22-09-2026 08:55:40,10.6567599,1371.58,-4.18250727826196,4.96825231757339,0.382173255197953,Relaksasi
22-09-2026 08:55:40,10.6570111,1365.93,-9.89922703152851,5.01573544001225,0.385825803077865,Relaksasi
22-09-2026 08:55:40,10.6572587,1379.63,4.81802928437816,4.97187868675935,0.382452206673796,Relaksasi
22-09-2026 08:55:40,10.6575076,1369.16,-7.53587972375084,4.99790054851471,0.384453888347286,Relaksasi
22-09-2026 08:55:40,10.6577558,1366.74,-9.41041208343197,4.94752157878693,0.38057858298361,Relaksasi
22-09-2026 08:55:40,10.6580298,1391.72,16.5003525637956,5.07655776239362,0.390504443261048,Relaksasi
22-09-2026 08:55:40,10.6583385,1375.6,-3.67937697108414,5.08100193151458,0.390846302424199,Relaksasi
22-09-2026 08:55:40,10.6818359,1375.6,-3.5707481381806,5.0803338209338,0.3907949093026,Relaksasi
22-09-2026 08:55:40,10.6821479,1377.22,-1.53920532802518,5.06901889226127,0.389924530173944,Relaksasi
22-09-2026 08:55:40,10.7065774,1375.6,-2.85081614555811,5.02916446002524,0.386858804617326,Relaksasi
22-09-2026 08:55:40,10.7070645,1377.22,-0.420291535731466,5.02923343092196,0.38686411007092,Relaksasi
22-09-2026 08:55:40,10.7074681,1373.99,-3.128490603582,5.03113826690082,0.387010635915448,Relaksasi
22-09-2026 08:55:40,10.7389816,1380.44,4.48043889009863,5.03706668672014,0.387466668209242,Relaksasi
22-09-2026 08:55:40,10.7396517,1378.83,2.59119063344148,5.03951423696757,0.387654941305198,Relaksasi
22-09-2026 08:55:40,10.7399296,1381.25,5.12615236832344,5.05220143088932,0.388630879299178,Relaksasi
22-09-2026 08:55:40,10.7403046,1380.44,3.97293529508003,5.05427571485251,0.388790439604039,Relaksasi
22-09-2026 08:55:40,10.7406631,1373.99,-2.54386645575604,5.04226507918039,0.387866544552337,Relaksasi
22-09-2026 08:55:40,10.7409576,1374.8,-0.497255753186675,5.04238401460897,0.387875693431459,Relaksasi
22-09-2026 08:55:40,10.7412647,1371.58,-2.92576149041117,5.04207890948535,0.387852223806566,Relaksasi
22-09-2026 08:55:40,10.7415476,1379.63,6.24392463420306,5.05811853410721,0.38908604108517,Relaksasi
22-09-2026 08:55:40,10.8546697,1378.02,3.76660590315456,5.06345663149764,0.389496663961357,Relaksasi
22-09-2026 08:55:40,10.8549769,1379.63,4.82063590490127,5.01743518679255,0.385956552830196,Relaksasi
22-09-2026 08:55:40,10.8552463,1375.6,-0.0707421226631642,4.99190146043728,0.383992420033637,Relaksasi
22-09-2026 08:55:40,10.8731015,1380.44,4.81745059306103,5.00275780992777,0.384827523840598,Relaksasi
22-09-2026 08:55:40,10.8734805,1379.63,3.10134528100352,4.90403880544103,0.377233754264695,Relaksasi
22-09-2026 08:55:40,10.9330284,1379.63,2.58481708623925,4.84120142045193,0.372400109265533,Relaksasi
22-09-2026 08:55:40,10.9333742,1375.6,-1.7493831208596,4.83499677097119,0.371922828536245,Relaksasi
22-09-2026 08:55:40,10.9405509,1374.8,-1.8852045915617,4.83418048745409,0.371860037496468,Relaksasi
22-09-2026 08:55:40,10.9409033,1373.19,-2.72532500831481,4.8348686525143,0.371912973270331,Relaksasi
22-09-2026 08:55:40,10.9411675,1374.8,-0.181111228862109,4.83183069819512,0.371679284476547,Relaksasi
22-09-2026 08:55:40,10.9414383,1378.02,3.40242829507137,4.82235591690479,0.370950455146523,Relaksasi
22-09-2026 08:55:40,10.9417367,1377.22,2.16147867692248,4.82428704248095,0.371099003267765,Relaksasi
22-09-2026 08:55:40,10.9508418,1373.99,-1.35388170871354,4.80061047967717,0.369277729205936,Relaksasi
22-09-2026 08:55:40,10.9909356,1379.63,4.61716105386098,4.81152810272983,0.370117546363833,Relaksasi
22-09-2026 08:55:40,10.9912709,1382.05,6.14852389357877,4.81335568724562,0.370258129788125,Relaksasi
22-09-2026 08:55:40,10.9915418,1378.83,1.75040841057178,4.81314221383609,0.370241708756623,Relaksasi
22-09-2026 08:55:40,10.9918094,1378.83,1.52566697418272,4.8141197921629,0.370316907089454,Relaksasi
22-09-2026 08:55:40,10.9920739,1373.99,-3.35659473818838,4.81343531083,0.370264254679231,Relaksasi
22-09-2026 08:55:40,10.9923377,1380.44,4.12372063456776,4.82072079765507,0.370824676742698,Relaksasi
22-09-2026 08:55:40,10.992602,1379.63,2.9652883839455,4.81922474276869,0.370709595597592,Relaksasi
22-09-2026 08:55:40,10.992861,1373.99,-2.72617768474237,4.79573765933251,0.368902896871732,Relaksasi
22-09-2026 08:55:40,10.9931623,1382.05,6.44683933665415,4.80087160481462,0.369297815754971,Relaksasi
22-09-2026 08:55:40,10.9935018,1377.22,0.959199511727459,4.79938415516503,0.369183396551156,Relaksasi
22-09-2026 08:55:40,10.9937657,1378.83,2.99196156556798,4.79470052203457,0.368823117079582,Relaksasi
22-09-2026 08:55:40,10.994023,1372.38,-3.42556328342276,4.80060092943163,0.369276994571664,Relaksasi
22-09-2026 08:55:40,10.9942844,1390.11,15.5503566261596,4.92277911443288,0.378675316494837,Relaksasi
22-09-2026 08:55:40,10.99454,1367.55,-9.50100220511768,4.9671402281782,0.382087709859862,Relaksasi
22-09-2026 08:55:40,10.9947958,1379.63,4.96470817799595,4.97234080008418,0.382487753852629,Relaksasi
22-09-2026 08:55:40,10.9950487,1378.02,2.87265801849687,4.95506632239672,0.381158947876671,Relaksasi
22-09-2026 08:55:40,10.9953204,1390.11,14.8064503047513,5.05083401577585,0.388525693521219,Relaksasi
22-09-2026 08:55:40,10.9955747,1381.25,3.46394402224806,5.05540070893666,0.388876977610512,Relaksasi
22-09-2026 08:55:40,10.9958294,1379.63,1.70303761916377,5.05347203804218,0.388728618310937,Relaksasi
22-09-2026 08:55:40,10.9960842,1379.63,2.09739210415707,5.04736420525891,0.388258785019916,Relaksasi
22-09-2026 08:55:40,10.9963382,1384.47,7.41882241548495,5.06311614345388,0.389470472573375,Relaksasi
22-09-2026 08:55:40,10.9965876,1379.63,2.1629339573816,5.05145194850218,0.38857322680786,Relaksasi
22-09-2026 08:55:40,10.9968437,1378.83,2.10123794234326,5.03820947897319,0.38755457530563,Relaksasi
22-09-2026 08:55:40,11.0407313,1392.53,16.6345805046427,5.17368599796226,0.397975845997097,Relaksasi
22-09-2026 08:55:40,11.0412795,1374.8,-3.02474000429946,5.17790068173627,0.398300052441251,Relaksasi
22-09-2026 08:55:40,11.0579591,1401.39,25.5628918113284,5.44523960071389,0.418864584670299,Relaksasi
22-09-2026 08:55:40,11.0584545,1384.47,5.19897222965417,5.44617327884073,0.418936406064671,Relaksasi
22-09-2026 08:55:40,11.0587578,1379.63,1.11571382259271,5.43233166128455,0.417871666252658,Relaksasi
22-09-2026 08:55:40,11.0590205,1378.83,2.10657863313056,5.42881273759246,0.417600979814804,Relaksasi
22-09-2026 08:55:40,11.0592773,1378.02,2.98197155161633,5.432897298015,0.417915176770384,Relaksasi
22-09-2026 08:55:40,11.0595354,1379.63,6.02866926247879,5.4400232497658,0.418463326905062,Relaksasi
22-09-2026 08:55:40,11.083104,1379.63,6.66284609600983,5.45557076851319,0.41965928988563,Relaksasi
22-09-2026 08:55:40,11.1649698,1379.63,6.89066936823499,5.47417570353114,0.421090438733165,Relaksasi
22-09-2026 08:55:40,11.165278,1373.99,1.1269971867789,5.47349640124617,0.421038184711244,Relaksasi
22-09-2026 08:55:40,11.165547,1365.13,-7.05646253464711,5.49551954151907,0.422732272424544,Relaksasi
22-09-2026 08:55:40,11.1658137,1371.58,1.26555455205995,5.47860210211369,0.421430930931822,Relaksasi
22-09-2026 08:55:40,11.1660779,1378.02,7.45200330846628,5.50126852518275,0.423174501937135,Relaksasi
22-09-2026 08:55:40,11.1663365,1378.02,5.50215386286302,5.50782704081861,0.423679003139893,Relaksasi
22-09-2026 08:55:40,11.166598,1372.38,-2.04682026768978,5.50813610409509,0.423702777238084,Relaksasi
22-09-2026 08:55:40,11.1668691,1369.96,-5.08262658171253,5.49725123628669,0.422865479714361,Relaksasi
22-09-2026 08:55:40,11.1671338,1379.63,4.46815392401377,5.49801551659677,0.422924270507444,Relaksasi
22-09-2026 08:55:40,11.195428,1378.02,0.853721677439887,5.4859676012732,0.421997507790246,Relaksasi
22-09-2026 08:55:40,11.1957643,1378.83,0.47243863681167,5.45689841601359,0.41976141661643,Relaksasi
22-09-2026 08:55:40,11.2205376,1373.19,-6.04330189647766,5.47237183313767,0.420951679472129,Relaksasi
22-09-2026 08:55:40,11.2358983,1379.63,1.0891473834284,5.47289522646955,0.420991940497658,Relaksasi
22-09-2026 08:55:40,11.2363571,1373.19,-5.75265845785007,5.47713875949541,0.421318366115032,Relaksasi
22-09-2026 08:55:40,11.2366571,1368.35,-9.39283369612581,5.51640419799791,0.424338784461378,Relaksasi
22-09-2026 08:55:40,11.2369229,1380.44,4.77363382757406,5.52623870652904,0.425095285117619,Relaksasi
22-09-2026 08:55:40,11.2371809,1385.27,8.96722945889728,5.55974309587105,0.427672545836235,Relaksasi
22-09-2026 08:55:40,11.2599408,1375.6,-2.09579156933227,5.55962482815465,0.427663448319588,Relaksasi
22-09-2026 08:55:40,11.2603244,1380.44,3.63202416458994,5.5534254053368,0.427186569641292,Relaksasi
22-09-2026 08:55:40,11.2606116,1378.83,1.91230177991065,5.55342944528545,0.427186880406573,Relaksasi
22-09-2026 08:55:40,11.2608762,1374.8,-1.79882270639772,5.55426598633099,0.427251229717768,Relaksasi
22-09-2026 08:55:40,11.2611518,1381.25,5.74658752065637,5.56902268663637,0.42838636051049,Relaksasi
22-09-2026 08:55:40,11.2614141,1379.63,3.75097011056651,5.57041943243592,0.428493802495071,Relaksasi
22-09-2026 08:55:40,11.261671,1378.02,2.14431004403228,5.56591702546546,0.428147463497343,Relaksasi
22-09-2026 08:55:40,11.2619436,1379.63,4.06271798232848,5.57331987640821,0.428716913569862,Relaksasi
22-09-2026 08:55:40,11.2621969,1380.44,4.7858365208825,5.58354348049608,0.429503344653544,Relaksasi
22-09-2026 08:55:40,11.2624475,1386.89,10.9891224111268,5.63554788025786,0.433503683096758,Relaksasi
22-09-2026 08:55:40,11.26271,1375.6,-1.72581682226414,5.62929392149771,0.433022609345977,Relaksasi
22-09-2026 08:55:40,11.2629632,1374.8,-1.39234871740114,5.62355449178249,0.432581114752499,Relaksasi
22-09-2026 08:55:40,11.2689405,1369.16,-5.93069288689057,5.63772723000219,0.433671325384784,Relaksasi
22-09-2026 08:55:40,11.2829116,1373.19,-0.0120837800699416,5.63640177345684,0.433569367188988,Relaksasi
22-09-2026 08:55:40,11.2985817,1370.77,-1.92946335892027,5.62868391028165,0.432975685406281,Relaksasi
22-09-2026 08:55:40,11.2991073,1375.6,3.45721138660524,5.61242350227254,0.431724884790195,Relaksasi
22-09-2026 08:55:40,11.2995266,1379.63,6.65454071027334,5.614559605648,0.431889200434461,Relaksasi
22-09-2026 08:55:40,11.2998137,1372.38,-2.3206677565127,5.60919961667121,0.431476893590093,Relaksasi
22-09-2026 08:55:40,11.3000739,1370.77,-4.0648599178038,5.6123790470575,0.431721465158269,Relaksasi
22-09-2026 08:55:40,11.3003498,1370.77,-3.96842465443676,5.61512687176965,0.431932836289973,Relaksasi
22-09-2026 08:55:40,11.3006109,1372.38,-2.39054130966441,5.61300686533319,0.431769758871784,Relaksasi
22-09-2026 08:55:40,11.3008763,1374.8,-0.409874628863711,5.59769243960045,0.430591726123112,Relaksasi
22-09-2026 08:55:40,11.3011259,1376.41,0.319633039094255,5.59653471378465,0.430502670291127,Relaksasi
22-09-2026 08:55:40,11.301374,1365.93,-11.1582635164875,5.65082362401264,0.434678740308665,Relaksasi
22-09-2026 08:55:40,11.3016208,1378.02,2.23594889142727,5.62509368568363,0.432699514283356,Relaksasi
22-09-2026 08:55:40,11.3018659,1378.02,0.986073921571424,5.61433391410063,0.431871839546202,Relaksasi
22-09-2026 08:55:40,11.3021131,1369.16,-8.77290125118358,5.64640839036718,0.434339106951321,Relaksasi
22-09-2026 08:55:40,11.3168636,1374.8,-1.97418753159082,5.64335556804276,0.434104274464828,Relaksasi
22-09-2026 08:55:40,11.3302783,1372.38,-4.43860537166899,5.63949147251702,0.433807036347463,Relaksasi
22-09-2026 08:55:40,11.383078,1374.8,-1.50129110789582,5.63167133532685,0.433205487332834,Relaksasi
22-09-2026 08:55:40,11.3834248,1379.63,3.33016717144227,5.63628413152945,0.433560317809958,Relaksasi
22-09-2026 08:55:40,11.3837022,1378.83,1.65471845396498,5.63600720305325,0.433539015619481,Relaksasi
22-09-2026 08:55:40,11.383967,1379.63,2.0247241169188,5.63710744247918,0.433623649421475,Relaksasi
22-09-2026 08:55:40,11.3842292,1378.83,0.89356048627548,5.63535168074774,0.433488590826749,Relaksasi
22-09-2026 08:55:40,11.3844879,1366.74,-11.1108946500992,5.68610680213662,0.437392830933586,Relaksasi
22-09-2026 08:55:40,11.3847464,1377.22,1.9314469470988,5.68753536237978,0.43750272018306,Relaksasi
22-09-2026 08:55:40,11.3850021,1376.41,1.14811816078852,5.68422702292581,0.437248232532754,Relaksasi
22-09-2026 08:55:40,11.3852687,1369.16,-5.98644888046335,5.69744375837971,0.438264904490747,Relaksasi
22-09-2026 08:55:40,11.3855275,1369.16,-4.58531073322125,5.69765373961731,0.43828105689364,Relaksasi
22-09-2026 08:55:40,11.3857782,1371.58,-1.23770061251162,5.67340785338073,0.436415988721595,Relaksasi
22-09-2026 08:55:40,11.4135086,1380.44,7.61504350412387,5.6912141385978,0.437785702969062,Relaksasi
22-09-2026 08:55:40,11.4137955,1375.6,0.785785800193967,5.68618313819079,0.437398702937753,Relaksasi
22-09-2026 08:55:40,11.4385255,1377.22,1.61027207005029,5.68731895147136,0.437486073190104,Relaksasi
22-09-2026 08:55:40,11.4389411,1377.22,0.631987168613785,5.68627762042628,0.437405970802021,Relaksasi
22-09-2026 08:55:40,11.4393637,1368.35,-8.96057432451768,5.72142464000147,0.440109587692421,Relaksasi
22-09-2026 08:55:40,11.4398,1365.93,-10.1379435640861,5.76451042780457,0.44342387906189,Relaksasi
22-09-2026 08:55:40,11.4401144,1370.77,-3.81039565306009,5.76740595817383,0.443646612167218,Relaksasi
22-09-2026 08:55:40,11.4404128,1383.66,9.23918656456548,5.79530696679913,0.445792843599933,Relaksasi
22-09-2026 08:55:40,11.4407832,1379.63,2.74523813194903,5.79746577375873,0.445958905673748,Relaksasi
22-09-2026 08:55:40,11.4411394,1374.8,-3.21640949497307,5.79476235870762,0.445750950669817,Relaksasi
22-09-2026 08:55:40,11.4414784,1379.63,1.82513980066625,5.73020022833368,0.440784632948745,Relaksasi
22-09-2026 08:55:40,11.4420535,1373.99,-4.37249461122474,5.73846542806818,0.441420417543706,Relaksasi
22-09-2026 08:55:40,11.4428009,1381.25,3.75202689563787,5.74397733322836,0.441844410248335,Relaksasi
22-09-2026 08:55:40,11.443338,1384.47,6.45115257025112,5.74278413386035,0.441752625681565,Relaksasi
22-09-2026 08:55:40,11.4437436,1381.25,2.40612409480442,5.74025267423737,0.441557898018259,Relaksasi
22-09-2026 08:55:40,11.4457907,1379.63,1.01994502099718,5.73306881184902,0.441005293219155,Relaksasi
22-09-2026 08:55:40,11.4638466,1383.66,5.81483884529162,5.73740604474677,0.441338926518982,Relaksasi
22-09-2026 08:55:40,11.4929322,1376.41,-1.38948459649379,5.72846522615277,0.440651171242521,Relaksasi
22-09-2026 08:55:40,11.4935277,1378.83,2.63387713345295,5.72967276753729,0.44074405904133,Relaksasi
22-09-2026 08:55:40,11.5096373,1381.25,5.92386548565208,5.74254224906612,0.441734019158933,Relaksasi
22-09-2026 08:55:40,11.509954,1373.99,-1.14603430486418,5.73478858627461,0.441137583559585,Relaksasi
22-09-2026 08:55:40,11.510221,1378.83,5.15544206887653,5.7402162976218,0.441555099817062,Relaksasi
22-09-2026 08:55:40,11.5104835,1377.22,3.59334212300477,5.74533258909019,0.441948660699246,Relaksasi
22-09-2026 08:55:40,11.5248898,1373.99,0.487386644018741,5.68957490717109,0.43765960824393,Relaksasi
22-09-2026 08:55:40,11.5343829,1379.63,6.60942213973966,5.7058092805205,0.438908406193885,Relaksasi
22-09-2026 08:55:40,11.5346756,1382.05,8.06765172606075,5.72246815330881,0.440189857946832,Relaksasi
22-09-2026 08:55:40,11.5349409,1375.6,0.192035186243709,5.66671628444272,0.43590125264944,Relaksasi
22-09-2026 08:55:40,11.5352494,1373.99,-1.39278329253165,5.66656003046208,0.435889233112468,Relaksasi
22-09-2026 08:55:40,11.5355385,1379.63,4.52581459269871,5.66168674219923,0.435514364784556,Relaksasi
22-09-2026 08:55:40,11.5357907,1375.6,-0.426341988360586,5.65892347482521,0.435301805755785,Relaksasi
22-09-2026 08:55:40,11.5406004,1374.8,-1.19249616909238,5.65907747774546,0.435313652134266,Relaksasi
22-09-2026 08:55:40,11.5409495,1379.63,3.82886042070862,5.66079994369086,0.435446149514682,Relaksasi
22-09-2026 08:55:40,11.5412071,1380.44,3.86830838935921,5.64223843340708,0.434018341031314,Relaksasi
22-09-2026 08:55:40,11.5560009,1378.02,0.737829040973998,5.63563209043856,0.433510160802966,Relaksasi
22-09-2026 08:55:40,11.5906789,1377.22,-0.0400832849008042,5.63075270809874,0.433134823699903,Relaksasi
22-09-2026 08:55:40,11.5913433,1380.44,3.48558595743014,5.62021271572312,0.432324055055625,Relaksasi
22-09-2026 08:55:40,11.591618,1378.02,0.806490249444304,5.61715815150461,0.432089088577278,Relaksasi
22-09-2026 08:55:40,11.5918817,1379.63,2.79746312648012,5.61854866675805,0.432196051289081,Relaksasi
22-09-2026 08:55:40,11.5921517,1366.74,-9.99652142127289,5.66273221732135,0.435594785947796,Relaksasi
22-09-2026 08:55:40,11.6232728,1378.83,4.70698326608139,5.67187378680825,0.436297983600635,Relaksasi
22-09-2026 08:55:40,11.6236525,1378.02,3.54451928725696,5.66906766503634,0.436082128079718,Relaksasi
22-09-2026 08:55:40,11.6239488,1375.6,0.855367951263005,5.66715128181266,0.435934713985589,Relaksasi
22-09-2026 08:55:40,11.6242207,1374.8,0.186514490458023,5.65296732754421,0.434843640580324,Relaksasi
22-09-2026 08:55:40,11.6244882,1367.55,-6.92859389753605,5.66288024601756,0.435606172770582,Relaksasi
22-09-2026 08:55:40,11.6247406,1375.6,2.47313053820919,5.66452723958931,0.435732864583793,Relaksasi
22-09-2026 08:55:40,11.6249927,1370.77,-3.06081325961902,5.65651431401314,0.435116485693319,Relaksasi
22-09-2026 08:55:40,11.6252418,1375.6,1.91742793731405,5.6502382431414,0.434633711010877,Relaksasi
22-09-2026 08:55:40,11.6255238,1367.55,-7.14502381979811,5.64310226178399,0.434084789367999,Relaksasi
22-09-2026 08:55:40,11.6257866,1382.05,7.95058388805636,5.67001642341941,0.436155109493801,Relaksasi
22-09-2026 08:55:40,11.6260367,1372.38,-4.16727222085943,5.66597014101627,0.435843857001252,Relaksasi
22-09-2026 08:55:40,11.6262816,1379.63,3.0041397322859,5.662718637242,0.435593741326308,Relaksasi
22-09-2026 08:55:40,11.6265494,1374.8,-3.19396378143555,5.66038291792575,0.435414070609673,Relaksasi
22-09-2026 08:55:40,11.6267937,1378.83,0.853854360214169,5.66025980547463,0.435404600421125,Relaksasi
22-09-2026 08:55:40,11.6270394,1378.83,0.308269561698167,5.65518876797231,0.435014520613255,Relaksasi
22-09-2026 08:55:40,11.6272867,1372.38,-6.32445069311435,5.67239426284094,0.436338020218534,Relaksasi
22-09-2026 08:55:40,11.65209,1374.8,-2.54846322049353,5.6746645129947,0.436512654845746,Relaksasi
22-09-2026 08:55:40,11.6524145,1378.02,1.45504613134937,5.66029161078923,0.435407046983787,Relaksasi
22-09-2026 08:55:40,11.6526958,1372.38,-4.09469310360056,5.56131475593922,0.427793442764555,Relaksasi
22-09-2026 08:55:40,11.6749143,1380.44,5.16977363156735,5.56808291554891,0.428314070426839,Relaksasi
22-09-2026 08:55:40,11.7074645,1379.63,3.74388799446521,5.5721440731051,0.428626467161931,Relaksasi
22-09-2026 08:55:40,11.7077968,1373.99,-2.24059459260667,5.57223080516478,0.428633138858829,Relaksasi
22-09-2026 08:55:40,11.7081055,1382.05,6.64744418729431,5.58812504591407,0.429855772762621,Relaksasi
22-09-2026 08:55:40,11.7083679,1372.38,-3.93070700217925,5.59097660634603,0.430075123565079,Relaksasi
22-09-2026 08:55:40,11.7086236,1378.83,3.66465929686123,5.5925613734131,0.430197028724085,Relaksasi
22-09-2026 08:55:40,11.7088814,1374.8,-0.73314659764027,5.59277829484678,0.430213714988214,Relaksasi
22-09-2026 08:55:40,11.7091346,1377.22,2.12151070541533,5.56453255362334,0.428040965663334,Relaksasi
22-09-2026 08:55:40,11.7093872,1382.05,6.76751271484186,5.56540063829051,0.428107741406963,Relaksasi
22-09-2026 08:55:40,11.7096394,1378.02,1.61153322636974,5.51187913777464,0.423990702905741,Relaksasi
22-09-2026 08:55:40,11.7099081,1373.99,-2.51274308263892,5.34957612584707,0.41150585583439,Relaksasi
22-09-2026 08:55:40,11.7101588,1378.02,2.26876007873043,5.33102972457841,0.410079209582955,Relaksasi
22-09-2026 08:55:40,11.7239714,1371.58,-4.34062810156029,5.33545403862494,0.410419541432687,Relaksasi
22-09-2026 08:55:40,11.724342,1380.44,5.61133921195091,5.34189102129481,0.410914693945755,Relaksasi
22-09-2026 08:55:40,11.7477179,1377.22,1.48901222348414,5.32797796045327,0.409844458496405,Relaksasi
22-09-2026 08:55:40,11.7480272,1381.25,5.38570396405573,5.2654927387916,0.40503790298397,Relaksasi
22-09-2026 08:55:40,11.7483004,1374.8,-1.93997336726974,5.25714761183892,0.404395970141455,Relaksasi
22-09-2026 08:55:40,11.7485581,1370.77,-5.36850430894415,5.26264453716307,0.404818810551005,Relaksasi
22-09-2026 08:55:40,11.7488148,1372.38,-2.47849819734977,5.2655595010751,0.405043038544239,Relaksasi
22-09-2026 08:55:40,11.7490711,1377.22,2.99361634315219,5.2617835417558,0.404752580135062,Relaksasi
22-09-2026 08:55:40,11.8072567,1378.83,4.03420666000797,5.26120455043395,0.404708042341073,Relaksasi
22-09-2026 08:55:40,11.8079414,1373.99,-1.67921973731804,5.21578361677602,0.401214124367387,Relaksasi
22-09-2026 08:55:40,11.8352998,1375.6,0.123304653776154,5.20465250773688,0.400357885210529,Relaksasi
22-09-2026 08:55:40,11.8356075,1365.93,-9.73547732458379,5.2228687427433,0.401759134057177,Relaksasi
22-09-2026 08:55:40,11.8358772,1379.63,5.63064502592343,5.19558461032681,0.399660354640524,Relaksasi
22-09-2026 08:55:40,11.8361424,1379.63,4.19260130685712,5.07155605292974,0.390119696379211,Relaksasi
22-09-2026 08:55:40,11.8364045,1370.77,-5.87574732657739,5.08189076592172,0.390914674301671,Relaksasi
22-09-2026 08:55:40,11.8366638,1381.25,5.38576611752995,5.08988162227694,0.391529355559765,Relaksasi
22-09-2026 08:55:40,11.8369212,1370.77,-6.4544117310799,5.10914340350268,0.393011031038668,Relaksasi
22-09-2026 08:55:40,11.8581547,1379.63,3.42868602611466,5.11091870346266,0.393147592574051,Relaksasi
22-09-2026 08:55:40,11.8676224,1379.63,2.60540075642969,5.11415167295979,0.393396282535369,Relaksasi
22-09-2026 08:55:40,11.8679213,1371.58,-5.99929190380462,5.12694524873137,0.394380403748567,Relaksasi
22-09-2026 08:55:40,11.8850655,1377.22,0.889190831573368,5.11753350960445,0.393656423815727,Relaksasi
22-09-2026 08:55:40,11.8856294,1372.38,-3.96652011028425,5.12193755197745,0.393995196305957,Relaksasi
22-09-2026 08:55:40,11.8860904,1374.8,-0.592464006702397,5.10926728248157,0.39302056019089,Relaksasi
22-09-2026 08:55:40,11.8992442,1369.96,-5.16639920408329,5.11460159672499,0.393430892055769,Relaksasi
22-09-2026 08:55:40,11.9743046,1374.8,0.736714855506559,5.11170294074195,0.393207918518611,Relaksasi
22-09-2026 08:55:40,11.9746376,1379.63,5.33092645470002,5.12546237156187,0.39426633627399,Relaksasi
22-09-2026 08:55:40,11.9749125,1369.16,-6.40296309940624,5.14125994315251,0.395481534088654,Relaksasi
22-09-2026 08:55:40,11.9751795,1367.55,-7.07641686298907,5.14664931843723,0.395896101418249,Relaksasi
22-09-2026 08:55:40,11.9754461,1379.63,5.94754899580567,5.1569302207912,0.396686940060862,Relaksasi
22-09-2026 08:55:40,11.9757248,1370.77,-4.65872921296148,5.15618613307064,0.396629702543896,Relaksasi
22-09-2026 08:55:40,12.0327093,1375.6,0.397673902808114,5.15626038319394,0.396635414091841,Relaksasi
22-09-2026 08:55:40,12.0330147,1369.16,-6.84238145741948,5.16769512532004,0.397515009640003,Relaksasi
22-09-2026 08:55:40,12.0333006,1381.25,5.83727665706046,5.17951254360406,0.398424041815697,Relaksasi
22-09-2026 08:55:40,12.0335597,1377.22,-0.0584964116641036,5.17628833254642,0.398176025580494,Relaksasi
22-09-2026 08:55:40,12.0338134,1379.63,1.7435119248517,5.17627842801167,0.398175263693205,Relaksasi
22-09-2026 08:55:40,12.0340668,1380.44,1.79985688952654,5.17612652537132,0.398163578874717,Relaksasi
22-09-2026 08:55:40,12.0343773,1378.02,-1.11402437698332,5.17313773992249,0.39793367230173,Relaksasi
22-09-2026 08:55:40,12.0346348,1371.58,-7.1748286387056,5.19794006312099,0.399841543316999,Relaksasi
22-09-2026 08:55:40,12.0569324,1378.02,1.07952182026829,5.19293030427763,0.399456177252125,Relaksasi
22-09-2026 08:55:40,12.0573618,1379.63,3.03980216760556,5.19512917845378,0.399625321419522,Relaksasi
22-09-2026 08:55:40,12.0576426,1370.77,-5.77281637005321,5.21026191727707,0.400789378252082,Relaksasi
22-09-2026 08:55:40,12.0578985,1378.83,4.07574110279911,5.20800313875928,0.400615626058406,Relaksasi
22-09-2026 08:55:40,12.0581508,1379.63,4.68269364481936,5.20037624233411,0.400028941718009,Relaksasi
22-09-2026 08:55:40,12.0584,1368.35,-6.99728522795739,5.22239441411897,0.401722647239921,Relaksasi
22-09-2026 08:55:40,12.0586516,1371.58,-1.99805781023383,5.22319119821452,0.401783938324194,Relaksasi
22-09-2026 08:55:40,12.0589068,1372.38,-0.602913956830128,5.21796992882483,0.401382302217295,Relaksasi
22-09-2026 08:55:40,12.0591599,1374.8,1.86437058404877,5.21148387766227,0.40088337520479,Relaksasi
22-09-2026 08:55:40,12.0657298,1371.58,-2.06506080379342,5.20931107842013,0.400716236801549,Relaksasi
22-09-2026 08:55:40,12.0977385,1374.8,0.974442294899753,5.20619912957978,0.400476856121521,Relaksasi
22-09-2026 08:55:40,12.0980697,1379.63,4.84580836507182,5.19750997913704,0.399808459933618,Relaksasi
22-09-2026 08:55:40,12.0983386,1372.38,-4.20599682187911,5.20557025800641,0.400428481385108,Relaksasi
22-09-2026 08:55:40,12.1224493,1370.77,-5.82728480554984,5.21756540754562,0.401351185195817,Relaksasi
22-09-2026 08:55:40,12.1228463,1377.22,0.991593675361154,5.21241140481621,0.400954723447401,Relaksasi
22-09-2026 08:55:40,12.14076,1377.22,0.0994577454981034,5.09511669702177,0.391932053617059,Relaksasi
22-09-2026 08:55:40,12.141082,1364.32,-13.401082865171,5.13875608017716,0.395288929244397,Relaksasi
22-09-2026 08:55:40,12.1742171,1377.22,1.64720654012182,5.12807360146317,0.394467200112552,Relaksasi
22-09-2026 08:55:40,12.1745855,1372.38,-3.93342102925313,5.13159205768874,0.394737850591442,Relaksasi
22-09-2026 08:55:40,12.1748633,1381.25,5.30020564342986,5.03761283672257,0.38750867974789,Relaksasi
22-09-2026 08:55:40,12.1751347,1379.63,2.29583284451334,5.03427281680437,0.387251755138798,Relaksasi
22-09-2026 08:55:40,12.1753978,1390.92,12.914827362415,5.11501367909793,0.393462590699841,Relaksasi
22-09-2026 08:55:40,12.17566,1378.02,-2.46781172945182,5.11584012092111,0.393526163147778,Relaksasi
22-09-2026 08:55:40,12.1759504,1377.22,-2.3755056315828,5.0916441988509,0.391664938373146,Relaksasi
22-09-2026 08:55:40,12.1762103,1380.44,2.08414142747123,5.09147988885555,0.391652299142735,Relaksasi
22-09-2026 08:55:40,12.1764641,1370.77,-6.95095296414179,5.11299033733855,0.393306949026042,Relaksasi
22-09-2026 08:55:40,12.176717,1378.83,3.64297222949916,4.9825174440452,0.383270572618862,Relaksasi
22-09-2026 08:55:40,12.1769692,1372.38,-2.35387349657181,4.98070661873754,0.383131278364427,Relaksasi
22-09-2026 08:55:40,12.1772192,1379.63,6.3776655877923,4.66299306507056,0.358691774236197,Relaksasi
22-09-2026 08:55:40,12.1775285,1381.25,7.56232799787671,4.67913472635806,0.359933440489081,Relaksasi
22-09-2026 08:55:40,12.1912825,1369.16,-5.40361614475698,4.69404655259614,0.361080504045857,Relaksasi
22-09-2026 08:55:40,12.1915862,1370.77,-2.33306833309625,4.69458205908538,0.361121696852722,Relaksasi
22-09-2026 08:55:40,12.2158179,1373.99,1.49342054874331,4.69103309117407,0.360848699321082,Relaksasi
22-09-2026 08:55:40,12.2857694,1368.35,-4.59795420955487,4.68292356457739,0.360224889582876,Relaksasi
22-09-2026 08:55:40,12.286098,1371.58,-0.947327682770889,4.65964512273964,0.358434240210742,Relaksasi
22-09-2026 08:55:40,12.2863629,1374.8,1.67237464052797,4.6356089387319,0.356585302979377,Relaksasi
22-09-2026 08:55:40,12.2866828,1379.63,5.13523612648075,4.64912603291518,0.357625079455014,Relaksasi
22-09-2026 08:55:40,12.2869402,1375.6,-1.05585013656574,4.62287558235885,0.355605814027604,Relaksasi
22-09-2026 08:55:40,12.2871949,1369.96,-7.60378369899628,4.6531772092898,0.357936708406908,Relaksasi
22-09-2026 08:55:40,12.2874447,1369.16,-7.90050511119084,4.65687516254912,0.358221166349932,Relaksasi
22-09-2026 08:55:40,12.2876991,1371.58,-4.80294639821545,4.65300540129005,0.357923492406927,Relaksasi
22-09-2026 08:55:40,12.2879577,1365.93,-10.3129994757582,4.70757917504615,0.36212147500355,Relaksasi
22-09-2026 08:55:40,12.2882338,1377.22,2.20224720871397,4.69642264796558,0.361263280612737,Relaksasi
22-09-2026 08:55:40,12.299296,1374.8,-1.45459349426541,4.6869118726565,0.360531682512038,Relaksasi
22-09-2026 08:55:40,12.2998328,1378.83,2.07101830686136,4.68881054028338,0.360677733867952,Relaksasi
22-09-2026 08:55:40,12.3002072,1370.77,-7.07695530576459,4.71532021959736,0.362716939969028,Relaksasi
22-09-2026 08:55:40,12.3494156,1375.6,-1.40210166933084,4.69696356487248,0.361304889605575,Relaksasi
22-09-2026 08:55:40,12.3497296,1373.99,-3.13465723660189,4.70155994320825,0.361658457169865,Relaksasi
22-09-2026 08:55:40,12.3499971,1370.77,-6.02485157141697,4.70326425849165,0.361789558345511,Relaksasi
22-09-2026 08:55:40,12.350261,1374.8,-1.0244062768599,4.65669572788366,0.358207363683359,Relaksasi
22-09-2026 08:55:40,12.3505194,1378.02,2.21140656018013,4.64707744688672,0.357467495914363,Relaksasi
22-09-2026 08:55:40,12.3507763,1367.55,-8.86436450183083,4.6460905680612,0.357391582158554,Relaksasi
22-09-2026 08:55:40,12.3510341,1374.8,-0.0608810833465245,4.64372850063915,0.35720988466455,Relaksasi
22-09-2026 08:55:40,12.3607778,1379.63,4.55087247884525,4.64777458485037,0.357521121911567,Relaksasi
22-09-2026 08:55:40,12.3610561,1379.63,3.37771386082726,4.65194248198771,0.35784172938367,Relaksasi
22-09-2026 08:55:40,12.3613153,1379.63,2.46386120848719,4.6534657085177,0.357958900655208,Relaksasi
22-09-2026 08:55:40,12.3615865,1372.38,-5.40030624681319,4.65139154420311,0.357799349554085,Relaksasi
22-09-2026 08:55:40,12.3618476,1379.63,2.91755202138255,4.64840348535061,0.357569498873124,Relaksasi
22-09-2026 08:55:40,12.3621008,1377.22,0.0765641275527793,4.64593305430924,0.357379465716095,Relaksasi
22-09-2026 08:55:40,12.3623544,1381.25,4.3396992504006,4.64718522398485,0.357475786460373,Relaksasi
22-09-2026 08:55:40,12.3626066,1383.66,6.27345231223991,4.65602731623965,0.35815594740305,Relaksasi
22-09-2026 08:55:40,12.362859,1382.86,4.77661566485254,4.60313660440191,0.354087431107839,Relaksasi
22-09-2026 08:55:40,12.3633209,1378.02,-0.260471134353416,4.60155556375492,0.353965812596532,Relaksasi
22-09-2026 08:55:40,12.3636427,1378.83,1.54519602541463,4.60179949425813,0.353984576481394,Relaksasi
22-09-2026 08:55:40,12.3641308,1379.63,3.13564950977728,4.58801204052497,0.352924003117306,Relaksasi
22-09-2026 08:55:40,12.3644485,1369.96,-5.98593124540618,4.60749504810228,0.354422696007868,Relaksasi
22-09-2026 08:55:40,12.3647042,1370.77,-2.88601541162484,4.60999369834718,0.35461489987286,Relaksasi
22-09-2026 08:55:40,12.3649547,1379.63,7.45850472030745,4.63361919122154,0.35643224547858,Relaksasi
22-09-2026 08:55:40,12.3652004,1379.63,6.61365332915124,4.63332648328651,0.356409729483577,Relaksasi
22-09-2026 08:55:40,12.3916929,1364.32,-9.66171053526222,4.68054805112387,0.36004215777876,Relaksasi
22-09-2026 08:55:40,12.4056871,1378.83,6.79214607554707,4.69633696296172,0.361256689458594,Relaksasi
22-09-2026 08:55:40,12.4062708,1374.8,1.20291628904977,4.68871772838621,0.360670594491247,Relaksasi
22-09-2026 08:55:40,12.4181475,1382.05,7.7325958184985,4.71746390427933,0.362881838790717,Relaksasi
22-09-2026 08:55:40,12.4362235,1378.02,1.58772213772398,4.71871063004021,0.362977740772324,Relaksasi
22-09-2026 08:55:40,12.4366212,1378.02,0.694777359569226,4.71891224346808,0.362993249497545,Relaksasi
22-09-2026 08:55:40,12.4368899,1373.99,-3.91650866892381,4.66071815698019,0.358516781306169,Relaksasi
22-09-2026 08:55:40,12.4371538,1378.83,1.41822359610198,4.65911506537692,0.358393466567455,Relaksasi
22-09-2026 08:55:40,12.437409,1372.38,-5.4003244085384,4.67421747484169,0.359555190372438,Relaksasi
22-09-2026 08:55:40,12.4376704,1379.63,2.96448739632559,4.63761047824364,0.356739267557203,Relaksasi
22-09-2026 08:55:40,12.4379242,1375.6,-1.46307241191812,4.63666332293799,0.356666409456768,Relaksasi
22-09-2026 08:55:40,12.4381759,1377.22,0.717398255031432,4.62630673251709,0.355869748655161,Relaksasi
22-09-2026 08:55:40,12.4652728,1370.77,-5.52494990758087,4.6415590016487,0.357043000126823,Relaksasi
22-09-2026 08:55:40,12.475225,1371.58,-3.2787887022663,4.6413761079671,0.357028931382085,Relaksasi
22-09-2026 08:55:40,12.4755197,1371.58,-2.36799099521358,4.64292134507634,0.357147795775103,Relaksasi
22-09-2026 08:55:40,12.4758037,1365.93,-7.46818540174379,4.67066269856767,0.359281746043667,Relaksasi
22-09-2026 08:55:40,12.4913882,1382.05,9.9299754652136,4.72272377508752,0.363286444237502,Relaksasi
22-09-2026 08:55:40,12.491801,1378.83,4.31301252447573,4.66689086451894,0.358991604962995,Relaksasi
22-09-2026 08:55:40,12.4920962,1375.6,-0.380382384657882,4.66496959889085,0.358843815299296,Relaksasi
22-09-2026 08:55:40,12.4924643,1386.89,10.3485518312262,4.7213147646644,0.363178058820339,Relaksasi
22-09-2026 08:55:40,12.5342024,1372.38,-6.69777339226696,4.72608993758232,0.363545379814025,Relaksasi
22-09-2026 08:55:40,12.5347331,1378.02,-0.040183633089045,4.71495586396498,0.362688912612691,Relaksasi
22-09-2026 08:55:40,12.5349972,1369.96,-8.13343828395372,4.74909605890438,0.365315081454183,Relaksasi
22-09-2026 08:55:40,12.5352583,1374.8,-1.56991157894389,4.71977669500169,0.363059745769361,Relaksasi
22-09-2026 08:55:40,12.5356576,1376.41,0.565510327338078,4.71961902739128,0.363047617491637,Relaksasi
22-09-2026 08:55:40,12.5359377,1379.63,3.90228416802542,4.72630701411324,0.363562078008711,Relaksasi
22-09-2026 08:55:40,12.5361905,1378.02,1.76001736725622,4.72773405115122,0.363671850088556,Relaksasi
22-09-2026 08:55:40,12.536499,1379.63,3.28228229784447,4.69082899738441,0.360832999798801,Relaksasi
22-09-2026 08:55:40,12.536757,1373.99,-2.68891560882894,4.63962698068675,0.35689438312975,Relaksasi
22-09-2026 08:55:40,12.5430576,1379.63,3.83386327859081,4.63972364294974,0.356901818688442,Relaksasi
22-09-2026 08:55:40,12.5523286,1374.8,-1.3610274633941,4.59450591683732,0.353423532064409,Relaksasi
22-09-2026 08:55:40,12.5528044,1382.05,6.53958514031648,4.61363564088939,0.354895049299184,Relaksasi
22-09-2026 08:55:40,12.5761562,1380.44,4.04219953411309,4.61688252634351,0.355144809718732,Relaksasi
22-09-2026 08:55:40,12.5764657,1381.25,4.48982656951106,4.62598544082421,0.355845033909555,Relaksasi
22-09-2026 08:55:40,12.5767353,1379.63,2.50829085013118,4.61904810194004,0.355311392456926,Relaksasi
22-09-2026 08:55:40,12.5769976,1371.58,-5.40505836048344,4.62723352753123,0.355941040579325,Relaksasi
22-09-2026 08:55:40,12.577276,1375.6,0.365119286113227,4.60476599094365,0.354212768534127,Relaksasi
22-09-2026 08:55:40,12.5775302,1379.63,4.98641484745559,4.61511043537507,0.355008495028852,Relaksasi
22-09-2026 08:55:40,12.5777829,1378.02,2.96825929558577,4.61931766689711,0.355332128222855,Relaksasi
22-09-2026 08:55:40,12.5780388,1369.96,-5.19747210593612,4.6156367421174,0.355048980162877,Relaksasi
22-09-2026 08:55:40,12.5782968,1371.58,-2.20066477376406,4.61721385959077,0.355170296891598,Relaksasi
22-09-2026 08:55:40,12.5785521,1369.96,-3.21760579690925,4.61906291543512,0.355312531956548,Relaksasi
22-09-2026 08:55:40,12.5788074,1379.63,6.98550028067727,4.62647461639467,0.35588266279959,Relaksasi
22-09-2026 08:55:40,12.579079,1380.44,6.07250442304732,4.64565140242401,0.357357800186463,Relaksasi
22-09-2026 08:55:40,12.5793411,1357.88,-18.1856822437447,4.80653505464891,0.369733465742223,Relaksasi
22-09-2026 08:55:40,12.6036448,1379.63,6.49788271085065,4.82175601748199,0.370904309037076,Relaksasi
22-09-2026 08:55:40,12.6345394,1379.63,4.47189298394565,4.83199053162558,0.371691579355814,Relaksasi
22-09-2026 08:55:40,12.672673,1379.63,2.75991005362736,4.8132936447025,0.370253357284808,Relaksasi
22-09-2026 08:55:40,12.6729815,1373.99,-4.1697848065772,4.78845447038334,0.368342651567949,Relaksasi
22-09-2026 08:55:40,12.6834683,1372.38,-5.52811774413199,4.80436387634569,0.369566452026591,Relaksasi
22-09-2026 08:55:40,12.693949,1372.38,-4.81799542970387,4.81542089849255,0.370416992191735,Relaksasi
22-09-2026 08:55:40,12.7683367,1378.02,1.52791386782169,4.80598960100194,0.36969150776938,Relaksasi
22-09-2026 08:55:40,12.768668,1379.63,2.6983703899394,4.80968119746934,0.369975476728411,Relaksasi
22-09-2026 08:55:40,12.7689331,1376.41,-1.08051157920672,4.80954888862642,0.369965299125109,Relaksasi
22-09-2026 08:55:40,12.7691904,1379.63,2.4571480248989,4.80506477933051,0.369620367640809,Relaksasi
22-09-2026 08:55:40,12.7694402,1378.83,1.42936404902003,4.7983376176036,0.369102893661816,Relaksasi
22-09-2026 08:55:40,12.7696935,1379.63,2.34608503008126,4.80092100631568,0.369301615870437,Relaksasi
22-09-2026 08:55:40,12.7699459,1379.63,2.42623585726335,4.80398455219309,0.369537273245622,Relaksasi
22-09-2026 08:55:40,12.7835805,1370.77,-6.23909779773584,4.81789920370126,0.370607631053943,Relaksasi
22-09-2026 08:55:40,12.7960413,1374.8,-0.255498168228609,4.81759556220557,0.370584274015813,Relaksasi
22-09-2026 08:55:40,12.8143605,1376.41,2.09124112436126,4.81580361398426,0.370446431844943,Relaksasi
22-09-2026 08:55:40,12.8737806,1372.38,-1.80048950473599,4.76534584874145,0.366565065287804,Relaksasi
22-09-2026 08:55:40,12.8741227,1373.19,-0.278093204437897,4.75374897106834,0.365672997774487,Relaksasi
22-09-2026 08:55:40,12.8743919,1372.38,-0.900310092059244,4.74756400550365,0.365197231192589,Relaksasi
22-09-2026 08:55:40,12.8746837,1379.63,6.40208629515918,4.76871463387641,0.366824202605877,Relaksasi
22-09-2026 08:55:40,12.8750204,1372.38,-2.44325250860551,4.7718248852169,0.367063452708992,Relaksasi
22-09-2026 08:55:40,12.8752832,1366.74,-8.10022489065863,4.78104108794169,0.36777239138013,Relaksasi
22-09-2026 08:55:40,12.8755413,1374.8,0.91823624058423,4.77828293430382,0.367560225715678,Relaksasi
22-09-2026 08:55:40,12.8758366,1375.6,0.768072033850896,4.77368773428402,0.367206748791079,Relaksasi
22-09-2026 08:55:40,12.8760989,1379.63,3.77436172628171,4.77921970275315,0.367632284827165,Relaksasi
22-09-2026 08:55:40,12.8763591,1375.6,-1.85304826426075,4.75424579503467,0.365711215002667,Relaksasi
22-09-2026 08:55:40,12.8766144,1371.58,-6.24620028825592,4.74150495612994,0.364731150471534,Relaksasi
22-09-2026 08:55:40,12.8768691,1390.11,12.9378516480037,4.81995627433692,0.370765867256686,Relaksasi
22-09-2026 08:55:40,12.8771224,1370.77,-9.26863802119452,4.859669995247,0.373820768865154,Relaksasi
22-09-2026 08:55:40,12.8774339,1378.83,0.55381789365387,4.85457711966913,0.373429009205318,Relaksasi
22-09-2026 08:55:40,12.8776941,1371.58,-6.56487725006406,4.87634717191207,0.37510362860862,Relaksasi
22-09-2026 08:55:40,12.9142233,1367.55,-8.88725358192444,4.91662516077325,0.378201935444096,Relaksasi
22-09-2026 08:55:40,12.9145619,1370.77,-3.46127505284381,4.90235777087491,0.377104443913455,Relaksasi
22-09-2026 08:55:40,12.9148287,1372.38,-0.836212161730089,4.8994014576909,0.376877035206992,Relaksasi
22-09-2026 08:55:40,12.939897,1357.88,-15.0798070498551,5.01303817566815,0.385618321205242,Relaksasi
22-09-2026 08:55:40,12.9404097,1379.63,9.35089626002713,5.04815961484696,0.388319970372843,Relaksasi
22-09-2026 08:55:40,12.9408717,1379.63,6.84021290553585,5.05808513796761,0.389083472151355,Relaksasi
22-09-2026 08:55:40,12.9413286,1366.74,-8.38669995182571,5.08584559898972,0.391218892229979,Relaksasi
22-09-2026 08:55:40,12.9419091,1369.96,-4.6817878974924,5.09414564237288,0.391857357105606,Relaksasi
22-09-2026 08:55:40,12.9422937,1373.19,-1.79034709513696,5.07399290186692,0.390307146297456,Relaksasi
22-09-2026 08:55:40,12.9425753,1370.77,-5.18528844460243,5.07962476584439,0.390740366603414,Relaksasi
22-09-2026 08:55:40,12.9428416,1377.22,0.943952077230209,5.073449945608,0.390265380431385,Relaksasi
22-09-2026 08:55:40,12.9431905,1377.22,-0.502117041097764,5.07330931823957,0.390254562941506,Relaksasi
22-09-2026 08:55:40,12.9434588,1378.83,0.117669911819529,5.07109777377751,0.390084444136732,Relaksasi
22-09-2026 08:55:40,12.9526689,1375.6,-3.94240172828896,5.0561595254125,0.388935348108654,Relaksasi
22-09-2026 08:55:40,12.9533224,1373.99,-5.25104772679583,5.06849400323869,0.389884154095284,Relaksasi
22-09-2026 08:55:40,12.953692,1373.19,-5.17026106376409,5.07855491938477,0.390658070721905,Relaksasi
22-09-2026 08:55:40,12.9763874,1373.99,-3.26026855075038,5.08125284382189,0.390865603370915,Relaksasi
22-09-2026 08:55:40,12.9767504,1373.99,-2.37767668784024,5.07476028334613,0.39036617564201,Relaksasi
22-09-2026 08:55:40,12.977031,1379.63,4.0261399130283,5.06722856280095,0.38978681252315,Relaksasi
22-09-2026 08:55:40,12.9919233,1382.05,5.96602771360859,5.08366865108802,0.391051434699078,Relaksasi
22-09-2026 08:55:40,12.9924138,1373.99,-2.92327999144097,5.07359692404261,0.390276686464816,Relaksasi
22-09-2026 08:55:40,12.9927033,1374.8,-1.15117930006563,5.07239532501466,0.390184255770358,Relaksasi
22-09-2026 08:55:40,12.9929711,1373.19,-2.12788937725878,5.0604080573274,0.389262158255954,Relaksasi
22-09-2026 08:55:40,12.9932332,1383.66,9.10707937499514,5.09820648991437,0.392169729993413,Relaksasi
22-09-2026 08:55:40,12.9935092,1379.63,3.57625352226748,5.10008320187355,0.392314092451811,Relaksasi
22-09-2026 08:55:40,12.9937606,1372.38,-4.10678598763389,5.10037282998955,0.392336371537658,Relaksasi
22-09-2026 08:55:40,13.0199993,1375.6,0.200893815834387,5.09901028650569,0.392231560500438,Relaksasi
22-09-2026 08:55:40,13.0203834,1373.99,-1.18632364112305,5.09969280453343,0.392284061887187,Relaksasi
22-09-2026 08:55:40,13.0206851,1378.83,4.0720777370136,5.06121311469929,0.389324085746099,Relaksasi
22-09-2026 08:55:40,13.0210357,1375.6,0.151363212162358,5.04553980555839,0.388118446581415,Relaksasi
22-09-2026 08:55:40,13.0213597,1383.66,8.22400521583141,5.07028142313945,0.390021647933804,Relaksasi
22-09-2026 08:55:40,13.0216667,1371.58,-5.42167725536413,5.0677514341087,0.389827033392977,Relaksasi
22-09-2026 08:55:40,13.0220089,1378.02,2.15694073501026,5.05572291380954,0.388901762600734,Relaksasi
22-09-2026 08:55:40,13.0223233,1373.19,-2.97581514954008,5.03947560826209,0.387651969866314,Relaksasi
22-09-2026 08:55:40,13.0226182,1376.41,0.94593655067077,5.03408471787371,0.387237285990285,Relaksasi
22-09-2026 08:55:40,13.0229173,1375.6,0.0523183698144387,5.03071387253148,0.386977990194729,Relaksasi
22-09-2026 08:55:40,13.0232076,1379.63,4.13662453987253,5.02132282008086,0.386255601544682,Relaksasi
22-09-2026 08:55:40,13.0235221,1379.63,3.37687054066752,5.02660380724721,0.386661831326709,Relaksasi
22-09-2026 08:55:40,13.024551,1379.63,2.79795835781525,5.0226708314368,0.386359294725908,Relaksasi
22-09-2026 08:55:40,13.0249121,1379.63,2.42231833021556,5.02541593735627,0.386570456719713,Relaksasi
22-09-2026 08:55:40,13.0251878,1374.8,-2.5818216145282,5.01544374447574,0.385803364959672,Relaksasi
22-09-2026 08:55:40,13.0254441,1381.25,4.7930569300165,5.0266120980021,0.386662469077085,Relaksasi
22-09-2026 08:55:40,13.0257181,1385.27,8.3928485590654,5.04746816078428,0.388266781598791,Relaksasi
22-09-2026 08:55:40,13.0259818,1367.55,-10.3348079380277,5.07995929387715,0.390766099529012,Relaksasi
22-09-2026 08:55:40,13.0262413,1378.83,3.69489623624712,5.06200250299603,0.389384807922771,Relaksasi
22-09-2026 08:55:40,13.0265148,1375.6,0.475937829221176,5.04461447775119,0.388047267519322,Relaksasi
22-09-2026 08:55:40,13.0502383,1380.44,5.86516207969225,5.05090259961957,0.388530969201505,Relaksasi
22-09-2026 08:55:40,13.0907848,1394.95,19.7721136257814,5.24075459588911,0.403134968914547,Relaksasi
22-09-2026 08:55:40,13.0911183,1379.63,1.13451628149088,5.21898969631609,0.401460745870469,Relaksasi
22-09-2026 08:55:40,13.091383,1373.99,-4.02547793582891,5.21042290216998,0.400801761705383,Relaksasi
22-09-2026 08:55:40,13.091737,1365.93,-10.4145096071131,5.26220483847691,0.404784987575147,Relaksasi
22-09-2026 08:55:40,13.0920311,1356.26,-17.1512776152302,5.39874357717634,0.415287967475103,Relaksasi
22-09-2026 08:55:40,13.092345,1378.02,8.58458626045919,5.43127152647566,0.417790117421205,Relaksasi
22-09-2026 08:55:40,13.0926889,1379.63,8.64865863249602,5.46502530858274,0.420386562198673,Relaksasi
22-09-2026 08:55:40,13.0929595,1378.02,4.99989251520904,5.45289880882583,0.419453754525064,Relaksasi
22-09-2026 08:55:40,13.0932102,1375.6,0.954066850220952,5.4527818405164,0.4194447569628,Relaksasi
22-09-2026 08:55:40,13.0934694,1379.63,4.00662499162619,5.45590441936918,0.419684955336091,Relaksasi
22-09-2026 08:55:40,13.0937456,1374.8,-2.4060921799171,5.44327221319784,0.418713247169064,Relaksasi
22-09-2026 08:55:40,13.0940403,1378.02,0.580600057279022,5.43579244833897,0.41813788064146,Relaksasi
22-09-2026 08:55:40,13.0943576,1378.02,-0.0669793928755666,5.42570031182687,0.417361562448221,Relaksasi
22-09-2026 08:55:40,13.0946222,1372.38,-6.01479248560331,5.41980650154372,0.41690819242644,Relaksasi
22-09-2026 08:55:40,13.0950092,1379.63,2.30559285365117,5.42041697022881,0.416955151556062,Relaksasi
22-09-2026 08:55:40,13.1016872,1372.38,-5.31331597654662,5.43325493956255,0.417942687658658,Relaksasi
22-09-2026 08:55:40,13.1020234,1369.16,-7.27533181709597,5.45596298696681,0.419689460535908,Relaksasi
22-09-2026 08:55:40,13.1023862,1370.77,-3.97799001010682,5.46125734214544,0.420096718626573,Relaksasi
22-09-2026 08:55:40,13.1027366,1379.63,5.83356597984911,5.47637987437078,0.421259990336214,Relaksasi
22-09-2026 08:55:40,13.1030413,1376.41,1.49641731407358,5.46667390272619,0.420513377132784,Relaksasi
22-09-2026 08:55:40,13.1033462,1373.99,-1.31091137415777,5.45936479414719,0.419951138011323,Relaksasi
22-09-2026 08:55:40,13.132153,1381.25,6.03942174780449,5.46051744707295,0.420039803620997,Relaksasi
22-09-2026 08:55:40,13.1324894,1382.05,5.4670653513143,5.47373533498659,0.421056564229738,Relaksasi
22-09-2026 08:55:40,13.1327596,1364.32,-13.4582128084927,5.55583895719255,0.42737222747635,Relaksasi
22-09-2026 08:55:40,13.1330358,1367.55,-7.63835646935848,5.50101116670631,0.423154705131254,Relaksasi
22-09-2026 08:55:40,13.1333702,1374.8,1.03031587624185,5.50026046322559,0.423096958709661,Relaksasi
22-09-2026 08:55:40,13.1336514,1379.63,5.42582793470302,5.50660550632064,0.423585038947741,Relaksasi
22-09-2026 08:55:40,13.1339069,1378.02,2.3816820815313,5.49641750148358,0.422801346267967,Relaksasi
22-09-2026 08:55:40,13.1341625,1371.58,-4.93755925373281,5.50510204858056,0.42346938835235,Relaksasi
22-09-2026 08:55:40,13.134418,1375.6,-0.342015082013777,5.42888290607401,0.417606377390308,Relaksasi
22-09-2026 08:55:40,13.134682,1371.58,-4.6528039766788,5.4360428676041,0.418157143661854,Relaksasi
22-09-2026 08:55:40,13.1609113,1379.63,3.96165267168283,5.44066359765574,0.418512584435057,Relaksasi
22-09-2026 08:55:40,13.1616659,1379.63,2.86848499758879,5.44244827134946,0.418649867026882,Relaksasi
22-09-2026 08:55:40,13.1621633,1367.55,-10.0106205193147,5.46623518215918,0.42047962939686,Relaksasi
22-09-2026 08:55:40,13.2103624,1375.6,-0.145392276234553,5.460171840512,0.420013218500923,Relaksasi
22-09-2026 08:55:40,13.210695,1374.8,-1.01702543031796,5.45810815478774,0.419854473445211,Relaksasi
22-09-2026 08:55:40,13.2109693,1376.41,0.681679815041474,5.43965945390547,0.418435342608113,Relaksasi
22-09-2026 08:55:40,13.2112318,1371.58,-4.39668286546679,5.42223247858511,0.417094806045008,Relaksasi
22-09-2026 08:55:40,13.2114933,1371.58,-3.66908602172985,5.41497189981611,0.416536299985855,Relaksasi
22-09-2026 08:55:40,13.2117482,1369.16,-5.56003795546889,5.42671859846214,0.417439892189395,Relaksasi
22-09-2026 08:55:40,13.2120191,1381.25,7.30659825452215,5.45023440894819,0.419248800688322,Relaksasi
22-09-2026 08:55:40,13.2122837,1379.63,3.82813953539448,5.44725825158209,0.419019865506315,Relaksasi
22-09-2026 08:55:40,13.2125386,1378.83,1.82280782141544,5.44837117425984,0.419105474943065,Relaksasi
22-09-2026 08:55:40,13.2127931,1375.6,-2.12088101906204,5.4491517642014,0.419165520323185,Relaksasi
22-09-2026 08:55:40,13.2130465,1372.38,-5.12394498143013,5.4490986190185,0.419161432232192,Relaksasi
22-09-2026 08:55:40,13.2132996,1375.6,-0.955703446173535,5.44900619449272,0.419154322653286,Relaksasi
22-09-2026 08:55:40,13.2199251,1378.83,2.49759429088064,5.42528992415369,0.417329994165669,Relaksasi
22-09-2026 08:55:40,13.2202565,1373.99,-2.73080007998523,5.39990436965768,0.415377259204437,Relaksasi
22-09-2026 08:55:40,13.220522,1379.63,3.59775846562676,5.39521501525309,0.415016539634853,Relaksasi
22-09-2026 08:55:40,13.2207802,1370.77,-5.76128927937408,5.36120485904806,0.412400373772928,Relaksasi
22-09-2026 08:55:40,13.2210393,1374.8,-0.386470252130255,5.35901249047976,0.412231730036904,Relaksasi
22-09-2026 08:55:40,13.2213032,1369.16,-5.76999511243712,5.37353699902941,0.413348999925339,Relaksasi
22-09-2026 08:55:40,13.2215601,1375.6,1.85825346104703,5.37314803680568,0.413319079754283,Relaksasi
22-09-2026 08:55:40,13.2218178,1375.6,1.38811259273084,5.3506950601095,0.411591927700731,Relaksasi
22-09-2026 08:55:40,13.2220935,1382.05,7.29439628270874,5.37458363656856,0.413429510505274,Relaksasi
22-09-2026 08:55:40,13.2267483,1378.02,1.48755858863161,5.37104115039986,0.41315701156922,Relaksasi
22-09-2026 08:55:40,13.2270873,1386.89,9.74824883065187,5.39830812693404,0.415254471302619,Relaksasi
22-09-2026 08:55:40,13.2273457,1371.58,-7.61846532543757,5.42463719172041,0.417279783978493,Relaksasi
22-09-2026 08:55:40,13.2443912,1375.6,-2.02838188912741,5.42427955883221,0.417252273756324,Relaksasi
22-09-2026 08:55:40,13.2446956,1375.6,-1.34816431198266,5.38878573310527,0.414521979469636,Relaksasi
22-09-2026 08:55:40,13.2589969,1380.44,4.14833375124188,5.39676166875523,0.415135512981172,Relaksasi
22-09-2026 08:55:40,13.2594242,1372.38,-4.25940502428259,5.3955719774234,0.415043998263338,Relaksasi
22-09-2026 08:55:40,13.2765182,1374.8,-0.51375996240266,5.39040554647082,0.414646580497755,Relaksasi
22-09-2026 08:55:40,13.2770584,1373.19,-1.56442883420253,5.38872490326203,0.414517300250925,Relaksasi
22-09-2026 08:55:40,13.2775253,1375.6,1.49535878955588,5.37621800476757,0.413555231135967,Relaksasi
22-09-2026 08:55:40,13.2902136,1382.05,7.84036389167003,5.40078846239775,0.415445266338288,Relaksasi
22-09-2026 08:55:40,13.2905532,1375.6,-0.0846679368570538,5.40078906721399,0.415445312862615,Relaksasi
22-09-2026 08:55:40,13.2908221,1370.77,-4.90236870162276,5.40319569283325,0.41563043791025,Relaksasi
22-09-2026 08:55:40,13.2967494,1373.99,-0.773317243707819,5.38523284299566,0.414248680230435,Relaksasi
22-09-2026 08:55:40,13.3207753,1370.77,-3.97725325788597,5.38198338947802,0.41399872226754,Relaksasi
22-09-2026 08:55:40,13.3210925,1374.8,0.568195422805424,5.38210183931433,0.41400783379341,Relaksasi
22-09-2026 08:55:40,13.3219932,1371.58,-3.16077046998704,5.38563221959926,0.414279401507635,Relaksasi
22-09-2026 08:55:40,13.322334,1380.44,5.7885969031051,5.39661117610654,0.41512393662358,Relaksasi
22-09-2026 08:55:40,13.3226306,1370.77,-5.61322471006612,5.39460812107171,0.414969855467054,Relaksasi
22-09-2026 08:55:40,13.3229246,1370.77,-5.12757739423677,5.40292620760469,0.415609708277284,Relaksasi
22-09-2026 08:55:40,13.3232247,1375.6,0.0992785922451453,5.37712882705089,0.41362529438853,Relaksasi
22-09-2026 08:55:40,13.3235265,1381.25,5.11656212123633,5.36895785144688,0.412996757803606,Relaksasi
22-09-2026 08:55:40,13.3238156,1379.63,1.93496648787596,5.32707101837615,0.409774693721242,Relaksasi
22-09-2026 08:55:40,13.3248481,1377.22,-1.25418912459327,5.30611763392657,0.408162894917429,Relaksasi
22-09-2026 08:55:40,13.3251442,1379.63,1.237474738879,5.30615736910629,0.408165951469715,Relaksasi
22-09-2026 08:55:40,13.3254358,1373.99,-4.54791794677347,5.28769880226859,0.406746061712968,Relaksasi
22-09-2026 08:55:40,13.3257291,1374.8,-2.52227191580544,5.28951449508042,0.406885730390801,Relaksasi
22-09-2026 08:55:40,13.3260089,1375.6,-0.749108453397922,5.28955157202799,0.406888582463691,Relaksasi
22-09-2026 08:55:40,13.3262831,1375.6,-0.0660905668717813,5.28229897603214,0.40633069046401,Relaksasi
22-09-2026 08:55:40,13.3265534,1373.99,-1.14309347031352,5.28196544808434,0.406305034468026,Relaksasi
22-09-2026 08:55:40,13.326817,1382.05,7.58234089117374,5.29535654541971,0.407335118878439,Relaksasi
22-09-2026 08:55:40,13.327065,1376.41,0.810768372880583,5.29151648795284,0.407039729842527,Relaksasi
22-09-2026 08:55:40,13.3273211,1366.74,-8.73118266047334,5.32640700577012,0.40972361582847,Relaksasi
22-09-2026 08:55:40,13.3275934,1378.02,4.4523416292997,5.33546202495673,0.410420155765902,Relaksasi
22-09-2026 08:55:40,13.3586007,1387.69,13.2943849890411,5.40353893513623,0.415656841164325,Relaksasi
22-09-2026 08:55:40,13.3592148,1374.8,-2.25099339246015,5.4009087756624,0.4154545212048,Relaksasi
22-09-2026 08:55:40,13.3594985,1372.38,-4.25697165816224,5.40669841351929,0.415899877963023,Relaksasi
22-09-2026 08:55:40,13.3597747,1371.58,-4.18613929233463,5.38898298194122,0.414537152457017,Relaksasi
22-09-2026 08:55:40,13.3600367,1379.63,4.7116515785099,5.35342075863085,0.411801596817758,Relaksasi
22-09-2026 08:55:40,13.4440195,1371.58,-4.27558897113633,5.35327065811255,0.411790050624043,Relaksasi
22-09-2026 08:55:40,13.4443574,1377.22,2.13393769697662,5.35532928359115,0.411948406430089,Relaksasi
22-09-2026 08:55:40,13.4446335,1377.22,1.60816482571788,5.30631888235191,0.408178375565532,Relaksasi
22-09-2026 08:55:40,13.4508715,1377.22,1.15637673700317,5.28577385771687,0.406597989055143,Relaksasi
22-09-2026 08:55:40,13.4512682,1379.63,3.21883595236084,5.29067119803738,0.406974707541337,Relaksasi
22-09-2026 08:55:40,13.4515793,1371.58,-5.51858060687718,5.27377580996015,0.405675062304627,Relaksasi
22-09-2026 08:55:40,13.4518694,1378.02,2.01523882338825,5.27453259725151,0.405733276711655,Relaksasi
22-09-2026 08:55:40,13.4521329,1379.63,3.30009681763027,5.27954053918007,0.406118503013852,Relaksasi
22-09-2026 08:55:40,13.4524077,1378.02,1.1648517189326,5.27296819579269,0.405612938137899,Relaksasi
22-09-2026 08:55:40,13.4526659,1365.93,-10.9488110509393,5.32804726004958,0.409849789234583,Relaksasi
22-09-2026 08:55:40,13.4670135,1371.58,-2.92011620125731,5.32699315872025,0.409768704516942,Relaksasi
22-09-2026 08:55:40,13.4764346,1378.02,4.23934860564772,5.33203199167975,0.410156307052289,Relaksasi
22-09-2026 08:55:40,13.4915657,1373.99,-0.637201968449328,5.32532653964475,0.409640503049596,Relaksasi
22-09-2026 08:55:40,13.4918965,1370.77,-3.89902830167165,5.33159008960276,0.410122314584827,Relaksasi
22-09-2026 08:55:40,13.5506515,1374.8,0.591855487666212,5.31166390871114,0.408589531439318,Relaksasi
22-09-2026 08:55:40,13.5510699,1374.8,0.0363710214306578,5.30396862811165,0.407997586777819,Relaksasi
22-09-2026 08:55:40,13.5847716,1379.63,4.30782033370181,5.30321384398257,0.407939526460198,Relaksasi
22-09-2026 08:55:40,13.5944891,1369.16,-7.58714173163101,5.3273298244377,0.409794601879823,Relaksasi
22-09-2026 08:55:40,13.5947779,1383.66,7.83510164667688,5.34240712301216,0.410954394077858,Relaksasi
22-09-2026 08:55:40,13.5950683,1379.63,1.79074705653012,5.34384516828921,0.411065012945324,Relaksasi
22-09-2026 08:55:40,13.6171571,1364.32,-14.1930956341242,5.42582522164973,0.417371170896133,Relaksasi
22-09-2026 08:55:40,13.6176893,1381.25,5.36141416936239,5.43500233018702,0.418077102322079,Relaksasi
22-09-2026 08:55:40,13.6446646,1371.58,-5.3990477441477,5.43598476178846,0.418152673983728,Relaksasi
22-09-2026 08:55:40,13.6527772,1369.16,-6.7556210179645,5.45471427114709,0.419593405472853,Relaksasi
22-09-2026 08:55:40,13.6533208,1378.02,3.43114653743519,5.45536494446898,0.419643457266844,Relaksasi
22-09-2026 08:55:40,13.6536322,1372.38,-2.94400558513839,5.43694366817525,0.418226436013481,Relaksasi
22-09-2026 08:55:40,13.6941053,1370.77,-4.13100374458695,5.4278269925229,0.417525153270993,Relaksasi
22-09-2026 08:55:40,13.6944569,1375.6,1.25324725529532,5.27404624655705,0.405695865119773,Relaksasi
22-09-2026 08:55:40,13.6947287,1375.6,0.634818414889581,5.25418560619075,0.404168123553135,Relaksasi
22-09-2026 08:55:40,13.6949871,1371.58,-3.97511429637402,5.25218858366195,0.404014506435535,Relaksasi
22-09-2026 08:55:40,13.6952464,1364.32,-10.9794443251454,5.30567058808528,0.408128506775791,Relaksasi
22-09-2026 08:55:40,13.6955002,1378.83,5.06321709852315,5.30955607367897,0.408427390282998,Relaksasi
22-09-2026 08:55:40,13.6957559,1371.58,-3.90947584680312,5.30235846369896,0.407873727976843,Relaksasi
22-09-2026 08:55:40,13.6960102,1383.66,8.11591931644267,5.32243183230296,0.409417833254074,Relaksasi
22-09-2026 08:55:40,13.6962591,1381.25,3.33256994431811,5.32655030181292,0.409734638600994,Relaksasi
22-09-2026 08:55:40,13.6965274,1379.63,0.44746820849635,5.32322583053968,0.409478910041514,Relaksasi
22-09-2026 08:55:40,13.69679,1372.38,-7.19560633813667,5.34694113203316,0.411303164002551,Relaksasi
22-09-2026 08:55:40,13.6970519,1372.38,-5.77254697963015,5.35968311381437,0.412283316447259,Relaksasi
22-09-2026 08:55:40,13.722276,1365.93,-10.8455188200891,5.4133274485263,0.416409803732792,Relaksasi
22-09-2026 08:55:40,13.7226149,1377.22,2.87600289319768,5.41460529063152,0.416508099279347,Relaksasi
22-09-2026 08:55:40,13.7763927,1377.22,2.55015069605711,5.41488999833076,0.416529999871597,Relaksasi
22-09-2026 08:55:40,13.7926794,1381.25,6.19789116850345,5.41465338337155,0.416511798720888,Relaksasi
22-09-2026 08:55:40,13.8485448,1377.22,1.01088914978101,5.41509504532034,0.416545772716949,Relaksasi
22-09-2026 08:55:40,13.8488556,1377.22,0.872097162542582,5.41342688783698,0.416417452910537,Relaksasi
22-09-2026 08:55:40,13.8491192,1376.41,-0.00402944526295457,5.41192959477996,0.416302276521535,Relaksasi
22-09-2026 08:55:40,13.8493989,1378.83,2.56926096578262,5.41494236065859,0.416534027742969,Relaksasi
22-09-2026 08:55:40,13.8591782,1372.38,-4.1789697160224,5.42262546349853,0.417125035653733,Relaksasi
22-09-2026 08:55:40,13.8594589,1372.38,-3.12701366287072,5.40821823200287,0.416016787077144,Relaksasi
22-09-2026 08:55:40,13.8597256,1370.77,-3.92010142403774,5.41256067002837,0.416350820771413,Relaksasi
22-09-2026 08:55:40,13.8600028,1369.16,-4.67747215447316,5.39232218242948,0.414794014033037,Relaksasi
22-09-2026 08:55:40,13.8602589,1377.22,4.18078665136487,5.40002940874164,0.415386877595511,Relaksasi
22-09-2026 08:55:40,13.8605155,1372.38,-1.8223055310819,5.4012935422241,0.415484118632623,Relaksasi
22-09-2026 08:55:40,13.8607713,1374.8,0.412028025460324,5.39477448393689,0.41498265261053,Relaksasi
22-09-2026 08:55:40,13.8610217,1373.99,-1.15362136627837,5.39379986692793,0.414907682071379,Relaksasi
22-09-2026 08:55:40,13.8612737,1377.22,1.5470421080764,5.3767991045498,0.413599931119215,Relaksasi
22-09-2026 08:55:40,13.8615259,1371.58,-5.15533650779228,5.310924218712,0.408532632208615,Relaksasi
22-09-2026 08:55:40,13.8617907,1366.74,-9.69876996134858,5.31476325878,0.408827942983077,Relaksasi
22-09-2026 08:55:40,13.8620479,1379.63,4.40847220899737,5.32375319315881,0.409519476396831,Relaksasi
22-09-2026 08:55:40,13.862298,1374.8,-1.949371416201,5.30526721661766,0.408097478201358,Relaksasi
22-09-2026 08:55:40,13.8625524,1383.66,6.67696487643556,5.28903140077431,0.406848569290332,Relaksasi
22-09-2026 08:55:40,13.8782025,1372.38,-6.36846323874657,5.30252182018479,0.407886293860369,Relaksasi
22-09-2026 08:55:40,14.1481806,1378.83,1.07754842158923,5.3027395705091,0.407903043885316,Relaksasi
22-09-2026 08:55:40,14.1484778,1375.6,-2.38744362737066,5.19716687097,0.399782066997693,Relaksasi
22-09-2026 08:55:40,14.1487096,1379.63,2.27338614229052,5.15744012113946,0.396726163164574,Relaksasi
22-09-2026 08:55:40,14.1489337,1366.74,-10.7266032765897,5.19042831849554,0.399263716807349,Relaksasi
22-09-2026 08:55:40,14.1491607,1379.63,4.68165723260486,5.16705448212506,0.397465729394235,Relaksasi
22-09-2026 08:55:40,14.1493875,1373.99,-1.45916051651454,5.15747051166828,0.39672850089756,Relaksasi
22-09-2026 08:55:40,14.1496168,1378.02,3.19558945062172,5.16086565653546,0.396989665887343,Relaksasi
22-09-2026 08:55:40,14.1498501,1379.63,4.44261082441486,5.1574007211215,0.396723132393962,Relaksasi
22-09-2026 08:55:40,14.2043814,1377.22,1.36463941487327,5.15787147709859,0.396759344392199,Relaksasi
22-09-2026 08:55:40,14.2130512,1374.8,-1.14054006818279,5.15837975772316,0.396798442901782,Relaksasi
22-09-2026 08:55:40,14.2132908,1379.63,4.08710922308576,5.16646250376933,0.397420192597641,Relaksasi
22-09-2026 08:55:40,14.2135089,1364.32,-11.8516794809905,5.22656040609109,0.402043108160853,Relaksasi
22-09-2026 08:55:40,14.2137219,1378.83,5.08963517608603,5.22576196343671,0.401981689495131,Relaksasi
22-09-2026 08:55:40,14.2139337,1368.35,-6.38774021790305,5.23248948652757,0.402499191271352,Relaksasi
22-09-2026 08:55:40,14.2141434,1376.41,2.74580070625741,5.23101295917903,0.402385612244541,Relaksasi
22-09-2026 08:55:40,14.2143532,1376.41,1.86716823569862,5.22997719240165,0.40230593787705,Relaksasi
22-09-2026 08:55:40,14.2145622,1378.02,2.63486764133251,5.22554543157762,0.401965033198279,Relaksasi
22-09-2026 08:55:40,14.2151719,1369.96,-6.46161609987377,5.22849118170766,0.402191629362128,Relaksasi
22-09-2026 08:55:40,14.2154915,1380.44,4.7652921768356,5.23525856623205,0.402712197402465,Relaksasi
22-09-2026 08:55:40,14.2391682,1370.77,-6.31133688039139,5.25361504608879,0.404124234314522,Relaksasi
22-09-2026 08:55:40,14.3002121,1370.77,-5.4937999976055,5.26580864431567,0.405062203408898,Relaksasi
22-09-2026 08:55:40,14.3004815,1369.16,-6.40218765781836,5.2458541953496,0.403527245796123,Relaksasi
22-09-2026 08:55:40,14.300733,1375.6,0.882939043173531,5.24012749838772,0.403086730645209,Relaksasi
22-09-2026 08:55:40,14.3009609,1381.25,5.88054611589035,5.2485723636741,0.403736335667239,Relaksasi
22-09-2026 08:55:40,14.3011844,1377.22,0.198067044253518,5.24857182649408,0.403736294345699,Relaksasi
22-09-2026 08:55:40,14.301407,1379.63,2.14767508706806,5.25009827911422,0.403853713778017,Relaksasi
22-09-2026 08:55:40,14.3016729,1377.22,-0.936071893436562,5.24261423412262,0.403278018009432,Relaksasi
22-09-2026 08:55:40,14.3019299,1365.13,-12.8902337883194,5.32124798231606,0.409326767870466,Relaksasi
22-09-2026 08:55:40,14.3021533,1367.55,-7.8502025906501,5.31842431401669,0.409109562616668,Relaksasi
22-09-2026 08:55:40,14.3023713,1379.63,5.84759312851055,5.32068003074797,0.409283079288305,Relaksasi
22-09-2026 08:55:40,14.3026175,1366.74,-8.23307739563534,5.35026091325845,0.411558531789111,Relaksasi
22-09-2026 08:55:40,14.3028378,1379.63,6.05522084150475,5.36323996835093,0.412556920642379,Relaksasi
22-09-2026 08:55:40,14.3030564,1373.99,-1.12751056266537,5.36341545833176,0.412570419871674,Relaksasi
22-09-2026 08:55:40,14.3032742,1367.55,-7.81924494306017,5.3918377803872,0.414756752337477,Relaksasi
22-09-2026 08:55:40,14.3034926,1365.93,-8.46721623382411,5.41708640237934,0.41669895402918,Relaksasi
22-09-2026 08:55:40,14.3037092,1379.63,6.18524855387597,5.42946547239846,0.417651190184497,Relaksasi
22-09-2026 08:55:40,14.3039278,1376.41,0.894736561936929,5.426228453418,0.417402188724461,Relaksasi
22-09-2026 08:55:40,14.3041561,1378.83,2.21420742079231,5.42578387615375,0.417367990473366,Relaksasi
22-09-2026 08:55:40,14.304425,1370.77,-7.12478695952854,5.4460641386764,0.418928010667416,Relaksasi
22-09-2026 08:55:40,14.3049675,1371.58,-5.61996794241018,5.45001539697585,0.419231953613527,Relaksasi
22-09-2026 08:55:40,14.3055178,1373.99,-2.66999177301268,5.42089591976609,0.41699199382816,Relaksasi
22-09-2026 08:55:40,14.3073568,1373.99,-2.61291827954377,5.37458910122763,0.413429930863664,Relaksasi
22-09-2026 08:55:40,14.3075982,1372.38,-4.10469476458715,5.37607564228814,0.413544280176011,Relaksasi
22-09-2026 08:55:40,14.3078173,1379.63,3.60770294365173,5.38201954011369,0.414001503085669,Relaksasi
22-09-2026 08:55:40,14.3305772,1378.83,1.81858938428177,5.36755717582993,0.412889013525379,Relaksasi
22-09-2026 08:55:40,14.3308888,1364.32,-13.2295489295746,5.26603194768598,0.405079380591229,Relaksasi
22-09-2026 08:55:40,14.3311256,1376.41,1.34835915369346,5.26628400298743,0.405098769460571,Relaksasi
22-09-2026 08:55:40,14.331408,1379.63,4.206750681679,5.26699236695394,0.405153258996457,Relaksasi
22-09-2026 08:55:40,14.3627799,1379.63,3.2571265691555,5.22033934808891,0.401564565237608,Relaksasi
22-09-2026 08:55:40,14.3630763,1377.22,0.126166271043518,5.07751818112664,0.390578321625126,Relaksasi
22-09-2026 08:55:40,14.3774962,1379.63,2.52955786192495,5.0442748327425,0.388021140980193,Relaksasi
22-09-2026 08:55:40,14.3780955,1369.96,-7.48408648445713,5.03495480218704,0.387304215552849,Relaksasi
22-09-2026 08:55:40,14.3784263,1379.63,3.90022427859764,5.03009284023316,0.386930218479474,Relaksasi
22-09-2026 08:55:40,14.3787685,1377.22,1.02666445653668,5.03016430776601,0.386935715982,Relaksasi
22-09-2026 08:55:40,14.3790523,1377.22,1.14021311828216,5.02282671150229,0.386371285500177,Relaksasi
22-09-2026 08:55:40,14.379311,1375.6,-0.36781927544333,5.02001177598087,0.386154751998528,Relaksasi
22-09-2026 08:55:40,14.3795578,1374.8,-0.759973841366849,5.02013152716658,0.386163963628198,Relaksasi
22-09-2026 08:55:40,14.3797804,1378.83,3.72189274405318,5.02702303026828,0.386694079251406,Relaksasi
22-09-2026 08:55:40,14.3799995,1378.83,3.24653757932501,5.01425686766177,0.385712066743213,Relaksasi
22-09-2026 08:55:40,14.3802329,1379.63,3.63246431659022,5.01818364828507,0.386014126791159,Relaksasi
22-09-2026 08:55:40,14.3804609,1374.8,-1.67351977713321,5.00549836048368,0.385038335421822,Relaksasi
22-09-2026 08:55:40,14.3806795,1379.63,3.7477621672444,4.98603952831019,0.383541502177707,Relaksasi
22-09-2026 08:55:40,14.3889875,1374.8,-1.52089472847896,4.97926036265877,0.383020027896828,Relaksasi
22-09-2026 08:55:40,14.3892598,1378.02,2.30564999294487,4.96482239444557,0.381909414957352,Relaksasi
22-09-2026 08:55:40,14.3894963,1379.63,3.77912663950884,4.97088262537814,0.382375586567549,Relaksasi
22-09-2026 08:55:40,14.412679,1377.22,0.949670652066951,4.97047190957445,0.382343993044189,Relaksasi
22-09-2026 08:55:40,14.4129744,1374.8,-1.31350362107551,4.95296319261938,0.380997168663029,Relaksasi
22-09-2026 08:55:40,14.4345334,1372.38,-3.12286268434946,4.94278886119882,0.380214527784525,Relaksasi
22-09-2026 08:55:40,14.4348941,1365.93,-8.65402289363583,4.88876311837827,0.376058701413713,Relaksasi
22-09-2026 08:55:40,14.4593452,1377.22,4.48138428033807,4.8691576689599,0.374550589919992,Relaksasi
22-09-2026 08:55:40,14.4596362,1375.6,1.90329416851175,4.87047238926844,0.374651722251419,Relaksasi
22-09-2026 08:55:40,14.4598749,1374.8,0.421600549582077,4.85542912478993,0.373494548060764,Relaksasi
22-09-2026 08:55:40,14.4601035,1372.38,-2.54496990235123,4.85584331472817,0.373526408825244,Relaksasi
22-09-2026 08:55:40,14.4603293,1377.22,2.21983838100231,4.84581832639839,0.372755255876799,Relaksasi
22-09-2026 08:55:40,14.4605637,1374.8,-1.26658309046362,4.84658555526487,0.372814273481913,Relaksasi
22-09-2026 08:55:40,14.4608961,1372.38,-4.07137520729148,4.84396832160036,0.372612947815412,Relaksasi
22-09-2026 08:55:40,14.4611332,1377.22,0.974211248251695,4.83635204249997,0.372027080192306,Relaksasi
22-09-2026 08:55:40,14.4613658,1376.41,-0.552586036119644,4.83225483648403,0.371711910498771,Relaksasi
22-09-2026 08:55:40,14.4792929,1379.63,2.34747357983478,4.78300923581115,0.367923787370089,Relaksasi
22-09-2026 08:55:40,14.4795778,1378.02,0.00399248695083898,4.78299819516844,0.36792293808988,Relaksasi
22-09-2026 08:55:40,14.4798208,1379.63,1.53553684493537,4.78368993543329,0.367976148879484,Relaksasi
22-09-2026 08:55:40,14.4800684,1379.63,1.38320798268187,4.78444691507089,0.368034378082376,Relaksasi
22-09-2026 08:55:40,14.4802981,1371.58,-6.55811499000447,4.79680336715448,0.368984874396498,Relaksasi
22-09-2026 08:55:40,14.4805247,1369.96,-6.33748322934666,4.81069953856833,0.370053810659102,Relaksasi
22-09-2026 08:55:40,14.4807999,1375.6,1.14411138394057,4.79528986551852,0.368868451193732,Relaksasi
22-09-2026 08:55:40,14.4810402,1375.6,1.42523691064074,4.76844099316925,0.366803153320711,Relaksasi
22-09-2026 08:55:40,14.4812631,1379.63,5.51640454919533,4.77670491443386,0.367438839571835,Relaksasi
22-09-2026 08:55:40,14.4814862,1378.02,3.01685430665452,4.77972841773938,0.367671416749183,Relaksasi
22-09-2026 08:55:40,14.4936912,1369.96,-5.54357388085985,4.79342978698166,0.368725368229359,Relaksasi
22-09-2026 08:55:40,14.4940691,1369.96,-4.45251895974619,4.79007512334556,0.368467317180428,Relaksasi
22-09-2026 08:55:40,14.4943586,1359.49,-14.1807933216096,4.89343717013511,0.376418243856547,Relaksasi
22-09-2026 08:55:40,14.5173532,1366.74,-4.55327405997433,4.90083655870881,0.376987427592986,Relaksasi
22-09-2026 08:55:40,14.5176516,1376.41,5.21767556001908,4.91090962256899,0.377762278659153,Relaksasi
22-09-2026 08:55:40,14.5178958,1370.77,-2.63714251537855,4.90785967549887,0.377527667346067,Relaksasi
22-09-2026 08:55:40,14.5181334,1373.99,-0.380370850619355,4.89099659921214,0.376230507631703,Relaksasi
22-09-2026 08:55:40,14.5627872,1379.63,3.72059914111897,4.89799093783056,0.376768533679274,Relaksasi
22-09-2026 08:55:40,14.6532977,1377.22,-1.00484579035305,4.88148538709218,0.375498875930168,Relaksasi
22-09-2026 08:55:40,14.6536231,1370.77,-8.6420364251649,4.91783062158879,0.378294663199138,Relaksasi
22-09-2026 08:55:40,14.6538883,1377.22,-1.57991682543207,4.91812000927817,0.378316923790629,Relaksasi
22-09-2026 08:55:40,14.6541473,1372.38,-6.86276671591508,4.91501283569043,0.378077910437726,Relaksasi
22-09-2026 08:55:40,14.6544026,1373.99,-4.36057637727719,4.92355157929101,0.378734736868539,Relaksasi
22-09-2026 08:55:40,14.6546567,1367.55,-10.1403659806259,4.92750986693306,0.379039220533312,Relaksasi
22-09-2026 08:55:40,14.6549124,1369.16,-6.59196404218453,4.92010349167733,0.378469499359794,Relaksasi
22-09-2026 08:55:40,14.667793,1372.38,-2.11822103116244,4.9202927763558,0.378484059719677,Relaksasi
22-09-2026 08:55:40,14.6778418,1373.99,-0.238622169088359,4.91939813114332,0.378415240857179,Relaksasi
22-09-2026 08:55:40,14.6781295,1379.63,5.15293255194739,4.92414441071366,0.378780339285666,Relaksasi
22-09-2026 08:55:40,14.6834316,1381.25,5.36235182058295,4.92952934944064,0.379194565341588,Relaksasi
22-09-2026 08:55:40,14.6837906,1367.55,-9.78772540811952,4.97774423849052,0.382903402960809,Relaksasi
22-09-2026 08:55:40,14.6840599,1370.77,-4.99384987654527,4.98902727982986,0.383771329217681,Relaksasi
22-09-2026 08:55:40,14.707438,1371.58,-3.53044747353636,4.99414987822312,0.384165375247932,Relaksasi
22-09-2026 08:55:40,14.7464762,1373.19,-1.61899710609089,4.96460292818415,0.381892532937242,Relaksasi
22-09-2026 08:55:40,14.7467982,1383.66,8.68546015456203,5.0024426515173,0.384803280885946,Relaksasi
22-09-2026 08:55:40,14.7602787,1374.8,-2.38771988995741,4.99327271623037,0.38409790124849,Relaksasi
22-09-2026 08:55:40,14.7605812,1374.8,-2.36780486974529,4.99577970094354,0.384290746226426,Relaksasi
22-09-2026 08:55:40,14.7848045,1365.13,-11.8944364761437,5.058271463494,0.389097804884154,Relaksasi
22-09-2026 08:55:40,14.7851355,1379.63,4.67420826093696,5.06889900101968,0.389915307770745,Relaksasi
22-09-2026 08:55:40,14.7854053,1374.8,-1.32596753235578,5.06483718220072,0.389602860169286,Relaksasi
22-09-2026 08:55:40,14.7856634,1374.8,-1.33107513880917,5.04914796939004,0.388395997645387,Relaksasi
22-09-2026 08:55:40,14.7859229,1372.38,-3.72967646656235,5.04042718341344,0.38772516795488,Relaksasi
22-09-2026 08:55:40,14.7861837,1384.47,8.8614044725761,5.0662676979959,0.389712899845839,Relaksasi
22-09-2026 08:55:40,14.8142314,1378.83,1.30241821790076,5.06709981869648,0.389776909130499,Relaksasi
22-09-2026 08:55:40,14.8797447,1365.13,-12.7186814803618,5.13355907981257,0.394889159985582,Relaksasi
22-09-2026 08:55:40,14.8800526,1368.35,-6.95969888817022,5.15527840106139,0.396559877004722,Relaksasi
22-09-2026 08:55:40,14.8803351,1365.93,-7.98859983875604,5.18537550015114,0.398875038473164,Relaksasi
22-09-2026 08:55:40,14.8806174,1373.99,1.46836048381829,5.18567669368936,0.398898207206874,Relaksasi
22-09-2026 08:55:40,14.8808782,1372.38,-0.869874058452463,5.17606108808696,0.398158545237458,Relaksasi
22-09-2026 08:55:40,14.8812343,1374.8,1.0095623062369,5.17347998834175,0.397959999103211,Relaksasi
22-09-2026 08:55:40,14.8815094,1373.19,-1.70217089051202,5.17460880657662,0.398046831275125,Relaksasi
22-09-2026 08:55:40,14.9629567,1375.6,0.025666887559979,5.17460701456939,0.398046693428415,Relaksasi
22-09-2026 08:55:40,14.9723654,1379.63,3.01596684866991,5.17836892486261,0.398336071143278,Relaksasi
22-09-2026 08:55:40,14.9726598,1369.16,-8.98999759826455,5.18961901675999,0.399201462827692,Relaksasi
22-09-2026 08:55:40,14.9729178,1378.83,1.64995158546008,5.19061369334267,0.399277976410975,Relaksasi
22-09-2026 08:55:40,14.9731749,1378.83,0.725897169944093,5.15402147781423,0.396463190601094,Relaksasi
22-09-2026 08:55:40,15.0248563,1368.35,-10.2843520207911,5.19554233418304,0.399657102629464,Relaksasi
22-09-2026 08:55:40,15.0252853,1369.16,-7.64018799266426,5.13827005400847,0.395251542616036,Relaksasi
22-09-2026 08:55:40,15.0255655,1372.38,-2.99604873218144,5.14017177063994,0.395397828510764,Relaksasi
22-09-2026 08:55:40,15.0258228,1378.83,3.94768447137081,5.13893742485927,0.395302878835328,Relaksasi
22-09-2026 08:55:40,15.0261045,1374.8,-1.00570851065125,5.13089819561712,0.394684476585933,Relaksasi
22-09-2026 08:55:40,15.0263793,1372.38,-3.41433889617068,5.12575911853944,0.394289162964572,Relaksasi
22-09-2026 08:55:40,15.0266311,1384.47,9.1376844358448,5.15746930386261,0.396728407989432,Relaksasi
22-09-2026 08:55:40,15.0453878,1378.83,1.51995893278278,5.15638173001175,0.396644748462442,Relaksasi
22-09-2026 08:55:40,15.0857105,1373.99,-3.71005992460309,5.16179855266421,0.397061427128016,Relaksasi
22-09-2026 08:55:40,15.0860332,1371.58,-5.33675351578015,5.17492830413503,0.398071408010387,Relaksasi
22-09-2026 08:55:40,15.1713947,1375.6,-0.121085404582859,5.16992763362049,0.39768674104773,Relaksasi
22-09-2026 08:55:40,15.1717508,1367.55,-7.98124672756584,5.18597913358039,0.398921471813876,Relaksasi
22-09-2026 08:55:40,15.1720179,1377.22,3.34024825307893,5.18939880220394,0.399184523246457,Relaksasi
22-09-2026 08:55:40,15.1722793,1375.6,1.02483273552779,5.18465602947448,0.39881969457496,Relaksasi
22-09-2026 08:55:40,15.1725428,1374.8,-0.15791891461409,5.18401373823879,0.39877028755683,Relaksasi
22-09-2026 08:55:40,15.172804,1379.63,4.42450348542722,5.13541597892181,0.395031998378601,Relaksasi
22-09-2026 08:55:40,15.1730555,1381.25,4.8599832057877,5.14275792422937,0.395596763402259,Relaksasi
22-09-2026 08:55:40,15.17331,1376.41,-1.19770356466781,5.13471237299296,0.394977874845613,Relaksasi
22-09-2026 08:55:40,15.1735629,1379.63,2.12562048148707,5.13671415729751,0.395131858253654,Relaksasi
22-09-2026 08:55:40,15.173836,1375.6,-2.27325301764417,5.13182800001185,0.394756000000911,Relaksasi
22-09-2026 08:55:40,15.174087,1367.55,-9.66006912396254,5.17691914506233,0.398224549620179,Relaksasi
22-09-2026 08:55:40,15.1743387,1377.22,2.209525056027,5.17927555022157,0.398405811555505,Relaksasi
22-09-2026 08:55:40,15.1815817,1379.63,4.47899188018114,5.18000149481632,0.398461653447409,Relaksasi
22-09-2026 08:55:40,15.2049619,1379.63,3.83563236677631,5.15927826990223,0.396867559223248,Relaksasi
22-09-2026 08:55:40,15.2052768,1366.74,-9.584004024368,5.17401911891636,0.398001470685874,Relaksasi
22-09-2026 08:55:40,15.2055427,1379.63,5.37225542658237,5.18640006263033,0.398953850971564,Relaksasi
22-09-2026 08:55:40,15.2058038,1368.35,-6.84242966827109,5.11132272607405,0.393178671236466,Relaksasi
22-09-2026 08:55:40,15.2060658,1383.66,9.78849464696182,5.1440226805363,0.395694052348946,Relaksasi
22-09-2026 08:55:40,15.2309345,1379.63,3.72154714045982,5.13658157929447,0.395121659945729,Relaksasi
22-09-2026 08:55:40,15.2797507,1372.38,-4.41000396168265,5.12381878277967,0.394139906367667,Relaksasi
22-09-2026 08:55:40,15.2801278,1367.55,-8.48587338903975,5.15312578168174,0.396394290898595,Relaksasi
22-09-2026 08:55:40,15.2804638,1381.25,6.76040102988607,5.17106223012553,0.397774017701964,Relaksasi
22-09-2026 08:55:40,15.2807399,1380.44,4.46303026317623,5.17244157277702,0.397880120982848,Relaksasi
22-09-2026 08:55:40,15.2809983,1371.58,-5.43861344820141,5.18596097763686,0.398920075202835,Relaksasi
22-09-2026 08:55:40,15.2812553,1372.38,-3.68566265114538,5.19231131918754,0.399408563014426,Relaksasi
22-09-2026 08:55:40,15.2815317,1382.05,6.62385782991049,5.20581085228528,0.40044698863733,Relaksasi
22-09-2026 08:55:40,15.2818476,1381.25,4.45942059924312,5.15724323662664,0.396711018202049,Relaksasi
22-09-2026 08:55:40,15.2821262,1385.27,7.61509559745138,5.1729029924781,0.397915614806008,Relaksasi
22-09-2026 08:55:40,15.2823798,1378.02,-0.925999150080816,5.16592612555919,0.397378932735322,Relaksasi
22-09-2026 08:55:40,15.2826418,1369.16,-9.15329128103235,5.17458845797007,0.398045265997698,Relaksasi
22-09-2026 08:55:40,15.2828892,1377.22,1.34340130652908,5.17009276827216,0.397699443713243,Relaksasi
22-09-2026 08:55:40,15.2831489,1371.58,-3.85421691717274,5.17717423251093,0.39824417173161,Relaksasi
22-09-2026 08:55:40,15.2834535,1384.47,10.4235679651531,5.20456560401815,0.400351200309088,Relaksasi
22-09-2026 08:55:40,15.2837045,1380.44,4.88756636733596,5.2000320343575,0.400002464181346,Relaksasi
22-09-2026 08:55:40,15.2839509,1372.38,-3.65901457489293,5.1496746212024,0.396128817015569,Relaksasi
22-09-2026 08:55:40,15.2844072,1380.44,5.55527106714537,5.1606295085188,0.396971500655292,Relaksasi
22-09-2026 08:55:40,15.30393,1373.99,-1.58907788716928,5.15870200961341,0.396823231508724,Relaksasi
22-09-2026 08:55:40,15.3042137,1380.44,5.49555647314992,5.15472044383148,0.396516957217806,Relaksasi
22-09-2026 08:55:40,15.3045002,1379.63,3.88204787904744,5.16152931294249,0.397040716380192,Relaksasi
22-09-2026 08:55:40,15.3047557,1379.63,3.37203745105207,5.1666657782284,0.397435829094493,Relaksasi
22-09-2026 08:55:40,15.3050087,1390.92,14.2858916786128,5.26449130382031,0.404960869524639,Relaksasi
22-09-2026 08:55:40,15.3052679,1384.47,5.45758991317528,5.27548951441951,0.405806885724577,Relaksasi
22-09-2026 08:55:40,15.3055191,1378.83,-0.577188010252415,5.26736522440858,0.405181940339122,Relaksasi
22-09-2026 08:55:40,15.3058561,1374.8,-3.50929283968458,5.26856916213912,0.405274550933778,Relaksasi
22-09-2026 08:55:40,15.3061212,1369.16,-7.25508252845474,5.28622418677481,0.406632629751909,Relaksasi
22-09-2026 08:55:40,15.3064221,1376.41,2.65541604127752,5.27920719387154,0.406092861067042,Relaksasi
22-09-2026 08:55:40,15.3302914,1373.99,0.804985842961495,5.2712307596747,0.405479289205746,Relaksasi
22-09-2026 08:55:40,15.380713,1379.63,7.10284088384311,5.29353581999816,0.407195063076782,Relaksasi
22-09-2026 08:55:40,15.3810215,1369.16,-4.23491922376759,5.30191902487147,0.407839924990113,Relaksasi
22-09-2026 08:55:40,15.3812866,1383.66,11.309810509377,5.36127318869319,0.412405629899476,Relaksasi
22-09-2026 08:55:40,15.3815466,1370.77,-3.83619306386025,5.36701643313076,0.412847417933136,Relaksasi
22-09-2026 08:55:40,15.3818014,1371.58,-2.52765686710083,5.35760423763661,0.412123402895124,Relaksasi
22-09-2026 08:55:40,15.3820543,1379.63,5.59997984894844,5.32826344552042,0.409866418886186,Relaksasi
22-09-2026 08:55:40,15.3823105,1378.02,2.34177096680193,5.32171379022645,0.409362599248189,Relaksasi
22-09-2026 08:55:40,15.3953225,1378.02,1.2930537894037,5.32071398977678,0.409285691521291,Relaksasi
22-09-2026 08:55:40,15.395742,1368.35,-9.14309776562526,5.33901388319599,0.410693375630461,Relaksasi
22-09-2026 08:55:40,15.4052856,1379.63,3.51413027859853,5.32578897281126,0.409676074831635,Relaksasi
22-09-2026 08:55:40,15.4055875,1371.58,-5.54049139200025,5.33963555443981,0.41074119649537,Relaksasi
22-09-2026 08:55:40,15.4121153,1375.6,-0.681458691807551,5.33718374694104,0.410552595918542,Relaksasi
22-09-2026 08:55:40,15.4215148,1383.66,7.33447695270157,5.3599124700596,0.412300959235354,Relaksasi
22-09-2026 08:55:40,15.4217966,1382.05,4.20012351491052,5.31427951703109,0.408790732079314,Relaksasi
22-09-2026 08:55:40,15.4377379,1377.22,-1.36608744516092,5.30483818673645,0.408064475902804,Relaksasi
22-09-2026 08:55:40,15.4796973,1379.63,1.63113861849183,5.30508864264832,0.408083741742179,Relaksasi
22-09-2026 08:55:40,15.4800761,1381.25,3.47663356917077,5.3059722437592,0.4081517110584,Relaksasi
22-09-2026 08:55:40,15.4803707,1387.69,9.97676334235552,5.34343864293432,0.411033741764179,Relaksasi
22-09-2026 08:55:40,15.4807054,1373.99,-4.72011209798357,5.35298259087663,0.411767891605895,Relaksasi
22-09-2026 08:55:40,15.5207405,1378.83,2.19412485014119,5.35462317808478,0.411894090621906,Relaksasi
22-09-2026 08:55:40,15.5211184,1376.41,0.608861067580019,5.34699173641344,0.411307056647188,Relaksasi
22-09-2026 08:55:40,15.5214807,1375.6,0.92762686765425,5.28131721776878,0.406255170597598,Relaksasi
22-09-2026 08:55:40,15.5218032,1379.63,5.90809781232637,5.28557638506651,0.40658279885127,Relaksasi
22-09-2026 08:55:40,15.5221142,1386.89,12.9604588159951,5.34538764361587,0.411183664893528,Relaksasi
22-09-2026 08:55:40,15.5224761,1368.35,-7.32011426774589,5.36687919720512,0.412836861323471,Relaksasi
22-09-2026 08:55:40,15.5227529,1377.22,3.64430080962159,5.37143978587176,0.41318767583629,Relaksasi
22-09-2026 08:55:40,15.5230105,1378.02,4.22982354042664,5.37653324845342,0.413579480650263,Relaksasi
22-09-2026 08:55:40,15.5232672,1372.38,-1.94068572288499,5.35884116801286,0.412218551385605,Relaksasi
22-09-2026 08:55:40,15.5235205,1367.55,-6.28034710974604,5.36664256453053,0.412818658810041,Relaksasi
22-09-2026 08:55:40,15.5237758,1373.19,0.475897508068503,5.34816042593459,0.411396955841122,Relaksasi
22-09-2026 08:55:40,15.5240307,1369.16,-4.03086742736186,5.34164302537611,0.410895617336624,Relaksasi
22-09-2026 08:55:40,15.5242875,1375.6,2.52695126689437,5.32542370051867,0.409647976962974,Relaksasi
22-09-2026 08:55:40,15.5245613,1377.22,2.74416409805009,5.32859192153624,0.409891686272018,Relaksasi
22-09-2026 08:55:40,15.5248166,1378.83,2.77275486419415,5.31595980052899,0.408919984656076,Relaksasi
22-09-2026 08:55:40,15.5250711,1382.86,5.23335507049284,5.32880591451213,0.409908147270164,Relaksasi
22-09-2026 08:55:40,15.5253243,1386.89,7.39698677693298,5.35225998995116,0.41171230691932,Relaksasi
22-09-2026 08:55:40,15.5255786,1378.02,-3.39769005161756,5.35724064566059,0.412095434281584,Relaksasi
22-09-2026 08:55:40,15.5258323,1370.77,-9.97791506512556,5.32607084492541,0.409697757301955,Relaksasi
22-09-2026 08:55:40,15.5260854,1379.63,1.28139407226685,5.2978403237013,0.407526178746254,Relaksasi
22-09-2026 08:55:40,15.5263377,1374.8,-3.04651435216468,5.28607099999065,0.406620846153127,Relaksasi
22-09-2026 08:55:40,15.5266109,1375.6,-0.728302722212709,5.25416795736542,0.404166765951186,Relaksasi
22-09-2026 08:55:40,15.526868,1379.63,4.42416317377538,5.24602883388468,0.403540679529591,Relaksasi
22-09-2026 08:55:40,15.5271202,1379.63,4.50141150983734,5.25507142230335,0.404236263254104,Relaksasi
22-09-2026 08:55:40,15.5273729,1381.25,6.11015569417952,5.24373366115662,0.403364127781279,Relaksasi
22-09-2026 08:55:40,15.5276262,1376.41,0.880173380400342,5.20981261479654,0.400754816522811,Relaksasi
22-09-2026 08:55:40,15.5348895,1372.38,-2.57989809851055,5.19462610338035,0.39958662333695,Relaksasi
22-09-2026 08:55:40,15.5351685,1367.55,-6.27139925136798,5.21313627571681,0.401010482747447,Relaksasi
22-09-2026 08:55:40,15.5719502,1375.6,3.41897738655626,5.21638987121668,0.40126075932436,Relaksasi
22-09-2026 08:55:40,15.5722822,1372.38,-0.363944067647148,5.19206824096723,0.399389864689787,Relaksasi
22-09-2026 08:55:40,15.5725679,1377.22,4.3256650411993,5.18586630282108,0.398912792524698,Relaksasi
22-09-2026 08:55:40,15.6068522,1370.77,-3.45824571531079,5.18819451712566,0.399091885932743,Relaksasi
22-09-2026 08:55:40,15.8351155,1375.6,1.35650968170107,5.18579080087479,0.398906984682676,Relaksasi
22-09-2026 08:55:40,15.8354264,1369.16,-6.17334046248498,5.19603062897191,0.39969466376707,Relaksasi
22-09-2026 08:55:40,15.8357006,1378.02,2.97595211237902,5.19402908631074,0.39954069894698,Relaksasi
22-09-2026 08:55:40,15.8359644,1370.77,-5.80490095851253,5.20863573197335,0.400664287074873,Relaksasi
22-09-2026 08:55:40,15.8362271,1379.63,3.26253398506427,5.12913267560978,0.394548667354599,Relaksasi
22-09-2026 08:55:40,15.8364896,1379.63,1.79486106424404,5.12981669001641,0.394601283847416,Relaksasi
22-09-2026 08:55:40,15.8367508,1368.35,-10.4822730512981,5.17454594706548,0.398041995928114,Relaksasi
22-09-2026 08:55:40,15.8370259,1368.35,-8.85487010144321,5.20719934450578,0.400553795731214,Relaksasi
22-09-2026 08:55:40,15.837291,1381.25,5.49556245632116,5.22167132796946,0.40166702522842,Relaksasi
22-09-2026 08:55:40,15.8375483,1373.99,-3.05336174118772,5.22307124516476,0.40177471116652,Relaksasi
22-09-2026 08:55:40,15.8378053,1379.63,3.03721038599149,5.20062868451273,0.400048360347133,Relaksasi
22-09-2026 08:55:40,15.9225831,1368.35,-8.87961756070107,5.23112970659124,0.402394592814711,Relaksasi
22-09-2026 08:55:40,15.9229154,1368.35,-7.11758434618337,5.25478332971731,0.404214102285947,Relaksasi
22-09-2026 08:55:40,15.9231803,1379.63,5.55147399770962,5.26880837858388,0.40529295219876,Relaksasi
22-09-2026 08:55:40,15.9234414,1376.41,1.13657497424045,5.26935710390737,0.405335161839029,Relaksasi
22-09-2026 08:55:40,15.9237011,1377.22,1.53156840752827,5.27019591630482,0.405399685869601,Relaksasi
22-09-2026 08:55:40,15.9239586,1379.63,3.43311500166024,5.26921568749258,0.405324283653275,Relaksasi
22-09-2026 08:55:40,15.9385245,1366.74,-10.2956611849473,5.31431436087707,0.408793412375159,Relaksasi
22-09-2026 08:55:40,15.9388507,1379.63,4.48000736843964,5.3175478814275,0.409042144725192,Relaksasi
22-09-2026 08:55:40,15.9391212,1370.77,-5.37342836192877,5.32979181496385,0.40998398576645,Relaksasi
22-09-2026 08:55:40,16.031929,1369.96,-5.27711208809397,5.33626196363111,0.410481689510085,Relaksasi
22-09-2026 08:55:40,16.0322342,1372.38,-2.03023359435703,5.337109272149,0.410546867088384,Relaksasi
22-09-2026 08:55:40,16.0325015,1373.99,-0.353026406675156,5.33467697350346,0.410359767192574,Relaksasi
22-09-2026 08:55:40,16.0327625,1374.8,0.0558139159671902,5.32798132474269,0.409844717287899,Relaksasi
22-09-2026 08:55:40,16.0330231,1375.6,0.26645899289847,5.32759144708417,0.409814726698782,Relaksasi
22-09-2026 08:55:40,16.056348,1367.55,-8.46578842304022,5.36031268083774,0.412331744679826,Relaksasi
22-09-2026 08:55:40,16.0566785,1379.63,4.60684952470342,5.36565988414656,0.412743068011274,Relaksasi
22-09-2026 08:55:40,16.0569534,1377.22,0.621516007586533,5.33083265933759,0.410064050718276,Relaksasi
22-09-2026 08:55:40,16.0572148,1364.32,-13.0257276614573,5.40052874467604,0.415425288052003,Relaksasi
22-09-2026 08:55:40,16.057474,1373.99,-1.36308942981884,5.3997118573662,0.415362450566631,Relaksasi
22-09-2026 08:55:40,16.0577298,1377.22,1.59303547426503,5.40080440467672,0.41544649266744,Relaksasi
22-09-2026 08:55:40,16.0579847,1375.6,-0.886931253208441,5.39816979112325,0.415243830086404,Relaksasi
22-09-2026 08:55:40,16.0582404,1380.44,3.62457135783446,5.40197059129786,0.415536199330605,Relaksasi
22-09-2026 08:55:40,16.0584938,1382.86,4.95036645107723,5.4125590754856,0.416350698114277,Relaksasi
22-09-2026 08:55:40,16.0588038,1380.44,1.38256671012577,5.40578141611076,0.415829339700828,Relaksasi
22-09-2026 08:55:40,16.0590622,1367.55,-11.6659363229754,5.46792443550987,0.420609571962298,Relaksasi
22-09-2026 08:55:40,16.0711142,1379.63,3.0644635497346,5.47207689639388,0.420928992030298,Relaksasi
22-09-2026 08:55:40,16.0714406,1369.96,-6.68677741131141,5.48995786502498,0.422304451155768,Relaksasi
22-09-2026 08:55:40,16.0808553,1367.55,-7.24813454739866,5.51382939091661,0.424140722378201,Relaksasi
22-09-2026 08:55:40,16.189564,1379.63,6.68347478755127,5.53298015189864,0.425613857838357,Relaksasi
22-09-2026 08:55:40,16.1899372,1379.63,5.6001947469592,5.54627027340959,0.426636174877661,Relaksasi
22-09-2026 08:55:40,16.1902759,1370.77,-4.31887778918984,5.53528076174877,0.425790827826829,Relaksasi
22-09-2026 08:55:40,16.3084518,1374.8,0.460823084444161,5.51720730374984,0.424400561826911,Relaksasi
22-09-2026 08:55:40,16.3344864,1377.22,2.5721345086462,5.51961147707963,0.424585498236894,Relaksasi
22-09-2026 08:55:40,16.3348627,1379.63,4.15182094038239,5.52649458900096,0.425114968384689,Relaksasi
22-09-2026 08:55:40,16.3351808,1381.25,4.60183421252624,5.52230687639711,0.424792836645932,Relaksasi
22-09-2026 08:55:40,16.3355082,1372.38,-5.44875641117089,5.53161919510972,0.425509168854594,Relaksasi
22-09-2026 08:55:40,16.3358558,1375.6,-1.30714803203973,5.51848693418149,0.424498994937038,Relaksasi
22-09-2026 08:55:40,16.336186,1378.02,1.34905295466225,5.51032423153754,0.423871094733657,Relaksasi
22-09-2026 08:55:40,16.3367063,1376.41,-0.4516083087162,5.41841474887639,0.416801134528953,Relaksasi
22-09-2026 08:55:40,16.3372378,1378.02,1.40671574380796,5.40975518054509,0.416135013888084,Relaksasi
22-09-2026 08:55:40,16.3376967,1377.22,0.574117543848462,5.3973121530033,0.415177857923331,Relaksasi
22-09-2026 08:55:40,16.3381533,1377.22,0.775239189027178,5.39436843872627,0.414951418363559,Relaksasi
22-09-2026 08:55:40,16.3395147,1379.63,3.40394422318189,5.39966865873997,0.415359127595382,Relaksasi
22-09-2026 08:55:40,16.3411945,1381.25,4.77702797591552,5.40382339790519,0.415678722915784,Relaksasi
22-09-2026 08:55:40,16.3426219,1369.16,-7.76306176372435,5.43116786521763,0.41778214347828,Relaksasi
22-09-2026 08:55:40,16.3959346,1367.55,-7.33611435068106,5.42155450780813,0.417042654446779,Relaksasi
22-09-2026 08:55:40,16.4292655,1378.02,4.9946523356203,5.43189703096688,0.417838233151299,Relaksasi
22-09-2026 08:55:40,16.4296079,1380.44,6.65276229409441,5.43059055267013,0.417737734820779,Relaksasi
22-09-2026 08:55:40,16.4806724,1379.63,4.56024904465495,5.43141049597488,0.417800807382683,Relaksasi
22-09-2026 08:55:40,16.481344,1375.6,-0.434285515675183,5.38396024170188,0.414150787823222,Relaksasi
22-09-2026 08:55:40,16.4817091,1369.96,-6.07398661332371,5.38091298029001,0.413916383099231,Relaksasi
22-09-2026 08:55:40,16.4819956,1379.63,4.68488982237666,5.38901949922323,0.41453996147871,Relaksasi
22-09-2026 08:55:40,16.5263407,1370.77,-5.22224613773946,5.40162991456523,0.415509993428095,Relaksasi
22-09-2026 08:55:40,16.5727526,1375.6,0.455742235250741,5.38942303678477,0.414571002829598,Relaksasi
22-09-2026 08:55:40,16.9019488,1378.83,3.38347453037845,5.38138886196458,0.413952989381891,Relaksasi
22-09-2026 08:55:40,16.9022577,1372.38,-3.96753116796208,5.34406724865962,0.41108209605074,Relaksasi
22-09-2026 08:55:40,16.9025266,1374.8,-1.00456463412175,5.33286112942853,0.410220086879117,Relaksasi
22-09-2026 08:55:40,16.90279,1378.83,2.99894397589795,5.33123398978188,0.410094922290913,Relaksasi
22-09-2026 08:55:40,16.9030495,1372.38,-4.2429611249662,5.33844206592127,0.410649389686252,Relaksasi
22-09-2026 08:55:40,16.9033195,1370.77,-5.1946039046975,5.3157028838479,0.408900221834454,Relaksasi
22-09-2026 08:55:40,16.9036058,1370.77,-4.34537771085436,5.32189840707565,0.409376800544281,Relaksasi
22-09-2026 08:55:40,16.9038812,1382.86,8.35924473056127,5.35200476625866,0.411692674327589,Relaksasi
22-09-2026 08:55:40,16.904141,1379.63,3.19389007749224,5.29032811759024,0.406948316737711,Relaksasi
22-09-2026 08:55:40,16.9043971,1357.88,-19.4556085679864,5.45627473659331,0.419713441276408,Relaksasi
22-09-2026 08:55:40,16.9047322,1378.02,4.23557126015739,5.46368404752704,0.42028338827131,Relaksasi
22-09-2026 08:55:40,16.9300747,1381.25,6.31008040432427,5.48106469033351,0.421620360794886,Relaksasi
22-09-2026 08:55:40,16.9305908,1378.02,1.43775543967371,5.47566008901358,0.421204622231814,Relaksasi
22-09-2026 08:55:40,16.9310199,1373.99,-3.23971340468392,5.444511886203,0.418808606631,Relaksasi
22-09-2026 08:55:40,16.9657407,1387.69,10.8350183344729,5.49738267946447,0.422875590728036,Relaksasi
22-09-2026 08:55:40,16.9817422,1359.49,-19.5706228439482,5.59709196136545,0.43054553548965,Relaksasi
22-09-2026 08:55:40,16.9820468,1378.02,2.84696225161596,5.57904806855277,0.429157543734829,Relaksasi
22-09-2026 08:55:40,16.9823203,1378.83,3.21607980476609,5.55503416378844,0.427310320291418,Relaksasi
22-09-2026 08:55:40,16.9826224,1370.77,-5.38098270147469,5.5670817330512,0.428237056388554,Relaksasi
22-09-2026 08:55:40,16.9828858,1365.93,-9.09626304845117,5.60377779942403,0.431059830724925,Relaksasi
22-09-2026 08:55:40,16.9831415,1379.63,6.35338980840134,5.62130388391823,0.432407991070633,Relaksasi
22-09-2026 08:55:40,16.9834091,1379.63,4.91210578617881,5.63073834793668,0.433133719072053,Relaksasi
22-09-2026 08:55:40,16.9836576,1367.55,-8.44944963797214,5.66234730874946,0.435565177596113,Relaksasi
22-09-2026 08:55:40,16.9839056,1379.63,4.90184601655976,5.66893616444843,0.436072012649879,Relaksasi
22-09-2026 08:55:40,16.9841503,1378.02,1.91328659623687,5.63480614400388,0.433446626461837,Relaksasi
22-09-2026 08:55:40,16.9843988,1371.58,-5.31498094132326,5.64612023352012,0.434316941040009,Relaksasi
22-09-2026 08:55:40,16.9846881,1371.58,-4.6287235785985,5.65536598883697,0.435028152987459,Relaksasi
22-09-2026 08:55:40,16.9849565,1378.83,3.21097829284001,5.61300961100564,0.431769970077357,Relaksasi
22-09-2026 08:55:40,16.9979048,1372.38,-4.16441046608938,5.5947051846434,0.430361937280262,Relaksasi
22-09-2026 08:55:40,16.9982405,1378.02,2.01811930735077,5.59251362007651,0.430193355390501,Relaksasi
22-09-2026 08:55:40,16.9986686,1373.99,-2.63184989093101,5.58864211562663,0.429895547355895,Relaksasi
22-09-2026 08:55:40,16.9989605,1378.02,1.73552620204545,5.58953698480506,0.429964383446543,Relaksasi
22-09-2026 08:55:40,16.9992174,1377.22,0.483004417521349,5.58442491402211,0.42957114723247,Relaksasi
22-09-2026 08:55:40,16.9994679,1367.55,-9.31707400066942,5.58590678187304,0.429685137067157,Relaksasi
22-09-2026 08:55:40,16.9997364,1375.6,0.564130478260601,5.58501516703142,0.429616551310109,Relaksasi
22-09-2026 08:55:40,17.0000035,1375.6,0.435835119999434,5.5789355126233,0.429148885586408,Relaksasi
22-09-2026 08:55:40,17.0002516,1374.8,-0.537569553606356,5.56628796135209,0.428175997027084,Relaksasi
22-09-2026 08:55:40,17.0005019,1367.55,-7.82833303142755,5.59373777992604,0.430287521532772,Relaksasi
22-09-2026 08:55:40,17.0153753,1373.19,-0.8906263653544,5.56555180827147,0.428119369867036,Relaksasi
22-09-2026 08:55:40,17.0156566,1379.63,5.35364658711505,5.57340903733895,0.428723772102996,Relaksasi
22-09-2026 08:55:40,17.0248931,1368.35,-7.46592207653702,5.59788681995957,0.430606678458429,Relaksasi
22-09-2026 08:55:40,17.0251864,1371.58,-3.34378992500517,5.6028668387239,0.430989756824915,Relaksasi
22-09-2026 08:55:40,17.0254472,1378.02,3.11292075602556,5.59845398616222,0.430650306627863,Relaksasi
22-09-2026 08:55:40,17.0257037,1371.58,-4.63236003594873,5.59748904857225,0.430576080659404,Relaksasi
22-09-2026 08:55:40,17.0259586,1378.02,2.00815266036107,5.59864935187753,0.43066533475981,Relaksasi
22-09-2026 08:55:40,17.026212,1379.63,2.57012734043768,5.59958132594326,0.430737025072558,Relaksasi
22-09-2026 08:55:40,17.0264634,1377.22,-0.87904449938039,5.59761879959691,0.430586061507455,Relaksasi
22-09-2026 08:55:40,17.0267123,1369.16,-9.10479481904475,5.59296325677959,0.430227942829199,Relaksasi
22-09-2026 08:55:40,17.026961,1379.63,2.99838921660488,5.59479934191494,0.430369180147303,Relaksasi
22-09-2026 08:55:40,17.0276447,1372.38,-4.8444147946442,5.5963215247599,0.430486271135377,Relaksasi
22-09-2026 08:55:40,17.0281764,1374.8,-1.39378412690438,5.59061422396392,0.430047247997225,Relaksasi
22-09-2026 08:55:40,17.0285396,1377.22,1.43291419072654,5.55031241921409,0.426947109170315,Relaksasi
22-09-2026 08:55:40,17.029038,1365.93,-9.99618045076133,5.58222898375379,0.429402229519522,Relaksasi
22-09-2026 08:55:40,17.0445756,1381.25,7.36356316844822,5.58554352958719,0.42965719458363,Relaksasi
22-09-2026 08:55:40,17.0449038,1365.93,-9.41106670875748,5.58229919178726,0.429407630137482,Relaksasi
22-09-2026 08:55:40,17.0820133,1369.16,-4.49860527671439,5.58515907993799,0.429627621533692,Relaksasi
22-09-2026 08:55:40,17.0985828,1368.35,-4.77532895065686,5.58666090848894,0.429743146806841,Relaksasi
22-09-2026 08:55:40,17.0990037,1364.32,-8.48743489018226,5.58667276879896,0.429744059138381,Relaksasi
22-09-2026 08:55:40,17.099274,1375.6,3.5174662297154,5.57173764265703,0.42859520328131,Relaksasi
22-09-2026 08:55:40,17.0995422,1376.41,2.39964802071634,5.56538037478732,0.428106182675947,Relaksasi
22-09-2026 08:55:40,17.0997963,1366.74,-9.16862836786282,5.58980186282241,0.429984758678647,Relaksasi
22-09-2026 08:55:40,17.1000468,1369.16,-6.44351494841577,5.60228156594927,0.430944735842251,Relaksasi
22-09-2026 08:55:40,17.1002979,1382.86,7.01880176283969,5.60468546596068,0.431129651227744,Relaksasi
22-09-2026 08:55:40,17.1005476,1377.22,-1.42132539459552,5.59671044823052,0.430516188325425,Relaksasi
22-09-2026 08:55:40,17.1007991,1379.63,0.0634472965073396,5.57074856409246,0.428519120314805,Relaksasi
22-09-2026 08:55:40,17.1172241,1373.99,-6.42235717695007,5.58884474205091,0.429911134003916,Relaksasi
22-09-2026 08:55:40,17.1175328,1378.83,-0.750165447150131,5.5514939957964,0.427037999676646,Relaksasi
22-09-2026 08:55:40,17.117792,1367.55,-11.9126560700436,5.61423359179392,0.431864122445686,Relaksasi
22-09-2026 08:55:40,17.1180493,1383.66,6.78961663546175,5.62812920545423,0.432933015804172,Relaksasi
22-09-2026 08:55:40,17.1183474,1371.58,-6.15535392804514,5.59660847456417,0.430508344197244,Relaksasi
22-09-2026 08:55:40,17.1185981,1380.44,4.48281312037711,5.59491402614456,0.43037800201112,Relaksasi
22-09-2026 08:55:40,17.1188483,1367.55,-8.64298562482388,5.62224394919033,0.432480303783871,Relaksasi
22-09-2026 08:55:40,17.1190977,1375.6,1.69825848527956,5.60978985796029,0.431522296766176,Relaksasi
22-09-2026 08:55:40,17.1473224,1373.99,0.221339232063438,5.60868624216892,0.431437403243763,Relaksasi
22-09-2026 08:55:40,17.1980421,1374.8,1.23899286168641,5.59589413542675,0.430453395032827,Relaksasi
22-09-2026 08:55:40,17.1984863,1375.6,1.8267089088053,5.59064969600269,0.430049976615592,Relaksasi
22-09-2026 08:55:40,17.1987608,1380.44,6.13683116015719,5.60239362451442,0.430953355731879,Relaksasi
22-09-2026 08:55:40,17.1990213,1378.02,2.21305981997192,5.51279139706632,0.424060876697409,Relaksasi
22-09-2026 08:55:40,17.1992932,1374.8,-1.77213660751797,5.50069494609954,0.423130380469195,Relaksasi
22-09-2026 08:55:40,17.1996358,1374.8,-1.7113425129719,5.50187446476495,0.423221112674227,Relaksasi
22-09-2026 08:55:40,17.1999145,1375.6,-0.799259891118615,5.49656629421743,0.422812791862879,Relaksasi
22-09-2026 08:55:40,17.2001676,1379.63,3.22120228387075,5.47731144221521,0.42133164940117,Relaksasi
22-09-2026 08:55:40,17.2004233,1380.44,3.30953598890545,5.47909204207865,0.421468618621435,Relaksasi
22-09-2026 08:55:40,17.2007221,1379.63,1.88346869317341,5.4804148443456,0.421570372641969,Relaksasi
22-09-2026 08:55:40,17.2010479,1382.86,4.95134287878664,5.46857148664386,0.420659345126451,Relaksasi
22-09-2026 08:55:40,17.2013143,1370.77,-7.6854685832145,5.48734303074748,0.422103310057498,Relaksasi
22-09-2026 08:55:40,17.2015635,1367.55,-8.79687950457785,5.46427487535109,0.420328836565468,Relaksasi
22-09-2026 08:55:40,17.2018295,1379.63,5.65111546630457,5.4721470701494,0.420934390011492,Relaksasi
22-09-2026 08:55:40,17.2020967,1377.22,2.67738045494077,5.47250309654167,0.420961776657051,Relaksasi
22-09-2026 08:55:40,17.2096317,1375.6,0.927854828542195,5.45855254101572,0.41988865700121,Relaksasi
22-09-2026 08:55:40,17.209951,1374.8,0.212987355202246,5.45606114379154,0.419697011060888,Relaksasi
22-09-2026 08:55:40,17.2188738,1380.44,5.9480106748039,5.47148402348195,0.420883386421689,Relaksasi
22-09-2026 08:55:40,17.247603,1372.38,-3.2430678370189,5.43799077605294,0.418306982773303,Relaksasi
22-09-2026 08:55:40,17.2479208,1377.22,2.18837111797257,5.43451405031875,0.418039542332212,Relaksasi
22-09-2026 08:55:40,17.2482365,1372.38,-3.17499262538061,5.42502171697441,0.417309362844185,Relaksasi
22-09-2026 08:55:40,17.3166683,1381.25,6.16021723153408,5.44226791710948,0.418635993623806,Relaksasi
22-09-2026 08:55:40,17.3169807,1374.8,-1.676238837703,5.41879656417878,0.416830504936829,Relaksasi
22-09-2026 08:55:40,17.3172418,1367.55,-8.76437245835198,5.44602810672116,0.41892523897855,Relaksasi
22-09-2026 08:55:40,17.3174987,1379.63,4.86928824108975,5.45604627954453,0.419695867657272,Relaksasi
22-09-2026 08:55:40,17.3177528,1372.38,-3.52736163138562,5.46052647085983,0.420040497758449,Relaksasi
22-09-2026 08:55:40,17.3180074,1378.02,2.56545325106649,5.45800533033878,0.419846563872214,Relaksasi
22-09-2026 08:55:40,17.3182587,1379.63,3.4291224777277,5.41765055692004,0.416742350532311,Relaksasi
22-09-2026 08:55:40,17.3185339,1380.44,3.36005728316219,5.41257703783872,0.416352079833748,Relaksasi
22-09-2026 08:55:40,17.3188457,1380.44,2.6115408271554,5.41350348653332,0.416423345117948,Relaksasi
22-09-2026 08:55:40,17.319101,1379.63,1.38609701928252,5.41421949725394,0.416478422865688,Relaksasi
22-09-2026 08:55:40,17.3193526,1379.63,1.43526753115018,5.41477333513108,0.416521025779314,Relaksasi
22-09-2026 08:55:40,17.3196008,1385.27,7.34205209982548,5.42353858815711,0.417195276012086,Relaksasi
22-09-2026 08:55:40,17.3198485,1388.5,9.91614119930616,5.39134052300971,0.414718501769978,Relaksasi
22-09-2026 08:55:40,17.3305553,1377.22,-2.2455918157339,5.3687843767092,0.412983413593015,Relaksasi
22-09-2026 08:55:40,17.3308992,1379.63,1.9455392411931,5.3643607873014,0.412643137484723,Relaksasi
22-09-2026 08:55:40,17.3311559,1377.22,0.697255079040055,5.35624312775731,0.412018702135177,Relaksasi
22-09-2026 08:55:40,17.3666338,1378.02,2.95959151558538,5.35857304214172,0.412197926318594,Relaksasi
22-09-2026 08:55:40,17.3669407,1378.83,4.72190891890814,5.35056757438552,0.411582121106579,Relaksasi
22-09-2026 08:55:40,17.3672097,1378.83,5.16561905928718,5.36291516595249,0.412531935842499,Relaksasi
22-09-2026 08:55:40,17.367473,1373.99,0.467730119232476,5.35543774806883,0.411956749851449,Relaksasi
22-09-2026 08:55:40,17.3677309,1368.35,-4.36777221742364,5.36135927080351,0.41241225160027,Relaksasi
22-09-2026 08:55:40,17.3679848,1372.38,1.07753051552343,5.35838841515852,0.412183724242963,Relaksasi
22-09-2026 08:55:40,17.3682389,1373.99,2.6205950521398,5.35800551998194,0.412154270767842,Relaksasi
22-09-2026 08:55:40,17.3685098,1378.02,5.84907270468595,5.36118843011615,0.412399110008934,Relaksasi
22-09-2026 08:55:40,17.3687625,1379.63,5.68051138518898,5.35071073450125,0.411593133423173,Relaksasi
22-09-2026 08:55:40,17.3690134,1382.05,6.16448208981055,5.36305771673684,0.41254290128745,Relaksasi
22-09-2026 08:55:40,17.3692638,1371.58,-6.33358649407771,5.33527559899263,0.410405815307125,Relaksasi
22-09-2026 08:55:40,17.3695707,1369.16,-8.20594453565982,5.36597088064924,0.412766990819172,Relaksasi
22-09-2026 08:55:40,17.3955848,1365.93,-10.3846884131539,5.41169529913476,0.416284253779597,Relaksasi
22-09-2026 08:55:40,17.3960962,1379.63,4.82595128414257,5.4221990848166,0.417092237293584,Relaksasi
22-09-2026 08:55:40,17.4331983,1378.83,2.540905680462,5.41614787693523,0.416626759764249,Relaksasi
22-09-2026 08:55:40,17.4337211,1377.22,-0.0797955688169711,5.40678981777446,0.415906909059574,Relaksasi
22-09-2026 08:55:40,17.4509812,1373.99,-3.68288964806702,5.39578766273778,0.415060589441367,Relaksasi
22-09-2026 08:55:40,17.4512858,1382.05,4.86556047390427,5.40638690523361,0.415875915787201,Relaksasi
22-09-2026 08:55:40,17.4515557,1378.02,-0.172857817676125,5.40332207046865,0.415640159266819,Relaksasi
22-09-2026 08:55:40,17.4862134,1373.99,-4.02686388158483,5.39261674124607,0.414816672403544,Relaksasi
22-09-2026 08:55:40,17.4865264,1379.63,2.73209081027575,5.3906576488492,0.4146659729884,Relaksasi
22-09-2026 08:55:40,17.4867937,1374.8,-2.16341555629996,5.3927664000048,0.414828184615754,Relaksasi
22-09-2026 08:55:40,17.5114952,1357.88,-18.1115887241885,5.53430400189114,0.425715692453164,Relaksasi
22-09-2026 08:55:40,17.5754285,1373.19,1.21581871838218,5.52956730169647,0.425351330899728,Relaksasi
22-09-2026 08:55:40,17.5757902,1370.77,-1.24088932015851,5.52943152439131,0.42534088649164,Relaksasi
22-09-2026 08:55:40,17.57606,1366.74,-5.21861854941199,5.52451194391188,0.424962457223991,Relaksasi
22-09-2026 08:55:40,17.6008521,1376.41,4.87734893677426,5.53126508375836,0.425481929519874,Relaksasi
22-09-2026 08:55:40,17.6011593,1374.8,1.34918078619565,5.51683881358545,0.42437221642965,Relaksasi
22-09-2026 08:55:40,17.6014281,1368.35,-6.5860280534916,5.53165153301176,0.42551165638552,Relaksasi
22-09-2026 08:55:40,17.6016895,1378.02,3.01611947341915,5.53430627403845,0.425715867233727,Relaksasi
22-09-2026 08:55:40,17.6019481,1378.83,1.84813856502986,5.48600344276498,0.422000264828075,Relaksasi
22-09-2026 08:55:40,17.6022175,1380.44,1.81021897493678,5.45165796938401,0.419358305337231,Relaksasi
22-09-2026 08:55:40,17.6024718,1369.96,-10.0410330835945,5.4839475114666,0.421842116266661,Relaksasi
22-09-2026 08:55:40,17.6027423,1367.55,-11.1643525278131,5.53626941683065,0.425866878217742,Relaksasi
22-09-2026 08:55:40,17.6029965,1380.44,3.50624154899074,5.5376551418529,0.425973472450223,Relaksasi
22-09-2026 08:55:40,17.603249,1373.99,-3.84749132088381,5.50866611597487,0.423743547382683,Relaksasi
22-09-2026 08:55:40,17.6668,1374.8,-2.35091147986582,5.48814506610342,0.422165005084879,Relaksasi
22-09-2026 08:55:40,17.6671233,1373.99,-2.63310179374446,5.47725369817213,0.421327207551702,Relaksasi
22-09-2026 08:55:40,17.6673864,1371.58,-4.38770199490049,5.48544516924198,0.421957320710921,Relaksasi
22-09-2026 08:55:40,17.7011625,1375.6,0.631261449240025,5.48455765316693,0.42188905024361,Relaksasi
22-09-2026 08:55:40,17.7015505,1377.22,2.20796542063805,5.48140646315637,0.421646651012029,Relaksasi
22-09-2026 08:55:40,17.7018259,1371.58,-3.85965582663264,5.43969652955536,0.418438194581181,Relaksasi
22-09-2026 08:55:40,17.7341684,1374.8,0.0439601542147443,5.43046551098762,0.417728116229817,Relaksasi
22-09-2026 08:55:40,17.7344891,1372.38,-2.54346365217895,5.42014142259885,0.416933955584527,Relaksasi
22-09-2026 08:55:40,17.7592457,1379.63,4.93830565352468,5.41854480415716,0.41681113878132,Relaksasi
22-09-2026 08:55:40,17.7597493,1374.8,-1.19814673668446,5.41730526465266,0.416715789588666,Relaksasi
22-09-2026 08:55:40,17.8094386,1365.13,-10.9961773856508,5.47276463752077,0.420981895193905,Relaksasi
22-09-2026 08:55:40,17.8097746,1369.16,-5.20548353644001,5.48512739104321,0.421932876234093,Relaksasi
22-09-2026 08:55:40,17.9313428,1369.96,-3.89149541762405,5.49199291486478,0.422460993451137,Relaksasi
22-09-2026 08:55:40,17.9316598,1372.38,-1.40422932863512,5.46017377093839,0.420013366995261,Relaksasi
22-09-2026 08:55:40,17.9319294,1371.58,-2.81371812469778,5.45407804716375,0.419544465166442,Relaksasi
22-09-2026 08:55:40,17.9321936,1378.83,3.95038046184113,5.46104966675653,0.420080743596656,Relaksasi
22-09-2026 08:55:40,17.9324547,1376.41,-0.33878103196466,5.38286999844576,0.414066922957366,Relaksasi
22-09-2026 08:55:40,17.9327227,1369.96,-7.75721032682024,5.40988640513566,0.416145108087358,Relaksasi
22-09-2026 08:55:40,17.9329793,1379.63,2.53601760458519,5.41168541517466,0.416283493474974,Relaksasi
22-09-2026 08:55:40,17.9332521,1370.77,-7.53749299555643,5.43750630352415,0.418269715655704,Relaksasi
22-09-2026 08:55:40,17.9335086,1379.63,2.26285363193636,5.43381907556946,0.417986082736112,Relaksasi
22-09-2026 08:55:40,17.9337618,1379.63,1.48690608895143,5.42355174720492,0.417196288246532,Relaksasi
22-09-2026 08:55:40,17.9340147,1357.88,-20.6697206200239,5.61618579229881,0.432014291715293,Relaksasi
22-09-2026 08:55:40,18.0030838,1380.44,5.95978776939069,5.57123575640462,0.428556596646509,Relaksasi
22-09-2026 08:55:40,18.0034075,1379.63,4.02208685150405,5.57428014028792,0.428790780022147,Relaksasi
22-09-2026 08:55:40,18.0037278,1379.63,3.23574306021928,5.55890135615168,0.427607796627052,Relaksasi
22-09-2026 08:55:40,18.0039845,1370.77,-6.21086249244191,5.55261929901907,0.427124561463006,Relaksasi
22-09-2026 08:55:40,18.0042408,1377.22,1.55713706533803,5.53356668730586,0.425658975946605,Relaksasi
22-09-2026 08:55:40,18.0437003,1373.99,-1.85168962080605,5.52093227173643,0.424687097825879,Relaksasi
22-09-2026 08:55:40,18.0440152,1374.8,-0.57552046634174,5.51262965755427,0.424048435196482,Relaksasi
22-09-2026 08:55:40,18.0442826,1371.58,-3.62040622451644,5.51847448647937,0.42449803742149,Relaksasi
22-09-2026 08:55:40,18.1116005,1382.05,7.53815553027284,5.54117318103881,0.426244090849139,Relaksasi
22-09-2026 08:55:40,18.1119224,1369.96,-6.11824929195255,5.55027720106403,0.426944400081849,Relaksasi
22-09-2026 08:55:40,18.1121864,1380.44,5.4114392190692,5.5539275283498,0.427225194488446,Relaksasi
22-09-2026 08:55:40,18.1124418,1373.99,-2.26332375580556,5.54285841693059,0.426373724379276,Relaksasi
22-09-2026 08:55:40,18.1126952,1379.63,3.64781760157875,5.54808697809632,0.426775921392024,Relaksasi
22-09-2026 08:55:40,18.1129475,1366.74,-10.0842487805545,5.59290888219092,0.430223760168532,Relaksasi
22-09-2026 08:55:40,18.1132008,1374.8,-0.161984476812382,5.5928294457297,0.430217649671516,Relaksasi
22-09-2026 08:55:40,18.1981491,1375.6,0.525899670495846,5.59206847377775,0.430159113367519,Relaksasi
22-09-2026 08:55:40,18.2236227,1378.02,2.62476521974908,5.5950003327026,0.430384640977123,Relaksasi
22-09-2026 08:55:40,18.2241225,1371.58,-4.5824829150389,5.60410737694009,0.431085182841545,Relaksasi
22-09-2026 08:55:40,18.224597,1379.63,4.09894337428474,5.60643309019466,0.431264083861127,Relaksasi
22-09-2026 08:55:40,18.2252437,1373.19,-3.39344687113427,5.60138995444455,0.430876150341888,Relaksasi
22-09-2026 08:55:40,18.2260566,1374.8,-1.34203005356224,5.57523533183476,0.428864256294981,Relaksasi
22-09-2026 08:55:40,18.2265551,1367.55,-8.51377193966229,5.5835989916639,0.429507614743377,Relaksasi
22-09-2026 08:55:40,18.2269359,1371.58,-3.02241741274826,5.5765150385367,0.428962695272054,Relaksasi
22-09-2026 08:55:40,18.2547837,1379.63,5.32183730464935,5.56936562866932,0.42841274066687,Relaksasi
22-09-2026 08:55:40,18.2550773,1362.71,-13.0436256938098,5.63600346036603,0.433538727720464,Relaksasi
22-09-2026 08:55:40,18.2763598,1378.02,4.30141262949459,5.64412107761325,0.434163159816404,Relaksasi
22-09-2026 08:55:40,18.293921,1377.22,2.02908823027103,5.62958454658024,0.433044965121557,Relaksasi
22-09-2026 08:55:40,18.2942258,1374.8,-1.49869845416595,5.62082838104301,0.432371413926386,Relaksasi
22-09-2026 08:55:40,18.2944926,1373.99,-2.7042262777256,5.61194410292268,0.431688007917129,Relaksasi
22-09-2026 08:55:40,18.3246614,1372.38,-4.39975267284233,5.62046859499407,0.432343738076467,Relaksasi
22-09-2026 08:55:40,18.3472247,1378.02,1.56655227878399,5.61646669695787,0.43203589976599,Relaksasi
22-09-2026 08:55:40,18.3475729,1368.35,-8.85426108057368,5.6442874959208,0.434175961224677,Relaksasi
22-09-2026 08:55:40,18.3478834,1372.38,-3.46294347716539,5.64914997798053,0.434549998306195,Relaksasi
22-09-2026 08:55:40,18.3482311,1370.77,-4.73819424877637,5.65510208330144,0.435007852561649,Relaksasi
22-09-2026 08:55:40,18.3489285,1374.8,-0.165863526318176,5.64715003613037,0.434396156625413,Relaksasi
22-09-2026 08:55:40,18.3857183,1364.32,-11.0610450518016,5.689210628033,0.437631586771769,Relaksasi
22-09-2026 08:55:40,18.4013789,1369.16,-4.61196845029941,5.69025986206311,0.437712297081778,Relaksasi
22-09-2026 08:55:40,18.4016761,1369.16,-4.43291310569375,5.66815014166814,0.436011549359088,Relaksasi
22-09-2026 08:55:40,18.4019885,1365.13,-8.54013999883392,5.69575204124578,0.438134772403521,Relaksasi
22-09-2026 08:55:40,18.4022551,1370.77,-2.41082812774832,5.52974215067119,0.425364780820861,Relaksasi
22-09-2026 08:55:40,18.4025086,1374.8,0.680887743608286,5.52183538092247,0.424756567763267,Relaksasi
22-09-2026 08:55:40,18.4027599,1365.13,-10.6866566465336,5.5554120955935,0.427339391968731,Relaksasi
22-09-2026 08:55:40,18.40301,1366.74,-8.6176323769185,5.58780688528725,0.42983129886825,Relaksasi
22-09-2026 08:55:40,18.4094308,1375.6,0.259642821808706,5.58313927325082,0.429472251788525,Relaksasi
22-09-2026 08:55:40,18.4100518,1374.8,-2.26196554087874,5.53263395441218,0.425587227262475,Relaksasi
22-09-2026 08:55:40,18.435234,1368.35,-9.83761374255661,5.4017483560189,0.415519104309146,Relaksasi
22-09-2026 08:55:40,18.4355444,1375.6,-2.0452471658299,5.39993282470152,0.415379448053963,Relaksasi
22-09-2026 08:55:40,18.4358168,1369.96,-8.44952579046875,5.42812408619725,0.417548006630558,Relaksasi
22-09-2026 08:55:40,18.4361522,1366.74,-10.9669208664469,5.47002038272633,0.420770798671256,Relaksasi
22-09-2026 08:55:40,18.4364187,1384.47,8.12581580047447,5.46237653337122,0.420182810259324,Relaksasi
22-09-2026 08:55:40,18.4623212,1375.6,-2.96466933804014,5.44790564377327,0.419069664905636,Relaksasi
22-09-2026 08:55:40,18.4627914,1381.25,2.83613587308392,5.4405193061542,0.418501485088785,Relaksasi
22-09-2026 08:55:40,18.5095663,1374.8,-4.31710132641767,5.4162229592241,0.41663253532493,Relaksasi
22-09-2026 08:55:40,18.5098705,1379.63,1.48723638063607,5.40614373027904,0.415857210021464,Relaksasi
22-09-2026 08:55:40,18.5101378,1367.55,-10.4993916768513,5.45520603023922,0.419631233095324,Relaksasi
22-09-2026 08:55:40,18.5104751,1372.38,-3.08330908633672,5.44661011042048,0.418970008493883,Relaksasi
22-09-2026 08:55:40,18.5184631,1366.74,-7.58574169561821,5.46316333917104,0.420243333782387,Relaksasi
22-09-2026 08:55:40,18.57559,1375.6,3.11742673984804,5.46289241243763,0.420222493264433,Relaksasi
22-09-2026 08:55:40,18.6146281,1377.22,4.21444823861475,5.46308427602925,0.42023725200225,Relaksasi
22-09-2026 08:55:40,18.6150671,1373.99,-0.0285483060572478,5.46122054620882,0.42009388816991,Relaksasi
22-09-2026 08:55:40,18.6648891,1377.22,2.81309625283796,5.46167229314704,0.420128637934388,Relaksasi
22-09-2026 08:55:40,18.6651961,1374.8,-0.679285406727011,5.46050465845961,0.420038819881509,Relaksasi
22-09-2026 08:55:40,18.6654601,1368.35,-7.57651816305759,5.48661669848533,0.422047438345026,Relaksasi
22-09-2026 08:55:40,18.665719,1379.63,4.57355535823508,5.4565108356442,0.419731602741861,Relaksasi
22-09-2026 08:55:40,18.6659764,1377.22,0.644210755846768,5.45655516979438,0.419735013061106,Relaksasi
22-09-2026 08:55:40,18.6662353,1361.1,-16.1799082078245,5.5751225733448,0.428855582564985,Relaksasi
22-09-2026 08:55:40,18.6664913,1364.32,-10.326315342918,5.62260711285262,0.432508239450202,Relaksasi
22-09-2026 08:55:40,18.6824131,1369.96,-3.2828071990505,5.60010543389827,0.430777341069097,Relaksasi
22-09-2026 08:55:40,18.6923178,1378.83,5.39565884861137,5.61273377831307,0.431748752177929,Relaksasi
22-09-2026 08:55:40,18.6926097,1367.55,-7.9646443120619,5.62820136477065,0.432938566520819,Relaksasi
22-09-2026 08:55:40,18.7128054,1369.16,-5.92989288819606,5.6190540830703,0.432234929466946,Relaksasi
22-09-2026 08:55:40,18.7774687,1368.35,-6.77715482924629,5.63449316895974,0.433422551458442,Relaksasi
22-09-2026 08:55:40,18.8353045,1379.63,4.55497889174073,5.63939722456297,0.433799786504844,Relaksasi
22-09-2026 08:55:40,18.8356072,1379.63,2.37492537034314,5.63238036814532,0.433260028318871,Relaksasi
22-09-2026 08:55:40,18.902417,1376.41,-2.47614033697144,5.63331177734502,0.433331675180386,Relaksasi
22-09-2026 08:55:40,18.9271152,1373.19,-6.11004079315007,5.64693162704433,0.434379355926487,Relaksasi
22-09-2026 08:55:40,19.6365372,1375.6,-3.08675408043449,5.65080644316539,0.43467741870503,Relaksasi
22-09-2026 08:55:40,19.6367582,1368.35,-10.0218173677101,5.65856087105137,0.435273913157798,Relaksasi
22-09-2026 08:55:40,19.6369723,1376.41,-0.0825069532389939,5.65459047844396,0.434968498341843,Relaksasi
22-09-2026 08:55:40,19.6371528,1377.22,0.778985953669502,5.64447391711365,0.434190301316435,Relaksasi
22-09-2026 08:55:40,19.6373287,1372.38,-4.11777584130662,5.65111962529643,0.434701509638187,Relaksasi
22-09-2026 08:55:40,19.6375046,1379.63,4.06786699689143,5.65752812750786,0.435194471346758,Relaksasi
22-09-2026 08:55:40,19.6376781,1378.02,1.80694069494173,5.61465329017713,0.431896406936702,Relaksasi
22-09-2026 08:55:40,19.6378512,1379.63,3.22848833227382,5.59511724102153,0.430393633924733,Relaksasi
22-09-2026 08:55:40,19.638024,1377.22,0.410986513057816,5.55547843190508,0.427344494761929,Relaksasi
22-09-2026 08:55:40,19.6869602,1353.04,-23.5496609013482,5.79094862721355,0.445457586708735,Relaksasi
22-09-2026 08:55:40,19.7111487,1378.83,7.08733495563175,5.80277681407429,0.446367447236484,Relaksasi
22-09-2026 08:55:40,19.7114047,1378.83,5.70749043987573,5.7857508790553,0.445057759927331,Relaksasi
22-09-2026 08:55:40,19.7116214,1374.8,0.289365582990969,5.78043848278886,0.444649114060681,Relaksasi
22-09-2026 08:55:40,19.7200188,1372.38,-2.62274215014142,5.78092305623594,0.444686388941226,Relaksasi
22-09-2026 08:55:40,19.7202669,1375.6,0.573810258454986,5.74459736991584,0.441892105378141,Relaksasi
22-09-2026 08:55:40,19.7603019,1379.63,3.88999715352642,5.73310255509736,0.441007888853643,Relaksasi
22-09-2026 08:55:40,19.7605435,1379.63,2.53226026168232,5.71438611982934,0.439568163063795,Relaksasi
22-09-2026 08:55:40,19.7607444,1372.38,-5.69816325645014,5.72769178811128,0.44059167600856,Relaksasi
22-09-2026 08:55:40,19.7609227,1372.38,-4.89775314159645,5.73815066210188,0.441396204777068,Relaksasi
22-09-2026 08:55:40,19.7610985,1371.58,-4.91088663211707,5.73068265567081,0.440821742743908,Relaksasi
22-09-2026 08:55:40,19.7612728,1368.35,-7.29001164421038,5.75357552378339,0.442582732598722,Relaksasi
22-09-2026 08:55:40,19.7614436,1378.83,4.47162335588005,5.70035538469733,0.438488875745948,Relaksasi
22-09-2026 08:55:40,19.7616191,1379.63,4.16933333054742,5.68774768635804,0.437519052796772,Relaksasi
22-09-2026 08:55:40,19.7617899,1378.83,2.28322773727488,5.6733673843913,0.436412875722408,Relaksasi
22-09-2026 08:55:40,19.7754589,1377.22,0.0109456570425372,5.66450527495129,0.435731174996253,Relaksasi
22-09-2026 08:55:40,19.7832674,1375.6,-1.70883045261502,5.63273597064298,0.433287382357152,Relaksasi
22-09-2026 08:55:40,19.7835001,1369.16,-7.78094655101541,5.6582691480443,0.435251472926485,Relaksasi
22-09-2026 08:55:40,19.7836796,1372.38,-2.93318602186355,5.66204757112001,0.435542120855385,Relaksasi
22-09-2026 08:55:40,19.7838543,1370.77,-3.89068631386105,5.66805031567591,0.436003870436608,Relaksasi
22-09-2026 08:55:40,19.7840273,1377.22,3.27588323429093,5.67131088097538,0.436254683151953,Relaksasi
22-09-2026 08:55:40,19.7842002,1364.32,-10.4587077865446,5.70284021063628,0.438680016202791,Relaksasi
22-09-2026 08:55:40,19.8092046,1367.55,-5.55864112035879,5.71422704788153,0.439555926760118,Relaksasi
22-09-2026 08:55:40,19.8503215,1380.44,7.80098511093342,5.73942203165679,0.441494002435138,Relaksasi
22-09-2026 08:55:40,19.8505479,1379.63,4.60406136980231,5.74737406969204,0.442105697668618,Relaksasi
22-09-2026 08:55:40,19.8507876,1379.63,2.7406563978712,5.75036264965581,0.442335588435062,Relaksasi
22-09-2026 08:55:40,19.8509725,1377.22,-1.07980156570598,5.74635708417907,0.442027468013775,Relaksasi
22-09-2026 08:55:40,19.9698866,1374.8,-3.94659972458428,5.74836784170221,0.442182141669401,Relaksasi
22-09-2026 08:55:40,19.9777503,1375.6,-2.76659196104571,5.75015353945614,0.442319503035088,Relaksasi
22-09-2026 08:55:40,19.977946,1367.55,-10.4161185474004,5.78655029994304,0.445119253841773,Relaksasi
22-09-2026 08:55:40,19.9781239,1375.6,-0.305152715261141,5.76101534696369,0.443155026689515,Relaksasi
22-09-2026 08:55:40,19.9783602,1379.63,3.86793380058327,5.73386230583621,0.44106633121817,Relaksasi
22-09-2026 08:55:40,19.9786217,1372.38,-4.04355002166584,5.7270631999403,0.44054332307233,Relaksasi
22-09-2026 08:55:40,19.9788408,1368.35,-7.17711345010477,5.74638720005764,0.442029784619818,Relaksasi
22-09-2026 08:55:40,19.979051,1378.83,4.76235131514252,5.75587189140935,0.442759376262257,Relaksasi
22-09-2026 08:55:40,20.0013862,1365.93,-9.12441651045181,5.79190031816241,0.445530793704801,Relaksasi
22-09-2026 08:55:40,20.0017975,1370.77,-2.71090670534432,5.77978894220346,0.444599149400266,Relaksasi
22-09-2026 08:55:40,20.0019826,1379.63,6.27044668209702,5.79223318586233,0.445556398912487,Relaksasi
22-09-2026 08:55:40,20.0021549,1368.35,-6.84202333309454,5.81034309271906,0.446949468670697,Relaksasi
22-09-2026 08:55:40,20.0023403,1378.83,4.23165533588622,5.81370952995251,0.447208425380963,Relaksasi
22-09-2026 08:55:40,20.0025254,1374.8,-1.4343388698682,5.79825523385529,0.446019633373484,Relaksasi
22-09-2026 08:55:40,20.0027186,1382.05,5.29187165038429,5.8091078834487,0.446854452572977,Relaksasi
22-09-2026 08:55:40,20.0028972,1370.77,-7.70438110776784,5.80159036126052,0.446276181635424,Relaksasi
22-09-2026 08:55:40,20.0030674,1373.19,-4.27508419306066,5.79924845167765,0.446096034744435,Relaksasi
22-09-2026 08:55:40,20.0032451,1366.74,-10.2106136791485,5.83869457690817,0.449130352069859,Relaksasi
22-09-2026 08:55:40,20.0369651,1375.6,0.399241688415632,5.83594410358159,0.448918777198584,Relaksasi
22-09-2026 08:55:40,20.0376649,1380.44,4.90732885508475,5.84122063936572,0.449324664566594,Relaksasi
22-09-2026 08:55:40,20.0379689,1375.6,-1.15547885378281,5.83695847937341,0.448996806105647,Relaksasi
22-09-2026 08:55:40,20.0382188,1374.8,-1.93973338246062,5.83564875488962,0.448896058068433,Relaksasi
22-09-2026 08:55:40,20.0528123,1369.96,-6.52973539608524,5.8530656315665,0.450235817812808,Relaksasi
22-09-2026 08:55:40,20.0530507,1377.22,1.91410546512275,5.85375062004294,0.450288509234073,Relaksasi
22-09-2026 08:55:40,20.0532374,1377.22,1.4376922520532,5.83156946897904,0.448582266844541,Relaksasi
22-09-2026 08:55:40,20.0775976,1377.22,1.04260855114468,5.78973128504771,0.44536394500367,Relaksasi
22-09-2026 08:55:40,20.0778276,1373.99,-2.47784121708489,5.79020495539935,0.445400381184565,Relaksasi
22-09-2026 08:55:40,20.12914,1369.96,-6.07066237033832,5.80446487791159,0.446497298300892,Relaksasi
22-09-2026 08:55:40,20.1626526,1375.6,0.705860717833819,5.8044700785212,0.446497698347785,Relaksasi
22-09-2026 08:55:40,20.1628707,1381.25,6.10886994165534,5.81675755404784,0.447442888772911,Relaksasi
22-09-2026 08:55:40,20.1630998,1369.16,-7.32763156004664,5.83023646559719,0.448479728122861,Relaksasi
22-09-2026 08:55:40,20.1632907,1369.16,-6.05949262425125,5.83453737649933,0.448810567423025,Relaksasi
22-09-2026 08:55:40,20.1634717,1369.16,-5.0949971706521,5.84555622000937,0.449658170769951,Relaksasi
22-09-2026 08:55:40,20.163648,1369.16,-4.47106827369784,5.84594668194246,0.449688206303266,Relaksasi
22-09-2026 08:55:40,20.1638307,1378.02,4.67579536656252,5.85479312696909,0.450368702074545,Relaksasi
22-09-2026 08:55:40,20.1640081,1374.8,-0.243776825001319,5.85188534603764,0.45014502661828,Relaksasi
22-09-2026 08:55:40,20.1641897,1367.55,-8.33975655097966,5.86696357090229,0.451304890069407,Relaksasi
22-09-2026 08:55:40,20.164366,1380.44,5.24589471693358,5.86493968862545,0.451149206817342,Relaksasi
22-09-2026 08:55:40,20.1645393,1379.63,2.48270120451915,5.85135303843399,0.450104079879537,Relaksasi
22-09-2026 08:55:40,20.1647131,1372.38,-6.07128051847164,5.84996265173297,0.449997127056383,Relaksasi
22-09-2026 08:55:40,20.1648862,1375.6,-2.27635039139244,5.82333961345043,0.447949201034649,Relaksasi
22-09-2026 08:55:40,20.1650992,1374.8,-3.02588171347203,5.78081787354602,0.444678297965079,Relaksasi
22-09-2026 08:55:40,20.1652817,1369.16,-8.28120865679009,5.80037053490646,0.446182348838959,Relaksasi
22-09-2026 08:55:40,20.1654571,1372.38,-3.5227740645639,5.80293606886857,0.446379697605275,Relaksasi
22-09-2026 08:55:40,20.1656301,1379.63,4.36520920192479,5.81113675967058,0.44701051997466,Relaksasi
22-09-2026 08:55:40,20.1658043,1373.99,-2.19599010922005,5.80737495961768,0.446721150739822,Relaksasi
22-09-2026 08:55:40,20.1659762,1378.83,3.0005325014975,5.80105606803029,0.446235082156176,Relaksasi
22-09-2026 08:55:40,20.1661456,1375.6,-0.865187090415761,5.8013657744373,0.446258905725946,Relaksasi
22-09-2026 08:55:40,20.1663185,1376.41,0.10172263566373,5.79437817394425,0.445721397995711,Relaksasi
22-09-2026 08:55:40,20.1664909,1370.77,-5.52250161910241,5.8043076195502,0.446485201503861,Relaksasi
22-09-2026 08:55:40,20.177264,1375.6,0.434099778701752,5.8023725596614,0.446336350743185,Relaksasi
22-09-2026 08:55:40,20.1774523,1369.16,-6.08036828851059,5.67558221534676,0.436583247334366,Relaksasi
22-09-2026 08:55:40,20.1776345,1378.02,3.88226335921491,5.68156688346904,0.437043606420696,Relaksasi
22-09-2026 08:55:40,20.1778449,1366.74,-8.35869262866101,5.71155337295467,0.439350259458052,Relaksasi
22-09-2026 08:55:40,20.1780178,1379.63,5.82209701998709,5.71446901320143,0.439574539477033,Relaksasi
22-09-2026 08:55:40,20.2207661,1377.22,1.80515270288105,5.70548037600583,0.438883105846602,Relaksasi
22-09-2026 08:55:40,20.2210025,1378.83,2.52619157293759,5.70747869871928,0.439036822978406,Relaksasi
22-09-2026 08:55:40,20.2598229,1373.99,-3.29813782411184,5.69322604805585,0.437940465235065,Relaksasi
22-09-2026 08:55:40,20.2600405,1368.35,-8.67663179812483,5.7222161482832,0.440170472944862,Relaksasi
22-09-2026 08:55:40,20.2602685,1375.6,-0.028460618015874,5.72072404656344,0.440055695889495,Relaksasi
22-09-2026 08:55:40,20.2604542,1371.58,-4.31738078656373,5.72743380909147,0.440571831468575,Relaksasi
22-09-2026 08:55:40,20.2606331,1379.63,4.28188509506034,5.69131434823551,0.437793411402731,Relaksasi
22-09-2026 08:55:40,20.2608144,1380.44,3.95499865296342,5.64323092255931,0.434094686350716,Relaksasi
22-09-2026 08:55:40,20.2609893,1370.77,-6.73071573307066,5.65783521037219,0.435218093105553,Relaksasi
22-09-2026 08:55:40,20.2611666,1377.22,0.894602373584394,5.65164444099591,0.434741880076609,Relaksasi
22-09-2026 08:55:40,20.2613458,1369.16,-7.3948027804517,5.6733470283703,0.436411309874638,Relaksasi
22-09-2026 08:55:40,20.2615219,1378.83,3.68907357751338,5.67628810917298,0.43663754685946,Relaksasi
22-09-2026 08:55:40,20.2760587,1374.8,-1.10543416797081,5.66834164265501,0.436026280204231,Relaksasi
22-09-2026 08:55:40,20.3067935,1367.55,-8.20558459737037,5.6977857642854,0.438291212637339,Relaksasi
22-09-2026 08:55:40,20.3070999,1375.6,1.33352636415021,5.69642682056209,0.438186678504776,Relaksasi
22-09-2026 08:55:40,20.3073344,1373.19,-1.55734114907786,5.69095074339885,0.437765441799911,Relaksasi
22-09-2026 08:55:40,20.3075402,1379.63,4.8411902854701,5.70123638504989,0.438556645003838,Relaksasi
22-09-2026 08:55:40,20.3077138,1371.58,-4.5731579307137,5.70756683261468,0.439043602508822,Relaksasi
22-09-2026 08:55:40,20.3079913,1378.83,3.12960252784296,5.70117153706468,0.438551656697283,Relaksasi
22-09-2026 08:55:40,20.3081831,1387.69,10.9612740462998,5.75299285247372,0.442537911728748,Relaksasi
22-09-2026 08:55:40,20.3083629,1382.05,2.88636862211917,5.70385858820536,0.438758352938874,Relaksasi
22-09-2026 08:55:40,20.3085386,1365.93,-13.8128123638624,5.77516116026208,0.444243166174006,Relaksasi
22-09-2026 08:55:40,20.3087122,1379.63,2.86256630676156,5.77215204004327,0.444011695387944,Relaksasi
22-09-2026 08:55:40,20.3088838,1377.22,0.346563942414409,5.77134996393128,0.443949997225483,Relaksasi
22-09-2026 08:55:40,20.309054,1374.8,-1.6035491707757,5.76903390590304,0.443771838915618,Relaksasi
22-09-2026 08:55:40,20.3092249,1369.16,-6.35087572764752,5.77973985496168,0.444595373458591,Relaksasi
22-09-2026 08:55:40,20.3093975,1377.22,3.46967685543626,5.78489517757238,0.444991936736337,Relaksasi
22-09-2026 08:55:40,20.3225076,1372.38,-1.68419872620527,5.76006278455142,0.443081752657801,Relaksasi
22-09-2026 08:55:40,20.3947112,1377.22,3.6444522382633,5.76303535613875,0.443310412010673,Relaksasi
22-09-2026 08:55:40,20.4023076,1372.38,-1.94500881726733,5.73998456525026,0.44153727425002,Relaksasi
22-09-2026 08:55:40,20.4025012,1374.8,0.636402932257132,5.73793040389776,0.441379261838289,Relaksasi
22-09-2026 08:55:40,20.402679,1369.96,-4.70012391350415,5.74658565544785,0.442045050419065,Relaksasi
22-09-2026 08:55:40,20.4028528,1372.38,-1.88044988876362,5.55920321644843,0.427631016649879,Relaksasi
22-09-2026 08:55:40,20.4031512,1369.96,-4.59397184346188,5.55271716702573,0.42713208977121,Relaksasi
22-09-2026 08:55:40,20.4033773,1367.55,-6.91007719145937,5.56691367435644,0.428224128796649,Relaksasi
22-09-2026 08:55:40,20.4262346,1380.44,6.37702324983873,5.58045785035805,0.429265988489081,Relaksasi
22-09-2026 08:55:40,20.4264821,1372.38,-3.98895818511599,5.57029574548208,0.428484288114006,Relaksasi
22-09-2026 08:55:40,20.4266778,1379.63,2.97397995539551,5.57317630232617,0.428705869409705,Relaksasi
22-09-2026 08:55:40,20.4268553,1379.63,1.43997127539752,5.57256834062363,0.428659103124895,Relaksasi
22-09-2026 08:55:40,20.4270265,1379.63,0.423919269485439,5.57250036604935,0.428653874311488,Relaksasi
22-09-2026 08:55:40,20.4640769,1371.58,-8.12291488572776,5.59617122278004,0.430474709444618,Relaksasi
22-09-2026 08:55:40,20.4711843,1369.16,-9.03924301920361,5.60727678846689,0.431328983728222,Relaksasi
22-09-2026 08:55:40,20.4714587,1370.77,-5.52185753094514,5.60418082001709,0.431090832309007,Relaksasi
22-09-2026 08:55:40,20.4971213,1378.83,3.81938457477459,5.59762117188982,0.430586243991525,Relaksasi
22-09-2026 08:55:40,20.4973466,1367.55,-8.03944019850887,5.62413660977383,0.432625893059525,Relaksasi
22-09-2026 08:55:40,20.497548,1373.99,0.0488460662562211,5.61821961735364,0.432170739796434,Relaksasi
22-09-2026 08:55:40,20.4977264,1367.55,-6.46876255328811,5.59152535059359,0.430117334661046,Relaksasi
22-09-2026 08:55:40,20.4978996,1372.38,-0.658171964768325,5.59170729770016,0.43013133059232,Relaksasi
22-09-2026 08:55:40,20.4980736,1372.38,-1.05895485342588,5.59208499378756,0.430160384137505,Relaksasi
22-09-2026 08:55:40,20.4982712,1374.8,0.798365849693831,5.58928927106119,0.429945328543169,Relaksasi
22-09-2026 08:55:40,20.5061638,1379.63,4.52943697423178,5.5890730719668,0.4299286978436,Relaksasi
22-09-2026 08:55:40,20.5538888,1372.38,-4.60497163235232,5.59104283104058,0.430080217772352,Relaksasi
22-09-2026 08:55:40,20.5541194,1378.02,0.995970353021885,5.58633532066548,0.429718101589652,Relaksasi
22-09-2026 08:55:40,20.5543481,1371.58,-6.43481390880789,5.60403169528834,0.431079361176026,Relaksasi
22-09-2026 08:55:40,20.5545836,1376.41,-0.972741415193303,5.57202663381086,0.428617433370066,Relaksasi
22-09-2026 08:55:40,20.5547709,1379.63,1.98951923702891,5.56970346668345,0.428438728206419,Relaksasi
22-09-2026 08:55:40,20.5549483,1367.55,-10.7384643144705,5.60861480442949,0.431431908033038,Relaksasi
22-09-2026 08:55:40,20.5551255,1367.55,-8.72942706179125,5.56658725364116,0.428199019510859,Relaksasi
22-09-2026 08:55:40,20.5552994,1372.38,-2.23048603792406,5.56050881117738,0.427731447013644,Relaksasi
22-09-2026 08:55:40,20.555474,1380.44,6.14053621757439,5.57558993911378,0.428891533777983,Relaksasi
22-09-2026 08:55:40,20.5556466,1373.99,-1.74426957897728,5.57594701065971,0.428919000819978,Relaksasi
22-09-2026 08:55:40,20.5558207,1378.83,3.14581877571831,5.5771051402791,0.429008087713777,Relaksasi
22-09-2026 08:55:40,20.5559894,1370.77,-5.81236489582563,5.58356790558043,0.429505223506187,Relaksasi
22-09-2026 08:55:40,20.5561729,1378.02,2.31216446056536,5.5848626347011,0.42960481805393,Relaksasi
22-09-2026 08:55:40,20.556343,1372.38,-4.01363039655514,5.5569098514252,0.427454603955785,Relaksasi
22-09-2026 08:55:40,20.5565158,1370.77,-5.05572082672236,5.56301076528034,0.427923905021565,Relaksasi
22-09-2026 08:55:40,20.5566866,1378.02,2.95661858049317,5.55684661638972,0.427449739722286,Relaksasi
22-09-2026 08:55:40,20.5692181,1373.99,-1.9132699701498,5.55848088729542,0.427575452868878,Relaksasi
22-09-2026 08:55:40,20.5694268,1357.07,-18.7445200001519,5.66054426150163,0.435426481653971,Relaksasi
22-09-2026 08:55:40,20.5696466,1370.77,-1.75960379587046,5.65251192825618,0.43480860986586,Relaksasi
22-09-2026 08:55:40,20.5698878,1372.38,-0.41873239539989,5.64389175925266,0.434145519942512,Relaksasi
22-09-2026 08:55:40,20.570128,1377.22,3.59652356593793,5.61725192090967,0.432096301608436,Relaksasi
22-09-2026 08:55:40,20.5703141,1374.8,-0.63208572225819,5.61484250388709,0.431910961837469,Relaksasi
22-09-2026 08:55:40,20.587888,1370.77,-5.71029306520242,5.6291363047374,0.4330104849798,Relaksasi
22-09-2026 08:55:40,20.5881296,1372.38,-4.12299595271365,5.58579876687646,0.429676828221266,Relaksasi
22-09-2026 08:55:40,20.6116625,1378.83,2.06524668443246,5.55438170676609,0.427260131289699,Relaksasi
22-09-2026 08:55:40,20.6119145,1378.83,0.71457023516152,5.55458118363465,0.427275475664204,Relaksasi
22-09-2026 08:55:40,20.6121382,1378.02,-0.970131650200918,5.55270163633353,0.427130895102579,Relaksasi
22-09-2026 08:55:40,20.6123236,1379.63,0.390583759147098,5.50902577773665,0.42377121367205,Relaksasi
22-09-2026 08:55:40,20.6124995,1379.63,0.212201366210676,5.50714762713143,0.423626740548572,Relaksasi
22-09-2026 08:55:40,20.6126862,1373.19,-6.02535124231126,5.49119539304207,0.422399645618621,Relaksasi
22-09-2026 08:55:40,20.6128754,1368.35,-9.14933067147473,5.4745238456684,0.421117218897569,Relaksasi
22-09-2026 08:55:40,20.6130497,1378.83,3.80136823198509,5.45091909010319,0.419301468469476,Relaksasi
22-09-2026 08:55:40,20.6132215,1378.02,2.91797083694247,5.45079309591348,0.419291776608729,Relaksasi
22-09-2026 08:55:40,20.613393,1372.38,-2.70367324672199,5.45045652089165,0.419265886222435,Relaksasi
22-09-2026 08:55:40,20.6135623,1381.25,7.17609391856145,5.46550739515167,0.420423645780898,Relaksasi
22-09-2026 08:55:40,20.6137367,1377.22,2.10107352289307,5.46651481987758,0.420501139990583,Relaksasi
22-09-2026 08:55:40,20.6139051,1367.55,-7.72395855138401,5.44333499121072,0.418718076246978,Relaksasi
22-09-2026 08:55:40,20.6140955,1377.22,3.6007515955657,5.44492322371899,0.418840247978384,Relaksasi
22-09-2026 08:55:40,20.614282,1373.99,-0.3476145646797,5.41849385957566,0.416807219967358,Relaksasi
22-09-2026 08:55:40,20.6144607,1376.41,1.95398045380071,5.41577087374795,0.416597759519073,Relaksasi
22-09-2026 08:55:40,20.6146416,1373.99,-1.16085200291242,5.40818862226718,0.416014509405168,Relaksasi
22-09-2026 08:55:40,20.6148203,1378.83,3.50568250176272,5.41386637699963,0.416451259769202,Relaksasi
22-09-2026 08:55:40,20.623037,1372.38,-4.05888179749902,5.41781821424444,0.416755247249572,Relaksasi
22-09-2026 08:55:40,20.6358256,1371.58,-4.47993639162282,5.42685877922438,0.417450675324953,Relaksasi
22-09-2026 08:55:40,20.6713925,1369.96,-5.62175297097133,5.41496062816732,0.416535432935947,Relaksasi
22-09-2026 08:55:40,20.6717713,1373.99,-0.923953413701028,5.40568959625702,0.415822276635156,Relaksasi
22-09-2026 08:55:40,20.6719636,1371.58,-3.65242631962484,5.41166389049552,0.416281837730425,Relaksasi
22-09-2026 08:55:40,20.6805154,1370.77,-4.32442903855549,5.29817537914446,0.407551952241881,Relaksasi
22-09-2026 08:55:40,20.7042882,1378.83,3.92594295498803,5.25495609361246,0.404227391816343,Relaksasi
22-09-2026 08:55:40,20.704681,1368.35,-8.02693980198241,5.28042027145447,0.406186174727267,Relaksasi
22-09-2026 08:55:40,20.7049739,1374.8,-0.727757197357899,5.26687010698249,0.405143854383269,Relaksasi
22-09-2026 08:55:40,20.7052405,1370.77,-5.32906790085794,5.25021311493136,0.403862547302412,Relaksasi
22-09-2026 08:55:40,20.7278584,1367.55,-8.22288203977712,5.26564322272885,0.40504947867145,Relaksasi
22-09-2026 08:55:40,20.7281256,1370.77,-4.13494183378022,5.25193660767304,0.403995123667157,Relaksasi
22-09-2026 08:55:40,20.7283344,1372.38,-2.5276044381475,5.24509703327535,0.403469002559642,Relaksasi
22-09-2026 08:55:40,20.7286583,1377.22,1.91036567972682,5.24414807390598,0.403396005685075,Relaksasi
22-09-2026 08:55:40,20.7288855,1378.83,2.21956403103699,5.24357368486886,0.40335182191299,Relaksasi
22-09-2026 08:55:40,20.7290993,1365.93,-11.9682765545971,5.29382661357699,0.407217431813615,Relaksasi
22-09-2026 08:55:40,20.7293096,1367.55,-8.73965793276734,5.32530450441658,0.409638808032045,Relaksasi
22-09-2026 08:55:40,20.7295145,1379.63,4.37814763086204,5.2870147372018,0.406693441323215,Relaksasi
22-09-2026 08:55:40,20.7296885,1364.32,-12.448164857103,5.35978309597976,0.412291007383059,Relaksasi
22-09-2026 08:55:40,20.7298587,1378.83,3.83276971889949,5.36634804675963,0.412796003596895,Relaksasi
22-09-2026 08:55:40,20.7300504,1375.6,-0.806217212946334,5.3587462060203,0.412211246616946,Relaksasi
22-09-2026 08:55:40,20.7302335,1369.16,-7.72143887521352,5.37880342479005,0.413754109599235,Relaksasi
22-09-2026 08:55:40,20.7304048,1363.52,-12.4224314528816,5.44855807761702,0.419119852124386,Relaksasi
22-09-2026 08:55:40,20.7305731,1367.55,-6.5508217259189,5.46344541173712,0.420265031672087,Relaksasi
22-09-2026 08:55:40,20.7431415,1379.63,6.08308558619912,5.48027470741267,0.421559592877897,Relaksasi
22-09-2026 08:55:40,20.7435463,1369.96,-5.66243595050605,5.23648681181691,0.40280667783207,Relaksasi
22-09-2026 08:55:40,20.7518502,1369.16,-6.32964647875638,5.23163116715963,0.402433166704587,Relaksasi
22-09-2026 08:55:40,20.7520935,1374.8,-0.466282465092988,5.21614556260424,0.401241966354172,Relaksasi
22-09-2026 08:55:40,20.7523183,1369.96,-6.25625644633006,5.23483138139941,0.402679337030724,Relaksasi
22-09-2026 08:55:40,20.752499,1367.55,-8.48122069092353,5.26580679780356,0.405062061369504,Relaksasi
22-09-2026 08:55:40,20.7526954,1367.55,-7.85616949559843,5.2948722304177,0.407297863878284,Relaksasi
22-09-2026 08:55:40,20.7528731,1390.92,15.9760777647199,5.40704973630705,0.41592690279285,Relaksasi
22-09-2026 08:55:40,20.7656885,1379.63,0.525870023660513,5.40421204590851,0.415708618916039,Relaksasi
22-09-2026 08:55:40,20.8049902,1371.58,-8.43263146970002,5.42205762438723,0.417081355722095,Relaksasi
22-09-2026 08:55:40,20.8052788,1378.83,0.0179725142097489,5.41098609941404,0.416229699954926,Relaksasi
22-09-2026 08:55:40,20.8054689,1377.22,-1.70935718849912,5.40118468860988,0.415475745277683,Relaksasi
22-09-2026 08:55:40,20.8056607,1382.05,3.6310368618115,5.38265704230442,0.414050541715724,Relaksasi
22-09-2026 08:55:40,20.8058359,1372.38,-6.2948022163679,5.39176617005977,0.414751243850752,Relaksasi
22-09-2026 08:55:40,20.806014,1371.58,-5.18914945497104,5.396189589963,0.415091506920231,Relaksasi
22-09-2026 08:55:40,20.806196,1365.93,-9.05476050129768,5.43164246660281,0.417818651277139,Relaksasi
22-09-2026 08:55:40,20.8063755,1387.69,15.139053160977,5.53612625750357,0.425855865961813,Relaksasi
22-09-2026 08:55:40,20.8065653,1369.96,-5.08235003309667,5.5464623717047,0.426650951669592,Relaksasi
22-09-2026 08:55:40,20.8067622,1371.58,-2.19193012915284,5.5212817337139,0.424713979516454,Relaksasi
22-09-2026 08:55:40,20.8069478,1375.6,2.34409817730571,5.51987391732572,0.424605685948132,Relaksasi
22-09-2026 08:55:40,20.8071371,1372.38,-1.47840163377969,5.51400482591031,0.424154217377716,Relaksasi
22-09-2026 08:55:40,20.830359,1377.22,3.28847536596361,5.51404230274863,0.424157100211433,Relaksasi
22-09-2026 08:55:40,20.830667,1370.77,-4.33110188542394,5.47279927380764,0.420984559523664,Relaksasi
22-09-2026 08:55:40,20.830969,1380.44,5.54238933156794,5.47271686033345,0.42097822002565,Relaksasi
22-09-2026 08:55:40,20.8312297,1365.93,-10.736739431051,5.49752133765068,0.42288625674236,Relaksasi
22-09-2026 08:55:40,20.8314872,1374.8,-0.462875894663057,5.48797095682086,0.422151612063143,Relaksasi
22-09-2026 08:55:40,20.8317395,1367.55,-8.32067944116142,5.51601647634107,0.424308959718544,Relaksasi
22-09-2026 08:55:40,20.8467157,1394.14,19.1560231006481,5.67938148175683,0.436875498596679,Relaksasi
22-09-2026 08:55:40,20.8470555,1375.6,-3.80892696562012,5.67891146185069,0.436839343219284,Relaksasi
22-09-2026 08:55:40,20.8474278,1369.16,-9.96361813271189,5.71910252291538,0.439930963301183,Relaksasi
22-09-2026 08:55:40,20.8476942,1378.02,0.671372898402034,5.67167609684237,0.436282776680182,Relaksasi
22-09-2026 08:55:40,20.8480561,1378.83,1.38001081258308,5.67247444294015,0.436344187918473,Relaksasi
22-09-2026 08:55:40,20.848537,1369.16,-8.37192500826094,5.69671900203094,0.43820915400238,Relaksasi
22-09-2026 08:55:40,20.8490758,1378.02,2.42315551036973,5.69211861413209,0.437855278010161,Relaksasi
22-09-2026 08:55:40,20.8619043,1371.58,-4.16038093538223,5.67707701001212,0.436698231539393,Relaksasi
22-09-2026 08:55:40,20.8739864,1378.83,4.18484434781025,5.67480114527733,0.436523165021333,Relaksasi
22-09-2026 08:55:40,20.8743254,1369.16,-6.09660502345399,5.65446161179116,0.434958585522397,Relaksasi
22-09-2026 08:55:40,20.8746224,1379.63,5.65636456360888,5.66534759249393,0.435795968653379,Relaksasi
22-09-2026 08:55:40,20.8750757,1370.77,-4.34085593601679,5.65630497649286,0.435100382807143,Relaksasi
22-09-2026 08:55:40,20.8754605,1372.38,-2.04229889460249,5.63742622962991,0.433648171509993,Relaksasi
22-09-2026 08:55:40,20.8757925,1371.58,-2.73204849821289,5.63279330395618,0.433291792612014,Relaksasi
22-09-2026 08:55:40,20.8760815,1373.19,-1.03297281491186,5.63235376457367,0.433257981890283,Relaksasi
22-09-2026 08:55:40,20.8763375,1377.22,2.60197298204948,5.62292101300411,0.4325323856157,Relaksasi
22-09-2026 08:55:40,20.8766285,1370.77,-5.05712384691958,5.6078806857163,0.431375437362792,Relaksasi
22-09-2026 08:55:40,20.8768961,1376.41,0.825578011121546,5.60003142457284,0.430771648044065,Relaksasi
22-09-2026 08:55:40,20.8771628,1379.63,3.14213642269785,5.55773640110553,0.427518184700426,Relaksasi
22-09-2026 08:55:40,20.8924135,1379.63,1.8580643036182,5.55921747634742,0.427632113565186,Relaksasi
22-09-2026 08:55:40,20.8928161,1378.83,0.203446709002699,5.54839585102612,0.426799680848163,Relaksasi
22-09-2026 08:55:40,20.9179624,1386.08,7.18269282992558,5.57099418813388,0.428538014471837,Relaksasi
22-09-2026 08:55:40,20.9182751,1379.63,-0.569602900879119,5.569451108823,0.428419316063308,Relaksasi
22-09-2026 08:55:40,20.9185422,1378.83,-0.775331666471725,5.5505498941835,0.426965376475654,Relaksasi
22-09-2026 08:55:40,20.9340898,1378.02,-0.586469128038264,5.54905441128064,0.42685033932928,Relaksasi
22-09-2026 08:55:40,20.9343841,1379.63,2.25419683463987,5.55041233433531,0.42695479494887,Relaksasi
22-09-2026 08:55:40,20.9346565,1386.08,9.54175716999921,5.59078416392934,0.430060320302257,Relaksasi
22-09-2026 08:55:40,20.9349132,1378.83,1.80777582073056,5.58949991942461,0.429961532263432,Relaksasi
22-09-2026 08:55:40,20.935244,1370.77,-5.15464461105973,5.58489896475363,0.429607612673356,Relaksasi
22-09-2026 08:55:40,20.9356322,1371.58,-1.91806825298761,5.5863225988889,0.429717122991454,Relaksasi
22-09-2026 08:55:40,20.9359021,1370.77,-1.14851859513904,5.57018888313973,0.428476067933826,Relaksasi
22-09-2026 08:55:40,20.9362434,1379.63,8.75795950129793,5.58050558153886,0.429269660118374,Relaksasi
22-09-2026 08:55:40,20.936525,1369.16,-3.03918020543689,5.56818088543065,0.428321606571588,Relaksasi
22-09-2026 08:55:40,20.936777,1377.22,5.5761521225478,5.57048568389682,0.428498898761294,Relaksasi
22-09-2026 08:55:40,20.9505491,1377.22,4.07940655336584,5.56898251802762,0.42838327061751,Relaksasi
22-09-2026 08:55:40,20.9508596,1370.77,-3.85129396055337,5.56582548238807,0.428140421722159,Relaksasi
22-09-2026 08:55:40,20.9511411,1367.55,-7.16688091389518,5.58882251237845,0.429909424029112,Relaksasi
22-09-2026 08:55:40,20.9514383,1371.58,-2.71416857185393,5.56093633603212,0.427764333540932,Relaksasi
22-09-2026 08:55:40,20.9516915,1374.8,-0.071452702430796,5.54855309102652,0.42681177623281,Relaksasi
22-09-2026 08:55:40,20.9519412,1375.6,-0.448883797428465,5.54586601541214,0.426605078108626,Relaksasi
22-09-2026 08:55:40,20.9521909,1365.93,-11.2072990219631,5.58572693407689,0.429671302621299,Relaksasi
22-09-2026 08:55:40,20.9524404,1368.35,-7.70549643761195,5.60992958095734,0.431533044689027,Relaksasi
22-09-2026 08:55:40,20.9526873,1381.25,5.63044825532054,5.61996795723604,0.432305227479695,Relaksasi
22-09-2026 08:55:40,20.9529349,1379.63,1.88655682367833,5.59096979418761,0.430074599552893,Relaksasi
22-09-2026 08:55:40,20.9531829,1372.38,-6.59330948105767,5.6048418535703,0.43114168104387,Relaksasi
22-09-2026 08:55:40,20.9534502,1371.58,-6.7071357267234,5.61639611271623,0.432030470208941,Relaksasi
22-09-2026 08:55:40,20.9537231,1375.6,-1.74161294061311,5.61559965723248,0.431969204402499,Relaksasi
22-09-2026 08:55:40,20.9684242,1369.16,-8.03542102806081,5.64028221717122,0.433867862859325,Relaksasi
22-09-2026 08:55:40,20.9687069,1375.6,-0.12226750390999,5.63995704704773,0.433842849772902,Relaksasi
22-09-2026 08:55:40,20.9689648,1379.63,3.86265031949945,5.6465621481149,0.434350934470377,Relaksasi
22-09-2026 08:55:40,20.9692807,1378.83,2.24926815673526,5.63528792592389,0.43348368660953,Relaksasi
22-09-2026 08:55:40,20.9695341,1380.44,3.42122343133828,5.64039463546744,0.433876510420572,Relaksasi
22-09-2026 08:55:40,20.9698241,1379.63,2.06193326199833,5.62587371837254,0.432759516797888,Relaksasi
22-09-2026 08:55:40,20.9700775,1379.63,1.93638985441199,5.62084008662982,0.43237231435614,Relaksasi
22-09-2026 08:55:40,20.9703887,1371.58,-6.03750308497598,5.60595770450224,0.431227515730942,Relaksasi
22-09-2026 08:55:40,20.9807658,1377.22,1.36567587508067,5.59165477019963,0.430127290015356,Relaksasi
22-09-2026 08:55:40,21.0193136,1367.55,-7.94987348355497,5.61839057290567,0.432183890223513,Relaksasi
22-09-2026 08:55:40,21.0196532,1367.55,-5.86032047277155,5.63081887389546,0.433139913376574,Relaksasi
22-09-2026 08:55:40,21.0199158,1371.58,-0.377616079587272,5.62605062140405,0.432773124723389,Relaksasi
22-09-2026 08:55:40,21.0201731,1379.63,7.7001815924438,5.61894028092334,0.432226175455641,Relaksasi
22-09-2026 08:55:40,21.0204245,1373.99,0.165576925550246,5.61895211842389,0.432227086032607,Relaksasi
22-09-2026 08:55:40,21.0208571,1375.6,1.1119755559321,5.61120365635078,0.431631050488521,Relaksasi
22-09-2026 08:55:40,21.0212295,1374.8,-0.667255194366937,5.60322763420155,0.431017510323196,Relaksasi
22-09-2026 08:55:40,21.0314928,1378.02,1.87198414277955,5.59780952445769,0.430600732650592,Relaksasi
22-09-2026 08:55:40,21.0318774,1371.58,-5.70471470197202,5.59210851556608,0.430162193505083,Relaksasi
22-09-2026 08:55:40,21.0321518,1368.35,-8.49245449013146,5.6239030040682,0.432607923389862,Relaksasi
22-09-2026 08:55:40,21.0324911,1365.93,-9.84383989489163,5.64263904372234,0.434049157209411,Relaksasi
22-09-2026 08:55:40,21.0327651,1368.35,-6.10609613901638,5.65311870640736,0.434855285108258,Relaksasi
22-09-2026 08:55:40,21.0391057,1377.22,3.23406249945141,5.65720222252007,0.435169401732313,Relaksasi
22-09-2026 08:55:40,21.059475,1369.96,-5.51581881646249,5.6408687433447,0.433912980257285,Relaksasi
22-09-2026 08:55:40,21.0598579,1368.35,-6.99094365317221,5.66170249859818,0.435515576815245,Relaksasi
22-09-2026 08:55:40,21.0601598,1369.16,-5.81640656375402,5.67555297322951,0.436580997940731,Relaksasi
22-09-2026 08:55:40,21.0604199,1382.05,7.12842507212084,5.68759950726823,0.437507654405249,Relaksasi
22-09-2026 08:55:40,21.0606729,1375.6,-1.82090729704019,5.67985895993058,0.436912227686967,Relaksasi
22-09-2026 08:55:40,21.0609234,1376.41,-1.65796942101835,5.67675700182749,0.436673615525191,Relaksasi
22-09-2026 08:55:40,21.0611754,1381.25,2.71921187333882,5.62688128364794,0.432837021819073,Relaksasi
22-09-2026 08:55:40,21.0614484,1379.63,0.0643093434310531,5.62318042033261,0.432552340025585,Relaksasi
22-09-2026 08:55:40,21.0617218,1370.77,-8.96471662435747,5.57386937713747,0.428759182856728,Relaksasi
22-09-2026 08:55:40,21.0619689,1376.41,-1.39832927481578,5.57107036644592,0.428543874341993,Relaksasi
22-09-2026 08:55:40,21.0622454,1373.99,-3.13982415624609,5.57543872477509,0.428879901905776,Relaksasi
22-09-2026 08:55:40,21.0625082,1372.38,-3.61675246964809,5.58014915715877,0.429242242858367,Relaksasi
22-09-2026 08:55:40,21.0627612,1378.02,3.25980596230054,5.56682388603761,0.428217222002893,Relaksasi
22-09-2026 08:55:40,21.0745693,1377.22,2.28019266384764,5.56375154762274,0.427980888278672,Relaksasi
22-09-2026 08:55:40,21.0749031,1379.63,4.60486906034393,5.57199899068927,0.428615306976098,Relaksasi
22-09-2026 08:55:40,21.0853798,1367.55,-8.08611903315453,5.5953274432109,0.430409803323915,Relaksasi
22-09-2026 08:55:40,21.0856728,1379.63,5.77269405519226,5.60851084366671,0.431423911051285,Relaksasi
22-09-2026 08:55:40,21.0859394,1375.6,0.689795069654258,5.60854240656667,0.431426338966667,Relaksasi
22-09-2026 08:55:40,21.0861963,1368.35,-6.74175157392587,5.61894546811658,0.432226574470506,Relaksasi
22-09-2026 08:55:40,21.0864502,1375.6,1.66363853988858,5.61860357924495,0.432200275326535,Relaksasi
22-09-2026 08:55:40,21.0867037,1374.8,0.232073706451773,5.60922923272331,0.431479171747947,Relaksasi
22-09-2026 08:55:40,21.0869549,1372.38,-2.67530017367593,5.59110837905816,0.430085259927551,Relaksasi
22-09-2026 08:55:40,21.0872478,1366.74,-8.32975749292713,5.60393478532579,0.431071906563522,Relaksasi
22-09-2026 08:55:40,21.0874969,1365.13,-8.95674240946992,5.63255202498116,0.433273232690858,Relaksasi
22-09-2026 08:55:40,21.0877885,1378.02,4.8624334386993,5.63911658196324,0.433778198612557,Relaksasi
22-09-2026 08:55:40,21.088078,1361.1,-14.0208747365759,5.72470024372427,0.440361557209559,Relaksasi
22-09-2026 08:55:40,21.08834,1365.93,-7.63702258291397,5.75003607922778,0.442310467632906,Relaksasi
22-09-2026 08:55:40,21.0885923,1380.44,6.98977863329655,5.74258575973662,0.441737366133586,Relaksasi
22-09-2026 08:55:40,21.1064583,1366.74,-9.61115541743927,5.74722743402586,0.44209441800199,Relaksasi
22-09-2026 08:55:40,21.1068525,1370.77,-5.27908356605166,5.74608668938662,0.442006668414355,Relaksasi
22-09-2026 08:55:40,21.1072742,1386.08,9.52823878768317,5.77914443678919,0.444549572060707,Relaksasi
22-09-2026 08:55:40,21.138903,1377.22,-2.58340919677391,5.75401750459054,0.442616731122349,Relaksasi
22-09-2026 08:55:40,21.1394511,1373.99,-6.378569964193,5.77166668193719,0.443974360149015,Relaksasi
22-09-2026 08:55:40,21.1398839,1369.16,-10.6112522823508,5.80223277864033,0.446325598356948,Relaksasi
22-09-2026 08:55:40,21.140182,1372.38,-5.60590229349459,5.81557133637558,0.44735164125966,Relaksasi
22-09-2026 08:55:40,21.1641764,1378.83,1.88643372110355,5.81661896658926,0.447432228199174,Relaksasi
22-09-2026 08:55:40,21.1645434,1379.63,2.40961415004465,5.81884013048104,0.44760308696008,Relaksasi
22-09-2026 08:55:40,21.1648377,1372.38,-5.08523496679608,5.82113558860438,0.447779660661876,Relaksasi
22-09-2026 08:55:40,21.165096,1368.35,-7.77913679215529,5.83799328266126,0.449076406358558,Relaksasi
22-09-2026 08:55:40,21.1653541,1379.63,5.37551132034411,5.8499304605656,0.449994650812738,Relaksasi
22-09-2026 08:55:40,21.1656111,1373.99,-1.04879835620216,5.8326796700323,0.448667666925562,Relaksasi
22-09-2026 08:55:40,21.1658785,1371.58,-3.10393266855623,5.83640240164767,0.448954030895974,Relaksasi
22-09-2026 08:55:40,21.1661295,1375.6,1.54566259466195,5.83573023916192,0.448902326089378,Relaksasi
22-09-2026 08:55:40,21.1664224,1375.6,1.11347716844937,5.78665477647719,0.445127290498246,Relaksasi
22-09-2026 08:55:40,21.1666717,1384.47,9.49744602671766,5.79269940728351,0.445592262098731,Relaksasi
22-09-2026 08:55:40,21.1669362,1373.99,-3.15169558999736,5.79483882509047,0.445756832699267,Relaksasi
22-09-2026 08:55:40,21.1672245,1372.38,-4.40265319185868,5.7869286205394,0.445148355426108,Relaksasi
22-09-2026 08:55:40,21.1674696,1364.32,-11.775962981796,5.84522856680049,0.449632966676961,Relaksasi
22-09-2026 08:55:40,21.1677408,1373.99,0.00596193810115508,5.84099446130671,0.449307266254363,Relaksasi
22-09-2026 08:55:40,21.1679863,1379.63,5.33440748802506,5.83871371834979,0.449131824488446,Relaksasi
22-09-2026 08:55:40,21.1682338,1369.16,-6.61509404933882,5.85513831679411,0.450395255138008,Relaksasi
22-09-2026 08:55:40,21.1744928,1374.8,-0.19238384001661,5.84827184916188,0.449867065320145,Relaksasi
22-09-2026 08:55:40,21.1748835,1367.55,-7.96615638422866,5.86445055346198,0.451111581035537,Relaksasi
22-09-2026 08:55:40,21.1751485,1377.22,2.62383317063543,5.86365882614128,0.451050678933945,Relaksasi
22-09-2026 08:55:40,21.1754161,1367.55,-8.26382266112931,5.89114977269837,0.453165367130644,Relaksasi
22-09-2026 08:55:40,21.1756864,1374.8,-0.16687802218256,5.74012192688928,0.441547840529944,Relaksasi
22-09-2026 08:55:40,21.1759626,1380.44,4.69297724497974,5.74835966907711,0.442181513005932,Relaksasi
22-09-2026 08:55:40,21.2015326,1370.77,-6.69387078022188,5.76773800818736,0.443672154475951,Relaksasi
22-09-2026 08:55:40,21.2395367,1378.83,1.96991465255004,5.76381207543923,0.443370159649171,Relaksasi
22-09-2026 08:55:40,21.239995,1369.16,-8.64622022479698,5.79597425805671,0.44584417369667,Relaksasi
22-09-2026 08:55:40,21.2402763,1379.63,3.08576694446129,5.78600813633901,0.445077548949155,Relaksasi
22-09-2026 08:55:40,21.2405409,1378.02,0.573721867437394,5.77880095344671,0.444523150265132,Relaksasi
22-09-2026 08:55:40,21.2408312,1374.8,-2.91716006870648,5.780636933293,0.444664379484077,Relaksasi
22-09-2026 08:55:40,21.2411033,1366.74,-10.4036464147524,5.82703952235285,0.448233809411758,Relaksasi
22-09-2026 08:55:40,21.2413635,1378.83,3.80887007379086,5.83285704215041,0.448681310934647,Relaksasi
22-09-2026 08:55:40,21.2416225,1377.22,1.53680900495799,5.83380385386651,0.448754142605116,Relaksasi
22-09-2026 08:55:40,21.2653862,1373.99,-1.94247264117318,5.83540129366414,0.448877022589549,Relaksasi
22-09-2026 08:55:40,21.2657273,1378.83,3.31553365300565,5.82454700274211,0.448042077134008,Relaksasi
22-09-2026 08:55:40,21.2659924,1369.16,-6.9712852235254,5.80945699844752,0.446881307572886,Relaksasi
22-09-2026 08:55:40,21.2879771,1379.63,4.86313967928653,5.81341459491205,0.447185738070157,Relaksasi
22-09-2026 08:55:40,21.2884022,1375.6,-0.160288025179064,5.8097628991694,0.446904838397646,Relaksasi
22-09-2026 08:55:40,21.2887747,1349.82,-25.9902712495626,6.09050627596502,0.46850048276654,Relaksasi
22-09-2026 08:55:40,21.3250088,1373.99,3.03678622081232,6.07312896542497,0.467163766571151,Relaksasi
22-09-2026 08:55:40,21.3729224,1374.8,2.70647051578837,6.07432694166233,0.46725591858941,Relaksasi
22-09-2026 08:55:40,21.4051077,1372.38,-1.16162561826895,6.05028073613717,0.46540621047209,Relaksasi
22-09-2026 08:55:40,21.4054672,1379.63,5.1472431805563,6.05586826868011,0.4658360206677,Relaksasi
22-09-2026 08:55:40,21.4057361,1371.58,-5.17975503030395,6.06688434198712,0.466683410922086,Relaksasi
22-09-2026 08:55:40,21.4060051,1374.8,-2.18673494097272,6.06728147274293,0.466713959441764,Relaksasi
22-09-2026 08:55:40,21.4062901,1376.41,-1.26291408826743,6.06738340164836,0.466721800126797,Relaksasi
22-09-2026 08:55:40,21.4065458,1375.6,-2.75817182775801,6.06545380435293,0.46657336956561,Relaksasi
22-09-2026 08:55:40,21.4068421,1376.41,-2.10548947208044,6.06048864986102,0.466191434604694,Relaksasi
22-09-2026 08:55:40,21.4071004,1371.58,-6.95771420610342,6.07216785502496,0.46708983500192,Relaksasi
22-09-2026 08:55:40,21.4175224,1379.63,2.25428711993164,6.06123840311208,0.466249107931699,Relaksasi
22-09-2026 08:55:40,21.4891751,1371.58,-6.23737975722096,6.07691262574889,0.467454817365299,Relaksasi
22-09-2026 08:55:40,21.4899952,1373.99,-2.46399013085943,6.0739214851453,0.467224729626561,Relaksasi
22-09-2026 08:55:40,21.4903839,1367.55,-8.20016014209986,6.09386838608634,0.468759106622026,Relaksasi
22-09-2026 08:55:40,21.490958,1379.63,5.66324282844851,6.10069900611261,0.469284538931739,Relaksasi
22-09-2026 08:55:40,21.4915495,1371.58,-3.42520137644006,6.0790648600427,0.467620373849438,Relaksasi
22-09-2026 08:55:40,21.4919301,1374.8,0.398928778488702,6.07891249655446,0.467608653581112,Relaksasi
22-09-2026 08:55:40,21.492198,1370.77,-3.89770035508213,6.07347862905569,0.467190663773515,Relaksasi
22-09-2026 08:55:40,21.4924843,1379.63,5.39486289670956,6.05760566897245,0.465969666844035,Relaksasi
22-09-2026 08:55:40,21.4927673,1371.58,-4.14963387318611,6.05765590202439,0.465973530924953,Relaksasi
22-09-2026 08:55:40,21.4930463,1375.6,0.176159279233855,6.05503148355238,0.465771652580952,Relaksasi
22-09-2026 08:55:40,21.4999721,1376.41,0.426040050193482,6.05359945258034,0.465661496352334,Relaksasi
22-09-2026 08:55:40,21.5196911,1371.58,-5.00079263573293,6.06188697063626,0.466298997741251,Relaksasi
22-09-2026 08:55:40,21.5319239,1379.63,3.55380562737269,6.0077802138992,0.462136939530708,Relaksasi
22-09-2026 08:55:40,21.5322898,1370.77,-6.40783824903467,5.99306407021807,0.461004928478313,Relaksasi
22-09-2026 08:55:40,21.5325727,1385.27,9.01230324759624,6.01889392791432,0.462991840608794,Relaksasi
22-09-2026 08:55:40,21.5328336,1371.58,-6.65163729045801,5.97273149129901,0.459440883946077,Relaksasi
22-09-2026 08:55:40,21.5487432,1373.99,-3.0071513818049,5.97036729571387,0.459259022747221,Relaksasi
22-09-2026 08:55:40,21.5652287,1368.35,-7.99445022497718,5.99679846974664,0.461292189980511,Relaksasi
22-09-2026 08:55:40,21.5657779,1369.96,-4.73633182149498,5.98127519771946,0.460098092132266,Relaksasi
22-09-2026 08:55:40,21.5661843,1369.16,-4.62144321170888,5.92544155836858,0.455803196797583,Relaksasi
22-09-2026 08:55:40,21.57787,1379.63,6.53784931731614,5.92536992125363,0.455797686250279,Relaksasi
22-09-2026 08:55:40,21.5911081,1363.52,-11.2767217292797,5.96328863273028,0.458714510210022,Relaksasi
22-09-2026 08:55:40,21.5914754,1369.16,-4.05950270472212,5.95675190215528,0.458211684781175,Relaksasi
22-09-2026 08:55:40,21.5917535,1365.93,-7.34244793168638,5.96256059166261,0.45865850705097,Relaksasi
22-09-2026 08:55:40,21.5920229,1369.16,-3.79464985765119,5.96850387871806,0.459115682978312,Relaksasi
22-09-2026 08:55:40,21.5923228,1371.58,-2.01580766081801,5.95379309594215,0.457984084303242,Relaksasi
22-09-2026 08:55:40,21.5925803,1375.6,0.802565393311409,5.9237840324661,0.455675694805085,Relaksasi
22-09-2026 08:55:40,21.5928365,1365.93,-10.7100134718717,5.9461031113176,0.457392547024431,Relaksasi
22-09-2026 08:55:40,21.5931231,1375.6,-0.61786628893827,5.83796845661691,0.449074496662839,Relaksasi
22-09-2026 08:55:40,21.5933843,1367.55,-10.1293462181583,5.88162488416948,0.452432683397652,Relaksasi
22-09-2026 08:55:40,21.5936371,1379.63,2.47530553668597,5.85393889599665,0.450302991999743,Relaksasi
22-09-2026 08:55:40,21.5939091,1368.35,-10.5499960176007,5.90128045960054,0.453944650738503,Relaksasi
22-09-2026 08:55:40,21.6053181,1374.8,-3.07196518725,5.90403983755463,0.454156910581126,Relaksasi
22-09-2026 08:55:40,21.6058032,1378.02,-0.0484460780156222,5.89845539061587,0.453727337739682,Relaksasi
22-09-2026 08:55:40,21.6062935,1371.58,-7.04448742377603,5.90269238023532,0.454053260018102,Relaksasi
22-09-2026 08:55:40,21.6066579,1369.96,-7.6204652506544,5.91586835794544,0.455066796765034,Relaksasi
22-09-2026 08:55:40,21.6215242,1373.19,-3.06826608568198,5.88511905348767,0.452701465652897,Relaksasi
22-09-2026 08:55:40,21.6339137,1370.77,-4.99263151840051,5.79769811805183,0.445976778311679,Relaksasi
22-09-2026 08:55:40,21.634432,1375.6,0.688876184704272,5.78675425525885,0.445134942712219,Relaksasi
22-09-2026 08:55:40,21.6346923,1374.8,-0.43341090005074,5.7847593940753,0.444981491851946,Relaksasi
22-09-2026 08:55:40,21.6349444,1379.63,4.22501308530836,5.7900967991799,0.445392061475377,Relaksasi
22-09-2026 08:55:40,21.635196,1372.38,-4.12837624695697,5.79650843517903,0.445885264244541,Relaksasi
22-09-2026 08:55:40,21.6354699,1379.63,3.66843816749959,5.79764839231242,0.445972953254801,Relaksasi
22-09-2026 08:55:40,21.6542871,1368.35,-8.53825588026222,5.82094869678108,0.447765284367775,Relaksasi
22-09-2026 08:55:40,21.6905075,1379.63,4.23549880186598,5.81545789973128,0.447342915363945,Relaksasi
22-09-2026 08:55:40,21.6909016,1374.8,-1.5755012966776,5.76676458139004,0.443597275491542,Relaksasi
22-09-2026 08:55:40,21.6913073,1364.32,-11.8828977596308,5.82756542327365,0.448274263328742,Relaksasi
22-09-2026 08:55:40,21.6917764,1375.6,1.56290707190321,5.79884157597867,0.446064736613744,Relaksasi
22-09-2026 08:55:40,21.6920512,1371.58,-3.0260402573695,5.64248013876275,0.43403693375098,Relaksasi
22-09-2026 08:55:40,21.6924249,1367.55,-6.87647464869111,5.6569843566299,0.435152642817684,Relaksasi
22-09-2026 08:55:40,21.6927168,1369.96,-3.69547708382131,5.61902005104699,0.432232311618999,Relaksasi
22-09-2026 08:55:40,21.6937236,1373.99,0.284837596905576,5.61885560310172,0.432219661777055,Relaksasi
22-09-2026 08:55:40,21.6940157,1372.38,-2.34337836675863,5.62045133865087,0.432342410665451,Relaksasi
22-09-2026 08:55:40,21.6943536,1369.16,-6.19427872893009,5.60632437995528,0.431255721535022,Relaksasi
22-09-2026 08:55:40,21.6947271,1372.38,-2.92298282290487,5.60751582994277,0.431347371534059,Relaksasi
22-09-2026 08:55:40,21.7045146,1367.55,-8.37842037580811,5.63104604628573,0.433157388175825,Relaksasi
22-09-2026 08:55:40,21.7378872,1378.83,3.31986290664909,5.62816332500291,0.432935640384839,Relaksasi
22-09-2026 08:55:40,21.7675241,1369.16,-8.19075630167225,5.64143792776405,0.433956763674158,Relaksasi
22-09-2026 08:55:40,21.7865339,1378.02,1.16201833628615,5.62784159562987,0.432910891971529,Relaksasi
22-09-2026 08:55:40,21.7868479,1379.63,1.58392950304348,5.62058093417118,0.432352379551629,Relaksasi
22-09-2026 08:55:40,21.8299923,1379.63,0.528050519822487,5.61884946412088,0.43221918954776,Relaksasi
22-09-2026 08:55:40,21.8305015,1378.83,-0.811258582591575,5.6158204705909,0.431986190045454,Relaksasi
22-09-2026 08:55:40,21.8308656,1379.63,0.0729282513584515,5.6153478063585,0.431949831258346,Relaksasi
22-09-2026 08:55:40,21.8311842,1378.02,-1.26028083166806,5.61304028207994,0.431772329390765,Relaksasi
22-09-2026 08:55:40,21.8314532,1376.41,-2.00639311948992,5.60343437250641,0.431033413269724,Relaksasi
22-09-2026 08:55:40,21.8317102,1377.22,0.0586373044340265,5.60313180849705,0.431010139115158,Relaksasi
22-09-2026 08:55:40,21.8319999,1374.8,-1.37259414499118,5.59956614661632,0.430735857432024,Relaksasi
22-09-2026 08:55:40,21.8322579,1378.02,3.13771715715475,5.60241959873956,0.430955353749197,Relaksasi
22-09-2026 08:55:40,21.8325092,1372.38,-2.1665796157856,5.60449540491219,0.431115031147091,Relaksasi
22-09-2026 08:55:40,21.8327596,1369.16,-4.1724490851976,5.58922713969287,0.429940549207144,Relaksasi
22-09-2026 08:55:40,21.8330091,1369.16,-2.82501614767417,5.59265065625674,0.430203896635134,Relaksasi
22-09-2026 08:55:40,21.8584241,1372.38,1.10641089845384,5.59292914243913,0.430225318649164,Relaksasi
22-09-2026 08:55:40,21.8841462,1375.6,3.84040301312511,5.5993642620096,0.430720327846892,Relaksasi
22-09-2026 08:55:40,21.8845555,1378.02,4.85146896990494,5.60759813803143,0.431353702925494,Relaksasi
22-09-2026 08:55:40,21.8848687,1379.63,4.59466737803182,5.57633267208576,0.42894866708352,Relaksasi
22-09-2026 08:55:40,21.8851851,1378.02,1.08368288134684,5.57539394532957,0.428876457333044,Relaksasi
22-09-2026 08:55:40,21.8855301,1372.38,-5.68636627829534,5.57797809672472,0.429075238209594,Relaksasi
22-09-2026 08:55:40,21.8859372,1379.63,1.93578980377924,5.57800870645136,0.429077592803951,Relaksasi
22-09-2026 08:55:40,21.8863286,1379.63,1.0375923149462,5.57790002092996,0.429069232379228,Relaksasi
22-09-2026 08:55:40,21.8869007,1374.8,-4.25397994594868,5.55157104766401,0.427043926743385,Relaksasi
22-09-2026 08:55:40,21.8873608,1375.6,-2.59788573688982,5.55045070847092,0.426957746805455,Relaksasi
22-09-2026 08:55:40,21.8878505,1377.22,-0.208332091213792,5.5364476621745,0.425880589398039,Relaksasi
22-09-2026 08:55:40,21.8882986,1376.41,-0.550510494985339,5.52906504174844,0.425312695519111,Relaksasi
22-09-2026 08:55:40,21.8920265,1368.35,-7.97111319274126,5.55104414841832,0.427003396032178,Relaksasi
22-09-2026 08:55:40,21.8932978,1374.8,0.573739766023309,5.52801194952716,0.425231688425166,Relaksasi
22-09-2026 08:55:40,21.8962495,1378.02,4.10374744798843,5.53229484703384,0.425561142079526,Relaksasi
22-09-2026 08:55:40,21.8968188,1370.77,-3.69936115824289,5.53847335571539,0.426036411978107,Relaksasi
22-09-2026 08:55:40,21.8971822,1378.02,4.34349698847795,5.546891873752,0.426683990288615,Relaksasi
22-09-2026 08:55:40,21.9141751,1383.66,9.03227824338326,5.52701564622238,0.425155049709414,Relaksasi
22-09-2026 08:55:40,21.9146991,1371.58,-5.01362162054184,5.51150710655502,0.423962085119617,Relaksasi
22-09-2026 08:55:40,21.940064,1374.8,-1.01920927039113,5.49758081209468,0.422890831699591,Relaksasi
22-09-2026 08:55:40,21.9405257,1377.22,1.4112070643325,5.49686791083421,0.422835993141093,Relaksasi
22-09-2026 08:55:40,21.9408409,1365.13,-11.1367465517498,5.53338357593104,0.425644890456234,Relaksasi
22-09-2026 08:55:40,21.9647881,1372.38,-1.91970071379912,5.51469234901211,0.424207103770163,Relaksasi
22-09-2026 08:55:40,21.9958244,1380.44,6.20249893826124,5.53073418195757,0.425441090919813,Relaksasi
22-09-2026 08:55:40,21.9964654,1377.22,1.34006839717941,5.50228675666113,0.423252827435471,Relaksasi
22-09-2026 08:55:40,21.9967355,1367.55,-9.04811260807996,5.53935253569028,0.426104041206945,Relaksasi
22-09-2026 08:55:40,21.99699,1361.9,-13.369655872165,5.61280363703428,0.431754125925714,Relaksasi
22-09-2026 08:55:40,21.9972444,1368.35,-4.82634801093728,5.6209195695468,0.432378428426677,Relaksasi
22-09-2026 08:55:40,21.9974944,1371.58,-1.38922352539017,5.61657036531155,0.432043874254735,Relaksasi
22-09-2026 08:55:40,21.9977406,1375.6,1.90089136248342,5.61628629651935,0.432022022809181,Relaksasi
22-09-2026 08:55:40,21.9979899,1383.66,8.39267950442683,5.64589311645641,0.434299470496647,Relaksasi
22-09-2026 08:55:40,21.9982537,1378.02,-0.110041250783897,5.62973466606809,0.433056512774468,Relaksasi
22-09-2026 08:55:40,21.9985039,1382.05,2.89370549318542,5.63262414108702,0.433278780083617,Relaksasi
22-09-2026 08:55:40,22.0135374,1371.58,-8.85248697095863,5.63935146099165,0.433796266230127,Relaksasi
22-09-2026 08:55:40,22.0140354,1388.5,9.47127442522062,5.66384086257373,0.435680066351825,Relaksasi
22-09-2026 08:55:40,22.0500131,1371.58,-9.21958336827798,5.70117390845651,0.438551839112039,Relaksasi
22-09-2026 08:55:40,22.0504801,1364.32,-14.2149893671302,5.76344077485145,0.443341598065496,Relaksasi
22-09-2026 08:55:40,22.0507838,1379.63,4.57230189406247,5.77249012209472,0.444037701699594,Relaksasi
22-09-2026 08:55:40,22.0510877,1376.41,1.1792266236609,5.77255685451828,0.444042834962945,Relaksasi
22-09-2026 08:55:40,22.0513426,1374.8,-0.0222867561159101,5.77236424480225,0.444028018830942,Relaksasi
22-09-2026 08:55:40,22.0638667,1371.58,-2.70836663727464,5.77402317286022,0.444155628681556,Relaksasi
22-09-2026 08:55:40,22.0641547,1370.77,-2.62864162839223,5.76291363249745,0.44330104865365,Relaksasi
22-09-2026 08:55:40,22.0644648,1369.16,-3.60572398767879,5.73720932567976,0.441323794283058,Relaksasi
22-09-2026 08:55:40,22.0647954,1368.35,-3.90056824296521,5.70150305536844,0.438577158105264,Relaksasi
22-09-2026 08:55:40,22.0650499,1371.58,-0.453164366052717,5.68522135275262,0.43732471944251,Relaksasi
22-09-2026 08:55:40,22.0653034,1367.55,-5.29654895594774,5.69295294050077,0.437919456961597,Relaksasi
22-09-2026 08:55:40,22.0655531,1379.63,6.59517096983446,5.69869048968997,0.438360806899228,Relaksasi
22-09-2026 08:55:40,22.0724332,1370.77,-4.99175704037214,5.68817150086249,0.437551653912499,Relaksasi
22-09-2026 08:55:40,22.0818485,1367.55,-8.74701080981492,5.70689872760897,0.438992209816075,Relaksasi
22-09-2026 08:55:40,22.0821205,1359.49,-16.5854205785937,5.80430889477679,0.446485299598214,Relaksasi
22-09-2026 08:55:40,22.0823779,1375.6,1.25877877895308,5.80356320282071,0.446427938678516,Relaksasi
22-09-2026 08:55:40,22.0955664,1372.38,-3.76763452464917,5.80849179096313,0.446807060843318,Relaksasi
22-09-2026 08:55:40,22.0960138,1372.38,-4.59135766609218,5.81437951510868,0.447259962700668,Relaksasi
22-09-2026 08:55:40,22.0964365,1378.02,0.489904039499248,5.81448093101153,0.447267763923964,Relaksasi
22-09-2026 08:55:40,22.109417,1381.25,2.35782298124577,5.78222746200597,0.444786727846613,Relaksasi
22-09-2026 08:55:40,22.145008,1379.63,-0.684130428923523,5.78158438239821,0.444737260184478,Relaksasi
22-09-2026 08:55:40,22.1453858,1378.83,-1.89324696235626,5.77887077312104,0.444528521009311,Relaksasi
22-09-2026 08:55:40,22.1456673,1377.22,-3.20746295859287,5.77766233120738,0.444435563939029,Relaksasi
22-09-2026 08:55:40,22.1459442,1369.16,-10.2754852207146,5.81860621811608,0.447585093701237,Relaksasi
22-09-2026 08:55:40,22.1462134,1378.02,1.27030124543679,5.81706543326174,0.447466571789364,Relaksasi
22-09-2026 08:55:40,22.1464658,1377.22,1.04792962689967,5.80841776579893,0.446801366599918,Relaksasi
22-09-2026 08:55:40,22.146749,1374.8,-0.723145342938832,5.78043294510818,0.444648688085245,Relaksasi
22-09-2026 08:55:40,22.1470437,1377.22,2.64818290330317,5.76904233067019,0.44377248697463,Relaksasi
22-09-2026 08:55:40,22.1472931,1369.16,-5.22897725511129,5.78067308732696,0.444667160563613,Relaksasi
22-09-2026 08:55:40,22.1475575,1372.38,-0.473646189298572,5.76108036523418,0.443160028094937,Relaksasi
22-09-2026 08:55:40,22.1478052,1369.96,-2.55729095081619,5.76271699754251,0.443285922887886,Relaksasi
22-09-2026 08:55:40,22.1480593,1378.02,5.90700935419009,5.77781115131775,0.444447011639827,Relaksasi
22-09-2026 08:55:40,22.1483021,1369.96,-3.72621910193891,5.78072132948594,0.444670871498918,Relaksasi
22-09-2026 08:55:40,22.1485447,1370.77,-2.87241175940685,5.75422180110366,0.442632446238743,Relaksasi
22-09-2026 08:55:40,22.1487879,1370.77,-3.20857400014397,5.72375987432393,0.440289221101841,Relaksasi
22-09-2026 08:55:40,22.1490328,1368.35,-6.08563466884881,5.72960605546361,0.440738927343354,Relaksasi
22-09-2026 08:55:40,22.1492807,1369.96,-4.52547484912975,5.65224384841648,0.43478798833973,Relaksasi
22-09-2026 08:55:40,22.1764842,1378.83,3.86338260346057,5.6330159397969,0.433308918445915,Relaksasi
22-09-2026 08:55:40,22.176841,1365.93,-11.2011898693845,5.66691422413852,0.435916478779886,Relaksasi
22-09-2026 08:55:40,22.1771278,1373.19,-3.11797395346782,5.63033339060176,0.433102568507828,Relaksasi
22-09-2026 08:55:40,22.1773848,1357.07,-19.9073395620531,5.79161646822653,0.445508959094349,Relaksasi
22-09-2026 08:55:40,22.1911662,1369.16,-5.18442638830173,5.76396356927556,0.443381813021197,Relaksasi
22-09-2026 08:55:40,22.1999643,1369.16,-5.4974062864256,5.77416776617515,0.444166751244242,Relaksasi
22-09-2026 08:55:40,22.2002449,1379.63,4.60124321399175,5.76571242896896,0.44351634068992,Relaksasi
22-09-2026 08:55:40,22.2005008,1374.8,-2.60247097607373,5.71964253380184,0.439972502600142,Relaksasi
22-09-2026 08:55:40,22.2008195,1373.99,-4.26722190358158,5.71386260997989,0.439527893075376,Relaksasi
22-09-2026 08:55:40,22.2014746,1377.22,-1.34139184493717,5.71309280733421,0.439468677487247,Relaksasi
22-09-2026 08:55:40,22.2018759,1372.38,-6.7780351517996,5.73062885083728,0.44081760391056,Relaksasi
22-09-2026 08:55:40,22.2021616,1369.16,-9.23872950033977,5.75652495578827,0.442809611983713,Relaksasi
22-09-2026 08:55:40,22.202418,1372.38,-4.54271136746184,5.73917989379129,0.441475376445484,Relaksasi
22-09-2026 08:55:40,22.2029026,1374.8,-1.43523134744059,5.72747803912209,0.440575233778622,Relaksasi
22-09-2026 08:55:40,22.2034371,1384.47,8.36758084619692,5.75748094610431,0.442883149700332,Relaksasi
22-09-2026 08:55:40,22.2186494,1382.05,4.23854015142884,5.76109720172954,0.443161323209964,Relaksasi
22-09-2026 08:55:40,22.2189859,1378.02,-0.527136092401446,5.76018098377063,0.443090844905433,Relaksasi
22-09-2026 08:55:40,22.219298,1372.38,-5.73546701154642,5.77390368104389,0.444146437003376,Relaksasi
22-09-2026 08:55:40,22.2384498,1369.96,-6.51350245764867,5.75318041470534,0.442552339592718,Relaksasi
22-09-2026 08:55:40,22.2387611,1378.83,4.20643890006398,5.75655188457369,0.442811683428745,Relaksasi
22-09-2026 08:55:40,22.2390932,1365.13,-9.80360883907074,5.78977776391266,0.445367520300974,Relaksasi
22-09-2026 08:55:40,22.2573121,1375.6,2.92836225503008,5.73332683197441,0.441025140921109,Relaksasi
22-09-2026 08:55:40,22.2729383,1372.38,-0.762739193703514,5.73358049040059,0.441044653107738,Relaksasi
22-09-2026 08:55:40,22.2732915,1372.38,-0.799634768209195,5.72143887518459,0.440110682706507,Relaksasi
22-09-2026 08:55:40,22.2735679,1375.6,2.12699580746407,5.70426910409128,0.438789931083945,Relaksasi
22-09-2026 08:55:40,22.2738371,1375.6,1.04218120148212,5.70472888597385,0.438825298921065,Relaksasi
22-09-2026 08:55:40,22.2741148,1384.47,8.90451443520235,5.71166221965271,0.439358632280978,Relaksasi
22-09-2026 08:55:40,22.2743733,1379.63,1.53101352635601,5.70967449343314,0.439205730264087,Relaksasi
22-09-2026 08:55:40,22.2746257,1381.25,2.23604172769977,5.6818947903959,0.437068830030454,Relaksasi
22-09-2026 08:55:40,22.2748769,1374.8,-4.95590665182305,5.69267900214517,0.437898384780398,Relaksasi
22-09-2026 08:55:40,22.2751626,1370.77,-7.9802593028704,5.71094534530495,0.439303488100381,Relaksasi
22-09-2026 08:55:40,22.2756291,1368.35,-8.53666012755373,5.72321850339611,0.440247577184316,Relaksasi
22-09-2026 08:55:40,22.2758872,1379.63,4.81367552468679,5.73163890865508,0.440895300665775,Relaksasi
22-09-2026 08:55:40,22.2901215,1380.44,5.05298787528466,5.71012805378909,0.439240619522238,Relaksasi
22-09-2026 08:55:40,22.2905428,1378.83,2.77818366741068,5.70933832636855,0.439179871259119,Relaksasi
22-09-2026 08:55:40,22.2908266,1374.8,-1.4674986114525,5.71013713512277,0.439241318086367,Relaksasi
22-09-2026 08:55:40,22.2911013,1377.22,1.58241748288721,5.70750709268298,0.43903900712946,Relaksasi
22-09-2026 08:55:40,22.2913532,1378.02,2.40946322611313,5.66246284620045,0.435574065092342,Relaksasi
22-09-2026 08:55:40,22.2916023,1365.93,-9.83683819830952,5.69866343602638,0.438358725848183,Relaksasi
22-09-2026 08:55:40,22.3142123,1373.99,0.385336727312847,5.69769238108574,0.438284029314288,Relaksasi
22-09-2026 08:55:40,22.3147335,1370.77,-2.83683122888279,5.69956757366555,0.43842827489735,Relaksasi
22-09-2026 08:55:40,22.3468631,1369.16,-4.05802385010316,5.70196847567564,0.438612959667357,Relaksasi
22-09-2026 08:55:40,22.3473927,1361.1,-11.7562275832284,5.74112313438785,0.441624856491373,Relaksasi
22-09-2026 08:55:40,22.3476909,1379.63,8.30540119915695,5.76082829564438,0.443140638126491,Relaksasi
22-09-2026 08:55:40,22.3479518,1376.41,2.35832873485706,5.76323023683334,0.443325402833334,Relaksasi
22-09-2026 08:55:40,22.3482057,1374.8,-1.02759025002756,5.46284097088965,0.420218536222281,Relaksasi
22-09-2026 08:55:40,22.348458,1376.41,-0.554420137073507,5.45875975189585,0.419904596299681,Relaksasi
22-09-2026 08:55:40,22.3487102,1378.02,-0.0642070071539038,5.45540591783532,0.419646609064256,Relaksasi
22-09-2026 08:55:40,22.3490624,1379.63,0.549319923733629,5.45492581249834,0.419609677884487,Relaksasi
22-09-2026 08:55:40,22.3493274,1367.55,-12.3298568799945,5.51215673865207,0.42401205681939,Relaksasi
22-09-2026 08:55:40,22.3552985,1378.83,0.992826697012553,5.50042281327983,0.423109447175371,Relaksasi
22-09-2026 08:55:40,22.3555897,1370.77,-7.36375004477469,5.52284945928715,0.42483457379132,Relaksasi
22-09-2026 08:55:40,22.3934847,1378.02,1.40026912497226,5.5230150423558,0.424847310950446,Relaksasi
22-09-2026 08:55:40,22.3939195,1370.77,-5.92808362787748,5.53546461251689,0.425804970193607,Relaksasi
22-09-2026 08:55:40,22.3942149,1373.99,-1.31203941984584,5.53423981085368,0.425710754681052,Relaksasi
22-09-2026 08:55:40,22.3944726,1374.8,-0.038663592579474,5.51232880219745,0.424025292476727,Relaksasi
22-09-2026 08:55:40,22.4186277,1374.8,0.081523323302827,5.51002658811202,0.42384819908554,Relaksasi
22-09-2026 08:55:40,22.4578876,1369.16,-5.57416290764096,5.50647118680621,0.423574706677401,Relaksasi
22-09-2026 08:55:40,22.4582385,1369.16,-4.62557584500428,5.51342438542433,0.424109568109564,Relaksasi
22-09-2026 08:55:40,22.458501,1369.16,-4.06058216499068,5.49036218838105,0.422335552952389,Relaksasi
22-09-2026 08:55:40,22.4587546,1368.35,-4.67172402785005,5.48569415752432,0.421976473655717,Relaksasi
22-09-2026 08:55:40,22.4591012,1378.83,5.84512783584175,5.49590829296098,0.422762176381614,Relaksasi
22-09-2026 08:55:40,22.4594078,1367.55,-7.68017494421392,5.52260243722599,0.424815572094307,Relaksasi
22-09-2026 08:55:40,22.4596625,1369.16,-5.80697916509194,5.53098385230724,0.425460296331326,Relaksasi
22-09-2026 08:55:40,22.4747434,1377.22,2.07284119793746,5.51975932439734,0.424596871107487,Relaksasi
22-09-2026 08:55:40,22.4751717,1375.6,-1.29600031953928,5.51271655148395,0.424055119344919,Relaksasi
22-09-2026 08:55:40,22.4924703,1371.58,-6.32435732040803,5.53081152220249,0.425447040169422,Relaksasi
22-09-2026 08:55:40,22.4927975,1379.63,1.87284565427894,5.53231473234574,0.425562671718903,Relaksasi
22-09-2026 08:55:40,22.4930725,1374.8,-4.18338913932371,5.52892126786562,0.425301635989663,Relaksasi
22-09-2026 08:55:40,22.4933371,1368.35,-10.4035964178132,5.57198320225346,0.428614092481035,Relaksasi
22-09-2026 08:55:40,22.4935904,1379.63,2.57219922836748,5.55650752680295,0.427423655907919,Relaksasi
22-09-2026 08:55:40,22.4938397,1379.63,1.91801912247078,5.52150901774646,0.424731462903574,Relaksasi
22-09-2026 08:55:40,22.4940878,1379.63,1.56773259448595,5.50255662099678,0.423273586230521,Relaksasi
22-09-2026 08:55:40,22.4943325,1378.83,0.697962367243427,5.49866805030459,0.422974465408045,Relaksasi
22-09-2026 08:55:40,22.4946561,1375.6,-2.21557627515362,5.47177649823139,0.420905884479338,Relaksasi
22-09-2026 08:55:40,22.4949104,1380.44,3.68507086378651,5.46773011288382,0.420594624067986,Relaksasi
22-09-2026 08:55:40,22.4951775,1374.8,-1.92986187228411,5.45966168684212,0.419973975910932,Relaksasi
22-09-2026 08:55:40,22.505611,1377.22,1.66631838802603,5.44132993404585,0.41856384108045,Relaksasi
22-09-2026 08:55:40,22.5059003,1372.38,-2.71239242801352,5.38600357869943,0.414307967592264,Relaksasi
22-09-2026 08:55:40,22.5063194,1368.35,-5.52499397934762,5.39251931207242,0.414809177851725,Relaksasi
22-09-2026 08:55:40,22.5065822,1372.38,0.0623798433353535,5.36746926205923,0.412882250927633,Relaksasi
22-09-2026 08:55:40,22.5572921,1372.38,0.210106488047736,5.36077887672318,0.412367605901783,Relaksasi
22-09-2026 08:55:40,22.5576075,1375.6,3.18722719022596,5.36362049816212,0.412586192166317,Relaksasi
22-09-2026 08:55:40,22.5579062,1373.99,0.429302721555476,5.3634061748469,0.412569705757454,Relaksasi
22-09-2026 08:55:40,22.5581923,1376.41,1.99894126797914,5.31155181510184,0.408580908853988,Relaksasi
22-09-2026 08:55:40,22.5853159,1381.25,5.54681349078127,5.32583416849081,0.40967955142237,Relaksasi
22-09-2026 08:55:40,22.5857108,1363.52,-14.1672122158974,5.37168882439024,0.413206832645403,Relaksasi
22-09-2026 08:55:40,22.5859759,1368.35,-7.39499934788556,5.39424093041416,0.414941610031858,Relaksasi
22-09-2026 08:55:40,22.5863668,1373.19,-1.91048155273776,5.34411572052058,0.411085824655429,Relaksasi
22-09-2026 08:55:40,22.5866851,1378.02,2.44675444449682,5.34250138234096,0.410961644795459,Relaksasi
22-09-2026 08:55:40,22.5997754,1369.16,-7.74375107821334,5.37048765839839,0.413114435261414,Relaksasi
22-09-2026 08:55:40,22.6090104,1378.02,1.82446520568897,5.34889306680593,0.411453312831225,Relaksasi
22-09-2026 08:55:40,22.6093291,1369.16,-8.11410078663748,5.35252209195076,0.411732468611597,Relaksasi
22-09-2026 08:55:40,22.6095867,1365.93,-10.3954828171852,5.39840270598352,0.415261746614117,Relaksasi
22-09-2026 08:55:40,22.6098383,1378.02,3.12307888850598,5.3913716285651,0.414720894505008,Relaksasi
22-09-2026 08:55:40,22.6100952,1373.99,-2.14309906872265,5.39328097296991,0.414867767151531,Relaksasi
22-09-2026 08:55:40,22.6105242,1379.63,3.28720231906042,5.39820052645231,0.415246194342485,Relaksasi
22-09-2026 08:55:40,22.6108606,1374.8,-2.73896870285815,5.39340569526446,0.414877361174189,Relaksasi
22-09-2026 08:55:40,22.6117589,1370.77,-6.65651947321927,5.40602939309579,0.415848414853522,Relaksasi
22-09-2026 08:55:40,22.612265,1369.16,-7.25626736265068,5.4241251540007,0.417240396461592,Relaksasi
22-09-2026 08:55:40,22.6210928,1374.8,-0.437358705268458,5.39050842055407,0.414654493888775,Relaksasi
22-09-2026 08:55:40,22.6214248,1377.22,1.80382110408669,5.38369321511163,0.41413024731628,Relaksasi
22-09-2026 08:55:40,22.6216813,1379.63,3.56407114411578,5.38843712298487,0.414495163306528,Relaksasi
22-09-2026 08:55:40,22.6219359,1380.44,3.40799817757658,5.32797434213267,0.409844180164052,Relaksasi
22-09-2026 08:55:40,22.622181,1369.16,-8.69569749256524,5.36219852040729,0.412476809262099,Relaksasi
22-09-2026 08:55:40,22.6225954,1365.93,-10.2537809310652,5.40676321757975,0.41590486289075,Relaksasi
22-09-2026 08:55:40,22.6230402,1370.77,-3.41324807579417,5.39026068805002,0.414635437542309,Relaksasi
22-09-2026 08:55:40,22.6235545,1372.38,-1.26710754386012,5.38466854489585,0.414205272684296,Relaksasi
22-09-2026 08:55:40,22.6240701,1377.22,3.48364054890537,5.39026237148783,0.414635567037525,Relaksasi
22-09-2026 08:55:40,22.6243373,1382.05,7.11185351592444,5.41113330318044,0.416241023321572,Relaksasi
22-09-2026 08:55:40,22.6388892,1377.22,0.29768566599544,5.39341832826908,0.414878332943775,Relaksasi
22-09-2026 08:55:40,22.6747009,1375.6,-1.9091466161262,5.39114703238589,0.414703617875837,Relaksasi
22-09-2026 08:55:40,22.675018,1368.35,-9.16612754499523,5.3975518668828,0.415196297452523,Relaksasi
22-09-2026 08:55:40,22.6753205,1366.74,-9.24151211205199,5.43189528964626,0.417838099203559,Relaksasi
22-09-2026 08:55:40,22.6917142,1383.66,9.23999345209286,5.44030618519656,0.418485091168966,Relaksasi
22-09-2026 08:55:40,22.6920282,1379.63,3.11582377588599,5.44414563954993,0.418780433811533,Relaksasi
22-09-2026 08:55:40,22.6923105,1375.6,-1.78265686914927,5.44445285670131,0.418804065900101,Relaksasi
22-09-2026 08:55:40,22.6925682,1371.58,-5.592281397414,5.45866657511017,0.419897428854628,Relaksasi
22-09-2026 08:55:40,22.6928204,1371.58,-4.52972050196188,5.46775474165724,0.420596518589019,Relaksasi
22-09-2026 08:55:40,22.6930709,1378.83,3.60507520037685,5.47369145625399,0.421053188942614,Relaksasi
22-09-2026 08:55:40,22.6933187,1371.58,-4.36994778062879,5.48168211750934,0.421667855193026,Relaksasi
22-09-2026 08:55:40,22.6935666,1376.41,1.25873155411649,5.48056865628911,0.421582204329932,Relaksasi
22-09-2026 08:55:40,22.6938124,1379.63,4.13704010832128,5.48836871109445,0.422182208545727,Relaksasi
22-09-2026 08:55:40,22.6940598,1373.99,-2.429612726271,5.49019909707148,0.422323007467037,Relaksasi
22-09-2026 08:55:40,22.6943274,1372.38,-3.66458949482389,5.49183082965243,0.422448525357879,Relaksasi
22-09-2026 08:55:40,22.7021443,1379.63,4.21264241789633,5.49776930273256,0.422905330979428,Relaksasi
22-09-2026 08:55:40,22.7024961,1372.38,-3.95229895212621,5.49695588341953,0.422842760263041,Relaksasi
22-09-2026 08:55:40,22.7027652,1375.6,-0.0501145663801088,5.49332622009983,0.422563555392295,Relaksasi
22-09-2026 08:55:40,22.7030221,1371.58,-4.151159823474,5.50060659150019,0.423123583961553,Relaksasi
22-09-2026 08:55:40,22.7032839,1372.38,-2.66602125260022,5.4971326839122,0.422856360300939,Relaksasi
22-09-2026 08:55:40,22.7035627,1374.8,0.0765462673485153,5.48642080826482,0.422032369866525,Relaksasi
22-09-2026 08:55:40,22.7038346,1379.63,4.59547656628086,5.48642419688304,0.422032630529464,Relaksasi
22-09-2026 08:55:40,22.7179851,1378.83,2.54275552118036,5.48883472637039,0.422218055874646,Relaksasi
22-09-2026 08:55:40,22.7279059,1370.77,-6.33994430182429,5.49241361469673,0.422493354976672,Relaksasi
22-09-2026 08:55:40,22.7282427,1378.83,2.70748159925237,5.49404433792952,0.422618795225348,Relaksasi
22-09-2026 08:55:40,22.7288601,1378.83,1.99974145925813,5.49537396612775,0.422721074317519,Relaksasi
22-09-2026 08:55:40,22.7295387,1383.66,6.34974490981283,5.50547451204621,0.42349803938817,Relaksasi
22-09-2026 08:55:40,22.7298975,1379.63,1.15258690539834,5.50301252353229,0.42330865565633,Relaksasi
22-09-2026 08:55:40,22.7441877,1370.77,-7.63242414357711,5.52939411820042,0.42533800909234,Relaksasi
22-09-2026 08:55:40,22.7826203,1379.63,3.22091970181369,5.53394575542547,0.425688135032728,Relaksasi
22-09-2026 08:55:40,22.8320181,1362.71,-13.7160847193153,5.5899478795845,0.429995990737269,Relaksasi
22-09-2026 08:55:40,22.8323237,1375.6,2.43197211912418,5.59244524799454,0.43018809599958,Relaksasi
22-09-2026 08:55:40,22.832602,1368.35,-4.89340486278603,5.59562035810043,0.430432335238495,Relaksasi
22-09-2026 08:55:40,22.8329231,1374.8,2.61666306102206,5.59256430047675,0.430197253882827,Relaksasi
22-09-2026 08:55:40,22.8331763,1374.8,1.88808762232418,5.58572018623116,0.429670783556243,Relaksasi
22-09-2026 08:55:40,22.8335204,1372.38,-1.41231694941538,5.54998494983264,0.426921919217896,Relaksasi
22-09-2026 08:55:40,22.8337984,1371.58,-2.66902559905582,5.54186515740334,0.426297319800257,Relaksasi
22-09-2026 08:55:40,22.8340596,1382.86,8.2346308195409,5.57190463027029,0.42860804848233,Relaksasi
22-09-2026 08:55:40,22.8343067,1378.02,0.822718097160728,5.57131474674267,0.42856267282636,Relaksasi
22-09-2026 08:55:40,22.8345699,1377.22,-1.01148273126076,5.51584335120759,0.424295642400584,Relaksasi
22-09-2026 08:55:40,22.847028,1378.83,0.143885429823708,5.51418218197339,0.424167860151799,Relaksasi
22-09-2026 08:55:40,22.8474141,1378.83,-0.254937128650242,5.49674222929318,0.422826325330245,Relaksasi
22-09-2026 08:55:40,22.8562818,1375.6,-3.49353036667666,5.50147434701497,0.423190334385767,Relaksasi
22-09-2026 08:55:40,22.8566083,1375.6,-2.57081236382404,5.46716779174293,0.42055136859561,Relaksasi
22-09-2026 08:55:40,22.8568969,1369.16,-8.03794929625398,5.41472329088167,0.416517176221667,Relaksasi
22-09-2026 08:55:40,22.8571727,1375.6,0.545055882198763,5.40409525922487,0.41569963532499,Relaksasi
22-09-2026 08:55:40,22.8574276,1372.38,-2.2429097245613,5.40552949126372,0.41580996086644,Relaksasi
22-09-2026 08:55:40,22.8576812,1374.8,1.01693690230338,5.4043364943699,0.415718191874608,Relaksasi
22-09-2026 08:55:40,22.8579316,1375.6,1.8326125827953,5.37321690818929,0.413324377553023,Relaksasi
22-09-2026 08:55:40,22.8581834,1379.63,5.5168029969704,5.38735324381127,0.414411787985483,Relaksasi
22-09-2026 08:55:40,22.8585004,1367.55,-7.78243788435552,5.41151910403323,0.416270700310249,Relaksasi
22-09-2026 08:55:40,22.858753,1377.22,3.14389985031907,5.37978874276731,0.413829903289793,Relaksasi
22-09-2026 08:55:40,22.8728917,1369.16,-5.91233159770842,5.35428613777999,0.411868164444615,Relaksasi
22-09-2026 08:55:40,22.873699,1388.5,14.0749876027804,5.40683852522821,0.415910655786785,Relaksasi
22-09-2026 08:55:40,22.8741837,1375.6,-2.12000467060079,5.31470086866332,0.408823143743333,Relaksasi
22-09-2026 08:55:40,22.89155,1368.35,-9.40671038188954,5.34639566449792,0.411261204961379,Relaksasi
22-09-2026 08:55:40,22.8921239,1368.35,-7.87257126245446,5.37465167388777,0.413434744145213,Relaksasi
22-09-2026 08:55:40,22.907402,1375.6,0.655955775285106,5.37485158139485,0.413450121645758,Relaksasi
22-09-2026 08:55:40,22.9077935,1374.8,-0.57701621318208,5.37159361934283,0.413199509180218,Relaksasi
22-09-2026 08:55:40,22.9080672,1378.83,3.20584043304701,5.37316073570508,0.413320056592699,Relaksasi
22-09-2026 08:55:40,22.9163194,1379.63,3.01491105685865,5.37134047587285,0.413180036605604,Relaksasi
22-09-2026 08:55:40,22.9397294,1372.38,-5.11774558193651,5.37644705580433,0.413572850446487,Relaksasi
22-09-2026 08:55:40,22.9401887,1374.8,-1.87508226495512,5.37798622363943,0.413691247972264,Relaksasi
22-09-2026 08:55:40,22.9404849,1375.6,-0.789622986419787,5.36522005044948,0.41270923464996,Relaksasi
22-09-2026 08:55:40,22.940743,1371.58,-4.6796710832037,5.35514718718106,0.411934399013928,Relaksasi
22-09-2026 08:55:40,22.9409944,1369.96,-5.39177877187048,5.35708592391859,0.412083532609122,Relaksasi
22-09-2026 08:55:40,22.9412656,1375.6,1.24152491562172,5.3219851114309,0.409383470110069,Relaksasi
22-09-2026 08:55:40,22.9415398,1373.19,-1.5840213065696,5.19236846390415,0.399412958761857,Relaksasi
22-09-2026 08:55:40,22.9419909,1378.02,3.26003765102911,5.19672078067556,0.399747752359659,Relaksasi
22-09-2026 08:55:40,22.9639214,1378.83,3.05407705008901,5.19437854376132,0.399567580289332,Relaksasi
22-09-2026 08:55:40,22.9642324,1368.35,-8.41290657088754,5.21824210004197,0.401403238464767,Relaksasi
22-09-2026 08:55:40,22.9645313,1368.35,-7.13228299354284,5.24244197758171,0.403264767506285,Relaksasi
22-09-2026 08:55:40,22.964799,1377.22,2.73827545612706,5.24336647628453,0.403335882791118,Relaksasi
22-09-2026 08:55:40,22.9650585,1369.16,-6.33334616114299,5.26223414534073,0.404787241949287,Relaksasi
22-09-2026 08:55:40,22.9653106,1376.41,1.59280780285868,5.26173654448527,0.404748964960405,Relaksasi
22-09-2026 08:55:40,22.9655687,1378.02,2.26929850448807,5.2592947197253,0.404561132286561,Relaksasi
22-09-2026 08:55:40,22.9658255,1380.44,3.61479741317246,5.21513056097507,0.401163889305775,Relaksasi
22-09-2026 08:55:40,22.966074,1379.63,1.56708831457409,5.21553422677618,0.401194940521244,Relaksasi
22-09-2026 08:55:40,22.9663569,1379.63,0.932469007879898,5.21542462129522,0.401186509330402,Relaksasi
22-09-2026 08:55:40,22.9906892,1378.02,-0.915292510852289,5.21557552781852,0.401198117524502,Relaksasi
22-09-2026 08:55:40,22.9911241,1364.32,-14.2020350292688,5.30807429467557,0.408313407282736,Relaksasi
22-09-2026 08:55:40,22.9914682,1375.6,0.278002852934726,5.29521747712541,0.40732442131734,Relaksasi
22-09-2026 08:55:40,22.9919924,1366.74,-8.18716882343979,5.32666453732622,0.409743425948171,Relaksasi
22-09-2026 08:55:40,22.9924329,1375.6,2.58517992885347,5.32673184837531,0.409748603721178,Relaksasi
22-09-2026 08:55:40,22.9927366,1398.97,25.5404499759776,5.60902677046745,0.431463597728265,Relaksasi
22-09-2026 08:55:40,23.0052872,1359.49,-18.9603675940776,5.76100993440863,0.443154610339126,Relaksasi
22-09-2026 08:55:40,23.0250279,1375.6,0.840259639584119,5.75773496256007,0.442902689427698,Relaksasi
22-09-2026 08:55:40,23.0253604,1378.02,3.07960891944873,5.75738283588979,0.442875602760753,Relaksasi
22-09-2026 08:55:40,23.025637,1369.16,-6.47846677390899,5.7595255908007,0.443040430061592,Relaksasi
22-09-2026 08:55:40,23.0326125,1379.63,5.08789546961239,5.76187198917037,0.443220922243875,Relaksasi
22-09-2026 08:55:40,23.0803617,1372.38,-3.3947111432321,5.76039586422777,0.443107374171367,Relaksasi
22-09-2026 08:55:40,23.0899052,1377.22,1.81546599602985,5.70712772102361,0.439009824694124,Relaksasi
22-09-2026 08:55:40,23.0901901,1368.35,-7.72053847047833,5.72893808550715,0.440687545039011,Relaksasi
22-09-2026 08:55:40,23.107353,1374.8,-0.103741891330445,5.55331203492834,0.427177848840641,Relaksasi
22-09-2026 08:55:40,23.1797345,1379.63,4.35099990214147,5.54973325243146,0.426902557879343,Relaksasi
22-09-2026 08:55:40,23.1802163,1374.8,-1.75973109441101,5.53750079560956,0.425961599662274,Relaksasi
22-09-2026 08:55:40,23.2537123,1374.8,-1.81183696018807,5.52941874265791,0.425339903281377,Relaksasi
22-09-2026 08:55:40,23.2544658,1369.16,-7.42134497471263,5.55121510679585,0.427016546676604,Relaksasi
22-09-2026 08:55:40,23.2551186,1366.74,-8.67414819038645,5.57684027762947,0.428987713663806,Relaksasi
22-09-2026 08:55:40,23.2553849,1369.96,-4.09200915117651,5.58353593310266,0.42950276408482,Relaksasi
22-09-2026 08:55:40,23.2556037,1374.8,1.06212923383813,5.5634346680985,0.427956512930654,Relaksasi
22-09-2026 08:55:40,23.2558202,1374.8,0.187747948860459,5.52496252826746,0.424997117559035,Relaksasi
22-09-2026 08:55:40,23.2560481,1379.63,4.18604102315049,5.52355361186589,0.424888739374299,Relaksasi
22-09-2026 08:55:40,23.2562761,1369.16,-7.91823125517873,5.55093118216266,0.426994706320205,Relaksasi
22-09-2026 08:55:40,23.2564914,1362.71,-13.5830498397014,5.60225411399346,0.430942624153343,Relaksasi
22-09-2026 08:55:40,23.2567047,1378.83,4.44242703476038,5.60304389010796,0.431003376162151,Relaksasi
22-09-2026 08:55:40,23.2763406,1378.83,2.77671303628022,5.60635908131167,0.431258390870128,Relaksasi
22-09-2026 08:55:40,23.293963,1379.63,2.24453809339674,5.59392295224618,0.430301765557399,Relaksasi
22-09-2026 08:55:40,23.2942407,1379.63,1.16104480106407,5.57553455280192,0.428887273292455,Relaksasi
22-09-2026 08:55:40,23.3087628,1376.41,-2.68272753606328,5.570825795477,0.428525061190539,Relaksasi
22-09-2026 08:55:40,23.3176762,1370.77,-7.90045451541711,5.55568467607327,0.427360359697944,Relaksasi
22-09-2026 08:55:40,23.3180224,1377.22,0.238682742331298,5.55185019067782,0.427065399282909,Relaksasi
22-09-2026 08:55:40,23.3349635,1379.63,2.89981568220444,5.55537364533611,0.427336434256624,Relaksasi
22-09-2026 08:55:40,23.3354186,1370.77,-6.13137982336539,5.57197885433661,0.428613758025893,Relaksasi
22-09-2026 08:55:40,23.3357125,1378.02,2.76530476017396,5.57337979590774,0.428721522762134,Relaksasi
22-09-2026 08:55:40,23.357465,1365.13,-10.2294966427183,5.6196391920626,0.432279937850969,Relaksasi
22-09-2026 08:55:40,23.3577338,1378.02,4.97660284077581,5.5953306999235,0.430410053840269,Relaksasi
22-09-2026 08:55:40,23.357977,1377.22,3.32550298920685,5.59922320327321,0.430709477174862,Relaksasi
22-09-2026 08:55:40,23.3582074,1367.55,-7.07626785755092,5.61931213770797,0.43225477982369,Relaksasi
22-09-2026 08:55:40,23.3584484,1375.6,2.09774654669605,5.61033568961386,0.431564283816451,Relaksasi
22-09-2026 08:55:40,23.3586715,1383.66,9.3061821437585,5.6205399196086,0.432349224585277,Relaksasi
22-09-2026 08:55:40,23.3588927,1375.6,-1.12566720197563,5.5885983744133,0.429892182647177,Relaksasi
22-09-2026 08:55:40,23.3591128,1375.6,-1.43176992800345,5.57914189242789,0.429164760955991,Relaksasi
22-09-2026 08:55:40,23.3593333,1371.58,-5.58598974399898,5.58168229395093,0.429360176457764,Relaksasi
22-09-2026 08:55:40,23.3595516,1373.99,-2.3931682319284,5.58079044393243,0.429291572610187,Relaksasi
22-09-2026 08:55:40,23.3679805,1374.8,-1.3565459215551,5.58065007883498,0.429280775294998,Relaksasi
22-09-2026 08:55:40,23.3682383,1380.44,4.34115262306129,5.58796591859987,0.42984353219999,Relaksasi
22-09-2026 08:55:40,23.3684704,1370.77,-6.33252896041363,5.60328833431014,0.431022179562319,Relaksasi
22-09-2026 08:55:40,23.3802549,1369.16,-6.79652571748642,5.58067980069272,0.429283061591748,Relaksasi
22-09-2026 08:55:40,23.3805551,1370.77,-3.94275850323871,5.58757293813396,0.429813302933382,Relaksasi
22-09-2026 08:55:40,23.380806,1369.96,-4.16395408330024,5.59172834192617,0.430132949378936,Relaksasi
22-09-2026 08:55:40,23.3910155,1370.77,-2.89345906647078,5.58810778250626,0.429854444808174,Relaksasi
22-09-2026 08:55:40,23.4284105,1370.77,-2.89003958660179,5.5297075689429,0.425362120687915,Relaksasi
22-09-2026 08:55:40,23.4286908,1369.16,-4.71328673673248,5.5085245494545,0.423732657650346,Relaksasi
22-09-2026 08:55:40,23.4289552,1371.58,-2.35487448226336,5.5085171606314,0.423732089279339,Relaksasi
22-09-2026 08:55:40,23.4291959,1378.83,4.19621218737611,5.51602416455624,0.42430955111971,Relaksasi
22-09-2026 08:55:40,23.4295368,1375.6,-1.09960462626889,5.51643284443824,0.42434098803371,Relaksasi
22-09-2026 08:55:40,23.429785,1376.41,-1.26807769491049,5.51715966958541,0.424396897660416,Relaksasi
22-09-2026 08:55:40,23.4300208,1367.55,-10.89758696981,5.57057708560159,0.428505929661661,Relaksasi
22-09-2026 08:55:40,23.4302656,1372.38,-4.75317589577157,5.51218338035887,0.424014106181451,Relaksasi
22-09-2026 08:55:40,23.4305183,1367.55,-9.31185138714616,5.5509269474327,0.426994380571746,Relaksasi
22-09-2026 08:55:40,23.4307684,1374.8,-0.825622866849903,5.5267598254055,0.425135371185038,Relaksasi
22-09-2026 08:55:40,23.4310609,1371.58,-4.44582592572083,5.53480778712446,0.42575444516342,Relaksasi
22-09-2026 08:55:40,23.4313943,1370.77,-4.95229893923142,5.53001018867376,0.425385399128751,Relaksasi
22-09-2026 08:55:40,23.4316569,1375.6,0.263745067163571,5.52926335572305,0.425327950440234,Relaksasi
22-09-2026 08:55:40,23.4377498,1365.13,-10.863862984488,5.58237076673552,0.429413135902733,Relaksasi
22-09-2026 08:55:40,23.4380175,1378.83,4.30689335460894,5.5906687255535,0.430051440427193,Relaksasi
22-09-2026 08:55:40,23.4608946,1374.8,-1.26784865787642,5.57747770406784,0.429036746466757,Relaksasi
22-09-2026 08:55:40,23.4614778,1378.83,2.29594373704433,5.57024546749089,0.428480420576222,Relaksasi
22-09-2026 08:55:40,23.4621837,1379.63,2.01683160966127,5.56466809245782,0.428051391727525,Relaksasi
22-09-2026 08:55:40,23.4626817,1368.35,-10.1193431898417,5.60075097511264,0.430826998085588,Relaksasi
22-09-2026 08:55:40,23.4629983,1369.96,-6.80336598577799,5.60615847366276,0.43124295951252,Relaksasi
22-09-2026 08:55:40,23.4632549,1375.6,0.00116072940833511,5.57979277417079,0.429214828782368,Relaksasi
22-09-2026 08:55:40,23.4635407,1368.35,-7.40401725868394,5.58923784834784,0.429941372949834,Relaksasi
22-09-2026 08:55:40,23.4637991,1379.63,5.11769858447388,5.5990222866365,0.430694022048962,Relaksasi
22-09-2026 08:55:40,23.4641089,1371.58,-4.20399524669391,5.60615914528674,0.431243011175903,Relaksasi
22-09-2026 08:55:40,23.4643761,1379.63,4.33760104282815,5.59670499479246,0.430515768830189,Relaksasi
22-09-2026 08:55:40,23.4646309,1379.63,3.14853659300397,5.59956564903909,0.430735819156853,Relaksasi
22-09-2026 08:55:40,23.464885,1391.72,14.3342821105509,5.68286810972838,0.437143700748337,Relaksasi
22-09-2026 08:55:40,23.4651518,1375.6,-4.67022515376026,5.64472061978077,0.434209278444674,Relaksasi
22-09-2026 08:55:40,23.4747819,1375.6,-3.51246578848034,5.6472539265206,0.434404148193892,Relaksasi
22-09-2026 08:55:40,23.4750699,1366.74,-11.1168446448162,5.70008807810164,0.438468313700126,Relaksasi
22-09-2026 08:55:40,23.4753263,1379.63,4.67014242340561,5.7085695512932,0.439120734714861,Relaksasi
22-09-2026 08:55:40,23.4755861,1370.77,-4.38277723003227,5.71676256686088,0.439750966681606,Relaksasi
22-09-2026 08:55:40,23.4759021,1376.41,2.71477590324124,5.71783878714071,0.439833752856978,Relaksasi
22-09-2026 08:55:40,23.476535,1377.22,3.42003680158776,5.71701538549585,0.439770414268911,Relaksasi
22-09-2026 08:55:40,23.4770531,1372.38,-1.86235544125251,5.71690343828838,0.43976180294526,Relaksasi
22-09-2026 08:55:40,23.4776917,1373.99,0.149673893299209,5.71569889420654,0.439669145708195,Relaksasi
22-09-2026 08:55:40,23.4779996,1374.8,0.780406124813993,5.7127465946263,0.439442045740485,Relaksasi
22-09-2026 08:55:40,23.4782547,1361.9,-12.6002975946958,5.76859457402145,0.443738044155496,Relaksasi
22-09-2026 08:55:40,23.533345,1369.96,-2.61038241890637,5.77154523373681,0.443965017979755,Relaksasi
22-09-2026 08:55:40,23.5336549,1379.63,6.76870961652563,5.79133756663802,0.445487505126001,Relaksasi
22-09-2026 08:55:40,23.5339679,1379.63,4.39952917400099,5.79530655010644,0.445792811546649,Relaksasi
22-09-2026 08:55:40,23.5342748,1367.55,-9.6633394713548,5.83537120963749,0.448874708433653,Relaksasi
22-09-2026 08:55:40,23.5345421,1371.58,-4.8110270325618,5.84356981894135,0.449505370687796,Relaksasi
22-09-2026 08:55:40,23.5347922,1370.77,-5.66893689593721,5.84415577795332,0.449550444457948,Relaksasi
22-09-2026 08:55:40,23.5350404,1380.44,4.17274420631583,5.76521172362217,0.443477824894013,Relaksasi
22-09-2026 08:55:40,23.5352911,1370.77,-7.15779093102459,5.7637146005398,0.443362661579985,Relaksasi
22-09-2026 08:55:40,23.5355409,1385.27,8.03711770543707,5.7900891705322,0.445391474656323,Relaksasi
22-09-2026 08:55:40,23.5357948,1379.63,0.33640256591287,5.787552626075,0.445196355851923,Relaksasi
22-09-2026 08:55:40,23.5360593,1368.35,-11.2064234902512,5.81582811240113,0.447371393261625,Relaksasi
22-09-2026 08:55:40,23.5363047,1378.02,0.756806893465257,5.81464332955439,0.447280256119569,Relaksasi
22-09-2026 08:55:40,23.5365522,1380.44,3.33293775608229,5.79106434625643,0.445466488173572,Relaksasi
22-09-2026 08:55:40,23.536801,1376.41,-0.910309514898847,5.74458347180499,0.441891036292691,Relaksasi
22-09-2026 08:55:40,23.5370484,1373.99,-2.59548233345259,5.74327030519479,0.441790023476522,Relaksasi
22-09-2026 08:55:40,23.5433566,1372.38,-3.08018876739327,5.74540052952397,0.441953886886459,Relaksasi
22-09-2026 08:55:40,23.5436672,1375.6,1.31743341562415,5.74145250814157,0.441650192933967,Relaksasi
22-09-2026 08:55:40,23.5439406,1379.63,5.53353868222908,5.75151001104993,0.442423847003841,Relaksasi
22-09-2026 08:55:40,23.5441908,1383.66,8.77350708958913,5.76569104990687,0.443514696146682,Relaksasi
22-09-2026 08:55:40,23.5444565,1365.13,-11.2605461781612,5.79775178012455,0.445980906163427,Relaksasi
22-09-2026 08:55:40,23.5447242,1378.02,3.98490347119873,5.80451260392514,0.446500969532703,Relaksasi
22-09-2026 08:55:40,23.54499,1372.38,-2.37703875284007,5.80554470161161,0.446580361662431,Relaksasi
22-09-2026 08:55:40,23.5452886,1369.96,-4.41895536025039,5.80848277084373,0.446806366987979,Relaksasi
22-09-2026 08:55:40,23.5455372,1372.38,-1.37822919128606,5.80429990781103,0.446484608293157,Relaksasi
22-09-2026 08:55:40,23.5458329,1376.41,2.48803410892043,5.77432015167499,0.444178473205769,Relaksasi
22-09-2026 08:55:40,23.5573903,1377.22,2.20819322039398,5.73074634612469,0.440826642009592,Relaksasi
22-09-2026 08:55:40,23.5578492,1384.47,8.33674828982263,5.75592818159906,0.442763706276851,Relaksasi
22-09-2026 08:55:40,23.5581307,1372.38,-6.01541605509379,5.77092779158318,0.443917522429475,Relaksasi
22-09-2026 08:55:40,23.558386,1370.77,-6.91249405902356,5.78634959960746,0.44510381535442,Relaksasi
22-09-2026 08:55:40,23.5586362,1378.02,1.39945165655703,5.76530499725841,0.443484999789108,Relaksasi
22-09-2026 08:55:40,23.55892,1374.8,-2.26500040192962,5.76749076824036,0.443653136018489,Relaksasi
22-09-2026 08:55:40,23.5742429,1377.22,0.523945717416143,5.76602966982502,0.443540743832694,Relaksasi
22-09-2026 08:55:40,23.5841763,1370.77,-6.00655996935865,5.7452069149661,0.441938993458931,Relaksasi
22-09-2026 08:55:40,23.5845036,1382.86,7.33343875558134,5.73142838959867,0.440879106892206,Relaksasi
22-09-2026 08:55:40,23.5847955,1372.38,-4.46663131564578,5.70281842308464,0.43867834023728,Relaksasi
22-09-2026 08:55:40,23.5853291,1369.16,-6.66844606246521,5.71803611759332,0.439848932122563,Relaksasi
22-09-2026 08:55:40,23.5857123,1374.8,0.405124187422393,5.71671831933079,0.439747563025446,Relaksasi
22-09-2026 08:55:40,23.5860609,1377.22,2.76993377186595,5.70638790759405,0.438952915968773,Relaksasi
22-09-2026 08:55:40,23.5863198,1379.63,4.53554994773635,5.70641105945306,0.438954696881005,Relaksasi
22-09-2026 08:55:40,23.58657,1372.38,-3.77147683939782,5.70694879346196,0.438996061035535,Relaksasi
22-09-2026 08:55:40,23.5869614,1379.63,4.02788002193072,5.70569026503587,0.438899251156606,Relaksasi
22-09-2026 08:55:40,23.5873422,1378.83,2.26798473180959,5.70724961330912,0.439019201023778,Relaksasi
22-09-2026 08:55:40,23.5876726,1384.47,7.34942830960583,5.72339000302425,0.440260769463404,Relaksasi
22-09-2026 08:55:40,23.6010103,1379.63,1.10595803912301,5.72134544951108,0.440103496116237,Relaksasi
22-09-2026 08:55:40,23.6249037,1377.22,-1.26199173422295,5.71617099005091,0.439705460773147,Relaksasi
22-09-2026 08:55:40,23.6252231,1375.6,-2.13438571854965,5.71039902447911,0.43926146342147,Relaksasi
22-09-2026 08:55:40,23.62556,1374.8,-1.83837605977002,5.7050374071011,0.438849031315469,Relaksasi
22-09-2026 08:55:40,23.6258604,1378.83,3.30669294037022,5.70982577230544,0.439217367100419,Relaksasi
22-09-2026 08:55:40,23.6261122,1382.05,6.62926211428874,5.7215107525533,0.440116211734869,Relaksasi
22-09-2026 08:55:40,23.6432226,1378.83,2.83486417388815,5.7219165687214,0.440147428363184,Relaksasi
22-09-2026 08:55:40,23.6435168,1372.38,-3.4572492879876,5.72713390675909,0.440548762058392,Relaksasi
22-09-2026 08:55:40,23.6438035,1370.77,-3.71663781258986,5.72394424717287,0.440303403628682,Relaksasi
22-09-2026 08:55:40,23.6440753,1374.8,1.57832841016501,5.7222080807493,0.44016985236533,Relaksasi
22-09-2026 08:55:40,23.6443941,1365.13,-8.09262057276126,5.73324893836948,0.441019149105345,Relaksasi
22-09-2026 08:55:40,23.6446462,1364.32,-7.32382447619097,5.75340621988867,0.442569709222205,Relaksasi
22-09-2026 08:55:40,23.644896,1378.83,8.20645912359975,5.78086655772911,0.444682042902239,Relaksasi
22-09-2026 08:55:40,23.6451423,1375.6,2.53039353397919,5.7661803920235,0.443552337847962,Relaksasi
22-09-2026 08:55:40,23.6453893,1371.58,-3.13217758525376,5.76985673241647,0.443835133262805,Relaksasi
22-09-2026 08:55:40,23.6456391,1372.38,-3.01183535812417,5.74850702201855,0.442192847847581,Relaksasi
22-09-2026 08:55:40,23.6458861,1371.58,-4.5608291108835,5.75303982034388,0.442541524641837,Relaksasi
22-09-2026 08:55:40,23.6461502,1374.8,-1.76834097285772,5.67207611226318,0.436313547097168,Relaksasi
22-09-2026 08:55:40,23.6464001,1367.55,-9.90799472544028,5.71259282452044,0.439430217270803,Relaksasi
22-09-2026 08:55:40,23.6466474,1366.74,-9.90387796616524,5.74494766876516,0.441919051443474,Relaksasi
22-09-2026 08:55:40,23.6542465,1374.8,-0.952999382853193,5.74236276528174,0.44172021271398,Relaksasi
22-09-2026 08:55:40,23.6547632,1375.6,-0.974340474737568,5.74122395056576,0.441632611581981,Relaksasi
22-09-2026 08:55:40,23.6551032,1366.74,-10.5827764053951,5.78892520567979,0.445301938898445,Relaksasi
22-09-2026 08:55:40,23.6553601,1377.22,1.1185332619197,5.78638852238621,0.445106809414324,Relaksasi
22-09-2026 08:55:40,23.6556422,1375.6,-1.48128596087714,5.75796990690483,0.442920762069602,Relaksasi
22-09-2026 08:55:40,23.655925,1377.22,-0.228558702060083,5.75769869990486,0.442899899992681,Relaksasi
22-09-2026 08:55:40,23.6561712,1380.44,2.54041771635809,5.76005620139038,0.443081246260799,Relaksasi
22-09-2026 08:55:40,23.6564708,1368.35,-10.328879809057,5.80616678357081,0.446628214120831,Relaksasi
22-09-2026 08:55:40,23.6824348,1373.99,-2.74617683299532,5.80938509568212,0.446875776590932,Relaksasi
22-09-2026 08:55:40,23.682988,1377.22,1.07087899650667,5.80462447768543,0.446509575206572,Relaksasi
22-09-2026 08:55:40,23.683296,1377.22,0.959488966108569,5.8021739926751,0.446321076359623,Relaksasi
22-09-2026 08:55:40,23.6835579,1379.63,3.31698495854328,5.77903035490433,0.444540796531102,Relaksasi
22-09-2026 08:55:40,23.6838057,1377.22,0.448919940963401,5.7789890170253,0.444537616694253,Relaksasi
22-09-2026 08:55:40,23.6840555,1373.99,-2.60640486779539,5.77975151459046,0.444596270353112,Relaksasi
22-09-2026 08:55:40,23.6843219,1371.58,-4.18986293207205,5.78689308040524,0.445145621569634,Relaksasi
22-09-2026 08:55:40,23.6845674,1367.55,-7.10168202699339,5.80719455655755,0.44670727358135,Relaksasi
22-09-2026 08:55:40,23.6848134,1371.58,-1.51831361768619,5.79507199458151,0.445774768813962,Relaksasi
22-09-2026 08:55:40,23.6851073,1372.38,-0.497077636751982,5.7689915198541,0.443768578450315,Relaksasi
22-09-2026 08:55:40,23.6853777,1380.44,7.29695916745312,5.78775178201879,0.445211675539907,Relaksasi
22-09-2026 08:55:40,23.7068332,1376.41,1.25135206380917,5.77331116220089,0.444100858630838,Relaksasi
22-09-2026 08:55:40,23.7071846,1374.8,-1.29578748184378,5.68761731496519,0.437509024228091,Relaksasi
22-09-2026 08:55:40,23.7074902,1377.22,0.693103661527188,5.68585267008415,0.437373282314165,Relaksasi
22-09-2026 08:55:40,23.7077988,1375.6,-1.67204065757443,5.64804994530521,0.434465380408093,Relaksasi
22-09-2026 08:55:40,23.7082569,1374.8,-2.63051402089639,5.62362688247725,0.432586683267481,Relaksasi
22-09-2026 08:55:40,23.7085949,1371.58,-5.67386890454087,5.63772931818784,0.433671486014449,Relaksasi
22-09-2026 08:55:40,23.7089297,1379.63,3.26737399641119,5.64231386850868,0.434024143731437,Relaksasi
22-09-2026 08:55:40,23.7093774,1378.83,1.70701072432154,5.63905028833929,0.433773099103022,Relaksasi
22-09-2026 08:55:40,23.7097381,1378.02,0.555105816747911,5.63515575857087,0.433473519890067,Relaksasi
22-09-2026 08:55:40,23.7578081,1372.38,-5.05223637976196,5.63486018338807,0.433450783337544,Relaksasi
22-09-2026 08:55:40,23.7581935,1369.16,-7.02049470397569,5.65513097534206,0.435010075026313,Relaksasi
22-09-2026 08:55:40,23.758615,1370.77,-3.753208388854,5.66107955181878,0.435467657832214,Relaksasi
22-09-2026 08:55:40,23.7589708,1366.74,-6.87804803563383,5.67228902725242,0.436329925173263,Relaksasi
22-09-2026 08:55:40,23.7592279,1371.58,-0.758452824749028,5.65971577647687,0.435362752036682,Relaksasi
22-09-2026 08:55:40,23.7594859,1379.63,7.062585835727,5.68102775414411,0.437002134934162,Relaksasi
22-09-2026 08:55:40,23.759787,1376.41,1.80255341059356,5.68135342324763,0.437027186403664,Relaksasi
22-09-2026 08:55:40,23.7600479,1371.58,-4.19234254437566,5.68440992297915,0.437262301767627,Relaksasi
22-09-2026 08:55:40,23.7602972,1379.63,3.82281691492115,5.68673446585555,0.437441112758119,Relaksasi
22-09-2026 08:55:40,23.760569,1369.96,-7.41216193467016,5.6797680078526,0.436905231373277,Relaksasi
22-09-2026 08:55:40,23.7692715,1378.83,2.17581220683222,5.65942471575716,0.435340362750551,Relaksasi
22-09-2026 08:55:40,23.782805,1372.38,-5.30192801045304,5.66852269591425,0.436040207378019,Relaksasi
22-09-2026 08:55:40,23.7831469,1379.63,2.51928558567639,5.65361187077974,0.434893220829211,Relaksasi
22-09-2026 08:55:40,23.7995124,1369.96,-7.94491524391891,5.68033893294253,0.436949148687887,Relaksasi
22-09-2026 08:55:40,23.7998089,1371.58,-4.93034872788942,5.68876467323824,0.437597282556787,Relaksasi
22-09-2026 08:55:40,23.8001225,1369.16,-6.46512753673819,5.70137694562668,0.438567457355898,Relaksasi
22-09-2026 08:55:40,23.8003765,1367.55,-6.92120337286327,5.72127044701067,0.440097726693129,Relaksasi
22-09-2026 08:55:40,23.8006268,1369.96,-3.40638756779362,5.72595890806898,0.440458377543768,Relaksasi
22-09-2026 08:55:40,23.8008757,1375.6,2.42596070590427,5.7281622743883,0.440627867260638,Relaksasi
22-09-2026 08:55:40,23.8011573,1370.77,-3.58455050420536,5.64513941886721,0.434241493759016,Relaksasi
22-09-2026 08:55:40,23.8014104,1371.58,-2.96095119324151,5.64898652771991,0.434537425209224,Relaksasi
22-09-2026 08:55:40,23.823958,1400.59,25.6143920693981,5.9039296683707,0.454148436028515,Relaksasi
22-09-2026 08:55:40,23.8244773,1376.41,-4.52284290037964,5.90975890305625,0.454596838696634,Relaksasi
22-09-2026 08:55:40,23.8250328,1372.38,-8.28776247710999,5.65748286800415,0.435190989846473,Relaksasi
22-09-2026 08:55:40,23.8253738,1370.77,-8.44625896444895,5.52868258789745,0.425283275992111,Relaksasi
22-09-2026 08:55:40,23.8258752,1372.38,-5.02560253559506,5.53977295388897,0.426136381068382,Relaksasi
22-09-2026 08:55:40,23.8263862,1376.41,0.316205292681818,5.53553650101701,0.425810500078231,Relaksasi
22-09-2026 08:55:40,23.8429698,1366.74,-9.03539187704612,5.55342265879767,0.427186358369051,Relaksasi
22-09-2026 08:55:40,23.8434692,1364.32,-9.36783855966881,5.58120523024363,0.42932347924951,Relaksasi
22-09-2026 08:55:40,23.843882,1378.02,6.27095263578725,5.59364422699285,0.430280325153296,Relaksasi
22-09-2026 08:55:40,23.8442288,1377.22,4.03335959437626,5.59943890960018,0.430726069969245,Relaksasi
22-09-2026 08:55:40,23.8446426,1384.47,10.007089754998,5.61750761083567,0.432115970064282,Relaksasi
22-09-2026 08:55:40,23.8450106,1377.22,0.205659624787891,5.61752164440004,0.432117049569234,Relaksasi
22-09-2026 08:55:40,23.8452844,1374.8,-2.79182750886235,5.6125631336099,0.4317356256623,Relaksasi
22-09-2026 08:55:40,23.8769863,1380.44,3.00904102773249,5.61521622919961,0.431939709938432,Relaksasi
22-09-2026 08:55:40,23.8774252,1374.8,-3.42039501840041,5.61896209679552,0.432227853599655,Relaksasi
22-09-2026 08:55:40,23.8776943,1363.52,-14.0377437152323,5.68178180521999,0.437060138863076,Relaksasi
22-09-2026 08:55:40,23.8780055,1373.19,-1.51992310526584,5.64960096637051,0.434584689720808,Relaksasi
22-09-2026 08:55:40,23.8783647,1366.74,-7.61402493632008,5.66781574007153,0.435985826159348,Relaksasi
22-09-2026 08:55:40,23.8786272,1369.16,-3.82733403348788,5.67377626452393,0.436444328040303,Relaksasi
22-09-2026 08:55:40,23.878934,1378.02,5.39821761579869,5.68658637677748,0.437429721290576,Relaksasi
22-09-2026 08:55:40,23.8792183,1379.63,5.30151433820356,5.69123714096546,0.437787472381958,Relaksasi
22-09-2026 08:55:40,23.8794693,1365.93,-10.2391309883364,5.70971866913194,0.439209128394764,Relaksasi
22-09-2026 08:55:40,23.8797221,1378.02,2.99408960357509,5.63233645378771,0.433256650291362,Relaksasi
22-09-2026 08:55:40,23.8799753,1377.22,0.739438969971458,5.62381294041877,0.432600995416828,Relaksasi
22-09-2026 08:55:40,23.8802294,1375.6,-1.84751960210885,5.62190252101486,0.432454040078066,Relaksasi
22-09-2026 08:55:40,24.0047918,1374.8,-2.96844832934593,5.62358040993011,0.432583108456162,Relaksasi
22-09-2026 08:55:40,24.0051145,1377.22,-0.470241286503047,5.62307941755556,0.432544570581197,Relaksasi
22-09-2026 08:55:40,24.1621122,1364.32,-13.5887175994394,5.70142992861964,0.438571532970742,Relaksasi
22-09-2026 08:55:40,24.1624197,1372.38,-3.05254947003395,5.67809894370853,0.436776841823733,Relaksasi
22-09-2026 08:55:40,24.1626887,1369.16,-5.8407302579795,5.69307416226232,0.437928781712486,Relaksasi
22-09-2026 08:55:40,24.1629529,1373.99,-0.133313990429212,5.68938815912267,0.437645243009436,Relaksasi
22-09-2026 08:55:40,24.1632142,1366.74,-7.7615577211716,5.69933131373925,0.438410101056866,Relaksasi
22-09-2026 08:55:40,24.1635411,1369.16,-4.40304904602597,5.70447868575159,0.438806052750122,Relaksasi
22-09-2026 08:55:40,24.1638049,1372.38,-1.10784835403738,5.65897523481548,0.435305787293499,Relaksasi
22-09-2026 08:55:40,24.1640652,1375.6,1.32801541726256,5.64880394011186,0.434523380008605,Relaksasi
22-09-2026 08:55:40,24.1643239,1382.05,6.37405829431525,5.66187550188662,0.435528884760509,Relaksasi
22-09-2026 08:55:40,24.1645806,1379.63,1.57070910686096,5.64081572118755,0.433908901629812,Relaksasi
22-09-2026 08:55:40,24.1648364,1374.8,-4.51633386526858,5.6479009955415,0.434453922733961,Relaksasi
22-09-2026 08:55:40,24.1766009,1374.8,-4.2788344665213,5.61758868616545,0.432122206628112,Relaksasi
22-09-2026 08:55:40,24.1769117,1370.77,-7.80175402766591,5.64405030481011,0.434157715754624,Relaksasi
22-09-2026 08:55:40,24.1771939,1370.77,-6.35950510833076,5.66103087288065,0.435463913298511,Relaksasi
22-09-2026 08:55:40,24.1777586,1375.6,-0.236951844667656,5.64725905794049,0.4344045429185,Relaksasi
22-09-2026 08:55:40,24.1780522,1379.63,3.91883010324774,5.65152056914332,0.434732351472563,Relaksasi
22-09-2026 08:55:40,24.1783123,1373.19,-3.20166325829874,5.65523977364013,0.435018444126164,Relaksasi
22-09-2026 08:55:40,24.1785688,1370.77,-4.89782360555171,5.65751290296657,0.435193300228197,Relaksasi
22-09-2026 08:55:40,24.1788405,1382.05,7.40922972448404,5.66404723299618,0.435695940999706,Relaksasi
22-09-2026 08:55:40,24.1790903,1380.44,4.36575047680082,5.65205857494399,0.434773736534153,Relaksasi
22-09-2026 08:55:40,24.1976672,1380.44,3.52930187464927,5.65069192843988,0.43466860987999,Relaksasi
22-09-2026 08:55:40,24.1981634,1378.83,1.34260225675269,5.6438142781452,0.434139559857323,Relaksasi
22-09-2026 08:55:40,24.1985609,1372.38,-5.11088725043894,5.65167098491963,0.434743921916894,Relaksasi
22-09-2026 08:55:40,24.19889,1378.83,2.72122865268153,5.65125195904612,0.434711689157394,Relaksasi
22-09-2026 08:55:40,24.199249,1375.6,-0.59226114782531,5.64157134242273,0.43396702634021,Relaksasi
22-09-2026 08:55:40,24.2117506,1366.74,-8.87481885369544,5.67392387073874,0.436455682364519,Relaksasi
22-09-2026 08:55:40,24.2125726,1371.58,-1.90709550650025,5.6677646540489,0.4359818964653,Relaksasi
22-09-2026 08:55:40,24.2527844,1377.22,4.3036068050832,5.67539564080596,0.436568895446612,Relaksasi
22-09-2026 08:55:40,24.2534153,1375.6,1.78394541760683,5.67608913608152,0.43662224123704,Relaksasi
22-09-2026 08:55:40,24.2537051,1373.19,-1.24871302852904,5.62423304042941,0.432633310802263,Relaksasi
22-09-2026 08:55:40,24.2540581,1378.83,4.20469186545784,5.62204865293733,0.432465280995179,Relaksasi
22-09-2026 08:55:40,24.2543404,1372.38,-3.59107902822108,5.58912850251697,0.429932961732074,Relaksasi
22-09-2026 08:55:40,24.2545989,1375.6,-0.225301606503024,5.58884629920395,0.429911253784919,Relaksasi
22-09-2026 08:55:40,24.2548862,1367.55,-8.77365095877997,5.61437982960266,0.431875371507897,Relaksasi
22-09-2026 08:55:40,24.2552218,1372.38,-2.77185479711055,5.60687528327614,0.431298098713549,Relaksasi
22-09-2026 08:55:40,24.255522,1379.63,4.43958745907803,5.61562572817533,0.431971209859641,Relaksasi
22-09-2026 08:55:40,24.2558055,1373.19,-3.47690644881195,5.56826535974041,0.428328104595416,Relaksasi
22-09-2026 08:55:40,24.2561069,1373.19,-3.37082635760039,5.56503771921723,0.428079824555172,Relaksasi
22-09-2026 08:55:40,24.2564873,1371.58,-4.82686760061699,5.57477361597613,0.428828739690472,Relaksasi
22-09-2026 08:55:40,24.2784963,1377.22,1.29700998607459,5.57316384611875,0.428704911239904,Relaksasi
22-09-2026 08:55:40,24.2789309,1374.8,-1.79803748002132,5.57278941831416,0.428676109101089,Relaksasi
22-09-2026 08:55:40,24.2793943,1375.6,-1.01368189594474,5.52712530370319,0.425163484900246,Relaksasi
22-09-2026 08:55:40,24.2902435,1374.8,-1.90564419368789,5.5077983421798,0.423676795552293,Relaksasi
22-09-2026 08:55:40,24.290524,1380.44,3.89376640927748,5.51467584320531,0.424205834092716,Relaksasi
22-09-2026 08:55:40,24.417116,1372.38,-5.04364059304141,5.5013401867142,0.423180014362631,Relaksasi
22-09-2026 08:55:40,24.4174392,1376.41,-0.0400946417727077,5.48942598946835,0.422263537651411,Relaksasi
22-09-2026 08:55:40,24.4177372,1381.25,4.87926847553209,5.4922186881042,0.4224783606234,Relaksasi
22-09-2026 08:55:40,24.4180031,1370.77,-6.40836459500995,5.50233840179247,0.423256800137883,Relaksasi
22-09-2026 08:55:40,24.4182985,1371.58,-4.13222271199834,5.50559150293232,0.423507038687101,Relaksasi
22-09-2026 08:55:40,24.4185585,1382.05,7.35657974447358,5.43643043795469,0.418186956765745,Relaksasi
22-09-2026 08:55:40,24.4190683,1372.38,-3.59451783880657,5.4323405346364,0.417872348818184,Relaksasi
22-09-2026 08:55:40,24.4193258,1366.74,-8.42421769429379,5.45925579392298,0.419942753378691,Relaksasi
22-09-2026 08:55:40,24.4196659,1370.77,-2.7338826827868,5.40582308458323,0.415832544967941,Relaksasi
22-09-2026 08:55:40,24.4200324,1379.63,6.47395302549212,5.4151114863334,0.416547037410262,Relaksasi
22-09-2026 08:55:40,24.4204263,1372.38,-2.44502993017798,5.40899986919734,0.41607691301518,Relaksasi
22-09-2026 08:55:40,24.4459772,1378.83,3.92852028670795,5.41272536733281,0.416363489794832,Relaksasi
22-09-2026 08:55:40,24.446495,1372.38,-3.90484094113948,5.41436529589804,0.416489638146003,Relaksasi
22-09-2026 08:55:40,24.4935335,1379.63,3.4912678109613,5.41839039504505,0.416799261157312,Relaksasi
22-09-2026 08:55:40,24.4938492,1369.16,-8.21261771771835,5.44941078563836,0.419185445049105,Relaksasi
22-09-2026 08:55:40,24.4941195,1369.16,-7.0742442321414,5.47204325634524,0.420926404334249,Relaksasi
22-09-2026 08:55:40,24.4944184,1377.22,1.94468658467308,5.40077114230014,0.415443934023088,Relaksasi
22-09-2026 08:55:40,24.4946909,1379.63,3.54109628070192,5.40342070025861,0.41564774617374,Relaksasi
22-09-2026 08:55:40,24.4949466,1379.63,2.44456642989232,5.38495660518911,0.414227431168393,Relaksasi
22-09-2026 08:55:40,24.4951994,1377.22,-0.725676771755357,5.37620790045277,0.413554453880982,Relaksasi
22-09-2026 08:55:40,24.6478942,1372.38,-5.52054000335809,5.34687689682874,0.41129822283298,Relaksasi
22-09-2026 08:55:40,24.6482091,1372.38,-4.36475059037428,5.34496191594305,0.411150916611004,Relaksasi
22-09-2026 08:55:40,24.6484792,1373.99,-1.73231347794633,5.33131674215295,0.410101287857919,Relaksasi
22-09-2026 08:55:40,24.6487441,1370.77,-4.44443123981221,5.33241446994987,0.410185728457682,Relaksasi
22-09-2026 08:55:40,24.6490036,1365.93,-8.32478042262629,5.34087858593454,0.410836814302657,Relaksasi
22-09-2026 08:55:40,24.6492633,1366.74,-5.97451443424671,5.32733346790531,0.409794882146562,Relaksasi
22-09-2026 08:55:40,24.649589,1374.8,2.87128125733016,5.33114784311275,0.410088295624058,Relaksasi
22-09-2026 08:55:40,24.6498577,1378.83,5.61966770578645,5.28688197461687,0.406683228816682,Relaksasi
22-09-2026 08:55:40,24.6501695,1374.8,-0.475974811746768,5.28671826280405,0.406670635600311,Relaksasi
22-09-2026 08:55:40,24.6504727,1379.63,3.38820671919228,5.28689392211496,0.406684147854997,Relaksasi
22-09-2026 08:55:40,24.6507283,1371.58,-6.3264297437529,5.30539561137007,0.408107354720774,Relaksasi
22-09-2026 08:55:40,24.650982,1374.8,-2.72490983220157,5.3057200848138,0.408132314216447,Relaksasi
22-09-2026 08:55:40,24.6513237,1374.8,-2.86541009735124,5.30511834734276,0.408086026718674,Relaksasi
22-09-2026 08:55:40,24.6519489,1377.22,-0.383163872588948,5.3043695759304,0.408028428917723,Relaksasi
22-09-2026 08:55:40,24.652444,1379.63,1.78688940811029,5.29142714351256,0.407032857193274,Relaksasi
22-09-2026 08:55:40,24.6528232,1377.22,-1.08290447851993,5.25549165087284,0.40426858852868,Relaksasi
22-09-2026 08:55:40,24.6530789,1373.99,-3.98936034469007,5.20247709952101,0.400190546117001,Relaksasi
22-09-2026 08:55:40,24.6533588,1361.9,-14.9965690247745,5.30196719201853,0.407843630155271,Relaksasi
22-09-2026 08:55:40,24.6536231,1372.38,-1.23905278370693,5.30002649031893,0.407694345409148,Relaksasi
22-09-2026 08:55:40,24.6538748,1365.13,-8.0458424899981,5.32130837976641,0.409331413828185,Relaksasi
22-09-2026 08:55:40,24.654131,1375.6,3.89833377162249,5.32755200115668,0.409811692396667,Relaksasi
22-09-2026 08:55:40,24.6643756,1377.22,4.31396598020419,5.33337700418642,0.410259769552802,Relaksasi
22-09-2026 08:55:40,24.664681,1369.16,-5.32071840786837,5.34435027895541,0.411103867611954,Relaksasi
22-09-2026 08:55:40,24.664944,1378.83,4.47001768035573,5.3211350607032,0.409318081592554,Relaksasi
22-09-2026 08:55:40,24.6802251,1381.25,5.00145705040362,5.31588422050374,0.40891417080798,Relaksasi
22-09-2026 08:55:40,24.6805986,1375.6,-2.60238074330712,5.29656247984352,0.407427883064886,Relaksasi
22-09-2026 08:55:40,24.6809096,1378.02,-0.462931067518291,5.29573916503233,0.407364551156333,Relaksasi
22-09-2026 08:55:40,24.6812713,1379.63,0.715591606318903,5.29355858819838,0.407196814476798,Relaksasi
22-09-2026 08:55:40,24.6815455,1375.6,-3.6722496101428,5.29979405421671,0.407676465708977,Relaksasi
22-09-2026 08:55:40,24.6819056,1369.16,-9.30289042110316,5.32354600381348,0.409503538754883,Relaksasi
22-09-2026 08:55:40,24.68235,1375.6,-0.728234847414596,5.29848063738787,0.407575433645221,Relaksasi
22-09-2026 08:55:40,24.6828096,1372.38,-3.39805601540006,5.29451385980277,0.407270296907905,Relaksasi
22-09-2026 08:55:40,24.683146,1369.16,-5.56919453962715,5.28815807122902,0.40678139009454,Relaksasi
22-09-2026 08:55:40,24.6834137,1374.8,1.42138877713987,5.28903553481609,0.406848887293545,Relaksasi
22-09-2026 08:55:40,24.683671,1377.22,3.6192851469626,5.29159997996068,0.407046152304667,Relaksasi
22-09-2026 08:55:40,24.6839905,1378.02,3.55638171790293,5.28785528696606,0.406758098997389,Relaksasi
22-09-2026 08:55:40,24.6842651,1373.99,-1.46328925671365,5.28213966356328,0.406318435658714,Relaksasi
22-09-2026 08:55:40,24.6845884,1374.8,-0.730005379956681,5.27470803716252,0.405746772089425,Relaksasi
22-09-2026 08:55:40,24.6947662,1379.63,3.85052648979589,5.27929530096882,0.406099638536063,Relaksasi
22-09-2026 08:55:40,24.6955404,1368.35,-8.55921896870254,5.28840141623272,0.406800108940978,Relaksasi
22-09-2026 08:55:40,24.7132067,1368.35,-7.22787948654733,5.31246506178168,0.40865115859859,Relaksasi
22-09-2026 08:55:40,24.713546,1371.58,-2.94686330333529,5.315801156327,0.408907781255923,Relaksasi
22-09-2026 08:55:40,24.7138092,1371.58,-2.84039437181185,5.31745269114515,0.409034822395781,Relaksasi
22-09-2026 08:55:40,24.7140792,1381.25,6.77424686778152,5.33740171740983,0.410569362877679,Relaksasi
22-09-2026 08:55:40,24.7217123,1374.8,-1.69610502694123,5.33362633330382,0.410278948715679,Relaksasi
22-09-2026 08:55:40,24.7220466,1364.32,-12.5257454274246,5.38630724847511,0.414331326805778,Relaksasi
22-09-2026 08:55:40,24.7223263,1369.16,-5.87989594077587,5.39860994904478,0.41527768838806,Relaksasi
22-09-2026 08:55:40,24.7225945,1372.38,-2.19707306505244,5.39530927463799,0.415023790356769,Relaksasi
22-09-2026 08:55:40,24.722895,1373.19,-1.7503842644069,5.39032600231287,0.414640461716375,Relaksasi
22-09-2026 08:55:40,24.7231647,1367.55,-7.929495019843,5.41826016952926,0.416789243809943,Relaksasi
22-09-2026 08:55:40,24.7234126,1370.77,-4.11142583251692,5.39579557043401,0.415061197725693,Relaksasi
22-09-2026 08:55:40,24.7371239,1362.71,-12.3949908410646,5.44192951101678,0.418609962385906,Relaksasi
22-09-2026 08:55:40,24.7374117,1377.22,3.39275489671824,5.416218318632,0.416632178356307,Relaksasi
22-09-2026 08:55:40,24.73767,1373.99,-1.76014831849051,5.41469269935203,0.41651482302708,Relaksasi
22-09-2026 08:55:40,24.7379224,1371.58,-5.12566119602052,5.42228792667545,0.417099071282727,Relaksasi
22-09-2026 08:55:40,24.7381937,1374.8,-2.13914449828894,5.42021496756087,0.416939612889298,Relaksasi
22-09-2026 08:55:40,24.7384449,1367.55,-10.0852599329071,5.45740660233861,0.4198005078722,Relaksasi
22-09-2026 08:55:40,24.7386961,1371.58,-5.0669877257788,5.46772562381595,0.420594278755073,Relaksasi
22-09-2026 08:55:40,24.7389977,1377.22,0.684639124561212,5.42287058241216,0.417143890954781,Relaksasi
22-09-2026 08:55:40,24.739246,1372.38,-5.07185891545694,5.38940721453104,0.414569785733157,Relaksasi
22-09-2026 08:55:40,24.7394897,1386.89,9.77099146390551,5.43309584453092,0.417930449579302,Relaksasi
22-09-2026 08:55:40,24.7397379,1374.8,-4.68640399392924,5.44275625680842,0.418673558216032,Relaksasi
22-09-2026 08:55:40,24.739985,1374.8,-3.95220652308918,5.39830710230532,0.415254392485024,Relaksasi
22-09-2026 08:55:40,24.7402909,1368.35,-9.52484228224148,5.43958427547711,0.418429559652085,Relaksasi
22-09-2026 08:55:40,24.7522893,1372.38,-3.36071796644029,5.44376507352936,0.418751159502258,Relaksasi
22-09-2026 08:55:40,24.7525804,1359.49,-15.3000234468334,5.55020455188319,0.426938811683323,Relaksasi
22-09-2026 08:55:40,24.7529255,1374.8,3.12635514855777,5.55169995942248,0.427053843032498,Relaksasi
22-09-2026 08:55:40,24.7531793,1381.25,8.77999144148152,5.53835579368681,0.426027368745139,Relaksasi
22-09-2026 08:55:40,24.7534282,1368.35,-6.32553453412679,5.55299373286032,0.427153364066179,Relaksasi
22-09-2026 08:55:40,24.7536999,1378.02,3.89310214891785,5.55929732158389,0.427638255506453,Relaksasi
22-09-2026 08:55:40,24.7603546,1367.55,-8.14155302687581,5.58861414331286,0.429893395639451,Relaksasi
22-09-2026 08:55:40,24.7704995,1379.63,4.64432770373207,5.59333934209777,0.43025687246906,Relaksasi
22-09-2026 08:55:40,24.7708221,1380.44,3.64304429618471,5.59917817264387,0.430706013280298,Relaksasi
22-09-2026 08:55:40,24.7862238,1377.22,-1.10832944893662,5.59669290279306,0.430514838676389,Relaksasi
22-09-2026 08:55:40,24.8116099,1375.6,-3.11637085485503,5.59318831506247,0.430245255004805,Relaksasi
22-09-2026 08:55:40,24.8119694,1378.02,-0.423904563870702,5.57068079906622,0.428513907620479,Relaksasi
22-09-2026 08:55:40,24.8122567,1378.02,-0.411266864243362,5.56972206542166,0.42844015887859,Relaksasi
22-09-2026 08:55:40,24.8125315,1369.16,-9.01053006009368,5.60593584649159,0.431225834345507,Relaksasi
22-09-2026 08:55:40,24.8127985,1378.02,1.97086133600705,5.58387948666076,0.429529191281597,Relaksasi
22-09-2026 08:55:40,24.813053,1379.63,3.63260597734454,5.58908398957701,0.42992953765977,Relaksasi
22-09-2026 08:55:40,24.8133204,1365.93,-10.3199795107552,5.63577629098846,0.433521253152958,Relaksasi
22-09-2026 08:55:40,24.8262188,1375.6,1.78750065052828,5.63698041787602,0.433613878298155,Relaksasi
22-09-2026 08:55:40,24.8268095,1373.99,0.112478096686465,5.63574599217583,0.433518922475064,Relaksasi
22-09-2026 08:55:40,24.8271856,1373.99,0.170347141926198,5.63268851961469,0.433283732278053,Relaksasi
22-09-2026 08:55:40,24.8275015,1377.22,3.24618152915884,5.62306895652817,0.432543765886782,Relaksasi
22-09-2026 08:55:40,24.8277642,1373.99,-0.908991286111934,5.61868820557786,0.432206785044451,Relaksasi
22-09-2026 08:55:40,24.8280179,1381.25,6.12016042736403,5.63403670042345,0.433387438494112,Relaksasi
22-09-2026 08:55:40,24.8282688,1363.52,-13.2502732348409,5.71127634888815,0.439328949914473,Relaksasi
22-09-2026 08:55:40,24.8393022,1371.58,-3.05970093915569,5.70419678135052,0.438784367796194,Relaksasi
22-09-2026 08:55:40,24.8540195,1387.69,13.1245776204115,5.75783786498872,0.442910604999132,Relaksasi
22-09-2026 08:55:40,24.8544103,1377.22,-0.476932440021415,5.75181722034078,0.442447478487753,Relaksasi
22-09-2026 08:55:40,24.854722,1370.77,-7.29552321602214,5.75438849116776,0.442645268551366,Relaksasi
22-09-2026 08:55:40,24.8549913,1369.16,-7.76242834790175,5.78025839587891,0.444635261221455,Relaksasi
22-09-2026 08:55:40,24.8552484,1367.55,-8.03626353956947,5.78661336085976,0.44512410468152,Relaksasi
22-09-2026 08:55:40,24.8555034,1372.38,-1.84444733844384,5.78667936938033,0.445129182260025,Relaksasi
22-09-2026 08:55:40,24.8557543,1364.32,-9.88006591819637,5.82115606702865,0.447781235925281,Relaksasi
22-09-2026 08:55:40,24.8560042,1365.93,-6.88059534135455,5.83519505005075,0.448861157696212,Relaksasi
22-09-2026 08:55:40,24.8619057,1377.22,4.93065259334795,5.82205781699129,0.447850601307022,Relaksasi
22-09-2026 08:55:40,24.8904126,1357.07,-17.2940789468607,5.94710957219502,0.457469967091925,Relaksasi
22-09-2026 08:55:40,24.8911034,1379.63,7.26983147511872,5.95750050851334,0.458269269885641,Relaksasi
22-09-2026 08:55:40,24.892636,1379.63,4.26119473797511,5.962454797531,0.458650369040846,Relaksasi
22-09-2026 08:55:40,24.9158937,1372.38,-5.47606313707381,5.94854563392105,0.457580433378542,Relaksasi
22-09-2026 08:55:40,24.9162245,1366.74,-11.5579764889487,5.99429625298447,0.461099711768036,Relaksasi
22-09-2026 08:55:40,24.9164963,1370.77,-6.57451809106715,5.99489112819082,0.461145471399294,Relaksasi
22-09-2026 08:55:40,24.916761,1381.25,4.05750725199641,5.98176572457652,0.460135824967424,Relaksasi
22-09-2026 08:55:40,24.9170169,1376.41,-2.52225606074958,5.97957462371599,0.459967278747384,Relaksasi
22-09-2026 08:55:40,24.9172728,1368.35,-10.7718777045746,6.02545043961585,0.463496187662758,Relaksasi
22-09-2026 08:55:40,24.9275333,1369.96,-7.46377993696478,6.04320676821653,0.464862059093579,Relaksasi
22-09-2026 08:55:40,24.9281766,1377.22,1.01914990123092,6.04000870994241,0.464616054610954,Relaksasi
22-09-2026 08:55:40,24.9441413,1366.74,-9.81780764733547,5.80372006093991,0.446440004687685,Relaksasi
22-09-2026 08:55:40,24.9445481,1379.63,4.84335739719214,5.80501305430345,0.44653946571565,Relaksasi
22-09-2026 08:55:40,24.9448423,1366.74,-9.16847018482038,5.81163021482769,0.447048478063669,Relaksasi
22-09-2026 08:55:40,24.9451141,1359.49,-14.8726487495373,5.87574060911142,0.451980046854725,Relaksasi
22-09-2026 08:55:40,24.9453677,1375.6,3.72225792881904,5.87088752419729,0.451606732630561,Relaksasi
22-09-2026 08:55:40,24.9456388,1383.66,10.3422545106422,5.9162176713382,0.455093667026015,Relaksasi
22-09-2026 08:55:40,24.9459747,1377.22,0.95213265508546,5.88200414703694,0.45246185746438,Relaksasi
22-09-2026 08:55:40,24.9462598,1379.63,2.23457751053158,5.84672194247448,0.449747841728806,Relaksasi
22-09-2026 08:55:40,24.9530805,1378.83,0.211903370799729,5.82990203631278,0.448454002793291,Relaksasi
22-09-2026 08:55:40,24.9534811,1377.22,-1.96780589371945,5.82458402850306,0.448044925269466,Relaksasi
22-09-2026 08:55:40,24.9537448,1377.22,-1.79848591743642,5.78284036060534,0.444833873892719,Relaksasi
22-09-2026 08:55:40,24.968938,1375.6,-2.97306225296666,5.78664208782951,0.445126314448424,Relaksasi
22-09-2026 08:55:40,24.969269,1372.38,-5.25954758098499,5.79521952580115,0.445786117369319,Relaksasi
22-09-2026 08:55:40,24.9957461,1376.41,0.312425028609585,5.79135439769373,0.445488799822595,Relaksasi
22-09-2026 08:55:40,24.9962693,1379.63,4.03763216911724,5.79334123083929,0.445641633141484,Relaksasi
22-09-2026 08:55:40,24.9966102,1378.83,3.00671893635686,5.71162964202696,0.439356126309766,Relaksasi
22-09-2026 08:55:40,25.0447499,1378.83,2.96616943266527,5.71446875413347,0.439574519548729,Relaksasi
22-09-2026 08:55:40,25.0451128,1378.02,2.12179238570792,5.69102769962979,0.437771361509984,Relaksasi
22-09-2026 08:55:40,25.0453839,1378.02,2.2498585132022,5.68681485240914,0.437447296339164,Relaksasi
22-09-2026 08:55:40,25.0456471,1374.8,-0.876959453636079,5.67432856713992,0.436486812856917,Relaksasi
22-09-2026 08:55:40,25.0459075,1377.22,2.2113058632999,5.66409072884383,0.435699286834141,Relaksasi
22-09-2026 08:55:40,25.0461634,1378.02,3.00772161426666,5.62165071079106,0.432434670060851,Relaksasi
22-09-2026 08:55:40,25.046465,1378.83,3.57792178282304,5.6233567797879,0.432565906137531,Relaksasi
22-09-2026 08:55:40,25.0467999,1379.63,3.96824012275871,5.63011032495761,0.433085409612124,Relaksasi
22-09-2026 08:55:40,25.0471418,1367.55,-8.61712579871918,5.66147948092618,0.435498421609706,Relaksasi
22-09-2026 08:55:40,25.0474434,1379.63,5.37933209437957,5.67035956130088,0.436181504715452,Relaksasi
22-09-2026 08:55:40,25.0531956,1379.63,4.47651352879343,5.67909040137292,0.436853107797917,Relaksasi
22-09-2026 08:55:40,25.0614908,1376.41,0.453845971684279,5.59730573024285,0.43056197924945,Relaksasi
22-09-2026 08:55:40,25.0618121,1375.6,-0.386478572790252,5.59320909451011,0.430246853423855,Relaksasi
22-09-2026 08:55:40,25.0620941,1369.96,-5.88595933601873,5.59344615703991,0.43026508900307,Relaksasi
22-09-2026 08:55:40,25.0954252,1379.63,4.96805041981971,5.60445882074921,0.431112216980709,Relaksasi
22-09-2026 08:55:40,25.0966411,1379.63,3.97019488408486,5.58458252864673,0.429583271434364,Relaksasi
22-09-2026 08:55:40,25.0973995,1357.88,-18.6097836353915,5.7290704350303,0.440697725771561,Relaksasi
22-09-2026 08:55:40,25.0979345,1373.99,1.02473353163823,5.72899308811896,0.440691776009151,Relaksasi
22-09-2026 08:55:40,25.0984536,1375.6,2.14383907020708,5.73022895779629,0.440786842907407,Relaksasi
22-09-2026 08:55:40,25.1466654,1379.63,5.23327688922314,5.72444903445448,0.440342233419576,Relaksasi
22-09-2026 08:55:40,25.1470389,1379.63,3.560099826678,5.7289050146127,0.440685001124054,Relaksasi
22-09-2026 08:55:40,25.1797768,1390.11,12.7033404864265,5.79009849709935,0.445392192084565,Relaksasi
22-09-2026 08:55:40,25.1802756,1375.6,-4.73320117734238,5.79186623214648,0.445528171703575,Relaksasi
22-09-2026 08:55:40,25.1806504,1374.8,-4.70921183661636,5.7751416434706,0.444241664882354,Relaksasi
22-09-2026 08:55:40,25.1809842,1380.44,2.10714473098313,5.75953511757853,0.443041162890656,Relaksasi
22-09-2026 08:55:40,25.1812781,1370.77,-7.44127154300234,5.78349605780279,0.444884312138676,Relaksasi
22-09-2026 08:55:40,25.1815742,1369.16,-6.88503766941994,5.79733207797142,0.445948621382417,Relaksasi
22-09-2026 08:55:40,25.181847,1373.99,0.0237992250766901,5.79291021993215,0.445608478456319,Relaksasi
22-09-2026 08:55:40,25.1821376,1378.83,5.44329366742043,5.79534405066582,0.445795696205063,Relaksasi
22-09-2026 08:55:40,25.1992801,1372.38,-1.70144938690918,5.77286790859776,0.444066762199828,Relaksasi
22-09-2026 08:55:40,25.2137181,1378.83,5.23629118466479,5.77648671173426,0.444345131671866,Relaksasi
22-09-2026 08:55:40,25.2865687,1369.16,-5.4883659194058,5.78412739093434,0.444932876225719,Relaksasi
22-09-2026 08:55:40,25.286908,1354.65,-19.1340618001763,5.93950152582879,0.456884732756061,Relaksasi
22-09-2026 08:55:40,25.2872007,1375.6,5.07248018078648,5.93933689975669,0.456872069212053,Relaksasi
22-09-2026 08:55:40,25.2874589,1377.22,4.82544688978446,5.94601732845955,0.457385948343042,Relaksasi
22-09-2026 08:55:40,25.2877982,1377.22,2.66382805433914,5.94885267118967,0.457604051629975,Relaksasi
22-09-2026 08:55:40,25.2880591,1379.63,3.19344599749708,5.91996845783705,0.455382189064389,Relaksasi
22-09-2026 08:55:40,25.2883126,1377.22,-1.14308128155814,5.91898425825853,0.455306481404502,Relaksasi
22-09-2026 08:55:40,25.2885696,1371.58,-7.64168795528018,5.93580209119862,0.456600160861432,Relaksasi
22-09-2026 08:55:40,25.2888528,1379.63,1.11384064157564,5.93498419243784,0.456537245572141,Relaksasi
22-09-2026 08:55:40,25.2891393,1369.16,-10.055693318895,5.97677386086903,0.459751835451464,Relaksasi
22-09-2026 08:55:40,25.3144128,1382.05,4.5863074661182,5.97817695425778,0.459859765712137,Relaksasi
22-09-2026 08:55:40,25.3147617,1369.16,-9.1789405512552,6.00794350853115,0.462149500656242,Relaksasi
22-09-2026 08:55:40,25.3150316,1378.83,2.47452391735717,6.01046984359127,0.462343834122405,Relaksasi
22-09-2026 08:55:40,25.3152893,1379.63,3.09052776280005,5.98235904925897,0.460181465327613,Relaksasi
22-09-2026 08:55:40,25.3155469,1377.22,0.444069165439588,5.97922987401286,0.459940759539451,Relaksasi
22-09-2026 08:55:40,25.8905816,1377.22,0.798721409748833,5.97125028630569,0.459326945100438,Relaksasi
22-09-2026 08:55:40,25.8908413,1379.63,3.54948266395502,5.97146378414417,0.45934336801109,Relaksasi
22-09-2026 08:55:40,25.8910272,1378.02,1.77715488557466,5.96802804711209,0.459079080547084,Relaksasi
22-09-2026 08:55:40,25.8911996,1362.71,-13.3226107366128,6.03227364276055,0.46402104944312,Relaksasi
22-09-2026 08:55:40,25.8914426,1370.77,-2.16498958828702,6.03351887593059,0.464116836610045,Relaksasi
22-09-2026 08:55:40,25.8916418,1365.13,-7.11445953795068,6.05312010494576,0.465624623457367,Relaksasi
22-09-2026 08:55:40,25.8918209,1378.02,7.05277866961196,6.07320621128416,0.46716970856032,Relaksasi
22-09-2026 08:55:40,25.9024416,1379.63,6.76653192612557,6.09053413563639,0.468502625818184,Relaksasi
22-09-2026 08:55:40,25.9084285,1374.8,-0.201359299660874,6.08432426000948,0.468024943077652,Relaksasi
22-09-2026 08:55:40,25.9086226,1378.83,2.92936147075863,6.0773938445614,0.467491834197031,Relaksasi
22-09-2026 08:55:40,25.9087945,1365.13,-12.2626758567587,6.13893915915861,0.472226089166047,Relaksasi
22-09-2026 08:55:40,25.908975,1367.55,-8.29688610735408,6.15725014035985,0.473634626181527,Relaksasi
22-09-2026 08:55:40,25.909156,1372.38,-2.6754070807629,6.14346666160788,0.472574358585222,Relaksasi
22-09-2026 08:55:40,25.9336209,1378.83,3.41851694182848,6.14127328735561,0.472405637488893,Relaksasi
22-09-2026 08:55:40,26.0758194,1370.77,-6.20131105722971,6.13489385046279,0.471914911574061,Relaksasi
22-09-2026 08:55:40,26.0763378,1372.38,-4.21455866030816,6.1368666506194,0.472066665432262,Relaksasi
22-09-2026 08:55:40,26.0765267,1368.35,-8.17377509949875,6.13517302653856,0.471936386656812,Relaksasi
22-09-2026 08:55:40,26.0767033,1379.63,3.99468151128725,6.13862891001184,0.472202223847065,Relaksasi
22-09-2026 08:55:40,26.1124884,1379.63,2.54701373470954,6.12418492134061,0.471091147795432,Relaksasi
22-09-2026 08:55:40,26.1127641,1371.58,-6.55770109024764,6.13928068359182,0.472252360276293,Relaksasi
22-09-2026 08:55:40,26.1129588,1379.63,2.39054266722048,6.13532186807891,0.47194783600607,Relaksasi
22-09-2026 08:55:40,26.1292896,1375.6,-2.30813427402941,6.13127824602537,0.471636788155798,Relaksasi
22-09-2026 08:55:40,26.1295686,1369.96,-7.52436937753365,6.14936654040012,0.473028195415394,Relaksasi
22-09-2026 08:55:40,26.1297846,1378.83,2.91979455440012,6.1253652462939,0.471181942022608,Relaksasi
22-09-2026 08:55:40,26.130002,1374.8,-1.51741531434033,6.10584862974887,0.469680663826836,Relaksasi
22-09-2026 08:55:40,26.1301925,1372.38,-3.45773982557035,6.10919456911873,0.469938043778364,Relaksasi
22-09-2026 08:55:40,26.1303622,1378.83,3.83786882073899,6.11009064207969,0.470006972467669,Relaksasi
22-09-2026 08:55:40,26.1305311,1372.38,-3.23973232723033,6.11193974586134,0.470149211220103,Relaksasi
22-09-2026 08:55:40,26.1382589,1373.99,-0.936703915259752,6.11208323685783,0.470160248989064,Relaksasi
22-09-2026 08:55:40,26.1385014,1379.63,4.86630935327698,6.10930311232338,0.469946393255645,Relaksasi
22-09-2026 08:55:40,26.1386819,1365.13,-10.6828727144884,6.14808491538894,0.472929608876072,Relaksasi
22-09-2026 08:55:40,26.1388531,1364.32,-9.59134616093831,6.18416632884323,0.47570510221871,Relaksasi
22-09-2026 08:55:40,26.1390224,1379.63,7.2227890649838,6.19725679207805,0.476712060929081,Relaksasi
22-09-2026 08:55:40,26.1392003,1373.99,-0.448550801883998,6.1693182678998,0.4745629436846,Relaksasi
22-09-2026 08:55:40,26.1393801,1365.93,-9.22266281545012,6.1892892422357,0.476099172479669,Relaksasi
22-09-2026 08:55:40,26.139548,1377.22,2.95173599002026,6.18947847322656,0.476113728709735,Relaksasi
22-09-2026 08:55:40,26.1468497,1374.8,-1.05471504828232,6.17715974895283,0.475166134534833,Relaksasi
22-09-2026 08:55:40,26.1699904,1371.58,-5.10151500279599,6.18759218764413,0.475968629818779,Relaksasi
22-09-2026 08:55:40,26.1861865,1375.6,-1.05920953721983,6.18340577521429,0.475646598093407,Relaksasi
22-09-2026 08:55:40,26.1864246,1371.58,-5.74776624807167,6.18058027200138,0.475429251692414,Relaksasi
22-09-2026 08:55:40,26.1866347,1370.77,-6.19188762555035,6.19307227412386,0.476390174932605,Relaksasi
22-09-2026 08:55:40,26.1868399,1379.63,3.2262627124991,6.19395957145686,0.476458428573604,Relaksasi
22-09-2026 08:55:40,26.1870401,1374.8,-2.78377258968485,6.19702735585629,0.476694411988945,Relaksasi
22-09-2026 08:55:40,26.1872235,1365.93,-11.5238582432439,6.24909431233831,0.480699562487562,Relaksasi
22-09-2026 08:55:40,26.2017741,1369.16,-6.34615479423045,6.26471744912032,0.481901342240025,Relaksasi
22-09-2026 08:55:40,26.2215613,1371.58,-2.99679102178374,6.26194965802624,0.481688435232788,Relaksasi
22-09-2026 08:55:40,26.2218209,1374.8,0.389937279858202,6.17157098010644,0.474736229238957,Relaksasi
22-09-2026 08:55:40,26.2220284,1377.22,2.18989469559147,6.1728915669544,0.474837812842646,Relaksasi
22-09-2026 08:55:40,26.2222001,1379.63,3.55488144510935,6.15175570881609,0.473211977601238,Relaksasi
22-09-2026 08:55:40,26.2224108,1369.96,-7.40045329316344,6.1678154005043,0.47444733850033,Relaksasi
22-09-2026 08:55:40,26.2225853,1375.6,-0.817116018976773,6.16053842575862,0.473887571212202,Relaksasi
22-09-2026 08:55:40,26.2227556,1379.63,2.95881407966644,6.15259753089372,0.473276733145671,Relaksasi
22-09-2026 08:55:40,26.2288523,1382.86,5.29481663193692,6.15586927270838,0.473528405592953,Relaksasi
22-09-2026 08:55:40,26.229088,1380.44,1.70149496572408,6.14687962019202,0.472836893860925,Relaksasi
22-09-2026 08:55:40,26.2373063,1379.63,0.681032862819788,6.14431331934396,0.472639486103381,Relaksasi
22-09-2026 08:55:40,26.2375342,1374.8,-3.86459586982866,6.15030000460032,0.47310000035387,Relaksasi
22-09-2026 08:55:40,26.2377247,1384.47,7.22751469261661,6.17128954376729,0.474714580289791,Relaksasi
22-09-2026 08:55:40,26.2378949,1378.02,0.224644194697019,6.16584461952185,0.474295739963219,Relaksasi
22-09-2026 08:55:40,26.2545619,1379.63,2.80043758365259,6.13385142259339,0.471834724814876,Relaksasi
22-09-2026 08:55:40,26.2548044,1378.02,1.75986586144976,6.13489749578079,0.471915191983138,Relaksasi
22-09-2026 08:55:40,26.2550167,1377.22,1.76451866813431,6.13145993960406,0.471650764584928,Relaksasi
22-09-2026 08:55:40,26.2552237,1385.27,10.5770373370001,6.16434018740123,0.474180014415479,Relaksasi
22-09-2026 08:55:40,26.2554371,1378.02,2.29742460022932,6.16566127959521,0.474281636891939,Relaksasi
22-09-2026 08:55:40,26.2556857,1378.83,3.63572060245645,6.16570962755466,0.474285355965743,Relaksasi
22-09-2026 08:55:40,26.255896,1376.41,1.42252660341267,6.16140031700506,0.473953870538851,Relaksasi
22-09-2026 08:55:40,26.2560762,1371.58,-2.86715025383192,6.16386652532615,0.474143578871242,Relaksasi
22-09-2026 08:55:40,26.2562478,1365.13,-8.10076239738401,6.19020983165004,0.476169987050003,Relaksasi
22-09-2026 08:55:40,26.2564181,1375.6,4.3230752379949,6.19176952786362,0.476289963681817,Relaksasi
22-09-2026 08:55:40,26.256586,1369.16,-2.97443324401154,6.16570717801494,0.474285167539611,Relaksasi
22-09-2026 08:55:40,26.2567527,1378.83,6.85924881105595,6.16360124171937,0.474123172439951,Relaksasi
22-09-2026 08:55:40,26.2569186,1378.02,3.9610949720974,6.16644237929551,0.47434172148427,Relaksasi
22-09-2026 08:55:40,26.2714775,1379.63,3.85516949510953,6.16919638813798,0.474553568318306,Relaksasi
22-09-2026 08:55:40,26.2717935,1371.58,-5.90106188504058,6.16470961434047,0.474208431872344,Relaksasi
22-09-2026 08:55:40,26.2721568,1378.83,1.655038292237,6.16465380427592,0.474204138790456,Relaksasi
22-09-2026 08:55:40,26.2724352,1384.47,6.29256718436063,6.11690011712296,0.470530778240227,Relaksasi
22-09-2026 08:55:40,26.2726464,1373.99,-5.84679773279354,6.11674148383991,0.470518575679993,Relaksasi
22-09-2026 08:55:40,26.2876261,1370.77,-8.03045134852682,6.14107738708506,0.472390568237312,Relaksasi
22-09-2026 08:55:40,26.2881012,1369.96,-7.10096220172535,6.1603271479487,0.473871319072977,Relaksasi
22-09-2026 08:55:40,26.2883841,1369.96,-5.42029713877929,6.14671816653151,0.472824474348577,Relaksasi
22-09-2026 08:55:40,26.288666,1379.63,5.56395007999567,6.15243145507127,0.473263958082406,Relaksasi
22-09-2026 08:55:40,26.288937,1378.83,3.81313016308388,6.09564874544155,0.468896057341658,Relaksasi
22-09-2026 08:55:40,26.2892196,1370.77,-4.94965130156005,6.10097327800182,0.469305636769371,Relaksasi
22-09-2026 08:55:40,26.289488,1382.05,7.27852313074007,6.12137801668876,0.470875232052982,Relaksasi
22-09-2026 08:55:40,26.2898162,1375.6,-0.656025933297888,6.11081489327277,0.470062684097905,Relaksasi
22-09-2026 08:55:40,26.2900756,1378.02,1.8246135725562,6.11030482360473,0.470023447969595,Relaksasi
22-09-2026 08:55:40,26.2903821,1365.93,-10.6449041645226,6.11504968263996,0.470388437126151,Relaksasi
22-09-2026 08:55:40,26.2906402,1369.96,-4.55426457827997,6.11303258844038,0.470233276033875,Relaksasi
22-09-2026 08:55:40,26.2908893,1380.44,6.69710570783741,6.13115648943895,0.471627422264535,Relaksasi
22-09-2026 08:55:40,26.2912154,1369.16,-6.15921668841472,6.13613403412703,0.472010310317464,Relaksasi
22-09-2026 08:55:40,26.2914977,1381.25,6.74424784446432,6.11573412672357,0.470441086671044,Relaksasi
22-09-2026 08:55:40,26.291753,1370.77,-5.50921433038768,6.11916245980531,0.470704804600408,Relaksasi
22-09-2026 08:55:40,26.2920049,1381.25,5.56640089210215,6.12543660663815,0.471187431279858,Relaksasi
22-09-2026 08:55:40,26.302075,1377.22,0.00792552497399335,6.08829703886929,0.468330541451484,Relaksasi
22-09-2026 08:55:40,26.3024352,1377.22,-0.33337087733587,6.08370318046205,0.46797716772785,Relaksasi
22-09-2026 08:55:40,26.3030488,1373.99,-3.67527173129085,5.99237256118893,0.460951735476072,Relaksasi
22-09-2026 08:55:40,26.3035916,1371.58,-5.38600240129241,6.00039194876877,0.461568611443751,Relaksasi
22-09-2026 08:55:40,26.3721239,1375.6,-0.233573093441853,5.96821037432801,0.459093105717539,Relaksasi
22-09-2026 08:55:40,26.568288,1371.58,-4.10392299938712,5.95849679503554,0.458345907310426,Relaksasi
22-09-2026 08:55:40,26.568755,1379.63,4.81344495516224,5.9618578561067,0.458604450469746,Relaksasi
22-09-2026 08:55:40,26.5690464,1371.58,-4.16792391089822,5.94131152327575,0.457023963328904,Relaksasi
22-09-2026 08:55:40,26.5693215,1373.19,-1.79420293530155,5.93358488086049,0.456429606220038,Relaksasi
22-09-2026 08:55:40,26.6360527,1375.6,0.841880906810311,5.92828933984861,0.456022256911431,Relaksasi
22-09-2026 08:55:40,26.6493623,1365.13,-10.0122090039915,5.96989900851126,0.459223000654712,Relaksasi
22-09-2026 08:55:40,26.6497196,1375.6,2.06655124649892,5.96762000344952,0.45904769257304,Relaksasi
22-09-2026 08:55:40,26.6500054,1375.6,1.15089118402087,5.96809959557997,0.459084584275382,Relaksasi
22-09-2026 08:55:40,26.650393,1382.05,6.71957533668771,5.9869132734758,0.460531790267369,Relaksasi
22-09-2026 08:55:40,26.6779463,1359.49,-17.8343290418625,6.08502249348091,0.468078653344685,Relaksasi
22-09-2026 08:55:40,26.6888245,1371.58,-2.92716455776045,6.08694658559452,0.468226660430348,Relaksasi
22-09-2026 08:55:40,26.7656445,1372.38,-2.27544791539103,6.08365251481591,0.467973270370454,Relaksasi
22-09-2026 08:55:40,26.7659439,1374.8,-0.246266726480361,6.03975341152408,0.464596416271083,Relaksasi
22-09-2026 08:55:40,26.7662153,1367.55,-8.353511959245,6.06725236737395,0.466711720567227,Relaksasi
22-09-2026 08:55:40,26.7664704,1379.63,4.41436362993457,6.07527127493745,0.467328559610573,Relaksasi
22-09-2026 08:55:40,26.7835695,1382.05,5.03105513578565,6.08566623733448,0.468128172102652,Relaksasi
22-09-2026 08:55:40,26.8210768,1373.99,-4.83832237498747,6.09095164129983,0.468534741638448,Relaksasi
22-09-2026 08:55:40,26.821613,1367.55,-10.922215880165,6.13938389168869,0.472260299360669,Relaksasi
22-09-2026 08:55:40,26.8381391,1372.38,-4.32343997913758,6.13173820523261,0.471672169633278,Relaksasi
22-09-2026 08:55:40,26.8384499,1376.41,0.303763689083013,6.05977112401232,0.46613624030864,Relaksasi
22-09-2026 08:55:40,26.8505963,1369.16,-7.20544235049305,6.07730279182794,0.46748483014061,Relaksasi
22-09-2026 08:55:40,26.850953,1375.6,0.451819359472655,6.00610999222097,0.462008460940074,Relaksasi
22-09-2026 08:55:40,26.8512275,1367.55,-7.90685211511947,6.03198238291083,0.463998644839295,Relaksasi
22-09-2026 08:55:40,26.8514924,1369.16,-5.05644834010612,6.02050882582609,0.463116063525084,Relaksasi
22-09-2026 08:55:40,26.8517747,1379.63,5.95128472358069,6.01018627014787,0.462322020780605,Relaksasi
22-09-2026 08:55:40,26.8520557,1379.63,4.18149148234195,5.99056388819712,0.460812606784394,Relaksasi
22-09-2026 08:55:40,26.8684175,1377.22,0.295515590520181,5.98918044610205,0.460706188161696,Relaksasi
22-09-2026 08:55:40,26.8847455,1379.63,2.0707316751171,5.9500960959957,0.457699699691977,Relaksasi
22-09-2026 08:55:40,26.8850544,1367.55,-10.8167247758921,5.97929245519174,0.459945573476288,Relaksasi
22-09-2026 08:55:40,26.8853494,1365.13,-11.3491833558884,6.02282337479353,0.463294105753349,Relaksasi
22-09-2026 08:55:40,26.8857269,1372.38,-2.04874685559577,5.89914929369055,0.453780714899273,Relaksasi
22-09-2026 08:55:40,26.885993,1378.83,4.54365843630818,5.88548505229566,0.452729619407359,Relaksasi
22-09-2026 08:55:40,26.8864006,1371.58,-3.97277416947296,5.88447619341171,0.452652014877824,Relaksasi
22-09-2026 08:55:40,26.9186461,1379.63,4.39840132479456,5.8799535206065,0.452304116969731,Relaksasi
22-09-2026 08:55:40,26.9463717,1366.74,-9.82466837170297,5.86417426795683,0.451090328304372,Relaksasi
22-09-2026 08:55:40,26.9468351,1377.22,2.09441885819639,5.84759363807764,0.449814895236741,Relaksasi
22-09-2026 08:55:40,26.9472334,1369.96,-6.06473322827209,5.85627351446605,0.45048257803585,Relaksasi
22-09-2026 08:55:40,26.9476389,1374.8,-0.557519834587321,5.85368983974095,0.450283833826227,Relaksasi
22-09-2026 08:55:40,26.9479062,1370.77,-5.01702558983942,5.81475457111651,0.447288813162809,Relaksasi
22-09-2026 08:55:40,26.9482682,1375.6,0.223411468235801,5.79077544297859,0.445444264844507,Relaksasi
22-09-2026 08:55:40,26.9486891,1379.63,3.61951844474986,5.79598063033836,0.445844663872181,Relaksasi
22-09-2026 08:55:40,26.9764372,1377.22,-0.0569496875421081,5.75425589877541,0.44263506913657,Relaksasi
22-09-2026 08:55:40,26.976878,1378.83,1.12254391652245,5.74460363457998,0.441892587275383,Relaksasi
22-09-2026 08:55:40,26.9936599,1377.22,-0.962741738257951,5.70830982419952,0.439100755707655,Relaksasi
22-09-2026 08:55:40,26.9939507,1374.8,-3.23553369364848,5.61526188492851,0.431943221917577,Relaksasi
22-09-2026 08:55:40,27.0167026,1377.22,-0.0241352532507531,5.60909020505463,0.431468477311895,Relaksasi
22-09-2026 08:55:40,27.0295444,1378.83,1.90131123543534,5.56283710966763,0.42791054689751,Relaksasi
22-09-2026 08:55:40,27.0466559,1374.8,-2.07614831004035,5.56436662026841,0.428028201559108,Relaksasi
22-09-2026 08:55:40,27.0472325,1371.58,-4.38926431878237,5.57077529683303,0.428521176679463,Relaksasi
22-09-2026 08:55:40,27.0475717,1372.38,-2.23254541751532,5.57299149360724,0.428691653354403,Relaksasi
22-09-2026 08:55:40,27.0587791,1374.8,1.01147894025345,5.57171323166176,0.428593325512443,Relaksasi
22-09-2026 08:55:40,27.0786685,1379.63,5.84487399941636,5.58557323273484,0.429659479441141,Relaksasi
22-09-2026 08:55:40,27.0793813,1378.83,3.92430568253409,5.58850907826888,0.429885313712991,Relaksasi
22-09-2026 08:55:40,27.0798015,1375.6,-0.156878112284767,5.57613150560682,0.428933192738986,Relaksasi
22-09-2026 08:55:40,27.080094,1379.63,3.78602172358744,5.58251057529548,0.429423890407345,Relaksasi
22-09-2026 08:55:40,27.0804898,1380.44,3.75612212366095,5.58152794695679,0.429348303612061,Relaksasi
22-09-2026 08:55:40,27.0808757,1372.38,-5.05952347661378,5.58893964164049,0.429918433972345,Relaksasi
22-09-2026 08:55:40,27.0812205,1380.44,4.07420729372235,5.59242803599163,0.430186771999356,Relaksasi
22-09-2026 08:55:40,27.0816498,1385.27,8.28989868825182,5.62106337132152,0.432389490101655,Relaksasi
22-09-2026 08:55:40,27.0819967,1379.63,1.34122020549056,5.61961194976694,0.432277842289764,Relaksasi
22-09-2026 08:55:40,27.0823265,1373.19,-4.85102703147539,5.62972961098908,0.433056123922237,Relaksasi
22-09-2026 08:55:40,27.082614,1382.05,5.64649171603412,5.64170368490212,0.433977206530932,Relaksasi
22-09-2026 08:55:40,27.0829039,1378.02,1.3102110067756,5.63845473388808,0.43372728722216,Relaksasi
22-09-2026 08:55:40,27.0832633,1379.63,3.51944989758631,5.63827072803293,0.43371313292561,Relaksasi
22-09-2026 08:55:40,27.0836626,1370.77,-5.13856483270028,5.6429944530305,0.434076496386961,Relaksasi
22-09-2026 08:55:40,27.1205797,1378.02,3.96300274514027,5.61699555506039,0.432076581158491,Relaksasi
22-09-2026 08:55:40,27.1211955,1379.63,5.51666446652339,5.61766151800204,0.43212780907708,Relaksasi
22-09-2026 08:55:40,27.134998,1375.6,0.961708933633284,5.60914873080923,0.431472979293018,Relaksasi
22-09-2026 08:55:40,27.1353295,1379.63,5.21112220687096,5.62114744307454,0.43239595715958,Relaksasi
22-09-2026 08:55:40,27.221803,1369.16,-5.99030140172874,5.63701785545914,0.433616758112241,Relaksasi
22-09-2026 08:55:40,27.2850591,1357.88,-15.9429391483645,5.7335533711374,0.441042567010569,Relaksasi
22-09-2026 08:55:40,27.3256868,1370.77,-0.0318887876537133,5.72278181650197,0.440213985884767,Relaksasi
22-09-2026 08:55:40,27.3260241,1379.63,8.32966542501035,5.7461583786614,0.442012182973954,Relaksasi
22-09-2026 08:55:40,27.3262936,1365.93,-7.90684771935906,5.62132609640873,0.432409699723749,Relaksasi
22-09-2026 08:55:40,27.3265582,1371.58,-1.90607301528568,5.62247474514644,0.432498057318957,Relaksasi
22-09-2026 08:55:40,27.3268143,1386.89,12.3813005907493,5.68820930096698,0.437554561612844,Relaksasi
22-09-2026 08:55:40,27.3501532,1375.6,-2.78209786473508,5.67956771763975,0.436889824433827,Relaksasi
22-09-2026 08:55:40,28.6001572,1375.6,-3.52826238616123,5.67946838028914,0.436882183099164,Relaksasi
22-09-2026 08:55:40,28.6005055,1380.44,1.02673002818601,5.6084541237214,0.431419547978569,Relaksasi
22-09-2026 08:55:40,28.6008016,1377.22,-2.99740439598432,5.60246944271247,0.430959187900959,Relaksasi
22-09-2026 08:55:40,28.60109,1372.38,-7.45106696646322,5.61732787636701,0.432102144335924,Relaksasi
22-09-2026 08:55:40,28.6013569,1379.63,1.42047633859084,5.6162497221158,0.432019209393523,Relaksasi
22-09-2026 08:55:40,28.601604,1368.35,-9.69516613984174,5.63341633138169,0.433339717798592,Relaksasi
22-09-2026 08:55:40,28.6018512,1378.02,2.46583120922666,5.61504785927006,0.431926758405389,Relaksasi
22-09-2026 08:55:40,28.6020969,1382.05,6.64450098387168,5.63467005214157,0.433436157857044,Relaksasi
22-09-2026 08:55:40,28.6023424,1379.63,3.53204962330675,5.62705395739722,0.432850304415171,Relaksasi
22-09-2026 08:55:40,28.6025869,1372.38,-3.79777022189807,5.63217337114815,0.433244105472935,Relaksasi
22-09-2026 08:55:40,28.6028534,1381.25,6.41570359774645,5.63827007326609,0.43371308255893,Relaksasi
22-09-2026 08:55:40,28.63532,1377.22,1.68557856761574,5.62616072400172,0.432781594153979,Relaksasi
22-09-2026 08:55:40,28.6468487,1383.66,8.29067107600858,5.49243106664868,0.422494697434514,Relaksasi
22-09-2026 08:55:40,28.6471403,1369.16,-7.35026629195642,5.50529570675169,0.423484285134745,Relaksasi
22-09-2026 08:55:40,28.7270298,1382.05,7.43450002022328,5.51980208731268,0.424600160562514,Relaksasi
22-09-2026 08:55:40,28.735596,1378.83,3.17548931576532,5.52115511877349,0.424704239905653,Relaksasi
22-09-2026 08:55:40,28.7358691,1378.83,2.92362477763847,5.52040770849999,0.424646746807692,Relaksasi
22-09-2026 08:55:40,28.7484973,1378.83,2.72225610987282,5.52317132502909,0.424859332694545,Relaksasi
22-09-2026 08:55:40,28.7489476,1380.44,4.19154301517454,5.50466072304502,0.423435440234232,Relaksasi
22-09-2026 08:55:40,28.7600964,1374.8,-1.83247555233621,5.50562224496105,0.423509403458542,Relaksasi
22-09-2026 08:55:40,28.76067,1370.77,-5.02720824506629,5.47107444450246,0.420851880346343,Relaksasi
22-09-2026 08:55:40,28.7977995,1377.22,2.85869389452046,5.46519397188534,0.420399536298873,Relaksasi
22-09-2026 08:55:40,28.7981099,1370.77,-3.80231217448,5.43317294879111,0.417936380676239,Relaksasi
22-09-2026 08:55:40,28.7984599,1370.77,-2.87425165594566,5.43415665593992,0.418012050456917,Relaksasi
22-09-2026 08:55:40,28.7987561,1369.16,-3.95008833345222,5.4369401083002,0.418226162176938,Relaksasi
22-09-2026 08:55:40,28.7991152,1379.63,6.9888579603037,5.45926299348835,0.419943307191412,Relaksasi
22-09-2026 08:55:40,28.8356874,1378.83,4.26156329520609,5.46728152386674,0.420560117220519,Relaksasi
22-09-2026 08:55:40,28.8469227,1372.38,-3.72615323023998,5.46786925728681,0.420605327483601,Relaksasi
22-09-2026 08:55:40,29.0979808,1378.83,2.72739877537672,5.46982598788529,0.420755845221945,Relaksasi
22-09-2026 08:55:40,29.0982911,1372.38,-4.92333306047418,5.3993270502601,0.415332850020008,Relaksasi
22-09-2026 08:55:40,29.0985689,1366.74,-10.1693821852599,5.44484879186125,0.418834522450865,Relaksasi
22-09-2026 08:55:40,29.098829,1374.8,-0.615092463288416,5.42173333790396,0.417056410607997,Relaksasi
22-09-2026 08:55:40,29.0991756,1379.63,3.84918138268522,5.40560495588705,0.415815765837465,Relaksasi
22-09-2026 08:55:40,29.0994442,1378.83,1.8253988776073,5.3859349766671,0.414302690512854,Relaksasi
22-09-2026 08:55:40,29.0996978,1369.16,-8.57348928179173,5.41992771514282,0.416917516549448,Relaksasi
22-09-2026 08:55:40,29.0999498,1375.6,-0.702667050728717,5.41619602204004,0.416630463233849,Relaksasi
22-09-2026 08:55:40,29.1002308,1380.44,4.11489861711937,5.35424833253637,0.411865256348952,Relaksasi
22-09-2026 08:55:40,29.1004817,1379.63,2.41050453017698,5.32473814112267,0.409595241624821,Relaksasi
22-09-2026 08:55:40,29.1007759,1380.44,2.78123271071948,5.3250092519397,0.409616096303054,Relaksasi
22-09-2026 08:55:40,29.101039,1379.63,1.63573057812743,5.32077722851245,0.40929055603942,Relaksasi
22-09-2026 08:55:40,29.1012867,1369.16,-8.74483477345104,5.33860934114764,0.410662257011357,Relaksasi
22-09-2026 08:55:40,29.147241,1372.38,-3.26236237163433,5.33527433363105,0.410405717971619,Relaksasi
22-09-2026 08:55:40,29.1633158,1378.02,3.57654558388425,5.30990184558852,0.408453988122194,Relaksasi
22-09-2026 08:55:40,29.1637774,1370.77,-3.91463620960666,5.30960376027901,0.408431058483001,Relaksasi
22-09-2026 08:55:40,29.1798983,1377.22,3.60200076569087,5.3126573147461,0.408665947288162,Relaksasi
22-09-2026 08:55:40,29.1802082,1379.63,5.42897279497827,5.30628676703617,0.408175905156628,Relaksasi
22-09-2026 08:55:40,29.1804746,1379.63,4.33400101282151,5.31244045676748,0.40864926590519,Relaksasi
22-09-2026 08:55:40,29.18073,1383.66,7.41966958165565,5.33578894551404,0.41044530350108,Relaksasi
22-09-2026 08:55:40,29.1809825,1372.38,-5.35655743700591,5.32268978396278,0.409437675689444,Relaksasi
22-09-2026 08:55:40,29.1812327,1370.77,-5.8517590977188,5.33475547310192,0.410365805623224,Relaksasi
22-09-2026 08:55:40,29.1815091,1378.83,3.49165019052557,5.33938772865156,0.410722132973197,Relaksasi
22-09-2026 08:55:40,29.1817556,1374.8,-1.08326898857944,5.33433677713324,0.410333598241019,Relaksasi
22-09-2026 08:55:40,29.1820015,1374.8,-0.757727044979216,5.32769869810819,0.409822976777553,Relaksasi
22-09-2026 08:55:40,29.3016966,1376.41,1.08525330631507,5.32332442781365,0.409486494447204,Relaksasi
22-09-2026 08:55:40,29.3113001,1384.47,8.97416360003246,5.36060387962345,0.412354144586419,Relaksasi
22-09-2026 08:55:40,29.311596,1379.63,2.42535764716063,5.35229678915587,0.411715137627375,Relaksasi
22-09-2026 08:55:40,29.3118524,1379.63,2.09065515121018,5.30078449541621,0.407752653493554,Relaksasi
22-09-2026 08:55:40,29.3121213,1379.63,1.98221019140736,5.25908665522491,0.404545127324993,Relaksasi
22-09-2026 08:55:40,29.3123872,1379.63,2.06767209890353,5.23627017802953,0.402790013694579,Relaksasi
22-09-2026 08:55:40,29.3126365,1369.96,-7.36818509642162,5.26203099062403,0.404771614663387,Relaksasi
22-09-2026 08:55:40,29.3128855,1379.63,4.47276353325488,5.23103342250576,0.402387186346597,Relaksasi
22-09-2026 08:55:40,29.3131334,1378.83,3.52291527238558,5.23280055043955,0.402523119264581,Relaksasi
22-09-2026 08:55:40,29.3133771,1380.44,5.10739042803596,5.24471797777889,0.40343984444453,Relaksasi
22-09-2026 08:55:40,29.3136243,1372.38,-3.33316870409035,5.23760340784484,0.402892569834219,Relaksasi
22-09-2026 08:55:40,29.3682671,1370.77,-3.73497031229931,5.24372289979343,0.40336329998411,Relaksasi
22-09-2026 08:55:40,29.4170111,1379.63,6.27643969925282,5.24675273308143,0.403596364083187,Relaksasi
22-09-2026 08:55:40,29.4254422,1370.77,-3.58227235502801,5.23458501281508,0.40266038560116,Relaksasi
22-09-2026 08:55:40,29.4400463,1374.8,1.17406078966279,5.23027040358594,0.402328492583534,Relaksasi
22-09-2026 08:55:40,29.4816885,1391.72,17.6964769679632,5.37427279088621,0.413405599298939,Relaksasi
22-09-2026 08:55:40,29.4820006,1370.77,-6.97515256230113,5.33498596559961,0.410383535815355,Relaksasi
22-09-2026 08:55:40,29.4822804,1371.58,-5.01444689223741,5.32789172543498,0.40983782503346,Relaksasi
22-09-2026 08:55:40,29.4825385,1370.77,-4.97460310182966,5.33528441940268,0.410406493800206,Relaksasi
22-09-2026 08:55:40,29.4828004,1379.63,4.71614551551899,5.34562528832012,0.411201945255394,Relaksasi
22-09-2026 08:55:40,29.5212202,1372.38,-3.63924010690777,5.34957492442319,0.411505763417168,Relaksasi
22-09-2026 08:55:40,29.5217144,1379.63,4.10797390305763,5.35155521409566,0.411658093391974,Relaksasi
22-09-2026 08:55:40,29.5219917,1371.58,-4.95201416789734,5.33740778715551,0.410569829781193,Relaksasi
22-09-2026 08:55:40,29.5222509,1377.22,1.46494314999454,5.33810020378126,0.410623092598558,Relaksasi
22-09-2026 08:55:40,29.5225078,1369.16,-7.04918368679747,5.35723770567168,0.412095208128591,Relaksasi
22-09-2026 08:55:40,29.522784,1379.63,4.61876347273793,5.35410919755347,0.411854553657959,Relaksasi
22-09-2026 08:55:40,29.5230377,1372.38,-3.73553832052645,5.35927057596977,0.412251582766906,Relaksasi
22-09-2026 08:55:40,29.5232897,1373.19,-2.4179997207151,5.36178101855168,0.412444693734744,Relaksasi
22-09-2026 08:55:40,29.5235558,1379.63,4.25376978290882,5.36325395366894,0.412557996436072,Relaksasi
22-09-2026 08:55:40,29.5238238,1373.99,-2.47163066186676,5.341708801407,0.410900677031308,Relaksasi
22-09-2026 08:55:40,29.524076,1369.96,-6.25107110784917,5.35994216796551,0.412303243689655,Relaksasi
22-09-2026 08:55:40,29.5243281,1367.55,-7.65801186162412,5.3835855634511,0.414121966419315,Relaksasi
22-09-2026 08:55:40,29.5245986,1371.58,-2.42111700128954,5.38486925722596,0.414220712094305,Relaksasi
22-09-2026 08:55:40,29.5248501,1369.96,-4.01196114433786,5.39089310299181,0.414684084845524,Relaksasi
22-09-2026 08:55:40,29.5251853,1379.63,5.80420829200632,5.35451249164928,0.411885576280714,Relaksasi
22-09-2026 08:55:40,29.5254524,1368.35,-7.39632354378662,5.37754044467183,0.413656957282449,Relaksasi
22-09-2026 08:55:40,29.5257255,1379.63,4.46040094260741,5.38064352986051,0.413895656143116,Relaksasi
22-09-2026 08:55:40,29.5260907,1377.22,0.30454387444279,5.37974633422432,0.413826641094178,Relaksasi
22-09-2026 08:55:40,29.5263525,1372.38,-5.38972945283791,5.38941683167889,0.414570525513761,Relaksasi
22-09-2026 08:55:40,29.547925,1379.63,2.27470549385548,5.36130333537548,0.412407948875037,Relaksasi
22-09-2026 08:55:40,29.5685263,1373.19,-5.06249315773536,5.36453844624139,0.41265680355703,Relaksasi
22-09-2026 08:55:40,29.5689235,1377.22,-0.301640594780825,5.36045626890367,0.412342789915667,Relaksasi
22-09-2026 08:55:40,29.5692141,1369.16,-8.37391347271802,5.37120629596478,0.413169715074214,Relaksasi
22-09-2026 08:55:40,29.5841946,1380.44,4.59188909459188,5.3737168639785,0.413362835690654,Relaksasi
22-09-2026 08:55:40,29.5844932,1369.16,-7.4692250447518,5.39272360582967,0.414824892756128,Relaksasi
22-09-2026 08:55:40,29.6718013,1370.77,-4.27313226945869,5.38503978898751,0.414233829922116,Relaksasi
22-09-2026 08:55:40,29.6723671,1375.6,1.45536495006691,5.38475145256716,0.414211650197474,Relaksasi
22-09-2026 08:55:40,29.7179179,1379.63,5.12594815124383,5.3785632765007,0.4137356366539,Relaksasi
22-09-2026 08:55:40,29.7183743,1375.6,-0.0959723881623891,5.36265454361712,0.412511887970548,Relaksasi
22-09-2026 08:55:40,29.7187965,1367.55,-8.36304406161615,5.3651957596862,0.412707366129707,Relaksasi
22-09-2026 08:55:40,29.7191974,1372.38,-2.17369280663638,5.34385927218253,0.411066097860195,Relaksasi
22-09-2026 08:55:40,29.719795,1369.16,-5.33900958171172,5.34345009634187,0.411034622795529,Relaksasi
22-09-2026 08:55:40,29.720196,1374.8,0.823708605562775,5.32926483757065,0.409943449043896,Relaksasi
22-09-2026 08:55:40,29.7206509,1365.93,-8.8803343882587,5.35935309482406,0.412257930371082,Relaksasi
22-09-2026 08:55:40,29.7209509,1374.8,0.89723849649649,5.34828902917214,0.411406848397857,Relaksasi
22-09-2026 08:55:40,29.7212547,1381.25,6.20401465249124,5.34151289746464,0.41088560749728,Relaksasi
22-09-2026 08:55:40,29.7215155,1378.02,0.740230834253239,5.34156792450449,0.410889840346499,Relaksasi
22-09-2026 08:55:40,29.721768,1366.74,-11.5978937239696,5.40261580281366,0.415585830985666,Relaksasi
22-09-2026 08:55:40,29.7456711,1368.35,-8.45805059150467,5.38325001170248,0.414096154746345,Relaksasi
22-09-2026 08:55:40,29.7459642,1378.02,2.23853120648135,5.37593984053597,0.413533833887382,Relaksasi
22-09-2026 08:55:40,29.746286,1379.63,2.83332212194211,5.35878826004402,0.412214481541847,Relaksasi
22-09-2026 08:55:40,29.7465424,1367.55,-10.2850875201295,5.39034757612113,0.414642121240087,Relaksasi
22-09-2026 08:55:40,29.7467944,1376.41,0.223229119700299,5.36923381430317,0.413017985715628,Relaksasi
22-09-2026 08:55:40,29.7470475,1384.47,7.96562488911296,5.38462351881133,0.414201809139333,Relaksasi
22-09-2026 08:55:40,29.7526693,1379.63,1.39707807499797,5.37112702145614,0.413163617035088,Relaksasi
22-09-2026 08:55:40,29.752945,1370.77,-7.71274207076644,5.39874403151302,0.415288002424078,Relaksasi
22-09-2026 08:55:40,29.7795925,1379.63,2.88538545598628,5.40254649986802,0.415580499989848,Relaksasi
22-09-2026 08:55:40,29.7798839,1362.71,-14.2254288539737,5.4892426346573,0.422249433435177,Relaksasi
22-09-2026 08:55:40,29.7801839,1376.41,2.641807753298,5.47920024582354,0.421476941986426,Relaksasi
22-09-2026 08:55:40,29.7804446,1369.16,-4.85232968509349,5.48990783791013,0.422300602916164,Relaksasi
22-09-2026 08:55:40,29.780698,1372.38,-0.633698691332441,5.48241598375931,0.421724306443024,Relaksasi
22-09-2026 08:55:40,29.7809476,1373.99,0.893630362453788,5.4722053720069,0.420938874769761,Relaksasi
22-09-2026 08:55:40,29.7812079,1380.44,6.69877452347175,5.48475538063162,0.421904260048586,Relaksasi
22-09-2026 08:55:40,29.7814566,1377.22,1.52084525796123,5.4843423138965,0.421872485684346,Relaksasi
22-09-2026 08:55:40,29.7817035,1373.99,-2.70062361150495,5.48734303995517,0.422103310765782,Relaksasi
22-09-2026 08:55:40,29.78195,1388.5,11.700584330868,5.50401947315461,0.423386113319586,Relaksasi
22-09-2026 08:55:40,29.782213,1375.6,-3.95623320674236,5.50918651858183,0.423783578352449,Relaksasi
22-09-2026 08:55:40,29.8073594,1371.58,-7.39688653810867,5.53336091324475,0.425643147172673,Relaksasi
22-09-2026 08:55:40,29.8149049,1373.99,-3.44843032962671,5.51831295699955,0.424485612076889,Relaksasi
22-09-2026 08:55:40,29.8320241,1379.63,3.13377547172641,5.3768544868778,0.413604191298293,Relaksasi
22-09-2026 08:55:40,29.8324312,1375.6,-1.14430206680286,5.37347837507674,0.413344490390519,Relaksasi
22-09-2026 08:55:40,29.8613451,1371.58,-4.51402158098099,5.38054490600226,0.413888069692482,Relaksasi
22-09-2026 08:55:40,29.8616495,1379.63,4.84908695255781,5.39143102249963,0.414725463269202,Relaksasi
22-09-2026 08:55:40,29.8619534,1369.16,-6.19472846282873,5.37684814401021,0.413603703385401,Relaksasi
22-09-2026 08:55:40,29.8622166,1361.1,-12.7796496317902,5.4433133435451,0.418716411041931,Relaksasi
22-09-2026 08:55:40,29.8625016,1373.99,2.64413396069588,5.43489280475063,0.41806867728851,Relaksasi
22-09-2026 08:55:40,29.8627561,1375.6,3.41368492227346,5.42948240680927,0.417652492831482,Relaksasi
22-09-2026 08:55:40,29.8630046,1379.63,6.09541385182303,5.39152812821298,0.41473293293946,Relaksasi
22-09-2026 08:55:40,29.8632637,1377.22,1.59741844369931,5.38403878324321,0.414156829480247,Relaksasi
22-09-2026 08:55:40,29.8635258,1379.63,2.74918430161609,5.38750427648965,0.414423405883819,Relaksasi
22-09-2026 08:55:40,29.8637744,1375.6,-2.6598218623943,5.36665478613645,0.412819598933573,Relaksasi
22-09-2026 08:55:40,29.8640218,1380.44,2.06307630789972,5.36854210276443,0.412964777135726,Relaksasi
22-09-2026 08:55:40,29.8643103,1377.22,-1.92671823180759,5.34108733995489,0.410852872304222,Relaksasi
22-09-2026 08:55:40,29.8646392,1365.13,-13.7075979570061,5.41653642401675,0.416656648001289,Relaksasi
22-09-2026 08:55:40,29.8648875,1371.58,-4.41702619043787,5.40918926321031,0.416091481785408,Relaksasi
22-09-2026 08:55:40,29.8651337,1373.19,-1.71859679956948,5.40246906561644,0.415574543508957,Relaksasi
22-09-2026 08:55:40,29.8653896,1369.16,-5.26691597225461,5.41525044452381,0.416557726501832,Relaksasi
22-09-2026 08:55:40,29.8657271,1373.99,0.578498014541934,5.4134250736782,0.416417313359862,Relaksasi
22-09-2026 08:55:40,29.8660401,1367.55,-6.19779509033994,5.37700908255231,0.413616083273255,Relaksasi
22-09-2026 08:55:40,29.8662931,1378.83,5.82667962553355,5.3327251792039,0.41020962916953,Relaksasi
22-09-2026 08:55:40,29.8666099,1379.63,4.80436109327342,5.34157097173635,0.41089007474895,Relaksasi
22-09-2026 08:55:40,29.872903,1377.22,0.662737284039659,5.33210581193824,0.410161985533711,Relaksasi
22-09-2026 08:55:40,29.8731948,1373.99,-3.44514525755353,5.33027042896752,0.410020802228271,Relaksasi
22-09-2026 08:55:40,29.8734484,1364.32,-13.0588961036508,5.40071541669116,0.415439647437782,Relaksasi
22-09-2026 08:55:40,29.8736972,1373.99,-1.35587491860568,5.35670593303295,0.412054302540996,Relaksasi
22-09-2026 08:55:40,29.9037773,1367.55,-8.03774755333623,5.38473698799471,0.414210537538055,Relaksasi
22-09-2026 08:55:40,29.9040742,1374.8,0.213703898092463,5.36765459311682,0.412896507162832,Relaksasi
22-09-2026 08:55:40,29.9043311,1378.83,3.55137525513824,5.37338096734192,0.41333699748784,Relaksasi
22-09-2026 08:55:40,29.9046172,1379.63,2.96594942620843,5.36575759528335,0.412750584252565,Relaksasi
22-09-2026 08:55:40,29.9048995,1381.25,3.38855371198849,5.37108150089118,0.413160115453168,Relaksasi
22-09-2026 08:55:40,29.9051562,1374.8,-4.14521747172464,5.3729811147812,0.413306239598554,Relaksasi
22-09-2026 08:55:40,29.9054008,1373.99,-4.3059738007836,5.38159984533652,0.41396921887204,Relaksasi
22-09-2026 08:55:40,29.9056479,1378.02,0.641893376705016,5.38120585990155,0.413938912300119,Relaksasi
22-09-2026 08:55:40,29.9058933,1377.22,-0.0331471404517882,5.38077574723482,0.413905826710371,Relaksasi
22-09-2026 08:55:40,29.9273403,1375.6,-1.26483215683497,5.37665353659147,0.413588733583959,Relaksasi
22-09-2026 08:55:40,29.9524829,1372.38,-3.76514993467897,5.38324085566886,0.414095450436066,Relaksasi
22-09-2026 08:55:40,29.9689601,1374.8,-0.122979434237342,5.38156880544871,0.413966831188362,Relaksasi
22-09-2026 08:55:40,29.9693827,1370.77,-3.71579759482634,5.38597870470919,0.414306054208399,Relaksasi
22-09-2026 08:55:40,29.9809518,1371.58,-1.9209918011305,5.37874422600482,0.413749555846525,Relaksasi
22-09-2026 08:55:40,29.9812711,1385.27,12.1810104945903,5.44498422742624,0.418844940571249,Relaksasi
22-09-2026 08:55:40,29.9816663,1365.93,-9.70146749738658,5.48756140254502,0.422120107888078,Relaksasi
22-09-2026 08:55:40,29.9819466,1372.38,-1.65787522314282,5.47323123370776,0.421017787208289,Relaksasi
22-09-2026 08:55:40,29.9822062,1366.74,-7.41185758553553,5.4912600945981,0.422404622661393,Relaksasi
22-09-2026 08:55:40,29.9824637,1372.38,-0.959502180585039,5.49166801572962,0.422436001209971,Relaksasi
22-09-2026 08:55:40,29.9828895,1379.63,5.62910440513818,5.4995619711528,0.423043228550216,Relaksasi
22-09-2026 08:55:40,30.0012838,1377.22,1.12142404883158,5.4937170992869,0.422593623022069,Relaksasi
22-09-2026 08:55:40,30.0017075,1379.63,2.31203932570477,5.48449280309158,0.421884061776275,Relaksasi
22-09-2026 08:55:40,30.042184,1380.44,1.81738435721763,5.4784285987235,0.421417584517192,Relaksasi
22-09-2026 08:55:40,30.0424832,1380.44,0.875473730576944,5.44732962847566,0.419025356036589,Relaksasi
22-09-2026 08:55:40,30.0427601,1378.83,-1.13631417557036,5.44709663697999,0.419007433613845,Relaksasi
22-09-2026 08:55:40,30.0430214,1375.6,-3.9849477811021,5.44358324087992,0.418737172375378,Relaksasi
22-09-2026 08:55:40,30.0432772,1379.63,1.33184472260305,5.42973785819519,0.417672142938092,Relaksasi
22-09-2026 08:55:40,30.0435291,1372.38,-5.40445129666718,5.44238095077853,0.418644688521425,Relaksasi
22-09-2026 08:55:40,30.0437793,1378.83,3.0273894569353,5.44090095573414,0.41853084274878,Relaksasi
22-09-2026 08:55:40,30.0440314,1379.63,4.19964293987526,5.43687078856226,0.418220829889405,Relaksasi
22-09-2026 08:55:40,30.0442826,1372.38,-2.945055731956,5.43363633159722,0.417972025507478,Relaksasi
22-09-2026 08:55:40,30.0445514,1379.63,5.71471642128373,5.4346596736825,0.418050744129423,Relaksasi
22-09-2026 08:55:40,30.0448158,1372.38,-1.96371821606674,5.43600793731449,0.418154456716499,Relaksasi
22-09-2026 08:55:40,30.045068,1377.22,3.75746029185127,5.43000882692612,0.417692986686625,Relaksasi
22-09-2026 08:55:40,30.0453359,1381.25,7.34486065188597,5.43831887590788,0.418332221223683,Relaksasi
22-09-2026 08:55:40,30.0455807,1374.8,-0.423532580719582,5.32027466883509,0.409251897602699,Relaksasi
22-09-2026 08:55:40,30.0458244,1366.74,-8.38942362116293,5.35324477404603,0.411788059542002,Relaksasi
22-09-2026 08:55:40,30.0542345,1374.8,1.20718329212576,5.32142832685849,0.409340640527576,Relaksasi
22-09-2026 08:55:40,30.0545228,1378.83,4.72697196277851,5.30252105637411,0.407886235105701,Relaksasi
22-09-2026 08:55:40,30.0547874,1371.58,-3.87626284615319,5.30788950995168,0.408299193073206,Relaksasi
22-09-2026 08:55:40,30.0694932,1376.41,1.19513526964473,5.23587144321042,0.402759341785417,Relaksasi
22-09-2026 08:55:40,30.1099629,1373.99,-2.01171527797031,5.2341077958884,0.4026236766068,Relaksasi
22-09-2026 08:55:40,30.1102611,1380.44,4.27375278893312,5.2368851482686,0.402837319097585,Relaksasi
22-09-2026 08:55:40,30.1105355,1374.8,-2.69722367431794,5.23985403051925,0.403065694655327,Relaksasi
22-09-2026 08:55:40,30.1108026,1374.8,-2.54416196726728,5.23865554280504,0.402973503292695,Relaksasi
22-09-2026 08:55:40,30.1110555,1371.58,-5.4956444310396,5.22656009628039,0.402043084329261,Relaksasi
22-09-2026 08:55:40,30.1113041,1380.44,4.31253161736754,5.23448481893318,0.402652678379476,Relaksasi
22-09-2026 08:55:40,30.1115533,1382.05,5.03114448312643,5.20157785304582,0.400121373311217,Relaksasi
22-09-2026 08:55:40,30.1118022,1378.02,0.0843145090589363,5.19865810457054,0.399896777274657,Relaksasi
22-09-2026 08:55:40,30.1179999,1371.58,-6.13073317818096,5.19550080051037,0.399653907731567,Relaksasi
22-09-2026 08:55:40,30.1184241,1376.41,0.286256147033232,5.18953383342906,0.399194910263774,Relaksasi
22-09-2026 08:55:40,30.1378808,1379.63,3.89849394922057,5.18990726221325,0.399223635554865,Relaksasi
22-09-2026 08:55:40,30.1382992,1378.83,2.78972477117652,5.17380362485838,0.397984894219875,Relaksasi
22-09-2026 08:55:40,30.1385735,1379.63,3.50739870415474,5.17837303613878,0.398336387395291,Relaksasi
22-09-2026 08:55:40,30.1388249,1373.99,-2.32760144074105,5.14771403724906,0.395978002865313,Relaksasi
22-09-2026 08:55:40,30.1390733,1377.22,1.86005333866096,5.12309737645021,0.394084413573093,Relaksasi
22-09-2026 08:55:40,30.1393205,1378.02,2.77143181946036,5.09982077601626,0.392293905847405,Relaksasi
22-09-2026 08:55:40,30.1395674,1381.25,5.87793141942842,5.11180043373878,0.393215417979906,Relaksasi
22-09-2026 08:55:40,30.1513726,1378.02,1.88391179206635,5.10935528059767,0.393027329276744,Relaksasi
22-09-2026 08:55:40,30.2353383,1378.83,2.71410310429472,5.10933359353608,0.393025661041237,Relaksasi
22-09-2026 08:55:40,30.2358173,1381.25,5.01975338913957,5.11306505202456,0.393312696309581,Relaksasi
22-09-2026 08:55:40,30.2360993,1375.6,-1.14876840277521,5.11206834238368,0.393236026337206,Relaksasi
22-09-2026 08:55:40,30.2363546,1378.02,2.01069037763946,5.10167550932816,0.392436577640628,Relaksasi
22-09-2026 08:55:40,30.2366049,1370.77,-5.08723755983559,5.11034561243336,0.39310350864872,Relaksasi
22-09-2026 08:55:40,30.237012,1375.6,1.24296520347593,5.10402480417574,0.392617292628903,Relaksasi
22-09-2026 08:55:40,30.2373405,1373.99,-0.218234057049592,5.1000000705148,0.392307697731907,Relaksasi
22-09-2026 08:55:40,30.2377028,1371.58,-2.36472585385311,5.09509022215112,0.391930017088548,Relaksasi
22-09-2026 08:55:40,30.2379921,1370.77,-2.69164506322783,5.074637766348,0.390356751257539,Relaksasi
22-09-2026 08:55:40,30.2606864,1375.6,2.44807128870072,5.06863976982218,0.389895366909398,Relaksasi
22-09-2026 08:55:40,30.2609637,1369.16,-4.92564078797785,5.07375577975604,0.39028890613508,Relaksasi
22-09-2026 08:55:40,30.2612284,1373.19,-0.602273558815785,5.07026802638741,0.390020617414416,Relaksasi
22-09-2026 08:55:40,30.2614799,1373.99,-0.533902461908202,5.05844314749892,0.389111011346071,Relaksasi
22-09-2026 08:55:40,30.2617535,1379.63,4.22952425543081,5.01599539308658,0.385845799468198,Relaksasi
22-09-2026 08:55:40,30.262003,1382.05,4.8207445980814,5.02737665012017,0.386721280778474,Relaksasi
22-09-2026 08:55:40,30.2622532,1359.49,-19.5486334548319,5.20683976566845,0.40052613582065,Relaksasi
22-09-2026 08:55:40,30.2762332,1382.05,6.14616765134817,5.22335111054454,0.401796239272657,Relaksasi
22-09-2026 08:55:40,30.2850323,1378.02,0.37066830746369,5.18811721211777,0.399085939393674,Relaksasi
22-09-2026 08:55:40,30.3614267,1379.63,1.50630761824928,5.18897256833718,0.399151736025937,Relaksasi
22-09-2026 08:55:40,30.3618597,1379.63,1.03616300435554,5.18132632929715,0.398563563792088,Relaksasi
22-09-2026 08:55:40,30.3621243,1374.8,-3.9085462149413,5.18589177844944,0.398914752188418,Relaksasi
22-09-2026 08:55:40,30.3623935,1379.63,2.02462060616969,5.1841385691191,0.398779889932238,Relaksasi
22-09-2026 08:55:40,30.3626442,1373.99,-3.47037233214074,5.18865416575682,0.399127243519755,Relaksasi
22-09-2026 08:55:40,30.3629152,1373.99,-2.12520786718774,5.15386785998094,0.396451373844688,Relaksasi
22-09-2026 08:55:40,30.3631672,1371.58,-3.42147421336845,5.15438369796904,0.396491053689926,Relaksasi
22-09-2026 08:55:40,30.3634326,1379.63,5.9039543788619,5.16507466556481,0.397313435812677,Relaksasi
22-09-2026 08:55:40,30.3637343,1370.77,-3.66386245928979,5.1641547089717,0.3972426699209,Relaksasi
22-09-2026 08:55:40,30.3705989,1375.6,2.13609965859733,5.16008104775222,0.396929311365555,Relaksasi
22-09-2026 08:55:40,30.4063982,1379.63,5.79779052975607,5.16208674534468,0.397083595795745,Relaksasi
22-09-2026 08:55:40,30.4371831,1377.22,2.12276062754123,5.15516753422978,0.396551348786906,Relaksasi
22-09-2026 08:55:40,30.4377706,1379.63,3.88959338549998,5.13577058541312,0.395059275801009,Relaksasi
22-09-2026 08:55:40,30.438155,1372.38,-4.35308074846013,5.13102548503981,0.394694268079985,Relaksasi
22-09-2026 08:55:40,30.4944503,1372.38,-3.69454390036741,5.12098187641765,0.393921682801358,Relaksasi
22-09-2026 08:55:40,30.4950341,1369.16,-6.36062748278145,5.13476242714369,0.3949817251649,Relaksasi
22-09-2026 08:55:40,30.4955433,1372.38,-2.113311460072,5.1363652762761,0.395105021252008,Relaksasi
22-09-2026 08:55:40,30.5030436,1376.41,2.00239992103521,5.13803712785147,0.395233625219344,Relaksasi
22-09-2026 08:55:40,30.5365513,1375.6,0.352251852047383,5.13752440970573,0.395194185361979,Relaksasi
22-09-2026 08:55:40,30.5368545,1379.63,3.79434585679626,5.10523890735061,0.392710685180816,Relaksasi
22-09-2026 08:55:40,30.5371481,1379.63,2.54797695058734,5.10553752657317,0.392733655890244,Relaksasi
22-09-2026 08:55:40,30.5375067,1369.16,-8.81378027918287,5.14131042191473,0.395485417070364,Relaksasi
22-09-2026 08:55:40,30.5378935,1380.44,3.94069013618115,5.14694785887922,0.395919066067632,Relaksasi
22-09-2026 08:55:40,30.5381838,1379.63,2.24227844544269,5.14731337550114,0.395947182730857,Relaksasi
22-09-2026 08:55:40,30.5387484,1369.16,-8.64564494509578,5.15723958238519,0.396710737106553,Relaksasi
22-09-2026 08:55:40,30.5390264,1372.38,-3.58386290546626,5.15376681744764,0.396443601342126,Relaksasi
22-09-2026 08:55:40,30.5393407,1380.44,5.36582450306876,5.1617068990336,0.397054376848738,Relaksasi
22-09-2026 08:55:40,30.539603,1380.44,4.47573535993655,5.15877426930759,0.396828789946737,Relaksasi
22-09-2026 08:55:40,30.5398529,1378.83,2.15274341563598,5.15563511264017,0.396587316356936,Relaksasi
22-09-2026 08:55:40,30.5400996,1378.02,1.14938367737298,5.14950762818237,0.396115971398644,Relaksasi
22-09-2026 08:55:40,30.5403456,1370.77,-6.00593456241943,5.14789438373176,0.395991875671674,Relaksasi
22-09-2026 08:55:40,30.540591,1372.38,-2.85209535676275,5.14561225215711,0.395816327089008,Relaksasi
22-09-2026 08:55:40,30.5408374,1379.63,5.28037322519491,5.1584731328996,0.396805625607662,Relaksasi
22-09-2026 08:55:40,30.5410907,1379.63,4.467431011519,5.01436020611525,0.385720015855019,Relaksasi
22-09-2026 08:55:40,30.5416491,1382.05,6.15845427869495,5.00900961327179,0.385308431790137,Relaksasi
22-09-2026 08:55:40,30.5422003,1378.83,1.88868958832209,4.99822865218059,0.384479127090815,Relaksasi
22-09-2026 08:55:40,30.5427007,1379.63,2.55434714956353,4.98910610492278,0.383777392686368,Relaksasi
22-09-2026 08:55:40,30.5596726,1382.05,4.83070645292442,4.98965411704375,0.383819547464904,Relaksasi
22-09-2026 08:55:40,30.5681362,1379.63,1.9653137174538,4.98495136937093,0.383457797643917,Relaksasi
22-09-2026 08:55:40,30.5684869,1379.63,2.23930544153413,4.97899943275298,0.382999956365614,Relaksasi
22-09-2026 08:55:40,30.568862,1383.66,6.63932046354105,4.98881007965298,0.383754621511768,Relaksasi
22-09-2026 08:55:40,30.5691803,1373.19,-4.18573502904571,4.99650854170695,0.384346810900534,Relaksasi
22-09-2026 08:55:40,30.569491,1379.63,4.10394503648299,4.98004563015358,0.383080433088737,Relaksasi
22-09-2026 08:55:40,30.5849754,1380.44,5.15374969537809,4.98266949314716,0.383282268703628,Relaksasi
22-09-2026 08:55:40,30.6037908,1381.25,5.94555969692435,4.99339287917216,0.384107144551704,Relaksasi
22-09-2026 08:55:40,30.6044206,1378.83,3.30000727776998,4.99591724037608,0.384301326182776,Relaksasi
22-09-2026 08:55:40,30.6320054,1374.8,-0.487171046000733,4.98697332697874,0.383613332844518,Relaksasi
22-09-2026 08:55:40,30.6323178,1372.38,-2.00203518689574,4.98592006532413,0.383532312717241,Relaksasi
22-09-2026 08:55:40,30.6326052,1382.05,8.71539425172656,5.00437907563366,0.384952236587205,Relaksasi
22-09-2026 08:55:40,30.6328707,1379.63,5.0561871706673,4.98782611443104,0.383678931879311,Relaksasi
22-09-2026 08:55:40,30.6331297,1385.27,10.0239799342046,5.03502742581778,0.387309801985983,Relaksasi
22-09-2026 08:55:40,30.6892481,1373.99,-2.9356068110874,5.03131304475933,0.387024080366102,Relaksasi
22-09-2026 08:55:40,30.6896414,1380.44,4.40077709738186,5.02419157478938,0.386476274983799,Relaksasi
22-09-2026 08:55:40,30.6899725,1374.8,-1.7314183991926,4.99839594457343,0.384491995736417,Relaksasi
22-09-2026 08:55:40,30.6905905,1376.41,0.616312063573717,4.98862559616199,0.383740430473999,Relaksasi
22-09-2026 08:55:40,30.6910995,1378.83,3.32007227254152,4.99410011947095,0.384161547651611,Relaksasi
22-09-2026 08:55:40,30.6914232,1377.22,1.44386883626185,4.98058368783293,0.383121822140994,Relaksasi
22-09-2026 08:55:40,30.6917386,1379.63,3.93434914232362,4.98575349991925,0.383519499993789,Relaksasi
22-09-2026 08:55:40,30.7047859,1376.41,0.303439059980047,4.97293214848263,0.382533242190972,Relaksasi
22-09-2026 08:55:40,30.7156554,1377.22,1.41519272800056,4.97389315028549,0.382607165406576,Relaksasi
22-09-2026 08:55:40,30.7159529,1383.66,7.93873136517554,4.97032375350501,0.382332596423463,Relaksasi
22-09-2026 08:55:40,30.7162128,1379.63,2.73626003853647,4.96347928195167,0.381806098611667,Relaksasi
22-09-2026 08:55:40,30.7164679,1378.83,1.85158960289368,4.93703573906504,0.37977197992808,Relaksasi
22-09-2026 08:55:40,30.716726,1370.77,-6.01718704512115,4.94611527276952,0.380470405597655,Relaksasi
22-09-2026 08:55:40,30.7705481,1375.6,0.589854698968891,4.94522047017764,0.380401574629049,Relaksasi
22-09-2026 08:55:40,30.770937,1370.77,-3.80303597607835,4.93924530567115,0.379941946590088,Relaksasi
22-09-2026 08:55:40,30.7712359,1384.47,11.0422690152431,5.00057563297697,0.384659664075151,Relaksasi
22-09-2026 08:55:40,30.7715548,1378.83,3.48526520263754,4.97159828414404,0.382430637241849,Relaksasi
22-09-2026 08:55:40,30.8045499,1375.6,-0.278362231885872,4.9692607321891,0.382250825553007,Relaksasi
22-09-2026 08:55:40,30.8049605,1379.63,3.93367563787223,4.96270048743911,0.38174619134147,Relaksasi
22-09-2026 08:55:40,30.8053467,1378.02,1.68729325174444,4.96379274761557,0.381830211355044,Relaksasi
22-09-2026 08:55:40,30.8057562,1387.69,11.1923586681598,4.9871115096645,0.383623962281885,Relaksasi
22-09-2026 08:55:40,30.8062275,1385.27,6.86023329954309,5.01024650390088,0.385403577223145,Relaksasi
22-09-2026 08:55:40,30.806605,1375.6,-3.65192905909954,4.99767985870172,0.384436912207824,Relaksasi
22-09-2026 08:55:40,30.8070145,1379.63,1.86473659385708,4.99914497433864,0.384549613410665,Relaksasi
22-09-2026 08:55:40,30.8074258,1365.13,-12.0119379455429,5.00403117959218,0.384925475353244,Relaksasi
22-09-2026 08:55:40,30.8078505,1381.25,7.49469870675569,4.9963474149436,0.384334416534123,Relaksasi
22-09-2026 08:55:40,30.8082307,1373.99,-0.293811983179072,4.99388265865438,0.384144819896491,Relaksasi
22-09-2026 08:55:40,30.81903,1372.38,-1.10801197394977,4.99047732084293,0.383882870834072,Relaksasi
22-09-2026 08:55:40,30.8194056,1388.5,15.7292532951456,5.0609283545095,0.389302181116116,Relaksasi
22-09-2026 08:55:40,30.8300957,1370.77,-4.78956326631171,5.0722230071921,0.390171000553238,Relaksasi
22-09-2026 08:55:40,30.8303744,1372.38,-2.09948162184285,5.04303772053322,0.387925978502555,Relaksasi
22-09-2026 08:55:40,30.8306389,1371.58,-2.46648677032467,5.04508553940601,0.388083503031231,Relaksasi
22-09-2026 08:55:40,30.8703217,1378.83,5.10796077536875,5.02850996469991,0.38680845882307,Relaksasi
22-09-2026 08:55:40,30.8710759,1370.77,-4.2783746884392,5.0334687511508,0.387189903934677,Relaksasi
22-09-2026 08:55:40,30.8874114,1379.63,4.9588699296507,4.94438524928127,0.38033732686779,Relaksasi
22-09-2026 08:55:40,30.8946326,1375.6,-0.567664777451252,4.94101821174351,0.38007832398027,Relaksasi
22-09-2026 08:55:40,30.8949352,1374.8,-1.78520171906172,4.93070686390963,0.379285143377664,Relaksasi
22-09-2026 08:55:40,30.8952206,1375.6,-1.1013217761049,4.93111821556949,0.379316785813037,Relaksasi
22-09-2026 08:55:40,30.8955698,1367.55,-9.31607202246974,4.97452308964758,0.382655622280583,Relaksasi
22-09-2026 08:55:40,30.8958303,1382.05,6.67914998331058,4.97439114780424,0.382645472908018,Relaksasi
22-09-2026 08:55:40,30.8960834,1378.83,1.86470692303969,4.9749761908379,0.3826904762183,Relaksasi
22-09-2026 08:55:40,30.8963349,1379.63,2.09152766265395,4.97350919369484,0.382577630284219,Relaksasi
22-09-2026 08:55:40,30.903393,1384.47,6.47783093179452,4.92555446617464,0.378888805090357,Relaksasi
22-09-2026 08:55:40,30.9041077,1375.6,-3.47320079321673,4.92373268080958,0.378748667754583,Relaksasi
22-09-2026 08:55:40,30.9044997,1390.92,12.9704477391786,4.98103768632178,0.383156745101675,Relaksasi
22-09-2026 08:55:40,30.9048548,1378.83,-0.91967786372312,4.97549064020138,0.38273004924626,Relaksasi
22-09-2026 08:55:40,30.9052314,1374.8,-3.73101665118213,4.97755028035403,0.382888483104156,Relaksasi
22-09-2026 08:55:40,30.9056238,1380.44,3.92276487651993,4.98461634218065,0.383432026321588,Relaksasi
22-09-2026 08:55:40,30.9186111,1379.63,3.73455362374921,4.98139062696451,0.383183894381885,Relaksasi
22-09-2026 08:55:40,30.9191349,1379.63,4.3935029736109,4.97927692531136,0.383021301947028,Relaksasi
22-09-2026 08:55:40,30.9196166,1381.25,6.48401061992506,4.98111808371311,0.383162929516393,Relaksasi
22-09-2026 08:55:40,30.9200136,1377.22,2.41758218864651,4.90144505819779,0.377034235245983,Relaksasi
22-09-2026 08:55:40,30.9204339,1369.16,-5.01153934723676,4.91068061165308,0.377744662434852,Relaksasi
22-09-2026 08:55:40,30.9563042,1374.8,2.50537272008575,4.90794277760605,0.37753405981585,Relaksasi
22-09-2026 08:55:40,30.9972064,1381.25,9.05325842762274,4.9307138832949,0.379285683330377,Relaksasi
22-09-2026 08:55:40,31.1204067,1378.02,4.31526745907993,4.93885496210535,0.37991192016195,Relaksasi
22-09-2026 08:55:40,31.1302232,1375.6,1.07433019863726,4.93561234214864,0.379662487857587,Relaksasi
22-09-2026 08:55:40,31.130524,1372.38,-2.48294967878019,4.935151580834,0.379627044679539,Relaksasi
22-09-2026 08:55:40,31.1307965,1378.83,4.20729989325226,4.94195776676674,0.380150597443595,Relaksasi
22-09-2026 08:55:40,31.1310615,1375.6,-0.176882654226388,4.94009532196991,0.380007332459224,Relaksasi
22-09-2026 08:55:40,31.1313172,1374.8,-1.30744939703877,4.84495590289772,0.372688915607517,Relaksasi
22-09-2026 08:55:40,31.1315763,1379.63,3.43000973034627,4.8409577495512,0.372381365350092,Relaksasi
22-09-2026 08:55:40,31.1318352,1373.99,-3.17137268258053,4.84462507131371,0.372663467024132,Relaksasi
22-09-2026 08:55:40,31.1321503,1377.22,0.478284959380816,4.83040721314666,0.371569785626666,Relaksasi
22-09-2026 08:55:40,31.1324348,1379.63,2.69943484732552,4.83400406366502,0.371846466435771,Relaksasi
22-09-2026 08:55:40,31.1327469,1373.19,-4.24848991692951,4.82346144386912,0.37103549568224,Relaksasi
22-09-2026 08:55:40,31.1330037,1372.38,-4.09217781547467,4.81453621022485,0.370348939248066,Relaksasi
22-09-2026 08:55:40,31.1332569,1381.25,5.77394375676573,4.81985908762123,0.370758391355479,Relaksasi
22-09-2026 08:55:40,31.1492853,1374.8,-1.59458106317755,4.82095000646365,0.370842308189512,Relaksasi
22-09-2026 08:55:40,31.1496398,1374.8,-1.06170085836615,4.81537640056901,0.370413569274539,Relaksasi
22-09-2026 08:55:40,31.1751343,1377.22,1.78904278993097,4.72770339725836,0.363669492096797,Relaksasi
22-09-2026 08:55:40,31.1755148,1379.63,4.04448926656514,4.73537505332054,0.364259619486196,Relaksasi
22-09-2026 08:55:40,31.2106658,1378.02,1.82239722666579,4.70290927248374,0.361762251729518,Relaksasi
22-09-2026 08:55:40,31.2273818,1377.22,0.863884357225903,4.70328170104093,0.361790900080072,Relaksasi
22-09-2026 08:55:40,31.2276899,1382.05,5.76458949683592,4.7142284510477,0.3626329577729,Relaksasi
22-09-2026 08:55:40,31.2888053,1368.35,-8.75669542288775,4.75009096568893,0.365391612745302,Relaksasi
22-09-2026 08:55:40,31.3179188,1380.44,5.39366919432835,4.7593498545404,0.366103834964646,Relaksasi
22-09-2026 08:55:40,31.3182829,1370.77,-4.98660292583232,4.76338408509894,0.366414160392226,Relaksasi
22-09-2026 08:55:40,31.3186743,1377.22,2.71502896593894,4.75751802957573,0.365962925351979,Relaksasi
22-09-2026 08:55:40,31.3189698,1380.44,5.58885727725761,4.77368770391723,0.367206746455172,Relaksasi
22-09-2026 08:55:40,31.3192654,1379.63,3.78544313592975,4.78118570017342,0.367783515397955,Relaksasi
22-09-2026 08:55:40,31.3195409,1378.83,2.33108597291989,4.78319009727647,0.367937699790498,Relaksasi
22-09-2026 08:55:40,31.319929,1378.83,2.01382531104618,4.7778973616485,0.367530566280654,Relaksasi
22-09-2026 08:55:40,31.3585977,1383.66,6.67873553737375,4.80117226525276,0.369320943480982,Relaksasi
22-09-2026 08:55:40,31.3666321,1373.99,-3.93562139029476,4.80204799439182,0.369388307260909,Relaksasi
22-09-2026 08:55:40,31.3669055,1379.63,2.97849837131342,4.804744650414,0.369595742339539,Relaksasi
22-09-2026 08:55:40,31.3671605,1379.63,3.01450355561593,4.73171451281346,0.363978039447189,Relaksasi
22-09-2026 08:55:40,31.3674143,1371.58,-4.93429611401443,4.69470619564837,0.361131245819105,Relaksasi
22-09-2026 08:55:40,31.3676822,1379.63,4.79098569850494,4.70545335031578,0.361957950024291,Relaksasi
22-09-2026 08:55:40,31.3679344,1381.25,6.13623027163886,4.69626230926144,0.361250946866264,Relaksasi
22-09-2026 08:55:40,31.3681805,1374.8,-0.919744598176329,4.69622253580963,0.361247887369971,Relaksasi
22-09-2026 08:55:40,31.3684299,1376.41,1.41010077603814,4.68038608929001,0.360029699176154,Relaksasi
22-09-2026 08:55:40,31.3687153,1379.63,4.82150476331001,4.69211684916798,0.360932065320614,Relaksasi
22-09-2026 08:55:40,31.3689617,1379.63,4.25951443051391,4.69893075209103,0.36145621169931,Relaksasi
22-09-2026 08:55:40,31.3692079,1379.63,3.75420497824261,4.70466853864656,0.361897579895889,Relaksasi
22-09-2026 08:55:40,31.3694527,1380.44,4.15437702261672,4.7134242361044,0.362571095084954,Relaksasi
22-09-2026 08:55:40,31.3700343,1402.2,25.4680213373525,5.04509787161434,0.388084451662642,Relaksasi
22-09-2026 08:55:40,31.3830872,1389.3,8.15076695299216,5.07008762248612,0.39000674019124,Relaksasi
22-09-2026 08:55:40,31.4046208,1378.83,-2.93146454938482,5.0734492083673,0.390265323720562,Relaksasi
22-09-2026 08:55:40,31.4049391,1384.47,4.77894367939893,5.07030944955502,0.390023803811924,Relaksasi
22-09-2026 08:55:40,31.4052418,1374.8,-3.91290512678032,5.07333880322249,0.390256831017115,Relaksasi
22-09-2026 08:55:40,31.4304009,1383.66,7.85550623066921,5.09500996062532,0.391923843125025,Relaksasi
22-09-2026 08:55:40,31.4307352,1367.55,-7.59045395077646,5.11896812731276,0.393766779024058,Relaksasi
22-09-2026 08:55:40,31.431014,1374.8,3.18820785892075,5.10797103714614,0.392920849011242,Relaksasi
22-09-2026 08:55:40,31.4313284,1377.22,6.6711259115096,5.12782671068352,0.394448208514117,Relaksasi
22-09-2026 08:55:40,31.4316167,1379.63,8.95970974413224,5.15998025471713,0.396921558055164,Relaksasi
22-09-2026 08:55:40,31.4318964,1381.25,9.51228433377874,5.17765189109173,0.398280914699364,Relaksasi
22-09-2026 08:55:40,31.4321742,1373.99,0.673061712158752,5.17778401118017,0.39829107778309,Relaksasi
22-09-2026 08:55:40,31.432454,1383.66,10.1929364192553,5.19394020828035,0.399533862175411,Relaksasi
22-09-2026 08:55:40,31.4327158,1379.63,3.96636369171472,5.20080653690965,0.400062041300742,Relaksasi
22-09-2026 08:55:40,31.4329657,1374.8,-1.89849991977831,5.19179052200728,0.399368501692868,Relaksasi
22-09-2026 08:55:40,31.433277,1369.96,-6.57784022186587,5.20537238495617,0.400413260381244,Relaksasi
22-09-2026 08:55:40,31.4377373,1378.83,3.40835562590693,5.21026336809031,0.400789489853101,Relaksasi
22-09-2026 08:55:40,31.4381048,1381.25,5.00226461276525,5.2203182498145,0.401562942293423,Relaksasi
22-09-2026 08:55:40,31.4531945,1380.44,3.09894798819998,5.21616863301117,0.401243741000859,Relaksasi
22-09-2026 08:55:40,31.4535874,1375.6,-2.32969775581555,5.21528307845608,0.401175621419699,Relaksasi
22-09-2026 08:55:40,31.4676448,1382.05,4.76490775071272,5.22305806182699,0.401773697063615,Relaksasi
22-09-2026 08:55:40,31.4679759,1369.16,-8.69125082129334,5.24471297430536,0.403439459561951,Relaksasi
22-09-2026 08:55:40,31.4682368,1375.6,-0.0652654210656003,5.23584241893976,0.402757109149212,Relaksasi
22-09-2026 08:55:40,31.4685122,1373.99,-1.14854558378551,5.22437360328572,0.40187489256044,Relaksasi
22-09-2026 08:55:40,31.5181721,1384.47,9.9923390405896,5.27193306098787,0.405533312383682,Relaksasi
22-09-2026 08:55:40,31.5185078,1379.63,3.55775104559443,5.26009854618132,0.404622965090871,Relaksasi
22-09-2026 08:55:40,31.5187793,1379.63,3.20447926142103,5.26493783812446,0.404995218317266,Relaksasi
22-09-2026 08:55:40,31.5190368,1386.08,9.42172895911663,5.29975697998025,0.407673613844634,Relaksasi
22-09-2026 08:55:40,31.5192942,1385.27,7.27257055325946,5.32099263649326,0.409307125884097,Relaksasi
22-09-2026 08:55:40,31.5195499,1377.22,-1.5018381370698,5.3162704030378,0.408943877156754,Relaksasi
22-09-2026 08:55:40,31.5198081,1369.16,-8.33993532680755,5.34634594486343,0.41125738037411,Relaksasi
22-09-2026 08:55:40,31.5200731,1378.83,4.01221635058943,5.35225236421677,0.411711720324367,Relaksasi
22-09-2026 08:55:40,31.5203935,1381.25,6.66331186662727,5.36937611122318,0.413028931632552,Relaksasi
22-09-2026 08:55:40,31.5206928,1379.63,4.64337046759456,5.36332489053323,0.412563453117941,Relaksasi
22-09-2026 08:55:40,31.5337839,1367.55,-7.54053496175201,5.38811716657673,0.414470551275133,Relaksasi
22-09-2026 08:55:40,31.5341624,1378.83,5.87549423064864,5.40070198999418,0.415438614614937,Relaksasi
22-09-2026 08:55:40,31.5450621,1379.63,5.97554619603034,5.40556455201421,0.415812657847247,Relaksasi
22-09-2026 08:55:40,31.5453901,1379.63,5.03815125667312,5.41668206766856,0.41666785135912,Relaksasi
22-09-2026 08:55:40,31.5456603,1379.63,4.15238114696212,5.42277065614771,0.417136204319055,Relaksasi
22-09-2026 08:55:40,31.5459202,1379.63,3.39531966523724,5.41615016754257,0.416626935964813,Relaksasi
22-09-2026 08:55:40,31.5461787,1367.55,-9.26322140567191,5.45490551512477,0.41960811654806,Relaksasi
22-09-2026 08:55:40,31.5553228,1379.63,4.73734547811623,5.46515949074824,0.420396883903711,Relaksasi
22-09-2026 08:55:40,31.5556356,1382.05,6.32083297183625,5.48085515816514,0.42160424293578,Relaksasi
22-09-2026 08:55:40,31.555901,1378.83,1.94803523597348,5.47928122160712,0.421483170892855,Relaksasi
22-09-2026 08:55:40,31.5561596,1377.22,0.114414324961683,5.47655209903753,0.421273238387502,Relaksasi
22-09-2026 08:55:40,31.5564188,1379.63,2.76980366498171,5.46897360290979,0.420690277146907,Relaksasi
22-09-2026 08:55:40,31.5566793,1379.63,2.60670979758668,5.47191312814541,0.420916394472724,Relaksasi
22-09-2026 08:55:40,31.5569359,1372.38,-4.66335624146633,5.48170981354814,0.421669985657549,Relaksasi
22-09-2026 08:55:40,31.5571904,1381.25,5.68343065279582,5.48827887618143,0.422175298167802,Relaksasi
22-09-2026 08:55:40,31.5574854,1375.6,-0.486876077337575,5.47779082951449,0.421368525347269,Relaksasi
22-09-2026 08:55:40,31.5771912,1382.86,7.44620641062559,5.32660088346259,0.409738529497122,Relaksasi
22-09-2026 08:55:40,31.5774993,1380.44,4.14547187549991,5.31692813314839,0.408994471780645,Relaksasi
22-09-2026 08:55:40,31.5777643,1378.83,2.32225544037273,5.31939866429898,0.409184512638383,Relaksasi
22-09-2026 08:55:40,31.5780303,1380.44,4.12708502805603,5.32633283701702,0.409717910539771,Relaksasi
22-09-2026 08:55:40,31.6219872,1370.77,-5.64882074965849,5.34078638415137,0.410829721857798,Relaksasi
22-09-2026 08:55:40,31.6223466,1379.63,5.01731030281759,5.34541696661157,0.411185920508582,Relaksasi
22-09-2026 08:55:40,31.6226318,1379.63,4.67244070802374,5.35370391549572,0.411823378115055,Relaksasi
22-09-2026 08:55:40,31.6375964,1385.27,9.94249169979675,5.39408879238916,0.414929907106859,Relaksasi
22-09-2026 08:55:40,31.637927,1369.16,-7.59427202574899,5.41866922738323,0.41682070979871,Relaksasi
22-09-2026 08:55:40,31.6382672,1383.66,8.89881147730864,5.44971448750938,0.419208806731491,Relaksasi
22-09-2026 08:55:40,31.6444472,1377.22,1.20748929333079,5.43437160680044,0.418028585138495,Relaksasi
22-09-2026 08:55:40,31.6448213,1371.58,-4.20908816186,5.43634596360159,0.418180458738584,Relaksasi
22-09-2026 08:55:40,31.645083,1379.63,5.0861519983738,5.44613510096498,0.418933469304999,Relaksasi
22-09-2026 08:55:40,31.6666392,1379.63,4.43410752957968,5.43972629924958,0.41844048455766,Relaksasi
22-09-2026 08:55:40,31.6669505,1374.8,-0.991273053939214,5.43810672556872,0.418315901966824,Relaksasi
22-09-2026 08:55:40,31.6672222,1376.41,1.04637050998931,5.43165117909591,0.417819321468916,Relaksasi
22-09-2026 08:55:40,31.6674862,1389.3,13.9267723410187,5.51161164366229,0.423970126435561,Relaksasi
22-09-2026 08:55:40,31.6677461,1375.6,-2.28197376683126,5.5077810104213,0.4236754623401,Relaksasi
22-09-2026 08:55:40,31.6680036,1390.92,13.8060688042024,5.57551804122413,0.428886003171087,Relaksasi
22-09-2026 08:55:40,31.6682601,1367.55,-11.7340706088154,5.63493682898422,0.433456679152633,Relaksasi
22-09-2026 08:55:40,31.6686225,1375.6,-0.665212348223985,5.63335402551314,0.433334925039472,Relaksasi
22-09-2026 08:55:40,31.693132,1377.22,1.90908826199786,5.63491617150506,0.433455090115774,Relaksasi
22-09-2026 08:55:40,31.7021449,1376.41,1.5088396245796,5.62953621025283,0.433041246942526,Relaksasi
22-09-2026 08:55:40,31.7024256,1378.83,4.31918135213912,5.63493510589142,0.433456546607032,Relaksasi
22-09-2026 08:55:40,31.7026837,1380.44,5.65129807300082,5.61460291410786,0.431892531854451,Relaksasi
22-09-2026 08:55:40,31.702938,1379.63,4.20297220932114,5.61555389666266,0.431965684358666,Relaksasi
22-09-2026 08:55:40,31.7034287,1374.8,-1.0347223288473,5.61379192299445,0.43183014792265,Relaksasi
22-09-2026 08:55:40,31.7040054,1382.05,6.79920923054526,5.60107758408131,0.430852121852408,Relaksasi
22-09-2026 08:55:40,31.7044783,1384.47,8.25234330416887,5.62568712126097,0.432745163173921,Relaksasi
22-09-2026 08:55:40,31.7047317,1383.66,6.23136793577873,5.6301460864784,0.433088160498339,Relaksasi
22-09-2026 08:55:40,31.7049815,1381.25,3.14532966445864,5.62564213343844,0.432741702572188,Relaksasi
22-09-2026 08:55:40,31.7052519,1381.25,3.27341786794214,5.62834382524209,0.432949525018622,Relaksasi
22-09-2026 08:55:40,31.7055013,1382.05,4.38238328476163,5.63628203847399,0.433560156805691,Relaksasi
22-09-2026 08:55:40,31.7206515,1372.38,-5.01461877131014,5.63143418451215,0.433187244962473,Relaksasi
22-09-2026 08:55:40,31.7209941,1378.83,3.64380819589499,5.63371683932678,0.433362833794367,Relaksasi
22-09-2026 08:55:40,31.7213651,1381.25,6.55912689955324,5.64043122882901,0.433879325294539,Relaksasi
22-09-2026 08:55:40,31.7628932,1377.22,2.35342664759262,5.63403654876893,0.433387426828379,Relaksasi
22-09-2026 08:55:40,31.7632054,1382.86,8.5177884845879,5.64938037670426,0.434567721284943,Relaksasi
22-09-2026 08:55:40,31.7634675,1377.22,2.07926987384302,5.64971501183266,0.434593462448666,Relaksasi
22-09-2026 08:55:40,31.763721,1375.6,0.8119431456199,5.64711895806025,0.434393766004635,Relaksasi
22-09-2026 08:55:40,31.7639748,1369.16,-5.14097248455282,5.6484884608846,0.434499112375739,Relaksasi
22-09-2026 08:55:40,31.7642989,1372.38,-0.455636466666796,5.64687060464955,0.43437466189612,Relaksasi
22-09-2026 08:55:40,31.764558,1369.16,-3.39774393965039,5.64976092421175,0.434596994170134,Relaksasi
22-09-2026 08:55:40,31.7648103,1379.63,7.58533897992373,5.65571237395111,0.435054797996239,Relaksasi
22-09-2026 08:55:40,31.76506,1378.02,4.02528122522748,5.65512997312243,0.435009997932494,Relaksasi
22-09-2026 08:55:40,31.7653117,1381.25,5.79691701605937,5.66253515865912,0.435579627589163,Relaksasi
22-09-2026 08:55:40,31.7964732,1379.63,2.3396050761669,5.65321744699421,0.434862880538016,Relaksasi
22-09-2026 08:55:40,31.7968055,1385.27,6.93742490964945,5.65886547148246,0.435297343960189,Relaksasi
22-09-2026 08:55:40,31.7970759,1372.38,-7.62905419875407,5.67972891289782,0.436902224069063,Relaksasi
22-09-2026 08:55:40,31.797341,1375.6,-2.91143204973036,5.68335429379236,0.437181099522489,Relaksasi
22-09-2026 08:55:40,31.7976012,1379.63,1.97871757838164,5.68331346316524,0.437177958705018,Relaksasi
22-09-2026 08:55:40,31.7978594,1385.27,7.72338372138643,5.67613554421659,0.436625811093584,Relaksasi
22-09-2026 08:55:40,31.7981155,1379.63,1.25874892344767,5.6655636804343,0.435812590802639,Relaksasi
22-09-2026 08:55:40,31.7983712,1379.63,1.90666736133624,5.6226673252633,0.4325128711741,Relaksasi
22-09-2026 08:55:40,31.7986664,1386.89,9.87219424195382,5.66203143841425,0.435540879878019,Relaksasi
22-09-2026 08:55:40,31.7989369,1392.53,14.8142389326223,5.74970209576559,0.442284776597353,Relaksasi
22-09-2026 08:55:40,31.7991875,1390.11,10.9345395079008,5.80016430051211,0.446166484654778,Relaksasi
22-09-2026 08:55:40,31.7994391,1379.63,0.052932692861777,5.80000178616235,0.44615398355095,Relaksasi
22-09-2026 08:55:40,31.7997151,1375.6,-1.94860771613642,5.7968863780627,0.445914336774054,Relaksasi
22-09-2026 08:55:40,31.7999992,1372.38,-2.59543116210549,5.79889206734126,0.446068620564712,Relaksasi
22-09-2026 08:55:40,31.8239235,1379.63,7.26332235839678,5.814940494211,0.447303114939308,Relaksasi
22-09-2026 08:55:40,31.824292,1379.63,7.65414706415085,5.84003445292042,0.449233419455417,Relaksasi
22-09-2026 08:55:40,31.8245725,1369.96,-2.08238979781027,5.84103332428096,0.44931025571392,Relaksasi
22-09-2026 08:55:40,31.8659392,1379.63,8.99648092398843,5.84869527005784,0.449899636158296,Relaksasi
22-09-2026 08:55:40,31.9390265,1379.63,7.78558070471332,5.87136075382467,0.45164313490959,Relaksasi
22-09-2026 08:55:40,31.9393436,1380.44,7.2187532406317,5.89205288274049,0.453234837133884,Relaksasi
22-09-2026 08:55:40,31.9396135,1371.58,-3.17148205414742,5.88094770980235,0.452380593061719,Relaksasi
22-09-2026 08:55:40,31.939876,1378.83,4.41330789121775,5.88907401509893,0.453005693469149,Relaksasi
22-09-2026 08:55:40,31.9401353,1377.22,1.55349401779422,5.88395649715847,0.452612038242959,Relaksasi
22-09-2026 08:55:40,31.9403926,1375.6,-0.793504170960824,5.83218944992145,0.448629957686265,Relaksasi
22-09-2026 08:55:40,31.9406465,1379.63,3.00653792124194,5.83085712082458,0.44852747083266,Relaksasi
22-09-2026 08:55:40,31.9409213,1382.05,4.54738956196748,5.83968330433693,0.449206408025918,Relaksasi
22-09-2026 08:55:40,31.9411826,1390.11,11.5940285168161,5.89038534911556,0.453106565316582,Relaksasi
22-09-2026 08:55:40,31.9531187,1378.02,-2.59193894207086,5.89202813179685,0.453232933215142,Relaksasi
22-09-2026 08:55:40,31.9629321,1386.08,6.53184784341243,5.85687427083332,0.450528790064101,Relaksasi
22-09-2026 08:55:40,31.9632653,1392.53,12.6704768185519,5.90511364274861,0.454239510980663,Relaksasi
22-09-2026 08:55:40,32.0016405,1377.22,-3.7296899796327,5.90535664809783,0.454258203699833,Relaksasi
22-09-2026 08:55:40,32.0381668,1375.6,-2.82610282367193,5.90726545994512,0.454405035380394,Relaksasi
22-09-2026 08:55:40,32.0384838,1375.6,-0.223692189455023,5.84590473230628,0.449684979408175,Relaksasi
22-09-2026 08:55:40,32.0387549,1378.02,4.29947347936273,5.82976645815889,0.44844357370453,Relaksasi
22-09-2026 08:55:40,32.0513218,1375.6,2.91162245727926,5.83336378566739,0.448720291205184,Relaksasi
22-09-2026 08:55:40,32.0692403,1378.83,7.12510723964677,5.85455637680141,0.450350490523185,Relaksasi
22-09-2026 08:55:40,32.0785808,1384.47,12.5385133577136,5.81591393584358,0.447377995064891,Relaksasi
22-09-2026 08:55:40,32.078874,1382.05,8.47489247527758,5.83688909780434,0.448991469061872,Relaksasi
22-09-2026 08:55:40,32.0791347,1383.66,8.98662744252333,5.86950019921786,0.45150001532445,Relaksasi
22-09-2026 08:55:40,32.0793882,1374.8,-1.188201649787,5.867510027216,0.451346925170462,Relaksasi
22-09-2026 08:55:40,32.0796403,1374.8,-0.558293023281818,5.85651569267649,0.450501207128961,Relaksasi
22-09-2026 08:55:40,32.0798936,1372.38,-2.5183397914755,5.85140699193102,0.45010823014854,Relaksasi
22-09-2026 08:55:40,32.0801471,1379.63,5.4691403078826,5.85367998005185,0.450283075388604,Relaksasi
22-09-2026 08:55:40,32.0852402,1392.53,17.4202396989301,5.98174571911937,0.460134286086105,Relaksasi
22-09-2026 08:55:40,32.0855695,1370.77,-7.63776958702057,6.00475018161758,0.461903860124429,Relaksasi
22-09-2026 08:55:40,32.0858281,1377.22,0.524970065177881,6.00435992951875,0.461873840732211,Relaksasi
22-09-2026 08:55:40,32.1385902,1379.63,3.17713665326993,5.97234151402437,0.459410885694182,Relaksasi
22-09-2026 08:55:40,32.1389407,1377.22,0.561473695075764,5.95377058687958,0.457982352836891,Relaksasi
22-09-2026 08:55:40,32.1392132,1378.02,1.72955322578368,5.95356660443573,0.457966661879671,Relaksasi
22-09-2026 08:55:40,32.1394854,1381.25,5.14618716446408,5.96284320482206,0.458680246524774,Relaksasi
22-09-2026 08:55:40,32.1397465,1372.38,-4.16484080255709,5.95251351211749,0.457885654778268,Relaksasi
22-09-2026 08:55:40,32.1636524,1379.63,4.4798634275922,5.95587503015641,0.458144233088955,Relaksasi
22-09-2026 08:55:40,32.1640055,1383.66,8.19036071574967,5.91326431384031,0.454866485680024,Relaksasi
22-09-2026 08:55:40,32.1642765,1382.05,5.51464149226553,5.92575076782793,0.45582698214061,Relaksasi
22-09-2026 08:55:40,32.1645362,1377.22,0.190972305441207,5.91989037806136,0.455376182927797,Relaksasi
22-09-2026 08:55:40,32.1647959,1379.63,3.23191233656218,5.91780262881733,0.455215586832102,Relaksasi
22-09-2026 08:55:40,32.1947649,1379.63,3.33578246741585,5.91661142235517,0.455123955565782,Relaksasi
22-09-2026 08:55:40,32.2535709,1392.53,16.3604364988421,6.02063915156947,0.463126088582267,Relaksasi
22-09-2026 08:55:40,32.2544348,1377.22,-1.2740286672239,6.00383207377082,0.461833236443909,Relaksasi
22-09-2026 08:55:40,32.2549808,1381.25,4.03888068265768,6.00818931440152,0.462168408800117,Relaksasi
22-09-2026 08:55:40,32.2553427,1378.83,2.0224606496748,5.99943438500177,0.461494952692444,Relaksasi
22-09-2026 08:55:40,32.2556184,1378.02,2.09020467361782,5.99863928366233,0.461433791050948,Relaksasi
22-09-2026 08:55:40,32.2559059,1387.69,12.6301875684719,6.0308767194152,0.463913593801169,Relaksasi
22-09-2026 08:55:40,32.2561745,1374.8,-1.47470317124762,6.02405511974979,0.463388855365368,Relaksasi
22-09-2026 08:55:40,32.2564312,1382.05,7.27996082465535,6.04553209460902,0.46504093035454,Relaksasi
22-09-2026 08:55:40,32.2693258,1375.6,0.561727271848831,6.04311267469428,0.464854821130329,Relaksasi
22-09-2026 08:55:40,32.2696668,1382.86,8.74812285827411,6.0674007783242,0.466723136794169,Relaksasi
22-09-2026 08:55:40,32.2699546,1379.63,4.7148561808333,6.07654055458136,0.467426196506259,Relaksasi
22-09-2026 08:55:40,32.2775511,1374.8,-0.246855348870175,6.07586229926742,0.467374023020571,Relaksasi
22-09-2026 08:55:40,32.2878945,1379.63,5.31333405912641,6.0826339229011,0.467894917146239,Relaksasi
22-09-2026 08:55:40,32.2881974,1379.63,4.83361231373339,6.08810039803595,0.468315415233535,Relaksasi
22-09-2026 08:55:40,32.2959847,1377.22,1.9286224077201,6.08953369282177,0.468425668678597,Relaksasi
22-09-2026 08:55:40,32.3565481,1378.83,3.53823218623709,6.09168131869645,0.468590870668958,Relaksasi
22-09-2026 08:55:40,32.3571005,1379.63,3.97436579102952,6.09075618235442,0.468519706334955,Relaksasi
22-09-2026 08:55:40,32.430236,1382.05,5.92550931662155,6.09828988978288,0.469099222290991,Relaksasi
22-09-2026 08:55:40,32.4305636,1378.02,1.07929353350617,6.08508601582213,0.468083539678625,Relaksasi
22-09-2026 08:55:40,32.4308411,1366.74,-9.99186238071236,6.12492815837821,0.471148319875247,Relaksasi
22-09-2026 08:55:40,32.4311046,1369.16,-5.17332354401709,6.13538305928704,0.47195254302208,Relaksasi
22-09-2026 08:55:40,32.4313678,1379.63,6.63006417501985,6.1519680321414,0.473228310164723,Relaksasi
22-09-2026 08:55:40,32.4316304,1380.44,6.24816411426302,6.16117837555015,0.473936798119242,Relaksasi
22-09-2026 08:55:40,32.4318881,1377.22,1.74293313100371,6.16106341442642,0.473927954955879,Relaksasi
22-09-2026 08:55:40,32.4321487,1382.05,6.10456343387901,6.17586426253538,0.475066481733491,Relaksasi
22-09-2026 08:55:40,32.4324631,1379.63,2.39327704110404,6.16472106456601,0.474209312658924,Relaksasi
22-09-2026 08:55:40,32.4327423,1369.16,-8.5298875591919,6.16313087149057,0.474086990114659,Relaksasi
22-09-2026 08:55:40,32.4329988,1371.58,-4.30800649884041,6.1588569071055,0.4737582236235,Relaksasi
22-09-2026 08:55:40,32.442259,1379.63,4.74408877677789,6.15789893146285,0.47368453318945,Relaksasi
22-09-2026 08:55:40,32.4425361,1375.6,-0.10134723805705,6.15490972273316,0.473454594056397,Relaksasi
22-09-2026 08:55:40,32.4580643,1379.63,4.01706081687185,6.14877393914426,0.472982610703405,Relaksasi
22-09-2026 08:55:40,32.490102,1379.63,3.29665833887327,6.14736633340158,0.472874333338583,Relaksasi
22-09-2026 08:55:40,32.4904177,1379.63,2.75748956648076,6.14824867515292,0.472942205780994,Relaksasi
22-09-2026 08:55:40,32.4906931,1388.5,11.2880116197993,6.19820783301482,0.476785217924217,Relaksasi
22-09-2026 08:55:40,32.4909566,1371.58,-7.46358881846395,6.20268317662694,0.477129475125149,Relaksasi
22-09-2026 08:55:40,32.5007613,1380.44,3.43954361178411,6.20120837516842,0.477016028859109,Relaksasi
22-09-2026 08:55:40,32.5010818,1381.25,4.33070976049645,6.20519163964077,0.477322433818521,Relaksasi
22-09-2026 08:55:40,32.54042,1376.41,-0.495950193300149,6.20162857314147,0.477048351780113,Relaksasi
22-09-2026 08:55:40,32.5407305,1379.63,3.75566478218133,6.19749833870744,0.476730641439034,Relaksasi
22-09-2026 08:55:40,32.5410013,1378.02,2.36880240879319,6.19049869257111,0.476192207120854,Relaksasi
22-09-2026 08:55:40,32.5412671,1383.66,8.47322416577632,6.20427151983286,0.477251655371759,Relaksasi
22-09-2026 08:55:40,32.5415294,1378.83,2.87883534675779,6.2072694404181,0.477482264647547,Relaksasi
22-09-2026 08:55:40,32.5417866,1377.22,1.57441577718377,6.20746694797103,0.477497457536233,Relaksasi
22-09-2026 08:55:40,32.542045,1382.05,6.93523458613142,6.21746723055804,0.478266710042926,Relaksasi
22-09-2026 08:55:40,32.5552353,1380.44,4.76180347974465,6.21928897134092,0.478406843949302,Relaksasi
22-09-2026 08:55:40,32.564838,1381.25,5.40124175736123,6.22534754825438,0.47887288832726,Relaksasi
22-09-2026 08:55:40,32.565131,1379.63,3.48566489038911,6.22329552190534,0.478715040146565,Relaksasi
22-09-2026 08:55:40,32.5653908,1383.66,7.60986364707914,5.981292228474,0.460099402190308,Relaksasi
22-09-2026 08:55:40,32.5656494,1377.22,0.49618837167127,5.9535630279098,0.457966386762292,Relaksasi
22-09-2026 08:55:40,32.5802515,1379.63,3.66728230276222,5.95560157353678,0.458123197964368,Relaksasi
22-09-2026 08:55:40,32.7871998,1372.38,-3.41613194819375,5.95091155846705,0.457762427574389,Relaksasi
22-09-2026 08:55:40,32.7874678,1376.41,2.11949234812103,5.94636489656576,0.457412684351213,Relaksasi
22-09-2026 08:55:40,32.7877148,1386.08,12.0879871758458,5.981747885211,0.460134452708538,Relaksasi
22-09-2026 08:55:40,32.7879455,1365.93,-9.84421799490504,5.99814770958402,0.461395977660309,Relaksasi
22-09-2026 08:55:40,32.7881709,1375.6,2.20309884147521,5.99593369057365,0.461225668505665,Relaksasi
22-09-2026 08:55:40,32.7883964,1382.86,9.30857453063672,6.01348060744209,0.4625754313417,Relaksasi
22-09-2026 08:55:40,32.7886229,1370.77,-4.51521660344003,5.98853094902803,0.46065622684831,Relaksasi
22-09-2026 08:55:40,32.7888458,1369.16,-5.28907729598446,5.96237845615722,0.458644496627479,Relaksasi
22-09-2026 08:55:40,32.7890668,1376.41,2.80582204725968,5.9654886623738,0.458883743259523,Relaksasi
22-09-2026 08:55:40,32.7892849,1379.63,5.11000190640333,5.93280168336113,0.456369360258549,Relaksasi
22-09-2026 08:55:40,32.7895026,1372.38,-3.62714104100696,5.93171614038254,0.456285856952503,Relaksasi
22-09-2026 08:55:40,32.789733,1369.16,-6.66033736171982,5.94886840745425,0.457605262111866,Relaksasi
22-09-2026 08:55:40,32.7899526,1379.63,4.56901836379376,5.93945073751174,0.456880825962442,Relaksasi
22-09-2026 08:55:40,32.7901703,1375.6,-0.915662581866837,5.93491219924816,0.456531707634474,Relaksasi
22-09-2026 08:55:40,32.7903899,1379.63,2.76484000610002,5.92758730494969,0.455968254226899,Relaksasi
22-09-2026 08:55:40,32.7906107,1378.83,1.01257479589411,5.92396829863389,0.455689869125683,Relaksasi
22-09-2026 08:55:40,32.8807717,1382.05,3.80335228211525,5.92778123651349,0.455983172039499,Relaksasi
22-09-2026 08:55:40,32.8810427,1380.44,1.46541994228187,5.91910516350517,0.45531578180809,Relaksasi
22-09-2026 08:55:40,32.8812731,1375.6,-3.35501825470745,5.89189252022535,0.453222501555796,Relaksasi
22-09-2026 08:55:40,32.8815002,1365.13,-12.5871824672653,5.95873828795431,0.458364483688793,Relaksasi
22-09-2026 08:55:40,32.8817271,1375.6,1.05793804256772,5.95865440884535,0.458358031449642,Relaksasi
22-09-2026 08:55:40,32.8977267,1378.02,3.92997300123655,5.92313697338613,0.455625921029703,Relaksasi
22-09-2026 08:55:40,32.8980016,1379.63,5.27095346184809,5.92951755161974,0.45611673473998,Relaksasi
22-09-2026 08:55:40,32.8982366,1382.05,7.01782993237596,5.94593009066546,0.457379237743497,Relaksasi
22-09-2026 08:55:40,32.927589,1379.63,3.50900307123744,5.91369641366171,0.454899724127824,Relaksasi
22-09-2026 08:55:40,32.9360761,1377.22,0.7003798974708,5.89150290848597,0.453192531421998,Relaksasi
22-09-2026 08:55:40,32.9363181,1386.89,10.568535195325,5.93776040377371,0.456750800290286,Relaksasi
22-09-2026 08:55:40,32.9365408,1382.05,4.09339906063359,5.91548861766247,0.455037585974036,Relaksasi
22-09-2026 08:55:40,32.9367595,1374.8,-3.35837639952458,5.913451584792,0.454880891137846,Relaksasi
22-09-2026 08:55:40,32.9369797,1380.44,3.72009605902201,5.90051748526865,0.453885960405281,Relaksasi
22-09-2026 08:55:40,32.9371977,1379.63,3.0857659207504,5.89541448110756,0.453493421623659,Relaksasi
22-09-2026 08:55:40,32.9374169,1378.83,2.64700392505149,5.87423584097557,0.451864295459659,Relaksasi
22-09-2026 08:55:40,32.9379246,1377.22,1.51138434392244,5.86050006111298,0.450807697008691,Relaksasi
22-09-2026 08:55:40,32.9384756,1378.83,3.7951144181112,5.85140493145309,0.450108071650238,Relaksasi
22-09-2026 08:55:40,32.9744465,1366.74,-8.13791424031471,5.8688289353432,0.451448379641785,Relaksasi
22-09-2026 08:55:40,32.9748144,1374.8,2.2506385670899,5.86363953497925,0.451049194998404,Relaksasi
22-09-2026 08:55:40,32.9750702,1378.02,5.49954225398247,5.87161412586375,0.451662625066442,Relaksasi
22-09-2026 08:55:40,32.9753479,1379.63,6.1918143550661,5.85136812327068,0.450105240251591,Relaksasi
22-09-2026 08:55:40,32.9756146,1384.47,9.74290219322531,5.88225445036738,0.452481111566722,Relaksasi
22-09-2026 08:55:40,32.975848,1385.27,8.46504812476273,5.89571352512572,0.453516425009671,Relaksasi
22-09-2026 08:55:40,32.9760803,1382.86,4.30941596014734,5.90197586351683,0.453998143347448,Relaksasi
22-09-2026 08:55:40,32.9763691,1375.6,-3.64546372492497,5.90759686075439,0.454430527750338,Relaksasi
22-09-2026 08:55:40,32.9766497,1373.99,-4.10803334447839,5.91149061551138,0.45473004734703,Relaksasi
22-09-2026 08:55:40,33.007247,1377.22,0.57594745125079,5.90875665387973,0.454519742606133,Relaksasi
22-09-2026 08:55:40,33.0075351,1372.38,-3.62468142781421,5.90511323471952,0.454239479593809,Relaksasi
22-09-2026 08:55:40,33.0390624,1379.63,5.07645736303184,5.9023476254561,0.4540267404197,Relaksasi
22-09-2026 08:55:40,33.0393869,1379.63,4.74414181199564,5.9117727170296,0.454751747463815,Relaksasi
22-09-2026 08:55:40,33.0396525,1382.86,7.60732782490757,5.91279831310399,0.454830639469538,Relaksasi
22-09-2026 08:55:40,33.0399108,1375.6,-0.625828587118312,5.9056936521627,0.454284127089439,Relaksasi
22-09-2026 08:55:40,33.0401684,1385.27,9.66997665942649,5.94287770398419,0.457144438768015,Relaksasi
22-09-2026 08:55:40,33.0404215,1381.25,4.29080713443716,5.94345744324741,0.457189034095955,Relaksasi
22-09-2026 08:55:40,33.0406744,1367.55,-9.64091033644645,5.9690766673717,0.459159743643977,Relaksasi
22-09-2026 08:55:40,33.0409443,1372.38,-2.26456570567803,5.96067534233866,0.458513487872204,Relaksasi
22-09-2026 08:55:40,33.0412227,1375.6,1.98049662788191,5.9531591495927,0.457935319199439,Relaksasi
22-09-2026 08:55:40,33.0414785,1374.8,1.1779830619596,5.91208731116583,0.454775947012756,Relaksasi
22-09-2026 08:55:40,33.0417311,1375.6,1.90734863653376,5.88919361465974,0.453014893435365,Relaksasi
22-09-2026 08:55:40,33.0534928,1367.55,-6.56570361271304,5.87385729500263,0.451835176538664,Relaksasi
22-09-2026 08:55:40,33.0537692,1384.47,11.3704873860339,5.92801394120053,0.456001072400041,Relaksasi
22-09-2026 08:55:40,33.1457102,1379.63,3.86490358486688,5.92684187151116,0.455910913193166,Relaksasi
22-09-2026 08:55:40,33.1460498,1378.83,1.81399406475994,5.91731043054867,0.45517772542682,Relaksasi
22-09-2026 08:55:40,33.1463174,1375.6,-2.16574818439514,5.9109820258187,0.454690925062977,Relaksasi
22-09-2026 08:55:40,33.1465805,1380.44,2.86638598353685,5.91404060192754,0.454926200148272,Relaksasi
22-09-2026 08:55:40,33.1468386,1379.63,1.45826931192492,5.91447669130221,0.454959745484785,Relaksasi
22-09-2026 08:55:40,33.1470975,1374.8,-3.47760517293462,5.83709930371742,0.449007638747494,Relaksasi
22-09-2026 08:55:40,33.147354,1387.69,10.4804432120895,5.88174206419365,0.452441697245666,Relaksasi
22-09-2026 08:55:40,33.147613,1373.99,-4.67492827685131,5.80957199822342,0.446890153709494,Relaksasi
22-09-2026 08:55:40,33.1478881,1380.44,3.47349441719091,5.75525938204436,0.442712260157259,Relaksasi
22-09-2026 08:55:40,33.1604373,1373.99,-2.71998483572159,5.75828009086058,0.44294462237389,Relaksasi
22-09-2026 08:55:40,33.1698068,1375.6,0.405793998673419,5.75676904684282,0.442828388218678,Relaksasi
22-09-2026 08:55:40,33.1700833,1373.99,-0.348863596829681,5.7558331632067,0.442756397169746,Relaksasi
22-09-2026 08:55:40,33.1703667,1374.8,1.30975788698567,5.74847076129985,0.442190058561527,Relaksasi
22-09-2026 08:55:40,33.1854403,1374.8,1.60971596939474,5.73569404444488,0.441207234188067,Relaksasi
22-09-2026 08:55:40,33.1921185,1373.99,0.779731327507296,5.72825463812794,0.440634972163688,Relaksasi
22-09-2026 08:55:40,33.2078157,1370.77,-2.56337530661156,5.73065462338797,0.440819586414459,Relaksasi
22-09-2026 08:55:40,33.2082034,1378.83,5.76064618997119,5.72496125789375,0.440381635222596,Relaksasi
22-09-2026 08:55:40,33.2349518,1371.58,-3.08256168407962,5.69931456291157,0.438408812531659,Relaksasi
22-09-2026 08:55:40,33.2352668,1374.8,0.106597537544523,5.68226130782769,0.437097023679053,Relaksasi
22-09-2026 08:55:40,33.2355344,1372.38,-3.06568086280386,5.68204365283371,0.437080280987209,Relaksasi
22-09-2026 08:55:40,33.2358007,1370.77,-4.86641517292791,5.6877459272715,0.437518917482423,Relaksasi
22-09-2026 08:55:40,33.2360588,1380.44,4.93285213425762,5.68999933812062,0.437692256778509,Relaksasi
22-09-2026 08:55:40,33.2363174,1370.77,-6.50660345034017,5.69754683201508,0.438272833231929,Relaksasi
22-09-2026 08:55:40,33.2365745,1377.22,0.486199258106808,5.69182177872389,0.437832444517222,Relaksasi
22-09-2026 08:55:40,33.2368477,1372.38,-5.05547972911373,5.68414582930371,0.437241986869516,Relaksasi
22-09-2026 08:55:40,33.2371031,1375.6,-1.33023268684065,5.68248786350384,0.437114451038757,Relaksasi
22-09-2026 08:55:40,33.2373554,1367.55,-9.47901981827878,5.69009347894252,0.437699498380194,Relaksasi
22-09-2026 08:55:40,33.2376064,1369.16,-6.30438279242955,5.7056352139819,0.438895016460146,Relaksasi
22-09-2026 08:55:40,33.2378613,1371.58,-2.96160058388501,5.70918841226702,0.439168339405155,Relaksasi
22-09-2026 08:55:40,33.2381136,1384.47,10.0863445298943,5.74206897086825,0.441697613143712,Relaksasi
22-09-2026 08:55:40,33.2383671,1379.63,2.77725375538231,5.74533582442038,0.441948909570798,Relaksasi
22-09-2026 08:55:40,33.2758893,1371.58,-6.25779984576846,5.75733972512648,0.442872286548191,Relaksasi
22-09-2026 08:55:40,33.2761939,1379.63,2.71744970952805,5.73552059868473,0.441193892206518,Relaksasi
22-09-2026 08:55:40,33.3244196,1357.07,-20.5214215510006,5.9093845538766,0.454568042605892,Relaksasi
22-09-2026 08:55:40,33.3247716,1371.58,-2.10236757415891,5.89702503964705,0.453617310742081,Relaksasi
22-09-2026 08:55:40,33.3252047,1372.38,-1.10693160041456,5.8952236638233,0.453478743371023,Relaksasi
22-09-2026 08:55:40,33.3574559,1365.13,-8.58396718283742,5.90605157339463,0.454311659491895,Relaksasi
22-09-2026 08:55:40,33.3577916,1380.44,7.71009902088832,5.90657777247698,0.454352136344383,Relaksasi
22-09-2026 08:55:40,33.3580617,1369.96,-5.19101257431028,5.91439023544704,0.454953095034388,Relaksasi
22-09-2026 08:55:40,33.3583833,1377.22,2.029503132102,5.9144762790709,0.454959713774685,Relaksasi
22-09-2026 08:55:40,33.3586497,1375.6,-1.06912376792207,5.8896936680365,0.45305335907973,Relaksasi
22-09-2026 08:55:40,33.3589075,1386.08,8.59913687397691,5.92032896332077,0.455409920255444,Relaksasi
22-09-2026 08:55:40,33.3591621,1365.93,-14.0440078060577,6.00152388215559,0.461655683242737,Relaksasi
22-09-2026 08:55:40,33.3594156,1377.22,-0.540559854550878,5.96091006785971,0.458531543681516,Relaksasi
22-09-2026 08:55:40,33.3597164,1369.16,-8.76789290154785,5.90080674069336,0.453908210822566,Relaksasi
22-09-2026 08:55:40,33.3599953,1369.96,-6.36904037052913,5.86724149800996,0.451326269077689,Relaksasi
22-09-2026 08:55:40,33.3602464,1370.77,-4.36999123227209,5.87537172470568,0.451951671131206,Relaksasi
22-09-2026 08:55:40,33.3604968,1367.55,-6.85159766199494,5.89370252862522,0.453361732971171,Relaksasi
22-09-2026 08:55:40,33.3607551,1379.63,6.29571016239563,5.90764149331877,0.454433961024521,Relaksasi
22-09-2026 08:55:40,33.3610034,1371.58,-3.43481506259543,5.89028339961184,0.453098723047065,Relaksasi
22-09-2026 08:55:40,33.3612496,1379.63,4.70017255203706,5.87477376597935,0.451905674306104,Relaksasi
22-09-2026 08:55:40,33.3614946,1379.63,3.14618743750519,5.87714025203148,0.452087711694729,Relaksasi
22-09-2026 08:55:40,33.361753,1371.58,-6.1034223352693,5.85852822968223,0.450656017667864,Relaksasi
22-09-2026 08:55:40,33.3620065,1373.99,-2.9571074457982,5.83635152348327,0.448950117191021,Relaksasi
22-09-2026 08:55:40,33.3622545,1379.63,2.92716596191257,5.81767037711512,0.447513105931932,Relaksasi
22-09-2026 08:55:40,33.3625032,1378.83,1.33403122014947,5.81411173965082,0.447239364588525,Relaksasi
22-09-2026 08:55:40,33.3730043,1379.63,1.80217006649464,5.80712906462177,0.446702235740136,Relaksasi
22-09-2026 08:55:40,33.3733087,1373.19,-4.86767351812465,5.81628339081355,0.447406414677966,Relaksasi
22-09-2026 08:55:40,33.3839091,1377.22,0.414625179338735,5.81608664035395,0.447391280027227,Relaksasi
22-09-2026 08:55:40,33.384264,1374.8,-1.66554076342675,5.81339294963944,0.447184073049187,Relaksasi
22-09-2026 08:55:40,33.397548,1368.35,-7.32212884421973,5.82753907595932,0.448272236612255,Relaksasi
22-09-2026 08:55:40,33.4081585,1366.74,-7.08208828799629,5.79127654910245,0.445482811469419,Relaksasi
22-09-2026 08:55:40,33.4234501,1365.13,-7.08692411677516,5.81002717704242,0.446925167464801,Relaksasi
22-09-2026 08:55:40,33.4239025,1372.38,1.41276655150485,5.79250120098126,0.445577015460097,Relaksasi
22-09-2026 08:55:40,33.4685288,1373.99,2.17699924034548,5.7248634811482,0.440374113934477,Relaksasi
22-09-2026 08:55:40,33.4688715,1377.22,4.01813907820625,5.72583934015988,0.440449180012298,Relaksasi
22-09-2026 08:55:40,34.0498214,1381.25,6.04713597735303,5.73830472623367,0.441408055864128,Relaksasi
22-09-2026 08:55:40,34.050119,1380.44,2.78374048780418,5.74165803541579,0.441666002724292,Relaksasi
22-09-2026 08:55:40,34.0503564,1378.02,-1.29564782615733,5.73433545854296,0.441102727580228,Relaksasi
22-09-2026 08:55:40,34.0505854,1379.63,-0.232695850038422,5.73066193046035,0.44082014849695,Relaksasi
22-09-2026 08:55:40,34.0508104,1372.38,-7.84112397208624,5.73533490923358,0.441179608402583,Relaksasi
22-09-2026 08:55:40,34.0510337,1374.8,-3.90667684608924,5.67312132382733,0.436393947986718,Relaksasi
22-09-2026 08:55:40,34.0512557,1369.16,-8.50157676714189,5.67332094810129,0.436409303700099,Relaksasi
22-09-2026 08:55:40,34.0514794,1379.63,4.06342144365533,5.64493845718048,0.434226035167729,Relaksasi
22-09-2026 08:55:40,34.0517032,1378.83,2.94020909459551,5.64814086378447,0.434472374137267,Relaksasi
22-09-2026 08:55:40,34.0652445,1374.8,-1.19857819283935,5.64863874841316,0.434510672954858,Relaksasi
22-09-2026 08:55:40,34.0655303,1366.74,-8.56845778345618,5.67824813454663,0.436788318042048,Relaksasi
22-09-2026 08:55:40,34.0760377,1378.83,5.55848134590355,5.67868188696193,0.436821683612456,Relaksasi
22-09-2026 08:55:40,34.0762804,1371.58,-2.59453122400482,5.5465090082709,0.426654539097762,Relaksasi
22-09-2026 08:55:40,34.0765095,1379.63,5.93581124980785,5.53608650885036,0.425852808373104,Relaksasi
22-09-2026 08:55:40,34.1333644,1372.38,-2.66915044821074,5.53917843061624,0.426090648508942,Relaksasi
22-09-2026 08:55:40,34.158297,1378.83,3.9807428226133,5.54177392779021,0.426290302137709,Relaksasi
22-09-2026 08:55:40,34.1586177,1373.99,-2.02390347200661,5.54347931623309,0.426421485864084,Relaksasi
22-09-2026 08:55:40,34.1588494,1379.63,3.60654568058032,5.54799441387881,0.426768801067601,Relaksasi
22-09-2026 08:55:40,34.1590778,1384.47,7.3811673166383,5.56059654709394,0.427738195930303,Relaksasi
22-09-2026 08:55:40,34.1593225,1377.22,-1.53394226835504,5.55385175886187,0.427219366066298,Relaksasi
22-09-2026 08:55:40,34.1595503,1378.02,-0.42285782301034,5.54489111899018,0.426530086076167,Relaksasi
22-09-2026 08:55:40,34.1597779,1368.35,-9.74124210181929,5.55741544844516,0.427493496034243,Relaksasi
22-09-2026 08:55:40,34.1599997,1369.16,-6.58994563886638,5.56326765761741,0.42794366597057,Relaksasi
22-09-2026 08:55:40,34.1602226,1374.8,0.781943935134807,5.56352602759915,0.42796354058455,Relaksasi
22-09-2026 08:55:40,34.1604652,1369.96,-3.90857319349404,5.56569674839202,0.428130519107079,Relaksasi
22-09-2026 08:55:40,34.1606848,1377.22,4.19671894534409,5.56860892155689,0.428354532427453,Relaksasi
22-09-2026 08:55:40,34.1609053,1369.16,-4.83783916785982,5.45784841747645,0.419834493652035,Relaksasi
22-09-2026 08:55:40,34.1611599,1375.6,2.1616295846212,5.45924507741054,0.41994192903158,Relaksasi
22-09-2026 08:55:40,34.1614035,1369.16,-5.28758361179217,5.46457562228266,0.42035197094482,Relaksasi
22-09-2026 08:55:40,34.1616259,1378.02,3.84013367548177,5.46944861292949,0.420726816379192,Relaksasi
22-09-2026 08:55:40,34.1618471,1381.25,5.4370299047581,5.48095154352914,0.421611657194549,Relaksasi
22-09-2026 08:55:40,34.1620661,1374.8,-2.95651677673991,5.41173970084448,0.416287669295729,Relaksasi
22-09-2026 08:55:40,34.1622859,1370.77,-7.15030074152538,5.43430647331848,0.418023574870652,Relaksasi
22-09-2026 08:55:40,34.1625056,1375.6,-1.48535842993123,5.41088986639309,0.416222297414853,Relaksasi
22-09-2026 08:55:40,34.1627266,1371.58,-5.62777482608607,5.42535811777078,0.417335239828522,Relaksasi
22-09-2026 08:55:40,34.1629466,1372.38,-4.03129349965191,5.39751045156429,0.415193111658791,Relaksasi
22-09-2026 08:55:40,34.1632669,1375.6,-0.264607501271553,5.38723675146774,0.41440282703598,Relaksasi
22-09-2026 08:55:40,34.1638683,1380.44,4.40563493385195,5.39620822656059,0.415092940504661,Relaksasi
22-09-2026 08:55:40,34.1828318,1379.63,2.55338829851058,5.38614004545887,0.414318465035298,Relaksasi
22-09-2026 08:55:40,34.1831185,1362.71,-14.9396607357303,5.47810668605422,0.421392822004171,Relaksasi
22-09-2026 08:55:40,34.183386,1379.63,4.90803065733078,5.48739453351959,0.422107271809199,Relaksasi
22-09-2026 08:55:40,34.1836391,1368.35,-7.32905491734783,5.50613099747813,0.423548538267548,Relaksasi
22-09-2026 08:55:40,34.1838769,1369.16,-5.16853789537513,5.51108606030287,0.423929696946375,Relaksasi
22-09-2026 08:55:40,34.2069827,1378.02,4.48138268988049,5.50426427552526,0.423404944271174,Relaksasi
22-09-2026 08:55:40,34.242574,1371.58,-3.23164182885862,5.50847695708318,0.423728996698706,Relaksasi
22-09-2026 08:55:40,34.2428957,1368.35,-6.37240958503813,5.48152988107685,0.421656144698219,Relaksasi
22-09-2026 08:55:40,34.2431614,1373.99,-0.157720382824305,5.46932151489366,0.420717039607205,Relaksasi
22-09-2026 08:55:40,34.2434254,1379.63,4.70732118839792,5.45934826167996,0.419949866283074,Relaksasi
22-09-2026 08:55:40,34.2436922,1378.83,2.113978509839,5.44349429998916,0.418730330768397,Relaksasi
22-09-2026 08:55:40,34.2439473,1370.77,-7.16456255295188,5.46562859124132,0.420432968557024,Relaksasi
22-09-2026 08:55:40,34.244219,1373.99,-3.1968744317045,5.45324375527664,0.419480288867434,Relaksasi
22-09-2026 08:55:40,34.2444754,1372.38,-4.68376797957403,5.46067001309535,0.420051539468873,Relaksasi
22-09-2026 08:55:40,34.2447289,1375.6,-0.940609011243732,5.42766485789392,0.417512681376455,Relaksasi
22-09-2026 08:55:40,34.2449799,1365.93,-10.7331088913631,5.4719968331511,0.420922833319315,Relaksasi
22-09-2026 08:55:40,34.2452323,1370.77,-4.0754321098155,5.46930189190673,0.420715530146671,Relaksasi
22-09-2026 08:55:40,34.2771009,1371.58,-2.81244588899572,5.47291157318422,0.420993197937248,Relaksasi
22-09-2026 08:55:40,34.2774021,1371.58,-2.74376734290441,5.46897782917626,0.420690602244328,Relaksasi
22-09-2026 08:55:40,34.2930483,1374.8,0.380784740053203,5.46407391056312,0.420313377735624,Relaksasi
22-09-2026 08:55:40,34.2933856,1374.8,-0.450722733020816,5.46068683513902,0.420052833472232,Relaksasi
22-09-2026 08:55:40,34.2936545,1378.02,2.03493099867628,5.40395312717124,0.415688702090095,Relaksasi
22-09-2026 08:55:40,34.3177252,1368.35,-8.83115699126368,5.41425251345281,0.416480962573293,Relaksasi
22-09-2026 08:55:40,34.3935941,1377.22,1.0372216901662,5.40928434474617,0.416098795749705,Relaksasi
22-09-2026 08:55:40,34.3938989,1381.25,4.22070489337692,5.40884956678891,0.416065351291454,Relaksasi
22-09-2026 08:55:40,34.3941857,1378.83,0.461613040953393,5.4088343694533,0.416064182265638,Relaksasi
22-09-2026 08:55:40,34.3944496,1369.16,-9.58909065765744,5.44469626743334,0.418822789802565,Relaksasi
22-09-2026 08:55:40,34.3947059,1378.83,1.89338972530524,5.44376578698997,0.418751214383843,Relaksasi
22-09-2026 08:55:40,34.3949599,1367.55,-9.65209527936153,5.45356975028232,0.419505365406332,Relaksasi
22-09-2026 08:55:40,34.3952234,1371.58,-3.56180512740023,5.45558583795119,0.419660449073168,Relaksasi
22-09-2026 08:55:40,34.3954794,1377.22,2.9105004483129,5.45833106126355,0.419871620097196,Relaksasi
22-09-2026 08:55:40,34.3957388,1380.44,5.57939902923849,5.45055401295762,0.419273385612125,Relaksasi
22-09-2026 08:55:40,34.3960094,1372.38,-3.63908035593353,5.44622619025822,0.418940476173709,Relaksasi
22-09-2026 08:55:40,34.3962656,1379.63,4.21901203491384,5.44100293747403,0.418538687498002,Relaksasi
22-09-2026 08:55:40,34.3965165,1384.47,8.12794280375998,5.46571870279349,0.420439900214884,Relaksasi
22-09-2026 08:55:40,34.3967662,1372.38,-5.5916337675393,5.45351837398411,0.419501413383393,Relaksasi
22-09-2026 08:55:40,34.3970143,1378.02,1.23211201561169,5.4541014054541,0.419546261958008,Relaksasi
22-09-2026 08:55:40,34.39731,1370.77,-6.04136625875174,5.46465624489753,0.420358172684425,Relaksasi
22-09-2026 08:55:40,34.3976305,1378.83,3.4702391070393,5.46482670217093,0.420371284782379,Relaksasi
22-09-2026 08:55:40,34.3978812,1369.16,-6.60634085898962,5.48270812130442,0.421746778561878,Relaksasi
22-09-2026 08:55:40,34.3985246,1374.8,0.532577150277625,5.41580182112541,0.41660014008657,Relaksasi
22-09-2026 08:55:40,34.3990588,1369.16,-5.12218449542896,5.38307998232196,0.414083075563227,Relaksasi
22-09-2026 08:55:40,34.3995628,1378.83,5.4528131806321,5.39462211201704,0.414970931693618,Relaksasi
22-09-2026 08:55:40,34.3998913,1370.77,-3.9569061021702,5.36162153289544,0.412432425607342,Relaksasi
22-09-2026 08:55:40,34.4001966,1367.55,-6.85013788985319,5.37398097341981,0.413383151801524,Relaksasi
22-09-2026 08:55:40,34.4004496,1380.44,6.77361019346694,5.38230515529628,0.414023473484329,Relaksasi
22-09-2026 08:55:40,34.4103814,1378.83,3.09140885521016,5.3830873707822,0.414083643906323,Relaksasi
22-09-2026 08:55:40,34.4106781,1372.38,-4.74499194851596,5.38141652234938,0.413955117103799,Relaksasi
22-09-2026 08:55:40,34.4109406,1376.41,-0.488927891952737,5.37541238220621,0.413493260169708,Relaksasi
22-09-2026 08:55:40,34.4424577,1368.35,-9.03099534369818,5.39268506352871,0.414821927963747,Relaksasi
22-09-2026 08:55:40,34.4760108,1372.38,-3.71055622954346,5.3893889902312,0.414568383863939,Relaksasi
22-09-2026 08:55:40,34.47639,1379.63,3.8410718053541,5.39584012562229,0.415064625047868,Relaksasi
22-09-2026 08:55:40,34.4766619,1364.32,-12.6111582711832,5.46553524594647,0.420425788149728,Relaksasi
22-09-2026 08:55:40,34.4769306,1378.02,3.17877243012739,5.46968664156452,0.420745126274194,Relaksasi
22-09-2026 08:55:40,34.4771868,1372.38,-3.47306008077001,5.4685880486304,0.420660619125415,Relaksasi
22-09-2026 08:55:40,34.4774499,1374.8,-0.802270023649915,5.46790052520538,0.420607732708106,Relaksasi
22-09-2026 08:55:40,34.4777052,1370.77,-5.11526911122644,5.47471326249106,0.421131789422389,Relaksasi
22-09-2026 08:55:40,34.4779725,1372.38,-2.96652413278133,5.40595050119091,0.415842346245454,Relaksasi
22-09-2026 08:55:40,34.4848132,1374.8,-0.466956609823033,5.40553372935494,0.415810286873457,Relaksasi
22-09-2026 08:55:40,34.4852537,1379.63,3.90846038390107,5.40545574148048,0.415804287806191,Relaksasi
22-09-2026 08:55:40,34.4856037,1373.99,-3.03311133900514,5.39685425438685,0.415142634952835,Relaksasi
22-09-2026 08:55:40,34.4859353,1379.63,2.73742976316788,5.37747652406183,0.413652040312449,Relaksasi
22-09-2026 08:55:40,34.4938474,1375.6,-2.1592153531007,5.37391843153315,0.413378340887165,Relaksasi
22-09-2026 08:55:40,34.5037871,1384.47,6.95958663301696,5.39617696886232,0.415090536066332,Relaksasi
22-09-2026 08:55:40,34.5040926,1374.8,-4.03538053241772,5.3517920062922,0.411676308176323,Relaksasi
22-09-2026 08:55:40,34.5287928,1378.83,1.04951957952724,5.34447430118287,0.411113407783298,Relaksasi
22-09-2026 08:55:40,34.5700905,1377.22,-0.285223242694137,5.33923392045063,0.410710301573125,Relaksasi
22-09-2026 08:55:40,34.5704159,1372.38,-4.43653889647259,5.34196945617891,0.410920727398378,Relaksasi
22-09-2026 08:55:40,34.5706833,1377.22,1.97418542056035,5.33933656501759,0.410718197309045,Relaksasi
22-09-2026 08:55:40,34.6319603,1379.63,4.67505406697888,5.34628492116568,0.411252686243514,Relaksasi
22-09-2026 08:55:40,34.6322765,1379.63,4.36189666813983,5.3541079329638,0.411854456381831,Relaksasi
22-09-2026 08:55:40,34.632549,1369.16,-6.42190162808458,5.36662476731857,0.412817289793736,Relaksasi
22-09-2026 08:55:40,34.6328116,1368.35,-5.52392363587079,5.3499627862218,0.411535598940139,Relaksasi
22-09-2026 08:55:40,34.6330739,1382.05,9.51891461824168,5.38978882904578,0.414599140695829,Relaksasi
22-09-2026 08:55:40,34.6333289,1377.22,2.84446471932695,5.37950310850245,0.413807931423265,Relaksasi
22-09-2026 08:55:40,34.6335843,1370.77,-4.32903064338021,5.37038763972454,0.413106741517272,Relaksasi
22-09-2026 08:55:40,34.6338396,1379.63,5.09558371818022,5.33818953881531,0.410629964524255,Relaksasi
22-09-2026 08:55:40,34.6341118,1373.99,-1.90259288294182,5.30623045597678,0.408171573536676,Relaksasi
22-09-2026 08:55:40,34.634365,1366.74,-9.1788036376226,5.33708520668706,0.410545015899005,Relaksasi
22-09-2026 08:55:40,34.6346163,1371.58,-2.97611887835106,5.33500870594225,0.41038528507248,Relaksasi
22-09-2026 08:55:40,34.6348664,1364.32,-10.1802284789029,5.37551146051203,0.413500881577848,Relaksasi
22-09-2026 08:55:40,34.6351171,1377.22,4.01220979921614,5.3828388441535,0.414064526473346,Relaksasi
22-09-2026 08:55:40,34.6353681,1377.22,2.3463400869873,5.37929261184787,0.413791739372913,Relaksasi
22-09-2026 08:55:40,34.6356177,1369.16,-7.1613401594941,5.39113725214705,0.414702865549773,Relaksasi
22-09-2026 08:55:40,34.6645712,1379.63,3.71283109420874,5.38709124087356,0.41439163391335,Relaksasi
22-09-2026 08:55:40,34.6935203,1357.88,-19.6955587831035,5.53813777665489,0.426010598204222,Relaksasi
22-09-2026 08:55:40,34.6938506,1375.6,0.984457848404652,5.53839846096199,0.42603065084323,Relaksasi
22-09-2026 08:55:40,34.6941179,1377.22,1.51196694560617,5.49706698973551,0.422851306902732,Relaksasi
22-09-2026 08:55:40,34.6943781,1368.35,-8.567225902975,5.52201748989246,0.424770576145574,Relaksasi
22-09-2026 08:55:40,34.6946415,1382.05,5.94264665961863,5.49586359407751,0.422758738005962,Relaksasi
22-09-2026 08:55:40,34.6948916,1361.1,-16.9326797472376,5.62249531548426,0.432499639652636,Relaksasi
22-09-2026 08:55:40,34.6951448,1369.16,-6.2367193250858,5.63802492703577,0.433694225156598,Relaksasi
22-09-2026 08:55:40,34.6954217,1374.8,-0.038302834670068,5.63741023812718,0.433646941394398,Relaksasi
22-09-2026 08:55:40,34.701965,1367.55,-8.00886837136375,5.66417815413532,0.435706011856563,Relaksasi
22-09-2026 08:55:40,34.7170108,1372.38,-2.41409116833494,5.64769962223373,0.434438432479518,Relaksasi
22-09-2026 08:55:40,34.7173569,1375.6,0.402569738063508,5.59024877961341,0.43001913689334,Relaksasi
22-09-2026 08:55:40,34.759202,1379.63,3.42784291527341,5.58882318154964,0.429909475503818,Relaksasi
22-09-2026 08:55:40,34.7595124,1378.02,0.269802443516173,5.58738361391845,0.429798739532188,Relaksasi
22-09-2026 08:55:40,34.7597806,1375.6,-2.91452179245245,5.58908539114287,0.429929645472529,Relaksasi
22-09-2026 08:55:40,34.7600407,1373.99,-4.42464563776662,5.59416500574953,0.430320385057656,Relaksasi
22-09-2026 08:55:40,34.7602981,1376.41,-1.36812464645955,5.59405114294313,0.430311626380241,Relaksasi
22-09-2026 08:55:40,34.760556,1373.99,-3.54557429986781,5.59426447236352,0.430328036335655,Relaksasi
22-09-2026 08:55:40,34.7608133,1379.63,2.91417740884093,5.54878893876768,0.426829918366744,Relaksasi
22-09-2026 08:55:40,34.7610894,1379.63,2.58845424548118,5.54195672952494,0.426304363809611,Relaksasi
22-09-2026 08:55:40,34.7613508,1382.05,4.85844931478824,5.54715974380739,0.426704595677492,Relaksasi
22-09-2026 08:55:40,34.7616057,1378.83,1.18518002296159,5.54445785394917,0.42649675799609,Relaksasi
22-09-2026 08:55:40,34.7618607,1377.22,-0.00698807121385636,5.54438362620567,0.426491048169667,Relaksasi
22-09-2026 08:55:40,34.7621136,1371.58,-4.87011258443672,5.5550131636583,0.427308704896793,Relaksasi
22-09-2026 08:55:40,34.7623701,1379.63,4.93826981151566,5.56520677634363,0.42809282894951,Relaksasi
22-09-2026 08:55:40,34.7718759,1382.05,7.13637754044694,5.58687837329125,0.429759874868557,Relaksasi
22-09-2026 08:55:40,34.7721542,1375.6,-0.0485813167287112,5.58660736529386,0.429739028099528,Relaksasi
22-09-2026 08:55:40,34.7724354,1353.04,-22.0003630097286,5.79632704839384,0.445871311414911,Relaksasi
22-09-2026 08:55:40,34.7879436,1357.88,-12.4581693623283,5.84871882967665,0.449901448436665,Relaksasi
22-09-2026 08:55:40,34.8263566,1379.63,11.641844537863,5.90234391891495,0.45402645530115,Relaksasi
22-09-2026 08:55:40,34.8266676,1377.22,6.22856469727474,5.91874834850392,0.455288334500302,Relaksasi
22-09-2026 08:55:40,34.8269417,1377.22,3.77464272620552,5.92079637005932,0.455445874619947,Relaksasi
22-09-2026 08:55:40,34.8271999,1379.63,3.95852613116455,5.91741238365104,0.455185567973157,Relaksasi
22-09-2026 08:55:40,34.827456,1378.02,0.0669008381324012,5.90712506604567,0.454394235849667,Relaksasi
22-09-2026 08:55:40,34.8277124,1373.99,-5.30172280646475,5.90110061151207,0.453930816270159,Relaksasi
22-09-2026 08:55:40,34.8279779,1374.8,-4.47454689908465,5.90947665435407,0.454575127258005,Relaksasi
22-09-2026 08:55:40,34.828235,1367.55,-11.5306294370538,5.95473777995065,0.458056752303896,Relaksasi
22-09-2026 08:55:40,34.8284885,1371.58,-5.64964233480567,5.96738189874941,0.459029376826877,Relaksasi
22-09-2026 08:55:40,34.8287389,1374.8,-1.56205900987599,5.93064817568005,0.456203705821543,Relaksasi
22-09-2026 08:55:40,34.8289862,1374.8,-1.42292156490504,5.91472612219949,0.454978932476884,Relaksasi
22-09-2026 08:55:40,34.8292346,1375.6,-0.475674425437598,5.91111335040463,0.454701026954202,Relaksasi
22-09-2026 08:55:40,34.8294848,1375.6,-0.488472165777808,5.86803053304402,0.451386964080309,Relaksasi
22-09-2026 08:55:40,34.859326,1377.22,1.1423491774337,5.86529977519,0.451176905783846,Relaksasi
22-09-2026 08:55:40,34.8775112,1364.32,-12.0369018880132,5.9101925682336,0.454630197556431,Relaksasi
22-09-2026 08:55:40,34.9597389,1365.93,-8.15219174582878,5.93512802560217,0.456548309661706,Relaksasi
22-09-2026 08:55:40,35.0603689,1362.71,-10.0091583549313,5.79836332276527,0.44602794790502,Relaksasi
22-09-2026 08:55:40,35.155781,1378.83,7.52008604540723,5.82079684805755,0.447753603696735,Relaksasi
22-09-2026 08:55:40,35.1563049,1373.99,0.310510716234807,5.82031197987197,0.447716306143998,Relaksasi
22-09-2026 08:55:40,35.1567742,1377.22,2.3259653559431,5.79091181544378,0.445454755034137,Relaksasi
22-09-2026 08:55:40,35.1571993,1369.16,-7.42784343958846,5.78906692054099,0.445312840041615,Relaksasi
22-09-2026 08:55:40,35.1576551,1382.05,5.69310720028838,5.79142643057292,0.445494340813302,Relaksasi
22-09-2026 08:55:40,35.1581056,1368.35,-10.2227665745444,5.83459942653398,0.448815340502614,Relaksasi
22-09-2026 08:55:40,35.1584664,1367.55,-9.94819988531188,5.87636526645048,0.452028097419268,Relaksasi
22-09-2026 08:55:40,35.1769163,1376.41,0.095379488488728,5.84482578492232,0.449601983455563,Relaksasi
22-09-2026 08:55:40,35.2207306,1373.99,-3.00612009985477,5.7637662574122,0.443366635185554,Relaksasi
22-09-2026 08:55:40,35.2211434,1379.63,2.65223163743016,5.76668987449426,0.443591528807251,Relaksasi
22-09-2026 08:55:40,35.2219383,1369.16,-8.76692907559851,5.76668254770561,0.443590965208124,Relaksasi
22-09-2026 08:55:40,35.2462089,1365.93,-10.5735515037242,5.79748257322218,0.445960197940168,Relaksasi
22-09-2026 08:55:40,35.2465635,1377.22,2.54703371013861,5.79204255626347,0.44554173509719,Relaksasi
22-09-2026 08:55:40,35.2468386,1372.38,-3.07330574357386,5.77583423082114,0.444294940832395,Relaksasi
22-09-2026 08:55:40,35.247109,1372.38,-2.82622151930503,5.76211930369909,0.443239946438391,Relaksasi
22-09-2026 08:55:40,35.2778784,1374.8,-0.27076265098172,5.75703010757772,0.442848469813671,Relaksasi
22-09-2026 08:55:40,35.3245221,1365.93,-9.56931995558999,5.78712337621413,0.445163336631856,Relaksasi
22-09-2026 08:55:40,35.3248491,1379.63,5.43428463009898,5.79559848003371,0.445815267694901,Relaksasi
22-09-2026 08:55:40,35.3251134,1377.22,1.31186413678801,5.78025153936424,0.444634733797249,Relaksasi
22-09-2026 08:55:40,35.3253741,1374.8,-2.03414194060703,5.77825874319119,0.444481441783938,Relaksasi
22-09-2026 08:55:40,35.3444232,1379.63,2.6000986075981,5.77747653948233,0.444421272267871,Relaksasi
22-09-2026 08:55:40,35.3447305,1368.35,-9.64347800851421,5.81681358720481,0.447447199015755,Relaksasi
22-09-2026 08:55:40,35.3450452,1372.38,-4.04117782726358,5.82243392531899,0.447879532716845,Relaksasi
22-09-2026 08:55:40,35.3453068,1369.96,-5.89880892103635,5.82719875418238,0.448246058014029,Relaksasi
22-09-2026 08:55:40,35.4058002,1370.77,-4.17364041086966,5.83459356955943,0.44881488996611,Relaksasi
22-09-2026 08:55:40,35.4061293,1369.16,-5.28635182536954,5.84536907045902,0.449643774650694,Relaksasi
22-09-2026 08:55:40,35.4064099,1370.77,-3.10618893086349,5.82653531390597,0.448195024146613,Relaksasi
22-09-2026 08:55:40,35.4066676,1364.32,-9.59507003825995,5.84448977557443,0.449576136582648,Relaksasi
22-09-2026 08:55:40,35.4069416,1379.63,6.71930028822073,5.84231831137484,0.449409100874988,Relaksasi
22-09-2026 08:55:40,35.4071918,1370.77,-4.52745776889309,5.85023017273902,0.45001770559531,Relaksasi
22-09-2026 08:55:40,35.4074426,1390.92,15.3172791680646,5.94765429821925,0.457511869093788,Relaksasi
22-09-2026 08:55:40,35.4097501,1379.63,-0.0781849318661259,5.94086651990134,0.456989732300103,Relaksasi
22-09-2026 08:55:40,35.4189283,1380.44,-0.0730873293862242,5.92546052627391,0.455804655867224,Relaksasi
22-09-2026 08:55:40,35.4777015,1378.83,-2.03474637033971,5.92393765639639,0.455687512030491,Relaksasi
22-09-2026 08:55:40,35.4785216,1382.05,1.69535904955556,5.92444217221829,0.455726320939868,Relaksasi
22-09-2026 08:55:40,35.4788862,1380.44,0.325072826693711,5.924463914725,0.455727993440385,Relaksasi
22-09-2026 08:55:40,35.4792108,1387.69,8.49029406445274,5.92893599372223,0.456071999517094,Relaksasi
22-09-2026 08:55:40,35.4794697,1374.8,-4.71203722401673,5.93186209143122,0.456297083956247,Relaksasi
22-09-2026 08:55:40,35.4797254,1379.63,2.67127679955254,5.90434436943001,0.454180336110001,Relaksasi
22-09-2026 08:55:40,35.4799999,1378.83,3.12746724094516,5.90149393970645,0.453961072285112,Relaksasi
22-09-2026 08:55:40,35.4935239,1369.96,-4.59037348654867,5.90675581148589,0.454365831652761,Relaksasi
22-09-2026 08:55:40,35.4939144,1367.55,-4.51033003310119,5.91475245915989,0.454980958396915,Relaksasi
22-09-2026 08:55:40,35.4942164,1381.25,11.2922398910902,5.93757338632486,0.456736414332682,Relaksasi
22-09-2026 08:55:40,35.4944924,1361.9,-9.53909707158799,5.9628236606775,0.458678743129038,Relaksasi
22-09-2026 08:55:40,35.5060519,1374.8,5.40550669974792,5.97224459984509,0.459403430757315,Relaksasi
22-09-2026 08:55:40,35.5065105,1378.02,7.1953245594233,5.97916380123419,0.459935677018015,Relaksasi
22-09-2026 08:55:40,35.5067888,1382.86,9.76938382886645,6.01597724757931,0.462767480583024,Relaksasi
22-09-2026 08:55:40,35.5070434,1378.83,2.70994079955343,6.01244289552745,0.462495607348265,Relaksasi
22-09-2026 08:55:40,35.5072902,1379.63,1.8453955826469,6.01215569242354,0.46247351480181,Relaksasi
22-09-2026 08:55:40,35.5198001,1372.38,-6.71816244158951,6.02549987504506,0.463499990388082,Relaksasi
22-09-2026 08:55:40,35.5201102,1371.58,-6.88753112053452,6.02257677527391,0.463275136559532,Relaksasi
22-09-2026 08:55:40,35.52038,1384.47,6.92069877078914,6.04145234832118,0.464727103717014,Relaksasi
22-09-2026 08:55:40,35.5206426,1380.44,1.347983040606,6.04213023069942,0.46477924851534,Relaksasi
22-09-2026 08:55:40,35.520901,1379.63,0.368890654400741,6.00279594338131,0.461753534106255,Relaksasi
22-09-2026 08:55:40,35.5211586,1377.22,-1.69260799687279,5.98587895211843,0.460452227086033,Relaksasi
22-09-2026 08:55:40,35.5214158,1366.74,-11.1345338616329,6.03718302434216,0.464398694180166,Relaksasi
22-09-2026 08:55:40,35.5344511,1378.83,3.98577541134428,6.03743539721206,0.46441810747785,Relaksasi
22-09-2026 08:55:40,35.5443754,1376.41,1.62167239021693,6.03122815292905,0.463940627148389,Relaksasi
22-09-2026 08:55:40,35.5446501,1373.99,-0.39977663221172,6.02158523151437,0.463198863962644,Relaksasi
22-09-2026 08:55:40,35.5449201,1386.89,13.1377382765197,6.09090521377554,0.468531170290426,Relaksasi
22-09-2026 08:55:40,35.5451828,1372.38,-3.51725095262297,6.08450399722592,0.468038769017379,Relaksasi
22-09-2026 08:55:40,35.5618451,1369.96,-4.91468278917324,6.08836811416831,0.468336008782177,Relaksasi
22-09-2026 08:55:40,35.5623372,1359.49,-14.193293952312,6.15854429137104,0.473734176259311,Relaksasi
22-09-2026 08:55:40,35.5627877,1369.96,-0.980321209455457,6.15538528281469,0.47349117560113,Relaksasi
22-09-2026 08:55:40,35.5942432,1380.44,9.24954126956947,6.16935199554278,0.474565538118676,Relaksasi
22-09-2026 08:55:40,35.5946258,1374.8,0.955408034973072,6.16882781565083,0.474525216588525,Relaksasi
22-09-2026 08:55:40,35.5949048,1368.35,-6.77160409683722,6.17457289874395,0.474967146057227,Relaksasi
22-09-2026 08:55:40,35.5951656,1369.16,-5.84261254761629,6.18180996573086,0.475523843517758,Relaksasi
22-09-2026 08:55:40,35.5954387,1375.6,0.455897962396815,6.18186570393771,0.475528131072132,Relaksasi
22-09-2026 08:55:40,35.5956991,1372.38,-4.17376208805037,6.18106114963342,0.475466242279494,Relaksasi
22-09-2026 08:55:40,35.5959556,1378.83,1.81372531720261,6.17975452377553,0.475365732598117,Relaksasi
22-09-2026 08:55:40,35.5962132,1379.63,1.12511094125989,6.08931260757577,0.468408662121213,Relaksasi
22-09-2026 08:55:40,35.5964684,1380.44,0.834715575913425,6.079701305046,0.467669331157385,Relaksasi
22-09-2026 08:55:40,35.5967236,1367.55,-12.7353466640973,6.12414385869113,0.471087989130087,Relaksasi
22-09-2026 08:55:40,35.5969768,1371.58,-6.372502443885,6.12981345711688,0.471524112085914,Relaksasi
22-09-2026 08:55:40,35.5972291,1378.83,2.20629647323173,6.12360496649028,0.471046535883867,Relaksasi
22-09-2026 08:55:40,35.6028944,1370.77,-6.08186612962253,6.13443279522789,0.471879445786761,Relaksasi
22-09-2026 08:55:40,35.6031748,1377.22,1.8118178973857,6.1192026539441,0.470707896457238,Relaksasi
22-09-2026 08:55:40,35.6034357,1376.41,0.899811882120261,6.11952326971282,0.470732559208679,Relaksasi
22-09-2026 08:55:40,35.60369,1377.22,1.7453747019482,6.11171026382583,0.470131558755833,Relaksasi
22-09-2026 08:55:40,35.6039416,1372.38,-3.25909152856303,6.1142265423528,0.470325118642523,Relaksasi
22-09-2026 08:55:40,35.6042037,1378.83,3.95507527072089,6.09961675274119,0.469201288672399,Relaksasi
22-09-2026 08:55:40,35.6177857,1370.77,-4.80999152339359,6.10490823779819,0.469608325984476,Relaksasi
22-09-2026 08:55:40,35.6180884,1369.96,-4.68736859068464,6.10492205527871,0.469609388867593,Relaksasi
22-09-2026 08:55:40,35.6183535,1381.25,7.39296547950626,6.12690209382965,0.471300161063819,Relaksasi
22-09-2026 08:55:40,35.6186122,1369.16,-6.400870448273,6.09653892364206,0.468964532587851,Relaksasi
22-09-2026 08:55:40,35.6188816,1372.38,-2.29308605998819,6.09188249488339,0.468606345760261,Relaksasi
22-09-2026 08:55:40,35.6191331,1379.63,4.94724027459703,6.09867682401249,0.469128986462499,Relaksasi
22-09-2026 08:55:40,35.619387,1377.22,1.03434260690578,6.09602879182254,0.468925291678657,Relaksasi
22-09-2026 08:55:40,35.6196381,1372.38,-4.53472559958233,6.10439683563869,0.469568987356822,Relaksasi
22-09-2026 08:55:40,35.9982527,1375.6,-0.882748904466615,6.10463276538295,0.469587135798688,Relaksasi
22-09-2026 08:55:40,36.0084115,1368.35,-8.33478240230545,6.13132770840126,0.471640592953943,Relaksasi
22-09-2026 08:55:40,36.0086959,1365.13,-10.2597130710543,6.14243773759972,0.472495210584594,Relaksasi
22-09-2026 08:55:40,36.00896,1377.22,3.44594588646138,6.1468312919242,0.472833176301861,Relaksasi
22-09-2026 08:55:40,36.009217,1372.38,-2.58866556487252,6.14230975524903,0.472485365788387,Relaksasi
22-09-2026 08:55:40,36.0094778,1367.55,-7.55468402210438,6.16540914699087,0.474262242076221,Relaksasi
22-09-2026 08:55:40,36.0656761,1374.8,0.429221616061367,6.12808598239069,0.471391229414669,Relaksasi
22-09-2026 08:55:40,36.0662192,1379.63,4.32903894893313,6.13426573237749,0.471866594798269,Relaksasi
22-09-2026 08:55:40,36.0666636,1373.99,-3.03902652917346,6.09996555484017,0.46922811960309,Relaksasi
22-09-2026 08:55:40,36.1119379,1384.47,7.22663490121337,6.11614819566905,0.470472938128389,Relaksasi
22-09-2026 08:55:40,36.1480025,1371.58,-7.69557308765835,6.13685773933412,0.472065979948779,Relaksasi
22-09-2026 08:55:40,36.1613351,1378.83,0.692124482227092,6.12435871146378,0.471104516266445,Relaksasi
22-09-2026 08:55:40,36.1617413,1373.99,-4.38229255807192,6.12679178182352,0.471291675524886,Relaksasi
22-09-2026 08:55:40,36.1620099,1380.44,3.04299618142187,6.1233059987124,0.471023538362492,Relaksasi
22-09-2026 08:55:40,36.1770322,1374.8,-2.88399044222004,6.09968409732138,0.469206469024722,Relaksasi
22-09-2026 08:55:40,36.201246,1378.02,1.35302453186365,6.08760770936195,0.468277516104765,Relaksasi
22-09-2026 08:55:40,36.2015939,1370.77,-5.60756700659095,6.09988534004165,0.469221949233973,Relaksasi
22-09-2026 08:55:40,36.2018583,1374.8,0.08492165883189,6.08491139530674,0.468070107331287,Relaksasi
22-09-2026 08:55:40,36.2021144,1378.02,3.77246647417732,6.08581066152469,0.468139281655745,Relaksasi
22-09-2026 08:55:40,36.202381,1370.77,-3.87053896337962,6.07402486573253,0.467232681979425,Relaksasi
22-09-2026 08:55:40,36.2026328,1373.99,0.288794996628274,6.07394245035154,0.467226342334734,Relaksasi
22-09-2026 08:55:40,36.2028853,1369.16,-4.60480356488754,6.07187072486827,0.467066978836021,Relaksasi
22-09-2026 08:55:40,36.2498963,1371.58,-1.52401796519499,6.06057434533965,0.466198026564589,Relaksasi
22-09-2026 08:55:40,36.3384349,1373.99,0.69068552657729,6.05430929985951,0.465716099989193,Relaksasi
22-09-2026 08:55:40,36.3387551,1368.35,-5.81748848019574,6.04890527400631,0.465300405692793,Relaksasi
22-09-2026 08:55:40,36.3390869,1368.35,-5.61483514170529,6.04296929555155,0.464843791965504,Relaksasi
22-09-2026 08:55:40,36.3393453,1365.13,-8.85629159560248,6.07139715119676,0.467030550092059,Relaksasi
22-09-2026 08:55:40,36.3396031,1369.16,-4.41469174381799,6.07015124527943,0.466934711175341,Relaksasi
22-09-2026 08:55:40,36.3398566,1377.22,2.9889549297674,6.07373115522993,0.467210088863841,Relaksasi
22-09-2026 08:55:40,36.3401273,1373.99,-2.46545644898727,6.04258290295056,0.464814069457736,Relaksasi
22-09-2026 08:55:40,36.3403961,1368.35,-9.23600143109918,6.07210718066997,0.467085167743844,Relaksasi
22-09-2026 08:55:40,36.3406516,1377.22,-0.0405183738908423,6.06603038726047,0.466617722096959,Relaksasi
22-09-2026 08:55:40,36.3409237,1378.02,-0.526356189785187,6.00024194084338,0.461557072372567,Relaksasi
22-09-2026 08:55:40,36.3412029,1376.41,-3.06809448939994,5.99995386622453,0.461534912786502,Relaksasi
22-09-2026 08:55:40,36.34145,1370.77,-8.8033700666735,6.02715789471733,0.463627530362872,Relaksasi
22-09-2026 08:55:40,36.3416966,1372.38,-5.83487271910184,6.04099683828256,0.464692064483273,Relaksasi
22-09-2026 08:55:40,36.3419449,1361.1,-16.089925741158,6.13654963815322,0.47204227985794,Relaksasi
22-09-2026 08:55:40,36.3421915,1379.63,5.54578341208657,6.14548767004177,0.472729820772444,Relaksasi
22-09-2026 08:55:40,36.3424374,1373.19,-2.07557021919917,6.14715124418882,0.472857788014525,Relaksasi
22-09-2026 08:55:40,36.3426822,1370.77,-4.28789516468869,6.1484159204454,0.472955070803492,Relaksasi
22-09-2026 08:55:40,36.3429492,1374.8,0.291231915495128,6.14470858454292,0.472669891118686,Relaksasi
22-09-2026 08:55:40,36.3479569,1375.6,0.636715167396991,6.14182407851576,0.472448006039674,Relaksasi
22-09-2026 08:55:40,36.3483405,1376.41,0.837365182761878,6.14021154838961,0.472323965260739,Relaksasi
22-09-2026 08:55:40,36.3486245,1377.22,0.970305300616287,6.12084357669324,0.470834121284095,Relaksasi
22-09-2026 08:55:40,36.3488877,1375.6,-1.31535235057479,6.11489618629545,0.470376629715034,Relaksasi
22-09-2026 08:55:40,37.4631767,1358.68,-18.3644320189735,6.25081672498315,0.480832055767934,Relaksasi
22-09-2026 08:55:40,37.4634887,1378.02,4.20435422208028,6.25784994546544,0.481373072728111,Relaksasi
22-09-2026 08:55:40,37.4637506,1373.99,-1.08721310184505,6.25045452064938,0.480804193896107,Relaksasi
22-09-2026 08:55:40,37.4640145,1376.41,0.998942311539618,6.24929468844617,0.480714976034321,Relaksasi
22-09-2026 08:55:40,37.4642631,1379.63,3.44329136487752,6.24529300573742,0.480407154287494,Relaksasi
22-09-2026 08:55:40,37.4645129,1378.83,1.4331868865934,6.23849534247279,0.479884257113291,Relaksasi
22-09-2026 08:55:40,37.4647591,1372.38,-5.69614675304861,6.23496996581475,0.479613074293443,Relaksasi
22-09-2026 08:55:40,37.4650059,1379.63,2.44594834788567,6.22512611354501,0.478855854888078,Relaksasi
22-09-2026 08:55:40,37.4652563,1379.63,1.91885579338526,6.19011764749041,0.4761628959608,Relaksasi
22-09-2026 08:55:40,37.4655224,1371.58,-6.37857189393857,6.20326788790436,0.47717445291572,Relaksasi
22-09-2026 08:55:40,37.4868873,1377.22,0.796002180628291,6.19596627289938,0.476612790223029,Relaksasi
22-09-2026 08:55:40,37.5095109,1377.22,1.02116686901725,6.18590228637937,0.475838637413798,Relaksasi
22-09-2026 08:55:40,37.5098046,1378.83,2.84522168805548,6.1877107423112,0.475977749408554,Relaksasi
22-09-2026 08:55:40,37.510083,1370.77,-5.33696109290313,6.1651381020995,0.474241392469192,Relaksasi
22-09-2026 08:55:40,37.5190146,1376.41,1.75949269392604,6.16280134944885,0.474061642265296,Relaksasi
22-09-2026 08:55:40,37.5194696,1375.6,0.93757475248522,6.12097463198776,0.470844202460597,Relaksasi
22-09-2026 08:55:40,37.5442735,1380.44,5.80311599623137,6.12814997241432,0.471396151724178,Relaksasi
22-09-2026 08:55:40,37.5835653,1387.69,12.0319709203626,6.18470186399675,0.475746297230519,Relaksasi
22-09-2026 08:55:40,37.5916593,1379.63,1.74375054302252,6.16516962555828,0.474243817350637,Relaksasi
22-09-2026 08:55:40,37.5919291,1380.44,2.47698684144424,6.16206688192357,0.474005144763351,Relaksasi
22-09-2026 08:55:40,37.6639904,1379.63,1.65496227796836,6.00376445066871,0.461828034666823,Relaksasi
22-09-2026 08:55:40,37.66432,1376.41,-1.21547283912242,6.00397607123397,0.461844313171844,Relaksasi
22-09-2026 08:55:40,37.6646063,1379.63,3.07126818135303,6.00695113056,0.46207316388923,Relaksasi
22-09-2026 08:55:40,37.6648708,1378.83,2.58999602740276,5.97913166636116,0.459933205104705,Relaksasi
22-09-2026 08:55:40,37.6651308,1372.38,-3.41446440573601,5.9692322012942,0.459171707791862,Relaksasi
22-09-2026 08:55:40,37.665385,1368.35,-5.86505110002102,5.86260598862693,0.450969691432841,Relaksasi
22-09-2026 08:55:40,37.6656365,1379.63,7.29891377233836,5.86873379439424,0.451441061107249,Relaksasi
22-09-2026 08:55:40,37.6658902,1378.83,5.53346821693798,5.88176209706484,0.452443238235757,Relaksasi
22-09-2026 08:55:40,37.6661482,1373.99,-0.189922202930363,5.8544509440028,0.450342380307908,Relaksasi
22-09-2026 08:55:40,37.6664842,1378.83,4.68843381726993,5.86134487410396,0.450872682623381,Relaksasi
22-09-2026 08:55:40,37.6667595,1373.99,-1.21058091309895,5.86190079683634,0.450915445910488,Relaksasi
22-09-2026 08:55:40,37.6670511,1367.55,-7.65435572999355,5.88184292759489,0.452449455968837,Relaksasi
22-09-2026 08:55:40,37.6673278,1378.02,3.97234487902383,5.88851508253947,0.452962698656883,Relaksasi
22-09-2026 08:55:40,37.6675741,1353.85,-21.4295520915184,6.07686318795454,0.467451014458041,Relaksasi
22-09-2026 08:55:40,37.6678234,1372.38,0.641341060719526,6.06897317112201,0.466844090086309,Relaksasi
22-09-2026 08:55:40,37.6680689,1382.86,10.0639232681615,6.10978635340833,0.469983565646795,Relaksasi
22-09-2026 08:55:40,37.6683192,1358.68,-17.2671099910107,6.22554409155727,0.478888007042867,Relaksasi
22-09-2026 08:55:40,37.6798751,1379.63,5.73564844820679,6.23533683145343,0.479641294727187,Relaksasi
22-09-2026 08:55:40,37.6804367,1364.32,-12.0870206931446,6.29097808539797,0.483921391184459,Relaksasi
22-09-2026 08:55:40,37.6807122,1370.77,-4.70856262433151,6.29040820870728,0.483877554515944,Relaksasi
22-09-2026 08:55:40,37.6809631,1371.58,-4.40963455224512,6.29757386285858,0.484428758681429,Relaksasi
22-09-2026 08:55:40,37.6812117,1374.8,-1.74516166083138,6.29878276019312,0.484521750784086,Relaksasi
22-09-2026 08:55:40,37.6814558,1372.38,-5.1607816135946,6.29993988951456,0.484610760731889,Relaksasi
22-09-2026 08:55:40,37.6817041,1371.58,-6.14309682064541,6.30523578152151,0.485018137040116,Relaksasi
22-09-2026 08:55:40,37.681951,1372.38,-5.15638133453297,6.29557782740518,0.484275217492706,Relaksasi
22-09-2026 08:55:40,37.6965675,1361.9,-15.4732364958608,6.38994472734141,0.491534209795493,Relaksasi
22-09-2026 08:55:40,37.6968754,1382.86,7.76022634999725,6.22193051397193,0.478610039536303,Relaksasi
22-09-2026 08:55:40,37.6971444,1370.77,-6.54800490824136,6.17663105930608,0.475125466100468,Relaksasi
22-09-2026 08:55:40,37.7445633,1368.35,-8.32484908402045,6.14976618115878,0.473058937012214,Relaksasi
22-09-2026 08:55:40,37.7448733,1372.38,-3.23385084324665,6.13823573580923,0.472171979677633,Relaksasi
22-09-2026 08:55:40,37.7451568,1369.16,-6.38483388980185,6.14902665702587,0.473002050540452,Relaksasi
22-09-2026 08:55:40,37.7454141,1368.35,-6.55791182637914,6.16013069835146,0.473856207565497,Relaksasi
22-09-2026 08:55:40,37.7456659,1379.63,5.29880357879347,6.17151314014598,0.474731780011229,Relaksasi
22-09-2026 08:55:40,37.7459194,1377.22,1.06069330610555,6.16057290086398,0.473890223143383,Relaksasi
22-09-2026 08:55:40,37.7461952,1378.83,1.67561793154754,6.153583435232,0.473352571940923,Relaksasi
22-09-2026 08:55:40,37.7464479,1374.8,-3.34122420034298,6.10390292469279,0.469530994207138,Relaksasi
22-09-2026 08:55:40,37.7645008,1378.02,0.0678616530224332,6.09081781434454,0.468524447257273,Relaksasi
22-09-2026 08:55:40,37.7649517,1383.66,5.45271978272809,6.10200969115339,0.469385360857953,Relaksasi
22-09-2026 08:55:40,37.7653116,1373.99,-5.26820931786078,6.11254193352606,0.470195533348159,Relaksasi
22-09-2026 08:55:40,37.7656061,1375.6,-2.33968844511003,6.11468791259377,0.470360608661059,Relaksasi
22-09-2026 08:55:40,37.7659306,1377.22,0.245202090341526,6.11461493991749,0.470354995378269,Relaksasi
22-09-2026 08:55:40,37.7662864,1371.58,-4.81324435161172,6.12354698366787,0.471042075666759,Relaksasi
22-09-2026 08:55:40,37.7665964,1382.05,7.25134860677277,6.08574587942714,0.468134298417472,Relaksasi
22-09-2026 08:55:40,37.7669089,1379.63,4.02696432267075,6.06507163732968,0.466543972102283,Relaksasi
22-09-2026 08:55:40,37.7672604,1378.83,3.00792853326455,6.0273888111998,0.463645293169216,Relaksasi
22-09-2026 08:55:40,37.7675623,1378.02,2.16688109932507,6.00584167949988,0.461987821499991,Relaksasi
22-09-2026 08:55:40,37.7797684,1363.52,-12.2067789114687,6.06751015257996,0.466731550198458,Relaksasi
22-09-2026 08:55:40,37.7801416,1364.32,-8.56118494671588,6.09541617249676,0.468878167115135,Relaksasi
22-09-2026 08:55:40,37.8017339,1379.63,8.61068784865506,6.1031920952281,0.469476315017546,Relaksasi
22-09-2026 08:55:40,37.8020444,1369.96,-2.93703505750054,6.09344133293575,0.468726256379673,Relaksasi
22-09-2026 08:55:40,37.8253909,1361.1,-11.7713858094887,6.10739961973349,0.46979997074873,Relaksasi
22-09-2026 08:55:40,37.879846,1372.38,0.921450883400183,6.06710326836315,0.46670025141255,Relaksasi
22-09-2026 08:55:40,37.8804761,1369.16,-3.7296709304326,6.07282873206509,0.467140671697315,Relaksasi
22-09-2026 08:55:40,37.8807469,1369.16,-4.56832816316233,6.07769801238538,0.467515231721953,Relaksasi
22-09-2026 08:55:40,37.8810096,1377.22,2.60338173901593,6.07759240562046,0.467507108124651,Relaksasi
22-09-2026 08:55:40,37.8812727,1374.8,-2.19107436134962,6.04787882286488,0.465221447912683,Relaksasi
22-09-2026 08:55:40,37.8815266,1373.99,-4.35468353266402,6.00938055396696,0.462260042612843,Relaksasi
22-09-2026 08:55:40,37.8817881,1378.83,-0.214348816940158,6.00670021441639,0.462053862647415,Relaksasi
22-09-2026 08:55:40,37.8820463,1370.77,-9.45020630605432,6.0398471355687,0.464603625812977,Relaksasi
22-09-2026 08:55:40,37.8822996,1369.96,-9.25372679058465,6.07190028559679,0.467069252738215,Relaksasi
22-09-2026 08:55:40,37.8825501,1375.6,-2.31561704569351,6.07407745486309,0.467236727297161,Relaksasi
22-09-2026 08:55:40,37.8827997,1378.02,0.284679113536416,6.03630372965131,0.464331056127024,Relaksasi
22-09-2026 08:55:40,37.8830475,1378.02,0.153148173064968,6.02407028023513,0.463390021556549,Relaksasi
22-09-2026 08:55:40,37.8832943,1387.69,9.91174023963523,6.06399462207341,0.466461124774878,Relaksasi
22-09-2026 08:55:40,37.8958151,1381.25,1.89059791086876,6.06376235613381,0.466443258164139,Relaksasi
22-09-2026 08:55:40,37.8961283,1378.83,-0.245661156999113,6.06099934786662,0.466230719066663,Relaksasi
22-09-2026 08:55:40,37.896432,1359.49,-18.5824879244122,6.16419289458407,0.474168684198775,Relaksasi
22-09-2026 08:55:40,37.9056028,1378.83,5.46390251727454,6.16967499987433,0.474590384605718,Relaksasi
22-09-2026 08:55:40,37.9804665,1374.8,1.32492352988144,6.15627216604659,0.473559397388199,Relaksasi
22-09-2026 08:55:40,37.9807956,1367.55,-5.48266249273007,6.1614031316811,0.473954087052393,Relaksasi
22-09-2026 08:55:40,37.981063,1367.55,-4.02368831134197,6.15663149060555,0.473587037738888,Relaksasi
22-09-2026 08:55:40,37.981329,1371.58,0.768076791141299,6.15295205348866,0.473304004114512,Relaksasi
22-09-2026 08:55:40,37.9815954,1373.99,2.5338231483685,6.11805470930677,0.470619593023598,Relaksasi
22-09-2026 08:55:40,37.9818481,1379.63,6.76118524931197,6.1182854276449,0.470637340588069,Relaksasi
22-09-2026 08:55:40,37.9821022,1378.83,3.44984168726295,6.11477180630825,0.470367062023711,Relaksasi
22-09-2026 08:55:40,37.9823576,1372.38,-4.9313259587101,6.02817791013299,0.463705993087153,Relaksasi
22-09-2026 08:55:40,37.9826127,1381.25,3.74175599979984,6.033978956013,0.464152227385615,Relaksasi
22-09-2026 08:55:40,37.9829392,1377.22,-1.97377680263253,6.03559063449072,0.464276202653133,Relaksasi
22-09-2026 08:55:40,37.9831932,1378.83,-0.637888156220523,6.03404407091076,0.464157236223905,Relaksasi
22-09-2026 08:55:40,37.9834437,1371.58,-8.06379848473374,6.05973933995273,0.466133795380979,Relaksasi
22-09-2026 08:55:40,37.9836957,1377.22,-0.817977535288509,6.05997177738467,0.466151675183436,Relaksasi
22-09-2026 08:55:40,37.9839458,1361.9,-15.6967742592222,6.13145790876192,0.471650608366302,Relaksasi
22-09-2026 08:55:40,37.9841947,1378.83,4.67344458893993,6.13131022168557,0.471639247821967,Relaksasi
22-09-2026 08:55:40,37.9844455,1373.99,-0.765690833401962,6.12863915140291,0.471433780877147,Relaksasi
22-09-2026 08:55:40,37.9847114,1378.02,3.58939364174937,6.12990467503124,0.471531128848557,Relaksasi
22-09-2026 08:55:40,37.9849681,1379.63,4.555054456903,6.12977293925041,0.471520995326954,Relaksasi
22-09-2026 08:55:40,37.9975135,1375.6,-0.381849531031505,6.12153003317397,0.470886925628767,Relaksasi
22-09-2026 08:55:40,37.9979048,1375.6,-0.34001374445405,6.06927792945696,0.46686753303515,Relaksasi
22-09-2026 08:55:40,38.0222039,1379.63,3.73049724116278,6.03744530150121,0.464418869346247,Relaksasi
22-09-2026 08:55:40,38.022509,1379.63,2.99940952823513,6.02906547839748,0.463774267569037,Relaksasi
22-09-2026 08:55:40,38.022772,1373.99,-3.15925469016809,6.01171119700654,0.462439322846657,Relaksasi
22-09-2026 08:55:40,38.0479738,1370.77,-5.60218406474233,5.98501374649311,0.460385672807162,Relaksasi
22-09-2026 08:55:40,38.0484509,1372.38,-2.70091710386266,5.98499335137774,0.460384103952134,Relaksasi
22-09-2026 08:55:40,38.0957093,1374.8,0.382137634653248,5.98363168465545,0.460279360358111,Relaksasi
22-09-2026 08:55:40,38.1150203,1368.35,-6.13311540403907,5.98048953911392,0.460037656854917,Relaksasi
22-09-2026 08:55:40,38.1154389,1367.55,-5.89523362599774,5.97518481724999,0.459629601326922,Relaksasi
22-09-2026 08:55:40,38.2992976,1370.77,-1.91895801137946,5.95665722046871,0.458204401574516,Relaksasi
22-09-2026 08:55:40,38.2996473,1367.55,-5.44945311557095,5.96834672644504,0.459103594341926,Relaksasi
22-09-2026 08:55:40,38.2999274,1378.83,5.91070692726806,5.98290602695655,0.460223540535119,Relaksasi
22-09-2026 08:55:40,38.3002516,1378.02,2.73205057686077,5.9848275179833,0.460371347537177,Relaksasi
22-09-2026 08:55:40,38.3005557,1374.8,-2.31051480465293,5.93506222307261,0.456543247928662,Relaksasi
22-09-2026 08:55:40,38.3008126,1379.63,1.77662440723868,5.9296975922063,0.456130584015869,Relaksasi
22-09-2026 08:55:40,38.3011149,1372.38,-6.79932289629179,5.94805164634197,0.457542434333997,Relaksasi
22-09-2026 08:55:40,38.3124441,1379.63,1.07923480878817,5.94847400764562,0.457574923665048,Relaksasi
22-09-2026 08:55:40,38.3225319,1375.6,-3.55725080166945,5.8808683330656,0.452374487158892,Relaksasi
22-09-2026 08:55:40,38.3423353,1372.38,-6.18057475600666,5.89183796460053,0.453218304969271,Relaksasi
22-09-2026 08:55:40,38.3428119,1370.77,-6.43109026062195,5.89913372252388,0.453779517117221,Relaksasi
22-09-2026 08:55:40,38.3811159,1380.44,4.7773461992869,5.82294134382908,0.447918564909929,Relaksasi
22-09-2026 08:55:40,38.3814314,1379.63,3.35457249169447,5.82735845201886,0.448258342462989,Relaksasi
22-09-2026 08:55:40,38.4194803,1377.22,0.640801745091809,5.79071581017501,0.44543967770577,Relaksasi
22-09-2026 08:55:40,38.4198753,1378.83,2.53163202266669,5.79308824161477,0.445622172431905,Relaksasi
22-09-2026 08:55:40,38.4201957,1372.38,-3.95570003300288,5.78003772294518,0.444618286380398,Relaksasi
22-09-2026 08:55:40,38.4293259,1377.22,2.12568153752146,5.76721319891646,0.443631784532036,Relaksasi
22-09-2026 08:55:40,38.4296426,1371.58,-3.50507894781907,5.77244634095007,0.444034333919237,Relaksasi
22-09-2026 08:55:40,38.4299215,1369.96,-4.1223891284389,5.77226175514772,0.444020135011363,Relaksasi
22-09-2026 08:55:40,38.4301758,1378.02,4.88317561174597,5.78115773808201,0.444704441390924,Relaksasi
22-09-2026 08:55:40,38.4304487,1375.6,1.42880766769754,5.78149313553092,0.444730241194686,Relaksasi
22-09-2026 08:55:40,38.4307798,1375.6,0.883875309853401,5.78152966813668,0.444733051395129,Relaksasi
22-09-2026 08:55:40,38.4310599,1378.83,3.55904269877061,5.71650889572729,0.439731453517484,Relaksasi
22-09-2026 08:55:40,38.4314023,1374.8,-1.59376350730432,5.69983600014323,0.438448923087941,Relaksasi
22-09-2026 08:55:40,38.4976028,1370.77,-5.71623142607694,5.71201962675831,0.439386125135255,Relaksasi
22-09-2026 08:55:40,38.4982093,1374.8,-0.934202837076919,5.69619051762517,0.438168501355782,Relaksasi
22-09-2026 08:55:40,38.5155437,1378.83,2.92584366701076,5.69850645331173,0.438346650254748,Relaksasi
22-09-2026 08:55:40,38.5160073,1377.22,0.414905274228778,5.69822676130498,0.438325135484999,Relaksasi
22-09-2026 08:55:40,38.5162998,1366.74,-10.3978101884599,5.74413865105792,0.441856819312148,Relaksasi
22-09-2026 08:55:40,38.5165779,1377.22,1.92988819189641,5.74113601970776,0.441625847669827,Relaksasi
22-09-2026 08:55:40,38.5168627,1374.8,-1.04214868886606,5.73479381183395,0.441137985525689,Relaksasi
22-09-2026 08:55:40,38.6054074,1379.63,3.7976940861006,5.73099401271991,0.440845693286147,Relaksasi
22-09-2026 08:55:40,38.6687634,1386.08,9.33317322826338,5.75933814468734,0.443026011129795,Relaksasi
22-09-2026 08:55:40,38.6692195,1377.22,-1.40953216352082,5.73643008120423,0.441263852400325,Relaksasi
22-09-2026 08:55:40,38.6694913,1369.96,-8.24100473781471,5.74816015430244,0.442166165715573,Relaksasi
22-09-2026 08:55:40,38.6697481,1374.8,-1.44488246767677,5.74678104401453,0.44206008030881,Relaksasi
22-09-2026 08:55:40,38.6700189,1373.99,-1.55332329323966,5.73717530692922,0.441321177456094,Relaksasi
22-09-2026 08:55:40,38.6702778,1379.63,4.77688918753546,5.74664463237862,0.442049587106048,Relaksasi
22-09-2026 08:55:40,38.7080326,1367.55,-7.91648955469487,5.76493364089097,0.44345643391469,Relaksasi
22-09-2026 08:55:40,38.7083299,1375.6,1.89374674968758,5.76615079923293,0.443550061479456,Relaksasi
22-09-2026 08:55:40,38.7086373,1375.6,1.5775341131629,5.73703713779304,0.441310549061003,Relaksasi
22-09-2026 08:55:40,38.7089143,1376.41,1.94991774731022,5.69265293646303,0.437896379727925,Relaksasi
22-09-2026 08:55:40,38.7092302,1371.58,-3.52717738623193,5.69290168906234,0.437915514543257,Relaksasi
22-09-2026 08:55:40,38.7095269,1390.92,16.1321491866978,5.80317627521381,0.446398175016447,Relaksasi
22-09-2026 08:55:40,38.7097845,1372.38,-5.93343464774329,5.79374808404977,0.44567292954229,Relaksasi
22-09-2026 08:55:40,38.7100466,1367.55,-9.85642467247609,5.83543839330627,0.448879876408175,Relaksasi
22-09-2026 08:55:40,38.7564561,1379.63,4.02813077334342,5.83436093660666,0.44879699512359,Relaksasi
22-09-2026 08:55:40,38.827458,1373.99,-2.47277826162005,5.8330234260658,0.448694109697369,Relaksasi
22-09-2026 08:55:40,38.8277882,1377.22,1.18973191189655,5.81120627229546,0.447015867099651,Relaksasi
22-09-2026 08:55:40,38.8280544,1378.02,1.74150063468655,5.78698308583425,0.445152545064173,Relaksasi
22-09-2026 08:55:40,38.8283109,1378.83,2.23775079880102,5.7889390822002,0.445303006323093,Relaksasi
22-09-2026 08:55:40,38.8285631,1374.8,-2.13036190892845,5.78260196333946,0.444815535641497,Relaksasi
22-09-2026 08:55:40,38.8288156,1383.66,7.32541128120178,5.8017665059713,0.446289731228561,Relaksasi
22-09-2026 08:55:40,38.8290674,1378.02,0.528215582060474,5.79830170342678,0.446023207955906,Relaksasi
22-09-2026 08:55:40,38.829316,1378.02,0.820825729901528,5.79780286327822,0.445984835636787,Relaksasi
22-09-2026 08:55:40,38.8295637,1378.02,1.18747406431486,5.78483746323414,0.444987497171857,Relaksasi
22-09-2026 08:55:40,38.8298984,1374.8,-1.6418742376978,5.78599923718096,0.445076864398535,Relaksasi
22-09-2026 08:55:40,38.8302625,1375.6,0.142378325272212,5.77985562225409,0.44460427863493,Relaksasi
22-09-2026 08:55:40,38.8391838,1369.16,-5.69307492805742,5.78738984045912,0.44518383388147,Relaksasi
22-09-2026 08:55:40,38.839457,1380.44,7.20156591001122,5.80971401279617,0.446901077907398,Relaksasi
22-09-2026 08:55:40,38.8909463,1370.77,-3.56319401261488,5.80605180729399,0.446619369791846,Relaksasi
22-09-2026 08:55:40,38.9005017,1379.63,6.09736880631839,5.82104062578093,0.447772355829302,Relaksasi
22-09-2026 08:55:40,38.9107789,1379.63,4.83203707094039,5.83085513846671,0.448527318343593,Relaksasi
22-09-2026 08:55:40,38.9188116,1367.55,-8.37914239836693,5.84642676524371,0.449725135787978,Relaksasi
22-09-2026 08:55:40,38.9348273,1375.6,1.05706076096736,5.83340903248498,0.448723771729614,Relaksasi
22-09-2026 08:55:40,38.9657809,1379.63,4.54995872554007,5.80861446974803,0.446816497672926,Relaksasi
22-09-2026 08:55:40,38.9663583,1370.77,-5.58938328893049,5.81367014629781,0.447205395869063,Relaksasi
22-09-2026 08:55:40,38.9666398,1378.83,3.16653369966272,5.81414017636736,0.447241552028258,Relaksasi
22-09-2026 08:55:40,38.9669002,1372.38,-4.27236087664003,5.81937272824494,0.447644056018842,Relaksasi
22-09-2026 08:55:40,38.9671846,1375.6,-0.550681066679379,5.78274126917768,0.444826251475206,Relaksasi
22-09-2026 08:55:40,38.9674341,1378.83,2.50116967787457,5.78544446229891,0.445034189407608,Relaksasi
22-09-2026 08:55:40,38.9677145,1379.63,2.58725250380255,5.78821662947619,0.44524743303663,Relaksasi
22-09-2026 08:55:40,38.9679867,1375.6,-2.0590716867871,5.78598173275909,0.445075517904545,Relaksasi
22-09-2026 08:55:40,38.9682378,1379.63,2.41266632864679,5.75492769574343,0.442686745826418,Relaksasi
22-09-2026 08:55:40,39.0157272,1384.47,6.97584944342248,5.76127385760134,0.44317491212318,Relaksasi
22-09-2026 08:55:40,39.0163458,1368.35,-10.130764361376,5.69306682230495,0.437928217100381,Relaksasi
22-09-2026 08:55:40,39.04202,1381.25,5.29027764557478,5.69185088198882,0.437834683229909,Relaksasi
22-09-2026 08:55:40,39.042314,1379.63,3.26868518683579,5.6946508249739,0.438050063459531,Relaksasi
22-09-2026 08:55:40,39.0425738,1370.77,-5.56170335211666,5.70015618334655,0.438473552565119,Relaksasi
22-09-2026 08:55:40,39.0428334,1379.63,5.05175059771274,5.71130084612151,0.43933083431704,Relaksasi
22-09-2026 08:55:40,39.0990355,1367.55,-7.41916598359561,5.73516786531546,0.44116675887042,Relaksasi
22-09-2026 08:55:40,39.0993857,1369.96,-3.11752191115386,5.73909742515608,0.441469032704314,Relaksasi
22-09-2026 08:55:40,39.0996562,1372.38,0.103820037743692,5.73869198394132,0.441437844918563,Relaksasi
22-09-2026 08:55:40,39.0999185,1383.66,11.2209956532824,5.79253732355489,0.445579794119607,Relaksasi
22-09-2026 08:55:40,39.1001762,1375.6,0.547385828576747,5.64523914321666,0.43424916486282,Relaksasi
22-09-2026 08:55:40,39.1004291,1379.63,3.91133350554799,5.64418591658178,0.434168147429367,Relaksasi
22-09-2026 08:55:40,39.1006819,1372.38,-4.65981021219297,5.65327282689985,0.434867140530758,Relaksasi
22-09-2026 08:55:40,39.1009359,1375.6,-1.0172440970076,5.65328914477402,0.434868395751848,Relaksasi
22-09-2026 08:55:40,39.101207,1379.63,2.81629358121171,5.65155327542619,0.434734867340476,Relaksasi
22-09-2026 08:55:40,39.1014626,1370.77,-6.87706071262783,5.6715301393845,0.436271549183423,Relaksasi
22-09-2026 08:55:40,39.1017139,1377.22,0.756425258120458,5.65746273329671,0.435189441022824,Relaksasi
22-09-2026 08:55:40,39.1019646,1378.83,2.15719101007273,5.65687534132653,0.435144257025118,Relaksasi
22-09-2026 08:55:40,39.115459,1368.35,-8.72036129554843,5.68876542803037,0.437597340617721,Relaksasi
22-09-2026 08:55:40,39.1157844,1378.02,2.73786242403236,5.67416078829174,0.436473906791672,Relaksasi
22-09-2026 08:55:40,39.1160999,1375.6,-0.129400232947981,5.67388899046599,0.436452999266614,Relaksasi
22-09-2026 08:55:40,39.1740795,1377.22,1.57408019212881,5.67452121412155,0.436501631855504,Relaksasi
22-09-2026 08:55:40,39.1744048,1372.38,-3.52866908294269,5.67644009082534,0.436649237755795,Relaksasi
22-09-2026 08:55:40,39.1746734,1371.58,-3.61766645785684,5.6696555353209,0.436127348870838,Relaksasi
22-09-2026 08:55:40,39.1990719,1370.77,-3.76510387899767,5.674539175351,0.436503013488538,Relaksasi
22-09-2026 08:55:40,39.1995412,1368.35,-5.62470282513856,5.68807401761495,0.43754415520115,Relaksasi
