WaktuNyata,ElapsedTime,Raw,Filtered,RMS,RMSNorm,Class
05-10-2026 07:56:25,0.0673054,1375.6,3.60038513211066,3.60038513211066,0.276952702470051,Relaksasi
05-10-2026 07:56:25,0.0856833,1368.35,-4.33444881610255,3.98435814397603,0.306489087998156,Relaksasi
05-10-2026 07:56:25,0.0949616,1373.19,1.39628788737564,3.35160854433451,0.257816041871885,Relaksasi
05-10-2026 07:56:25,0.1070536,1370.77,-1.24226561928256,2.96829342266814,0.228330263282164,Relaksasi
05-10-2026 07:56:25,0.1263526,1367.55,-4.17799312121239,3.2464962619143,0.249730481685716,Relaksasi
05-10-2026 07:56:25,0.1331387,1373.99,3.07836219672253,3.21908381653663,0.247621832041279,Relaksasi
05-10-2026 07:56:25,0.1339795,1368.35,-3.23113923918113,3.22080878241795,0.247754521724458,Relaksasi
05-10-2026 07:56:25,0.1343222,1376.41,5.31788403775969,3.55132290719535,0.273178685168873,Relaksasi
05-10-2026 07:56:25,0.1346252,1385.27,12.9526368900516,5.46367761305808,0.42028289331216,Relaksasi
05-10-2026 07:56:25,0.1349374,1372.38,-2.58484682216475,5.24735543515916,0.403642725781474,Relaksasi
05-10-2026 07:56:25,0.1352501,1368.35,-6.01940487883233,5.32217168357782,0.409397821813679,Relaksasi
05-10-2026 07:56:25,0.1355687,1365.93,-6.95815342729539,5.47719913856553,0.421323010658887,Relaksasi
05-10-2026 07:56:25,0.1358666,1365.93,-5.21009312604776,5.4571167029438,0.419778207918754,Relaksasi
05-10-2026 07:56:25,0.1361929,1369.16,-0.647199349111322,5.26145323638697,0.404727172029767,Relaksasi
05-10-2026 07:56:25,0.1365071,1374.8,5.24427245910364,5.26030959701632,0.404639199770486,Relaksasi
05-10-2026 07:56:25,0.1367999,1368.35,-2.31396822723433,5.126020049729,0.394309234594539,Relaksasi
05-10-2026 07:56:25,0.1371082,1379.63,9.16360336667521,5.44701176288604,0.419000904837388,Relaksasi
05-10-2026 07:56:25,0.1374276,1370.77,-1.83158202487298,5.31111844351681,0.408547572578216,Relaksasi
05-10-2026 07:56:25,0.1377632,1367.55,-5.03837043329851,5.29711341850841,0.407470262962185,Relaksasi
05-10-2026 07:56:25,0.1380629,1373.99,2.08282707681314,5.18395104835203,0.398765465257848,Relaksasi
05-10-2026 07:56:25,0.1383769,1365.93,-6.65849190977412,5.26354255116642,0.404887888551263,Relaksasi
05-10-2026 07:56:25,0.1386765,1372.38,0.830090059938261,5.14556973369209,0.395813056437853,Relaksasi
05-10-2026 07:56:25,0.1389645,1371.58,-0.398354196944111,5.0331519190289,0.387165532232993,Relaksasi
05-10-2026 07:56:25,0.1392618,1372.38,0.204608985917673,4.92735596930408,0.37902738225416,Relaksasi
05-10-2026 07:56:25,0.139518,1374.8,2.33017212338364,4.85024447417766,0.373095728782897,Relaksasi
05-10-2026 07:56:25,0.1398105,1373.99,0.867413617228395,4.75909733225836,0.36608441017372,Relaksasi
05-10-2026 07:56:25,0.1400968,1373.99,0.602320215997645,4.67157274852368,0.359351749886437,Relaksasi
05-10-2026 07:56:25,0.1404201,1367.55,-5.91665924601784,4.72169702823993,0.363207463710764,Relaksasi
05-10-2026 07:56:25,0.1407395,1370.77,-1.39217787563859,4.64677121265171,0.357443939434747,Relaksasi
05-10-2026 07:56:25,0.1410518,1377.22,5.51885900593246,4.67846058408993,0.359881583391533,Relaksasi
05-10-2026 07:56:25,0.1414286,1368.35,-4.23358397524866,4.66477201455823,0.358828616504479,Relaksasi
05-10-2026 07:56:25,0.1417383,1357.88,-13.6750052549333,5.18883659017254,0.399141276167119,Relaksasi
05-10-2026 07:56:25,0.1420606,1366.74,-2.03318840499406,5.12185649401581,0.393988961078139,Relaksasi
05-10-2026 07:56:25,0.1423982,1362.71,-5.8087122392301,5.14336751118202,0.395643654706309,Relaksasi
05-10-2026 07:56:25,0.142711,1371.58,3.69360585269763,5.1076595766076,0.392896890508277,Relaksasi
05-10-2026 07:56:25,0.1431282,1378.02,8.55707233358003,5.23426215003397,0.402635550002613,Relaksasi
05-10-2026 07:56:25,0.1434088,1379.63,7.41636342840419,5.30505229791117,0.408080945993167,Relaksasi
05-10-2026 07:56:25,0.1436673,1373.99,-0.738227951015338,5.23615325908511,0.402781019929624,Relaksasi
05-10-2026 07:56:25,0.1439062,1378.02,2.5938046815685,5.18524845218842,0.398865265552955,Relaksasi
05-10-2026 07:56:25,0.1441162,1375.6,-0.822379396532226,5.1216734735773,0.393974882582869,Relaksasi
05-10-2026 07:56:25,0.1443344,1375.6,-0.736383721071082,5.06013551294119,0.389241193303169,Relaksasi
05-10-2026 07:56:25,0.1446278,1368.35,-7.49205847227262,5.13145010585847,0.394726931219882,Relaksasi
05-10-2026 07:56:25,0.1449298,1370.77,-2.91644677249791,5.09089572625586,0.391607363558143,Relaksasi
05-10-2026 07:56:25,0.145201,1369.16,-3.07446618130049,5.05401004606333,0.388770003543333,Relaksasi
05-10-2026 07:56:25,0.73388,1373.19,2.4611766251552,5.0109882866255,0.385460637432731,Relaksasi
05-10-2026 07:56:25,0.7342278,1382.05,11.6501333182781,5.24544474991949,0.403495749993807,Relaksasi
05-10-2026 07:56:25,0.73447,1372.38,0.404132030006586,5.18967692886713,0.399205917605164,Relaksasi
05-10-2026 07:56:25,0.7346913,1372.38,0.962461080271057,5.1372119196477,0.395170147665207,Relaksasi
05-10-2026 07:56:25,0.7348951,1378.83,7.80752659045462,5.20541886846899,0.400416836036076,Relaksasi
05-10-2026 07:56:25,0.7351374,1377.22,5.19473048380249,5.20520531586177,0.400400408912444,Relaksasi
05-10-2026 07:56:25,0.7353553,1374.8,2.26977922965593,5.16371202695852,0.397208617458348,Relaksasi
05-10-2026 07:56:25,0.7355579,1369.16,-3.26797149527011,5.1338612969694,0.394912407459184,Relaksasi
05-10-2026 07:56:25,0.7357598,1368.35,-2.88092851820896,5.10057230156686,0.392351715505143,Relaksasi
05-10-2026 07:56:25,0.73596,1374.8,4.61794066713627,5.09205041214622,0.391696185549709,Relaksasi
05-10-2026 07:56:25,0.7361594,1369.16,-1.57686607806933,5.05002481761578,0.388463447508906,Relaksasi
05-10-2026 07:56:25,0.7363584,1374.8,4.5620670056195,5.0417254373294,0.387825033640723,Relaksasi
05-10-2026 07:56:25,0.7365575,1380.44,9.36119312764308,5.14883001248612,0.396063847114317,Relaksasi
05-10-2026 07:56:25,0.7367572,1370.77,-2.15362786638354,5.11207797574073,0.393236767364672,Relaksasi
05-10-2026 07:56:25,0.7369562,1371.58,-0.909728972688431,5.06995369575159,0.389996438134738,Relaksasi
05-10-2026 07:56:25,0.7371657,1373.19,0.945997143305052,5.02900969168217,0.386846899360167,Relaksasi
05-10-2026 07:56:25,0.7373647,1365.93,-6.39714219592421,5.05442467582169,0.38880189814013,Relaksasi
05-10-2026 07:56:25,0.7375651,1380.44,9.4583273331797,5.15539131044829,0.396568562342177,Relaksasi
05-10-2026 07:56:25,0.7377625,1377.22,4.46961580130239,5.14521993971981,0.395786149209216,Relaksasi
05-10-2026 07:56:25,0.7379593,1369.16,-4.33869445088654,5.13359253457655,0.394891733428965,Relaksasi
05-10-2026 07:56:25,0.7382122,1368.35,-4.075768620597,5.1189742328179,0.3937672486783,Relaksasi
05-10-2026 07:56:25,0.7384129,1371.58,0.219777423633126,5.0801181384981,0.390778318346007,Relaksasi
05-10-2026 07:56:25,0.7386115,1376.41,5.23653510737152,5.08248810821987,0.390960623709221,Relaksasi
05-10-2026 07:56:25,0.7388091,1365.93,-6.09186698143863,5.09877978932604,0.392213829948157,Relaksasi
05-10-2026 07:56:25,0.7402741,1367.55,-3.16440725011437,5.07601240900152,0.390462493000117,Relaksasi
05-10-2026 07:56:25,0.7481089,1369.16,-0.928301294372462,5.04084598860777,0.387757383739059,Relaksasi
05-10-2026 07:56:25,0.7485866,1365.93,-4.14395200661333,5.02932431534525,0.386871101180404,Relaksasi
05-10-2026 07:56:25,0.7488982,1367.55,-2.08625075070803,5.00032465624922,0.384640358173017,Relaksasi
05-10-2026 07:56:25,0.7492408,1375.6,5.77958555184235,5.01181804603553,0.385524465079656,Relaksasi
05-10-2026 07:56:25,0.7495241,1379.63,7.91637639117999,5.06218944246814,0.389399187882164,Relaksasi
05-10-2026 07:56:25,0.7498124,1362.71,-11.3324906021439,5.19580821772569,0.399677555209668,Relaksasi
05-10-2026 07:56:25,0.7501396,1371.58,-0.931707364118118,5.16261842767985,0.397124494436912,Relaksasi
05-10-2026 07:56:25,0.7504433,1367.55,-5.35674888702548,5.16518636581204,0.397322028139388,Relaksasi
05-10-2026 07:56:25,0.7507209,1369.16,-3.2111040239153,5.14483279980162,0.39575636921551,Relaksasi
05-10-2026 07:56:25,0.7509914,1382.86,10.653910778858,5.25081255778354,0.403908658291041,Relaksasi
05-10-2026 07:56:25,0.7513006,1365.93,-8.72746728867656,5.30834279002888,0.408334060771452,Relaksasi
05-10-2026 07:56:25,0.7515784,1376.41,3.24562973219489,5.28778509312215,0.406752699470935,Relaksasi
05-10-2026 07:56:25,0.7519472,1376.41,2.57716688083257,5.26314400567446,0.404857231205728,Relaksasi
05-10-2026 07:56:25,0.7524055,1367.55,-6.6453844173143,5.28195072770294,0.406303902130996,Relaksasi
05-10-2026 07:56:25,0.7527105,1369.16,-3.42930955510435,5.26373198867779,0.404902460667522,Relaksasi
05-10-2026 07:56:25,0.753024,1369.16,-2.3758408678001,5.23901885012161,0.403001450009355,Relaksasi
05-10-2026 07:56:25,0.7533609,1362.71,-8.01742663859759,5.27973440511894,0.40613341577838,Relaksasi
05-10-2026 07:56:25,0.7537027,1370.77,1.80005234769455,5.25284968294851,0.404065360226809,Relaksasi
05-10-2026 07:56:25,0.7540299,1371.58,2.20526503366963,5.22820648213141,0.402169729394724,Relaksasi
05-10-2026 07:56:25,0.7543527,1372.38,2.26607979624277,5.2042978170331,0.400330601310238,Relaksasi
05-10-2026 07:56:25,0.7547051,1380.44,9.3902759917481,5.26911017850117,0.405316167577013,Relaksasi
05-10-2026 07:56:25,0.7549429,1374.8,1.36590877856704,5.24203497665376,0.403233459742597,Relaksasi
05-10-2026 07:56:25,0.7551689,1374.8,0.646299254983335,5.21390323214619,0.401069479395861,Relaksasi
05-10-2026 07:56:25,0.7553823,1372.38,-2.14586409020615,5.19056746726628,0.399274420558945,Relaksasi
05-10-2026 07:56:25,0.755597,1369.16,-4.95977609644042,5.18816626864653,0.39908971297281,Relaksasi
05-10-2026 07:56:25,0.755818,1372.38,-0.590460651554387,5.16114343869698,0.397011033745922,Relaksasi
05-10-2026 07:56:25,0.7560238,1365.93,-6.62615722535129,5.17854056729301,0.398349274407155,Relaksasi
05-10-2026 07:56:25,0.7562288,1369.16,-1.77919307790315,5.15494421769293,0.396534170591764,Relaksasi
05-10-2026 07:56:25,0.756432,1366.74,-3.60657764237133,5.14149986194814,0.395499989380626,Relaksasi
05-10-2026 07:56:25,0.7566355,1373.99,4.42219214099801,5.13473792738764,0.39497984056828,Relaksasi
05-10-2026 07:56:25,0.7568515,1371.58,1.02651902849004,5.11003088643132,0.393079298956256,Relaksasi
05-10-2026 07:56:25,0.7570556,1366.74,-4.29575076104237,5.10260566384325,0.392508127987942,Relaksasi
05-10-2026 07:56:25,0.7572601,1369.96,-0.640231318842173,5.07792699015662,0.390609768473586,Relaksasi
05-10-2026 07:56:25,0.7574623,1386.08,15.0838933004448,5.26725437760033,0.405173413661564,Relaksasi
05-10-2026 07:56:25,0.7576867,1368.35,-6.13098340511496,5.27623275003452,0.405864057694963,Relaksasi
05-10-2026 07:56:25,0.7579282,1370.77,-2.92084439870889,5.25877865902549,0.404521435309653,Relaksasi
05-10-2026 07:56:25,0.7581331,1369.96,-3.38446528961377,5.24422743620635,0.403402110477412,Relaksasi
05-10-2026 07:56:25,0.7583383,1366.74,-6.03763973329877,5.25219737035007,0.404015182334621,Relaksasi
05-10-2026 07:56:25,0.7585435,1374.8,3.17072323491313,5.23672063772972,0.402824664440747,Relaksasi
05-10-2026 07:56:25,0.7587468,1371.58,-0.687424018787814,5.21305946536235,0.401004574258642,Relaksasi
05-10-2026 07:56:25,0.7589505,1375.6,3.45383698627595,5.19974806188006,0.39998062014462,Relaksasi
05-10-2026 07:56:25,0.7591532,1370.77,-2.02812625305839,5.17985102386833,0.398450078759102,Relaksasi
05-10-2026 07:56:25,0.7593567,1379.63,7.30007593070416,5.2026059700071,0.400200459231315,Relaksasi
05-10-2026 07:56:25,0.7595593,1375.6,1.99671013574939,5.18293920595903,0.398687631227618,Relaksasi
05-10-2026 07:56:25,0.7597738,1378.02,4.30754081258183,5.17590398383267,0.398146460294821,Relaksasi
05-10-2026 07:56:25,0.7599785,1372.38,-1.71393140051234,5.15582871045553,0.396602208496579,Relaksasi
05-10-2026 07:56:25,0.7602512,1373.99,0.8640445603463,5.1341840230135,0.3949372325395,Relaksasi
05-10-2026 07:56:25,0.7606378,1356.26,-16.2777234239491,5.32908995245437,0.409929996342644,Relaksasi
05-10-2026 07:56:25,0.7609592,1372.38,3.74355785947068,5.31763981101624,0.409049216232018,Relaksasi
05-10-2026 07:56:25,0.7612438,1367.55,-1.31920610609184,5.29663036817798,0.40743310524446,Relaksasi
05-10-2026 07:56:25,0.7614873,1366.74,-1.70619238609282,5.27681405620686,0.405908773554374,Relaksasi
05-10-2026 07:56:25,0.7616968,1368.35,0.052875500449479,5.25496599911343,0.404228153777956,Relaksasi
05-10-2026 07:56:25,0.7619371,1379.63,10.7852837617632,5.32369981948504,0.409515370729619,Relaksasi
05-10-2026 07:56:25,0.7621456,1371.58,-0.162567971523181,5.30203486020774,0.407848835400595,Relaksasi
05-10-2026 07:56:25,0.7623507,1379.63,7.04454493449006,5.31837136526017,0.409105489635398,Relaksasi
05-10-2026 07:56:25,0.762553,1373.99,-0.751836026610739,5.29748199112333,0.407498614701795,Relaksasi
05-10-2026 07:56:25,0.7627838,1372.38,-2.76831802650557,5.28217879489826,0.406321445761405,Relaksasi
05-10-2026 07:56:25,0.763041,1379.63,4.76713351167083,5.27831962747159,0.406024586728583,Relaksasi
05-10-2026 07:56:25,0.7632463,1378.83,3.10011696480205,5.26479633879745,0.40498433375365,Relaksasi
05-10-2026 07:56:25,0.7634559,1378.83,2.91432313554324,5.25062386985879,0.403894143835292,Relaksasi
05-10-2026 07:56:25,0.7636682,1374.8,-0.883454239100453,5.23096407743564,0.402381852110434,Relaksasi
05-10-2026 07:56:25,0.7638891,1366.74,-7.6288673713296,5.25341596661415,0.404108920508781,Relaksasi
05-10-2026 07:56:25,0.7641074,1374.8,3.26087893869256,5.24116935696477,0.403166873612675,Relaksasi
05-10-2026 07:56:25,0.7643113,1378.02,7.1958080732263,5.2585774370505,0.404505956696192,Relaksasi
05-10-2026 07:56:25,0.7645141,1365.93,-5.04347841262814,5.25700481551909,0.404384985809161,Relaksasi
05-10-2026 07:56:25,0.7647173,1376.41,7.51331985150111,5.27726593471036,0.405943533439258,Relaksasi
05-10-2026 07:56:25,0.7649187,1368.35,-1.16099801327652,5.25877085424225,0.404520834941711,Relaksasi
05-10-2026 07:56:25,0.7651818,1369.16,0.439446681975188,5.23967762104969,0.40305212469613,Relaksasi
05-10-2026 07:56:25,0.7654363,1379.63,11.0747366375469,5.30509609184202,0.408084314757079,Relaksasi
05-10-2026 07:56:25,0.7656412,1362.71,-8.04017574994467,5.32978772716818,0.40998367132063,Relaksasi
05-10-2026 07:56:25,0.7658424,1375.6,6.16614032530761,5.3362265022264,0.410478961709723,Relaksasi
05-10-2026 07:56:25,0.7660559,1378.02,6.95079942573805,5.34939346484652,0.411491804988194,Relaksasi
05-10-2026 07:56:25,0.7662752,1367.55,-5.39617086312272,5.34972431320079,0.411517254861599,Relaksasi
05-10-2026 07:56:25,0.7664955,1363.52,-8.86342107275337,5.38226585853084,0.414020450656218,Relaksasi
05-10-2026 07:56:25,0.7667002,1356.26,-14.8624512473282,5.5046879153022,0.423437531946323,Relaksasi
05-10-2026 07:56:25,0.7669039,1370.77,1.96561190891307,5.48810152002106,0.422161655386235,Relaksasi
05-10-2026 07:56:25,0.7671058,1378.02,8.02315666589875,5.50943368762914,0.423802591356087,Relaksasi
05-10-2026 07:56:25,0.7673077,1363.52,-9.01797263195104,5.54081167825077,0.426216282942367,Relaksasi
05-10-2026 07:56:25,0.7675091,1365.93,-5.85668362729684,5.54300634902238,0.426385103770952,Relaksasi
05-10-2026 07:56:25,0.7677102,1363.52,-8.13564519059791,5.56443451645054,0.428033424342349,Relaksasi
05-10-2026 07:56:25,0.7679544,1370.77,-0.353555117119546,5.54593051580039,0.426610039676953,Relaksasi
05-10-2026 07:56:25,0.7681597,1369.16,-2.99574228252601,5.53290952808151,0.425608425237039,Relaksasi
05-10-2026 07:56:25,0.7683758,1374.8,2.13000196275035,5.51738470958264,0.424414208429434,Relaksasi
05-10-2026 07:56:25,0.7685782,1355.46,-18.6329734994809,5.70190936632317,0.43860841279409,Relaksasi
05-10-2026 07:56:25,0.7687796,1371.58,0.217866112284927,5.68339363830054,0.437184126023119,Relaksasi
05-10-2026 07:56:25,0.7690112,1373.99,1.71459908206524,5.66670421946221,0.435900324574016,Relaksasi
05-10-2026 07:56:25,0.7692783,1366.74,-6.7064136526939,5.67397577692132,0.436459675147794,Relaksasi
05-10-2026 07:56:25,0.76948,1368.35,-4.52439413529113,5.66739153906398,0.435953195312614,Relaksasi
05-10-2026 07:56:25,0.769684,1365.93,-6.70037281732987,5.67452073058396,0.436501594660305,Relaksasi
05-10-2026 07:56:25,0.7698849,1370.77,-1.13975675632816,5.65737030156309,0.435182330889469,Relaksasi
05-10-2026 07:56:25,0.7700983,1370.77,-1.48421285063745,5.64088382131863,0.433914140101433,Relaksasi
05-10-2026 07:56:25,0.770349,1371.58,-0.927986843575757,5.62381383230042,0.432601064023109,Relaksasi
05-10-2026 07:56:25,0.7705612,1373.99,1.17251529980476,5.60718630469931,0.431322023438408,Relaksasi
05-10-2026 07:56:25,0.7707621,1369.96,-3.48626692274088,5.59662543726676,0.43050964902052,Relaksasi
05-10-2026 07:56:25,0.770963,1378.83,5.78246451910607,5.59777729755723,0.430598253658248,Relaksasi
05-10-2026 07:56:25,0.7711647,1374.8,0.491492904297248,5.58091972199581,0.429301517076601,Relaksasi
05-10-2026 07:56:25,0.7713853,1379.63,5.29171250050623,5.57922239304912,0.42917095331147,Relaksasi
05-10-2026 07:56:25,0.7715872,1373.99,-1.06230221099014,5.56310042730244,0.427930802100188,Relaksasi
05-10-2026 07:56:25,0.7717878,1377.22,2.95998864708328,5.5512182037246,0.427016784901893,Relaksasi
05-10-2026 07:56:25,0.7719997,1373.99,-0.0213178560622378,5.53477035655813,0.425751565889087,Relaksasi
05-10-2026 07:56:25,0.772201,1366.74,-6.25925211423636,5.53930907089961,0.426100697761508,Relaksasi
05-10-2026 07:56:25,0.7724018,1351.43,-19.2728048044318,5.71635166240264,0.439719358646357,Relaksasi
05-10-2026 07:56:25,0.7726038,1368.35,2.29334911855728,5.70239194116337,0.438645533935644,Relaksasi
05-10-2026 07:56:25,0.7728042,1365.93,-0.16028951802237,5.68590021395107,0.437376939534697,Relaksasi
05-10-2026 07:56:25,0.7730394,1379.63,13.3938511181099,5.75974538610238,0.443057337392491,Relaksasi
05-10-2026 07:56:25,0.7732403,1370.77,1.24570666184621,5.74403731976634,0.441849024597411,Relaksasi
05-10-2026 07:56:25,0.7734411,1367.55,-3.19685528751442,5.73276255773424,0.440981735210326,Relaksasi
05-10-2026 07:56:25,0.7736398,1376.41,5.16271620322819,5.7297012622781,0.440746250944469,Relaksasi
05-10-2026 07:56:25,0.7738402,1369.16,-4.25076519506938,5.72246035862295,0.440189258355612,Relaksasi
05-10-2026 07:56:25,0.7741022,1369.96,-3.6866537010645,5.71310253865755,0.439469426050581,Relaksasi
05-10-2026 07:56:25,0.7743064,1370.77,-3.05772075239308,5.70176747776081,0.438597498289293,Relaksasi
05-10-2026 07:56:25,0.7745071,1369.16,-4.78869121647099,5.69712488807466,0.438240376005743,Relaksasi
05-10-2026 07:56:25,0.774707,1369.16,-4.38897625330103,5.69075889742053,0.437750684416964,Relaksasi
05-10-2026 07:56:25,0.7749085,1369.16,-3.91261744070759,5.68255439658512,0.437119568968086,Relaksasi
05-10-2026 07:56:25,0.7751076,1374.8,2.21909291418553,5.66945239831272,0.436111722947132,Relaksasi
05-10-2026 07:56:25,0.7753086,1374.8,1.60221033247577,5.6553357389993,0.43502582607687,Relaksasi
05-10-2026 07:56:25,0.7755078,1371.58,-2.00051741341108,5.64201986598041,0.434001528152339,Relaksasi
05-10-2026 07:56:25,0.7757078,1369.16,-3.96355441577867,5.63437404903814,0.433413388387549,Relaksasi
05-10-2026 07:56:25,0.7759089,1365.93,-6.25275784183645,5.63784275907837,0.433680212236797,Relaksasi
05-10-2026 07:56:25,0.7761192,1365.93,-4.85776407851125,5.63399959211543,0.433384584008879,Relaksasi
05-10-2026 07:56:25,0.7763201,1371.58,1.80458293243818,5.62067861369627,0.432359893361251,Relaksasi
05-10-2026 07:56:25,0.7765362,1365.93,-4.31701728054069,5.61464146781304,0.43189549752408,Relaksasi
05-10-2026 07:56:25,0.7767661,1371.58,1.85384228385173,5.60159887160287,0.430892220892529,Relaksasi
05-10-2026 07:56:25,0.7772092,1368.35,-2.25069501802641,5.58941650369165,0.429955115668589,Relaksasi
05-10-2026 07:56:25,0.7774682,1371.58,0.748169324892421,5.57525094887311,0.428865457605624,Relaksasi
05-10-2026 07:56:25,0.7776734,1377.22,5.47278049881972,5.57473026419465,0.42882540493805,Relaksasi
05-10-2026 07:56:25,0.7778771,1369.16,-4.42614708368997,5.56947135682432,0.428420873601871,Relaksasi
05-10-2026 07:56:25,0.7780901,1369.16,-4.22804233891662,5.56347887007416,0.427959913082627,Relaksasi
05-10-2026 07:56:25,0.7783013,1383.66,10.5692248580825,5.60001400171399,0.430770307824153,Relaksasi
05-10-2026 07:56:25,0.7785126,1365.93,-9.57041165382358,5.62697372607038,0.432844132774645,Relaksasi
05-10-2026 07:56:25,0.7787138,1356.26,-17.4788125884021,5.74735274668428,0.442104057437253,Relaksasi
05-10-2026 07:56:25,0.7789126,1365.13,-5.17067922475981,5.75334071192977,0.442564670148444,Relaksasi
05-10-2026 07:56:25,0.7791546,1372.38,3.01369772323179,5.74912201859437,0.44224015527649,Relaksasi
05-10-2026 07:56:25,0.7794421,1370.77,0.524639263167614,5.74839387282628,0.44218414406356,Relaksasi
05-10-2026 07:56:25,0.7797022,1368.35,-2.47332756442552,5.75038283456043,0.442337141120033,Relaksasi
05-10-2026 07:56:25,0.7799228,1371.58,0.633698730460552,5.74296373676586,0.441766441289681,Relaksasi
05-10-2026 07:56:25,0.7801727,1374.8,3.03715045283743,5.74285402279236,0.441758001753259,Relaksasi
05-10-2026 07:56:25,0.7803767,1355.46,-17.5998716510598,5.87170745472358,0.451669804209506,Relaksasi
05-10-2026 07:56:25,0.7805769,1367.55,-2.77835532379824,5.86294680789341,0.450995908299493,Relaksasi
05-10-2026 07:56:25,0.7807753,1372.38,1.80406544829297,5.79237123472491,0.445567018055762,Relaksasi
05-10-2026 07:56:25,0.7809815,1375.6,3.76608532006582,5.79560819488243,0.445816014990956,Relaksasi
05-10-2026 07:56:25,0.7811874,1372.38,-1.10169425879783,5.78048240411742,0.444652492624417,Relaksasi
05-10-2026 07:56:25,0.7813886,1375.6,1.54071333094601,5.76053524566624,0.44311809582048,Relaksasi
05-10-2026 07:56:25,0.7816196,1368.35,-6.58764705263408,5.76758410715465,0.443660315934973,Relaksasi
05-10-2026 07:56:25,0.7818209,1375.6,1.61736808867435,5.76853633912337,0.443733564547951,Relaksasi
05-10-2026 07:56:25,0.7820586,1375.6,1.20720012268971,5.75723772206267,0.442864440158667,Relaksasi
05-10-2026 07:56:25,0.7822582,1368.35,-6.14102939205552,5.77127153697766,0.443943964382897,Relaksasi
05-10-2026 07:56:25,0.7824581,1371.58,-1.36792066714371,5.73559700946447,0.441199769958806,Relaksasi
05-10-2026 07:56:25,0.7826599,1375.6,3.38141322499592,5.73911747295693,0.441470574842841,Relaksasi
05-10-2026 07:56:25,0.7828783,1367.55,-4.82090633007011,5.73818343855443,0.441398726042649,Relaksasi
05-10-2026 07:56:25,0.783101,1369.16,-1.76742190119649,5.73765433188729,0.441358025529792,Relaksasi
05-10-2026 07:56:25,0.7833019,1370.77,0.601320230211167,5.71846199513109,0.439881691933161,Relaksasi
05-10-2026 07:56:25,0.7835031,1372.38,2.34064961145021,5.72055552767723,0.440042732898249,Relaksasi
05-10-2026 07:56:25,0.7837033,1371.58,1.14712747815891,5.72106123216341,0.44008163324334,Relaksasi
05-10-2026 07:56:25,0.7839046,1370.77,0.0167685014515286,5.72104306083172,0.440080235448594,Relaksasi
05-10-2026 07:56:25,0.7841147,1371.58,0.599169498824787,5.71882682144768,0.439909755495976,Relaksasi
05-10-2026 07:56:25,0.7843143,1369.16,-2.25893801187253,5.72072829161638,0.440056022432029,Relaksasi
05-10-2026 07:56:25,0.7845142,1369.16,-2.21036847105411,5.72270450767609,0.440208039052007,Relaksasi
05-10-2026 07:56:25,0.7847153,1364.32,-7.07215510646941,5.72925732431862,0.440712101870663,Relaksasi
05-10-2026 07:56:25,0.7849135,1369.96,-0.588170305601997,5.72856250848443,0.440658654498802,Relaksasi
05-10-2026 07:56:25,0.7851316,1378.83,7.75190415883725,5.74148060002084,0.441652353847757,Relaksasi
05-10-2026 07:56:25,0.7853489,1371.58,-1.7044782305159,5.73493762339485,0.44114904795345,Relaksasi
05-10-2026 07:56:25,0.7855887,1370.77,-2.7980164259835,5.65629076164034,0.435099289356949,Relaksasi
05-10-2026 07:56:25,0.7858497,1369.16,-4.32966506212011,5.66274543861169,0.43559580297013,Relaksasi
05-10-2026 07:56:25,0.7860639,1370.77,-2.20352909025133,5.64997857654209,0.434613736657084,Relaksasi
05-10-2026 07:56:25,0.7862674,1372.38,-0.385559830415055,5.64400456912672,0.434154197625132,Relaksasi
05-10-2026 07:56:25,0.78647,1374.8,1.97205276968515,5.61320898438182,0.431785306490909,Relaksasi
05-10-2026 07:56:25,0.7866718,1366.74,-6.51761478244554,5.60762867726597,0.431356052097382,Relaksasi
05-10-2026 07:56:25,0.7868748,1372.38,0.430273490210849,5.60746824832199,0.431343711409384,Relaksasi
05-10-2026 07:56:25,0.7870757,1374.8,2.83308865278806,5.60804716446656,0.431388243420505,Relaksasi
05-10-2026 07:56:25,0.7872753,1364.32,-8.12443095485245,5.63709529378589,0.433622714906607,Relaksasi
05-10-2026 07:56:25,0.7874723,1372.38,1.58523657950533,5.63796921961842,0.433689939970648,Relaksasi
05-10-2026 07:56:25,0.7876898,1365.13,-5.97820693768525,5.62891970199913,0.432993823230702,Relaksasi
05-10-2026 07:56:25,0.7878898,1370.77,0.699409808986733,5.62535817286992,0.432719859451533,Relaksasi
05-10-2026 07:56:25,0.7881439,1372.38,1.88930521054141,5.62274312346452,0.432518701804963,Relaksasi
05-10-2026 07:56:25,0.7883448,1382.86,11.5750176589109,5.67933609232514,0.436872007101934,Relaksasi
05-10-2026 07:56:25,0.788546,1373.99,-0.00195430772495797,5.61927312354679,0.432251778734368,Relaksasi
05-10-2026 07:56:25,0.7887477,1378.02,3.7157228780677,5.62533970583643,0.432718438910495,Relaksasi
05-10-2026 07:56:25,0.7889714,1372.38,-2.71814734684203,5.62821079690521,0.432939292069632,Relaksasi
05-10-2026 07:56:25,0.7891735,1365.93,-8.43570192784103,5.63274131770438,0.433287793669567,Relaksasi
05-10-2026 07:56:25,0.7893743,1361.9,-10.4135295602146,5.66877911173867,0.436059931672205,Relaksasi
05-10-2026 07:56:25,0.7896343,1371.58,1.72735862755382,5.66782285962332,0.435986373817178,Relaksasi
05-10-2026 07:56:25,0.7899419,1379.63,9.72095233856113,5.70467372874576,0.438821056057366,Relaksasi
05-10-2026 07:56:25,0.7902458,1369.16,-2.53093010843874,5.70384358497636,0.438757198844335,Relaksasi
05-10-2026 07:56:25,0.7905586,1366.74,-4.43463631171658,5.70311623219586,0.438701248630451,Relaksasi
05-10-2026 07:56:25,0.7908238,1370.77,0.393544067691924,5.70209405477156,0.438622619597812,Relaksasi
05-10-2026 07:56:25,0.7911225,1353.85,-16.8045990879593,5.81565018593601,0.447357706610463,Relaksasi
05-10-2026 07:56:25,0.7914345,1373.99,6.19679630670185,5.79444810345612,0.445726777188932,Relaksasi
05-10-2026 07:56:25,0.7917734,1372.38,2.66486433956326,5.79551082894798,0.44580852530369,Relaksasi
05-10-2026 07:56:25,0.79209,1365.93,-5.26018439006699,5.80707804610219,0.44669831123863,Relaksasi
05-10-2026 07:56:25,0.7923903,1367.55,-3.68759506176582,5.81254442281899,0.447118801755307,Relaksasi
05-10-2026 07:56:25,0.7926897,1372.38,0.722389687085379,5.79514147887433,0.445780113759564,Relaksasi
05-10-2026 07:56:25,0.7930007,1370.77,-2.17915309836736,5.75848144232423,0.442960110948018,Relaksasi
05-10-2026 07:56:25,0.7932856,1372.38,-1.21599487461115,5.75044471429921,0.442341901099939,Relaksasi
05-10-2026 07:56:25,0.7935576,1365.93,-8.33931497199734,5.77245302584021,0.444034848141555,Relaksasi
05-10-2026 07:56:25,0.7939909,1368.35,-5.01526806632798,5.77615088576937,0.444319298905336,Relaksasi
05-10-2026 07:56:25,0.7943927,1366.74,-6.21805068011971,5.79284026328167,0.445603097175513,Relaksasi
05-10-2026 07:56:25,0.7946394,1368.35,-3.8771723278016,5.78749117861452,0.445191629124194,Relaksasi
05-10-2026 07:56:25,0.794899,1375.6,3.68203330638712,5.77730791738591,0.444408301337378,Relaksasi
05-10-2026 07:56:25,0.7952476,1373.99,0.936219552268123,5.77335274700215,0.444104057461704,Relaksasi
05-10-2026 07:56:25,0.7955629,1374.8,1.2351016569475,5.77364015205023,0.444126165542325,Relaksasi
05-10-2026 07:56:25,0.7958437,1370.77,-3.20984396674724,5.7706649881669,0.44389730678207,Relaksasi
05-10-2026 07:56:25,0.7961344,1375.6,2.24426694981471,5.77096143336544,0.44392011025888,Relaksasi
05-10-2026 07:56:25,0.7964384,1378.83,5.19436886762344,5.76817866915552,0.443706051473501,Relaksasi
05-10-2026 07:56:25,0.7967417,1374.8,0.482998504741778,5.74105447816379,0.441619575243368,Relaksasi
05-10-2026 07:56:25,0.7970466,1377.22,3.34352840091844,5.68976939039227,0.437674568491713,Relaksasi
05-10-2026 07:56:25,0.797323,1382.86,9.06357093205244,5.7253713340695,0.440413179543808,Relaksasi
05-10-2026 07:56:25,0.7975929,1377.22,2.59077491323721,5.71576448894169,0.439674191457053,Relaksasi
05-10-2026 07:56:25,0.7978584,1371.58,-2.39533273139086,5.71376371949831,0.439520286115255,Relaksasi
05-10-2026 07:56:25,0.7981266,1368.35,-3.83017675181159,5.67035431323179,0.43618110101783,Relaksasi
05-10-2026 07:56:25,0.7983902,1369.96,-0.133916424274983,5.63668025341648,0.433590788724344,Relaksasi
05-10-2026 07:56:25,0.7986566,1384.47,15.5735396965636,5.73865571461339,0.441435054970261,Relaksasi
05-10-2026 07:56:25,0.7989314,1367.55,-3.44046997496748,5.74091844859774,0.441609111430596,Relaksasi
05-10-2026 07:56:25,0.7992313,1369.16,-0.409872959634293,5.72172866731687,0.44013297440899,Relaksasi
05-10-2026 07:56:25,0.7995024,1368.35,-0.612842836709858,5.71675222516986,0.439750171166912,Relaksasi
05-10-2026 07:56:25,0.799769,1368.35,-0.264379346298955,5.71431381593912,0.439562601226087,Relaksasi
05-10-2026 07:56:25,0.8000363,1371.58,2.91656150597534,5.68986101698424,0.437681616691096,Relaksasi
05-10-2026 07:56:25,0.8003218,1368.35,-1.29406087061538,5.68917308736595,0.43762869902815,Relaksasi
05-10-2026 07:56:25,0.8006027,1365.93,-4.12496959373727,5.6945106303713,0.438039279259331,Relaksasi
05-10-2026 07:56:25,0.8008616,1364.32,-5.79748946852204,5.70699834868428,0.438999872975714,Relaksasi
05-10-2026 07:56:25,0.8011718,1364.32,-5.7252410863075,5.68267856414217,0.437129120318628,Relaksasi
05-10-2026 07:56:25,0.8014632,1377.22,7.04318214272258,5.70364262580343,0.438741740446418,Relaksasi
05-10-2026 07:56:25,0.8017526,1375.6,2.68568863932379,5.70662030510037,0.438970792700029,Relaksasi
05-10-2026 07:56:25,0.8020178,1367.55,-7.18491172741211,5.727181368332,0.440552412948615,Relaksasi
05-10-2026 07:56:25,0.8023232,1379.63,5.21917008533972,5.72833380775192,0.440641062134763,Relaksasi
05-10-2026 07:56:25,0.8025937,1369.16,-7.0485999452789,5.74982424079827,0.442294172369098,Relaksasi
05-10-2026 07:56:25,0.8028647,1371.58,-3.68199949284174,5.73661351352193,0.44127796257861,Relaksasi
05-10-2026 07:56:25,0.8031467,1371.58,-3.0549301704143,5.73930047612169,0.441484652009361,Relaksasi
05-10-2026 07:56:25,0.8034073,1370.77,-3.09839547941437,5.73781606680562,0.441370466677355,Relaksasi
05-10-2026 07:56:25,0.8036706,1369.16,-3.75001841182559,5.73542217193105,0.441186320917773,Relaksasi
05-10-2026 07:56:25,0.8039656,1368.35,-3.38792395393214,5.73996419216071,0.441535707089286,Relaksasi
05-10-2026 07:56:25,0.8042899,1365.93,-4.72952769363124,5.7416690705148,0.441666851578062,Relaksasi
05-10-2026 07:56:25,0.8046101,1367.55,-1.90640442772517,5.74307288163823,0.441774837049095,Relaksasi
05-10-2026 07:56:25,0.8048919,1378.83,9.7917810896551,5.68547815252605,0.437344473271235,Relaksasi
05-10-2026 07:56:25,0.8052248,1372.38,1.24536025389402,5.66960947915216,0.436123806088627,Relaksasi
05-10-2026 07:56:25,0.8055333,1368.35,-3.34217356330933,5.67077292850993,0.436213302193071,Relaksasi
05-10-2026 07:56:25,0.8058501,1368.35,-3.05746424003949,5.66984417935217,0.436141859950167,Relaksasi
05-10-2026 07:56:25,0.8061582,1377.22,5.98583253475752,5.66956951682039,0.436120732063107,Relaksasi
05-10-2026 07:56:25,0.8064667,1379.63,6.77471077146374,5.68535263700342,0.437334818231033,Relaksasi
05-10-2026 07:56:25,0.8068089,1375.6,1.05602999298447,5.68563521912057,0.437356555316967,Relaksasi
05-10-2026 07:56:25,0.8071188,1365.93,-8.9672653715802,5.71566812686732,0.439666778989794,Relaksasi
05-10-2026 07:56:25,0.8173259,1369.96,-3.10059758406068,5.71807346777625,0.439851805213558,Relaksasi
05-10-2026 07:56:25,0.8177746,1372.38,0.145914870764806,5.69473573536683,0.438056595028218,Relaksasi
05-10-2026 07:56:25,0.8180555,1366.74,-5.26148929028353,5.70512902453502,0.438856078810386,Relaksasi
05-10-2026 07:56:25,0.8183525,1372.38,1.63980859062573,5.69817229542956,0.438320945802274,Relaksasi
05-10-2026 07:56:25,0.8186428,1371.58,0.666232234223916,5.69707811348259,0.438236777960199,Relaksasi
05-10-2026 07:56:25,0.8189382,1376.41,5.40120432859995,5.70953861595728,0.43919527815056,Relaksasi
05-10-2026 07:56:25,0.8191932,1374.8,2.69840214657131,5.59557116642239,0.430428551263261,Relaksasi
05-10-2026 07:56:25,0.819481,1364.32,-8.3514549968577,5.62041631501478,0.432339716539598,Relaksasi
05-10-2026 07:56:25,0.8197644,1378.02,6.94568979943221,5.6410629374509,0.433927918265454,Relaksasi
05-10-2026 07:56:25,0.8200356,1370.77,-1.70566583027798,5.641062141265,0.433927857020385,Relaksasi
05-10-2026 07:56:25,0.8203699,1379.63,7.44369570744635,5.66556361992749,0.435812586148268,Relaksasi
05-10-2026 07:56:25,0.8206617,1367.55,-6.06861986253158,5.63037655379431,0.433105888753408,Relaksasi
05-10-2026 07:56:25,0.820935,1372.38,0.0561663340880578,5.63036621980091,0.43310509383084,Relaksasi
05-10-2026 07:56:25,0.821179,1369.16,-3.00103191986399,5.61230136978808,0.431715489983699,Relaksasi
05-10-2026 07:56:25,0.8214076,1373.99,2.58907224796596,5.61503489337302,0.431925761028694,Relaksasi
05-10-2026 07:56:25,0.8216149,1378.02,6.25790587830608,5.62904129139465,0.433003176261127,Relaksasi
05-10-2026 07:56:25,0.8218255,1377.22,4.37508861743291,5.6274492492325,0.432880711479423,Relaksasi
05-10-2026 07:56:25,0.8220295,1378.83,5.34182567802588,5.6358501518921,0.433526934760931,Relaksasi
05-10-2026 07:56:25,0.8222432,1366.74,-7.43053547729918,5.65653646901418,0.435118189924168,Relaksasi
05-10-2026 07:56:25,0.8224448,1373.99,1.77792691819247,5.65758848706378,0.435199114389522,Relaksasi
05-10-2026 07:56:25,0.8226425,1369.96,-2.02279733294965,5.63362831107634,0.433356023928949,Relaksasi
05-10-2026 07:56:25,1.0185022,1362.71,-8.32260277020053,5.65958742970277,0.435352879207905,Relaksasi
05-10-2026 07:56:25,1.0188033,1365.13,-3.84834446297594,5.64323314960889,0.434094857662222,Relaksasi
05-10-2026 07:56:25,1.0190375,1379.63,11.5608749359412,5.69097233825414,0.437767102942626,Relaksasi
05-10-2026 07:56:25,1.0193625,1367.55,-2.92484392881895,5.66989328284569,0.436145637141976,Relaksasi
05-10-2026 07:56:25,1.0196362,1372.38,2.10308661655992,5.67124899149282,0.436249922422525,Relaksasi
05-10-2026 07:56:25,1.0199218,1365.93,-5.27336405480439,5.68340931121887,0.437185331632221,Relaksasi
05-10-2026 07:56:25,1.0202153,1368.35,-2.45511739698913,5.63187628131684,0.433221252408988,Relaksasi
05-10-2026 07:56:25,1.0204889,1370.77,-0.288744564856219,5.60314422308831,0.431011094083716,Relaksasi
05-10-2026 07:56:25,1.0207646,1369.16,-2.6560204988507,5.58931042049219,0.429946955422476,Relaksasi
05-10-2026 07:56:25,1.0210276,1378.02,5.87907572438236,5.58315686419462,0.429473604938047,Relaksasi
05-10-2026 07:56:25,1.0212562,1373.19,-0.88490625327035,5.57045443080444,0.428496494677264,Relaksasi
05-10-2026 07:56:25,1.0215359,1365.93,-8.59040069138743,5.56831539339297,0.428331953337921,Relaksasi
05-10-2026 07:56:25,1.0217872,1372.38,-0.873283926848178,5.46859096650915,0.420660843577627,Relaksasi
05-10-2026 07:56:25,1.021992,1368.35,-4.97951695751496,5.47815178265025,0.421396290973096,Relaksasi
05-10-2026 07:56:25,1.0221926,1377.22,4.72566655831205,5.45893317063216,0.419917936202474,Relaksasi
05-10-2026 07:56:25,1.0224077,1369.16,-4.29570684170259,5.43006424417098,0.417697249551614,Relaksasi
05-10-2026 07:56:25,1.0226217,1375.6,3.04042082872701,5.4185159199131,0.416808916916393,Relaksasi
05-10-2026 07:56:25,1.0228329,1372.38,-0.623145001538676,5.38807133485443,0.414467025758033,Relaksasi
05-10-2026 07:56:25,1.0230444,1378.83,6.17773087000261,5.40569232354993,0.415822486426918,Relaksasi
05-10-2026 07:56:25,1.0232593,1379.63,6.09902129776994,5.41872931984274,0.416825332295595,Relaksasi
05-10-2026 07:56:25,1.0234591,1366.74,-7.50612163707141,5.44257771741197,0.418659824416306,Relaksasi
05-10-2026 07:56:25,1.0236989,1374.8,2.64520238857233,5.28400408604025,0.406461852772327,Relaksasi
05-10-2026 07:56:25,1.023969,1378.02,6.04240627761762,5.30122770886091,0.407786746835454,Relaksasi
05-10-2026 07:56:25,1.024272,1378.83,6.38070906445282,5.31901148823346,0.409154729864112,Relaksasi
05-10-2026 07:56:25,1.0245601,1373.99,1.04740348374897,5.29834771998244,0.407565209229419,Relaksasi
05-10-2026 07:56:25,1.0248376,1365.13,-7.20048974250964,5.31313213773625,0.408702472133558,Relaksasi
05-10-2026 07:56:25,1.0251193,1371.58,1.46262656923848,5.29297596026989,0.407151996943838,Relaksasi
05-10-2026 07:56:25,1.0254076,1367.55,-2.18480518221946,5.29461671484332,0.407278208834101,Relaksasi
05-10-2026 07:56:25,1.0256719,1378.83,9.94954140366458,5.34012346195146,0.41077872784242,Relaksasi
05-10-2026 07:56:25,1.0259433,1372.38,1.74093501940707,5.3411391167694,0.410856855136107,Relaksasi
05-10-2026 07:56:25,1.0261808,1373.99,3.01841588043782,5.3447588604332,0.4111352969564,Relaksasi
05-10-2026 07:56:25,1.0264425,1369.16,-2.4880932355974,5.34196874107677,0.410920672390521,Relaksasi
05-10-2026 07:56:25,1.0267422,1377.22,5.90775073605945,5.3426541292568,0.410973394558216,Relaksasi
05-10-2026 07:56:25,1.02704,1377.22,4.57985189164522,5.3523471986818,0.411719015283216,Relaksasi
05-10-2026 07:56:25,1.0273367,1373.99,0.335985946473365,5.33930462345782,0.410715740265986,Relaksasi
05-10-2026 07:56:25,1.0276511,1380.44,6.74032765512586,5.36000853699254,0.412308348999426,Relaksasi
05-10-2026 07:56:25,1.0279357,1374.8,0.0028336567780034,5.35592045243641,0.411993880956647,Relaksasi
05-10-2026 07:56:25,1.0282095,1370.77,-3.57069325055172,5.36186822590964,0.412451401993049,Relaksasi
05-10-2026 07:56:25,1.0284649,1366.74,-6.23533448302073,5.36172888790988,0.412440683685375,Relaksasi
05-10-2026 07:56:25,1.0286696,1370.77,-0.236866100655908,5.1856737431164,0.398897980239723,Relaksasi
05-10-2026 07:56:25,1.0288728,1365.93,-4.34523382658545,5.19223653199538,0.399402810153491,Relaksasi
05-10-2026 07:56:25,1.0330044,1369.16,0.229112046688369,5.19224943566747,0.399403802743651,Relaksasi
05-10-2026 07:56:25,1.0332794,1369.96,1.20389542044145,5.10585201354637,0.392757847195874,Relaksasi
05-10-2026 07:56:25,1.0335033,1368.35,-0.734281819731328,5.10535617834374,0.392719706026441,Relaksasi
05-10-2026 07:56:25,1.0337129,1377.22,7.89057666079708,5.13077657760554,0.394675121354272,Relaksasi
05-10-2026 07:56:25,1.0339177,1371.58,0.103667774314655,5.11777821240501,0.393675247108078,Relaksasi
05-10-2026 07:56:25,1.0341232,1371.58,-0.614972880018054,5.10912906138269,0.393009927798668,Relaksasi
05-10-2026 07:56:25,1.0343374,1369.16,-3.59781886088716,5.108812405157,0.392985569627461,Relaksasi
05-10-2026 07:56:25,1.0345437,1381.25,8.57105441501182,5.14009054190813,0.395391580146779,Relaksasi
05-10-2026 07:56:25,1.0347576,1369.96,-4.88747169947604,5.14055540377164,0.395427338751664,Relaksasi
05-10-2026 07:56:25,1.0350085,1374.8,0.620922955348208,5.13136648691827,0.394720498993713,Relaksasi
05-10-2026 07:56:25,1.0352271,1377.22,2.87593236577934,5.12793663004371,0.394456663849516,Relaksasi
05-10-2026 07:56:25,1.0354621,1367.55,-7.15862633412178,5.15047006300328,0.396190004846406,Relaksasi
05-10-2026 07:56:25,1.0356694,1364.32,-8.57992932285947,5.18484159990176,0.398833969223212,Relaksasi
05-10-2026 07:56:25,1.0358701,1369.16,-1.57124272499652,5.18410224484137,0.398777095757028,Relaksasi
05-10-2026 07:56:25,1.03609,1372.38,2.36196832536618,5.17921439397765,0.39840110722905,Relaksasi
05-10-2026 07:56:25,1.0362938,1369.16,-1.08660098490275,5.16087980330331,0.396990754100255,Relaksasi
05-10-2026 07:56:25,1.0364956,1372.38,2.38869026327622,5.15220537156672,0.396323490120517,Relaksasi
05-10-2026 07:56:25,1.036698,1379.63,9.03658453734061,5.19010952615677,0.399239194319752,Relaksasi
05-10-2026 07:56:25,1.0368999,1373.99,1.39182084421817,5.18205939070683,0.398619953131295,Relaksasi
05-10-2026 07:56:25,1.0371015,1357.88,-15.2121402005496,5.29089802586969,0.40699215583613,Relaksasi
05-10-2026 07:56:25,1.0373023,1378.83,8.50880971962177,5.32261899764153,0.40943223058781,Relaksasi
05-10-2026 07:56:25,1.0375155,1377.22,4.99668532283934,5.33407054025707,0.410313118481313,Relaksasi
05-10-2026 07:56:25,1.0377176,1379.63,6.19270604149219,5.33800523951399,0.410615787654922,Relaksasi
05-10-2026 07:56:25,1.0379426,1371.58,-3.15909566907906,5.33350217720762,0.41026939824674,Relaksasi
05-10-2026 07:56:25,1.0382769,1370.77,-3.22522805952553,5.32999758389812,0.40999981414601,Relaksasi
05-10-2026 07:56:25,1.0385556,1379.63,6.58723072886505,5.29785708727905,0.407527468252234,Relaksasi
05-10-2026 07:56:25,1.0387902,1379.63,5.77604166521409,5.27030730676173,0.405408254366287,Relaksasi
05-10-2026 07:56:25,1.038995,1377.22,2.88927408573908,5.12741008540532,0.394416160415794,Relaksasi
05-10-2026 07:56:25,1.0391949,1369.16,-4.87143277564153,5.125944678996,0.394303436845846,Relaksasi
05-10-2026 07:56:25,1.0393947,1366.74,-5.31768749041973,5.13529804232638,0.395022926332798,Relaksasi
05-10-2026 07:56:25,1.0396068,1370.77,0.777654388216252,5.13545844920163,0.395035265323202,Relaksasi
05-10-2026 07:56:25,1.0398096,1368.35,-0.93176851125016,5.13290246352534,0.394838651040411,Relaksasi
05-10-2026 07:56:25,1.0400101,1378.02,9.50775408816839,5.17654969730466,0.398196130561897,Relaksasi
05-10-2026 07:56:25,1.0402114,1369.16,-0.909609597074638,5.17249285184567,0.39788406552659,Relaksasi
05-10-2026 07:56:25,1.0404103,1377.22,7.3835956583059,5.04762244189801,0.38827864937677,Relaksasi
05-10-2026 07:56:25,1.040608,1377.22,5.82778161906027,5.06060383920964,0.389277218400741,Relaksasi
05-10-2026 07:56:25,1.0408089,1368.35,-4.36311538210063,5.06839440413848,0.389876492626037,Relaksasi
05-10-2026 07:56:25,1.0410089,1365.93,-6.09697761095952,5.07972150050128,0.390747807730867,Relaksasi
05-10-2026 07:56:25,1.0412099,1362.71,-8.2974392491568,5.11289931075538,0.393299946981183,Relaksasi
05-10-2026 07:56:25,1.041419,1369.16,-0.505180962597125,5.1118633014887,0.393220253960669,Relaksasi
05-10-2026 07:56:25,1.0416238,1376.41,6.37814434029256,5.11053466584315,0.393118051218704,Relaksasi
05-10-2026 07:56:25,1.0418271,1377.22,5.31967213146607,5.12308302988003,0.394083309990771,Relaksasi
05-10-2026 07:56:25,1.042026,1367.55,-6.02853332501185,5.14007870957415,0.395390669967243,Relaksasi
05-10-2026 07:56:25,1.0422259,1361.1,-11.8447503564653,5.18973395133912,0.399210303949163,Relaksasi
05-10-2026 07:56:25,1.0424255,1365.93,-5.18086687082165,5.20174868275947,0.400134514058421,Relaksasi
05-10-2026 07:56:25,1.0426269,1369.16,-1.46902335962041,5.19728869024557,0.399791437711198,Relaksasi
05-10-2026 07:56:25,1.0428282,1371.58,0.59371724757399,5.18626711049367,0.398943623884128,Relaksasi
05-10-2026 07:56:25,1.0430299,1374.8,2.96521967725073,5.18899896696617,0.399153766689705,Relaksasi
05-10-2026 07:56:25,1.0432278,1366.74,-6.41062506904074,5.20858742059291,0.400660570814839,Relaksasi
05-10-2026 07:56:25,1.0434386,1372.38,-0.191035829518935,5.20597466267188,0.400459589436299,Relaksasi
05-10-2026 07:56:25,1.0436411,1377.22,4.10280648603519,5.21342092933566,0.401032379179666,Relaksasi
05-10-2026 07:56:25,1.0438382,1368.35,-6.02065179024151,5.23077409380472,0.402367237984979,Relaksasi
05-10-2026 07:56:25,1.0441032,1369.16,-4.30728719673511,5.23946239751301,0.403035569039462,Relaksasi
05-10-2026 07:56:25,1.0443672,1370.77,-1.9748857387511,5.23888853466563,0.40299142574351,Relaksasi
05-10-2026 07:56:25,1.0445701,1375.6,3.20772904745624,5.2414665946633,0.403189738051023,Relaksasi
05-10-2026 07:56:25,1.0447886,1379.63,6.64340513404442,5.23866102478455,0.402973924983427,Relaksasi
05-10-2026 07:56:25,1.0449882,1378.83,4.69151146992933,5.24898952279552,0.403768424830425,Relaksasi
05-10-2026 07:56:25,1.0451884,1379.63,4.91885412679649,5.23186453853516,0.402451118348858,Relaksasi
05-10-2026 07:56:25,1.045388,1361.9,-13.1626141439014,5.31264080988884,0.408664677683757,Relaksasi
05-10-2026 07:56:25,1.0455992,1370.77,-0.905994429593914,5.30934195779743,0.408410919830572,Relaksasi
05-10-2026 07:56:25,1.0457995,1376.41,5.76038075527448,5.31613505841473,0.408933466031903,Relaksasi
05-10-2026 07:56:25,1.0460107,1361.9,-9.12321950977691,5.3528665150708,0.411758962697754,Relaksasi
05-10-2026 07:56:25,1.0462411,1378.02,9.35741566094811,5.39353713118866,0.414887471629897,Relaksasi
05-10-2026 07:56:25,1.0464657,1366.74,-3.4018989018112,5.39709759088804,0.415161353145234,Relaksasi
05-10-2026 07:56:25,1.0466926,1366.74,-2.63807104754938,5.38061920112985,0.413893784702296,Relaksasi
05-10-2026 07:56:25,1.0469315,1372.38,3.36457197290801,5.38579047438626,0.414291574952789,Relaksasi
05-10-2026 07:56:25,1.0471687,1371.58,1.49388887442555,5.38309999881691,0.414084615293609,Relaksasi
05-10-2026 07:56:25,1.0473696,1368.35,-2.63898717739517,5.35560967324674,0.411969974865134,Relaksasi
05-10-2026 07:56:25,1.04762,1365.13,-6.07498643258135,5.37164010316117,0.413203084858551,Relaksasi
05-10-2026 07:56:25,1.0478332,1377.22,6.37535406739954,5.37392299017803,0.413378691552156,Relaksasi
05-10-2026 07:56:25,1.0480309,1379.63,6.6657263327645,5.39432683211501,0.414948217855001,Relaksasi
05-10-2026 07:56:25,1.0482305,1366.74,-8.3060530975349,5.42456147454137,0.417273959580105,Relaksasi
05-10-2026 07:56:25,1.0484288,1369.16,-4.82323274028708,5.37329320737225,0.413330246720943,Relaksasi
05-10-2026 07:56:25,1.0486397,1379.63,6.24304125190939,5.39139663664819,0.414722818203707,Relaksasi
05-10-2026 07:56:25,1.0488381,1373.99,-0.768793104187065,5.38526507474921,0.414251159596093,Relaksasi
05-10-2026 07:56:25,1.0490359,1364.32,-10.2081288940427,5.43002465720966,0.417694204400743,Relaksasi
05-10-2026 07:56:25,1.049234,1379.63,7.3756746971514,5.42230258552757,0.417100198886736,Relaksasi
05-10-2026 07:56:25,1.0494392,1369.16,-4.13807006603684,5.38003489383376,0.413848837987212,Relaksasi
05-10-2026 07:56:25,1.0496406,1372.38,0.353772905135823,5.37870638686199,0.41374664514323,Relaksasi
05-10-2026 07:56:25,1.0498408,1366.74,-4.86530405138766,5.34568552589743,0.411206578915187,Relaksasi
05-10-2026 07:56:25,1.0500405,1370.77,0.539673778386447,5.34282527738421,0.410986559798785,Relaksasi
05-10-2026 07:56:25,1.0502398,1375.6,5.54440148561891,5.34800466414703,0.411384974165156,Relaksasi
05-10-2026 07:56:25,1.0504452,1377.22,6.19676551293434,5.36585305586947,0.412757927374575,Relaksasi
05-10-2026 07:56:25,1.050707,1365.93,-6.28170393620572,5.25144792284559,0.403957532526584,Relaksasi
05-10-2026 07:56:25,1.0509371,1364.32,-6.68717608977709,5.2544548227484,0.404188832519108,Relaksasi
05-10-2026 07:56:25,1.0511361,1367.55,-2.27134233439745,5.25353052285439,0.40411773252726,Relaksasi
05-10-2026 07:56:25,1.0513338,1370.77,1.08273845700234,5.2409061113806,0.403146623952354,Relaksasi
05-10-2026 07:56:25,1.0515437,1372.38,1.96296585731828,5.23625546133816,0.402788881641397,Relaksasi
05-10-2026 07:56:25,1.0517497,1367.55,-3.9193787573807,5.24333573894641,0.403333518380493,Relaksasi
05-10-2026 07:56:25,1.0519528,1373.99,2.53484707734935,5.24413514115624,0.403395010858172,Relaksasi
05-10-2026 07:56:25,1.0521509,1369.96,-2.76106134665732,5.24706369885429,0.403620284527253,Relaksasi
05-10-2026 07:56:25,1.0523486,1368.35,-4.55954354088692,5.22378251608255,0.401829424314042,Relaksasi
05-10-2026 07:56:25,1.0525464,1372.38,-0.286280513443838,5.21177023564028,0.40090540274156,Relaksasi
05-10-2026 07:56:25,1.0527441,1372.38,-0.789619090890076,5.1934907056186,0.399499285047585,Relaksasi
05-10-2026 07:56:25,1.0529578,1379.63,6.16737167571186,5.20455240630559,0.40035018510043,Relaksasi
05-10-2026 07:56:25,1.0531872,1367.55,-7.38555903854898,5.22420437149946,0.401861874730728,Relaksasi
05-10-2026 07:56:25,1.0533864,1372.38,-1.1644816530553,5.22443383224875,0.401879525557596,Relaksasi
05-10-2026 07:56:25,1.0535944,1372.38,-0.803940587385332,5.22401312109479,0.401847163161138,Relaksasi
05-10-2026 07:56:25,1.0537918,1368.35,-4.42580239581989,5.22845447834735,0.402188806026719,Relaksasi
05-10-2026 07:56:25,1.0539893,1372.38,0.777403369068931,5.2263346947389,0.402025745749146,Relaksasi
05-10-2026 07:56:25,1.0541885,1371.58,0.122972859540858,5.21341947414437,0.401032267241875,Relaksasi
05-10-2026 07:56:25,1.0543854,1379.63,8.38974589506563,5.24695295924489,0.403611766095761,Relaksasi
05-10-2026 07:56:25,1.0545817,1378.02,5.34972775093477,5.25525616699468,0.404250474384206,Relaksasi
05-10-2026 07:56:25,1.0547794,1367.55,-5.90816874350558,5.23273428334007,0.40251802179539,Relaksasi
05-10-2026 07:56:25,1.054976,1371.58,-0.383043073004133,5.22959664952911,0.402276665348393,Relaksasi
05-10-2026 07:56:25,1.0551722,1370.77,-0.751190243742241,5.22712296164986,0.402086381665374,Relaksasi
05-10-2026 07:56:25,1.0555066,1369.16,-1.89606225868528,5.22182328759799,0.401678714430615,Relaksasi
05-10-2026 07:56:25,1.0557923,1373.99,3.5246305498388,5.22775897315681,0.402135305627447,Relaksasi
05-10-2026 07:56:25,1.0561069,1376.41,5.35446432761777,5.12446481392915,0.394189601071473,Relaksasi
05-10-2026 07:56:25,1.0563858,1375.6,3.51308522241295,5.12471114306498,0.394208549466537,Relaksasi
05-10-2026 07:56:25,1.0566461,1365.93,-6.83062865574393,5.14734026073685,0.395949250825912,Relaksasi
05-10-2026 07:56:25,1.05691,1373.99,2.59689976889504,5.15043234303087,0.396187103310067,Relaksasi
05-10-2026 07:56:25,1.0571712,1374.8,2.92327918098366,5.15454475621218,0.396503442785553,Relaksasi
05-10-2026 07:56:25,1.0574153,1372.38,-0.0550009193992222,5.15041892608839,0.396186071237569,Relaksasi
05-10-2026 07:56:25,1.0576812,1370.77,-1.61477755860132,5.15087173974892,0.396220903057609,Relaksasi
05-10-2026 07:56:25,1.0579339,1381.25,9.24984697915904,5.18403329023715,0.398771791556704,Relaksasi
05-10-2026 07:56:25,1.0581882,1365.13,-8.55170898990677,5.20305730958628,0.400235177660483,Relaksasi
05-10-2026 07:56:25,1.0584341,1378.02,6.2054927716315,5.20580965288314,0.400446896375626,Relaksasi
05-10-2026 07:56:25,1.0587101,1377.22,4.44939533215409,5.19147451719475,0.399344193630365,Relaksasi
05-10-2026 07:56:25,1.0589557,1367.55,-5.76851391213556,5.20401016612362,0.400308474317202,Relaksasi
05-10-2026 07:56:25,1.0592087,1368.35,-3.44469846645995,5.18487577132651,0.398836597794347,Relaksasi
05-10-2026 07:56:25,1.0594516,1367.55,-3.1817387245587,5.1766162103006,0.3982012469462,Relaksasi
05-10-2026 07:56:25,1.0597631,1364.32,-5.5221775725786,5.1673410772388,0.397487775172215,Relaksasi
05-10-2026 07:56:25,1.1147842,1375.6,6.88204882042877,5.18367062871734,0.398743894516718,Relaksasi
05-10-2026 07:56:25,1.1150193,1373.99,3.71678589291233,5.18583172520716,0.398910132708243,Relaksasi
05-10-2026 07:56:25,1.1152906,1373.99,2.59314541764298,5.18444523794166,0.398803479841666,Relaksasi
05-10-2026 07:56:25,1.1156012,1382.05,9.6834463161711,5.22273921401037,0.40174917030849,Relaksasi
05-10-2026 07:56:25,1.1158871,1374.8,0.150462428130915,5.21725291208744,0.40132714708365,Relaksasi
05-10-2026 07:56:25,1.1161703,1375.6,0.738106582979565,5.20678497676829,0.400521921289869,Relaksasi
05-10-2026 07:56:25,1.1164907,1379.63,4.72412215113698,5.2157477465445,0.401211365118808,Relaksasi
05-10-2026 07:56:25,1.1167615,1375.6,0.176281808640079,5.16960202021642,0.397661693862802,Relaksasi
05-10-2026 07:56:25,1.1171023,1370.77,-3.97233102727083,5.17647829180872,0.39819063783144,Relaksasi
05-10-2026 07:56:25,1.1314123,1370.77,-2.2333918905593,5.17349176877808,0.397960905290622,Relaksasi
05-10-2026 07:56:25,1.1329768,1362.71,-8.78612257813304,5.20617483316771,0.400474987166747,Relaksasi
05-10-2026 07:56:25,1.1332133,1372.38,3.58873676790885,5.19514201882728,0.39962630914056,Relaksasi
05-10-2026 07:56:25,1.133435,1366.74,-2.01244128558444,5.17496537816819,0.398074259859092,Relaksasi
05-10-2026 07:56:25,1.1336383,1378.83,10.8631737518636,5.23113117674609,0.402394705903545,Relaksasi
05-10-2026 07:56:25,1.1338376,1371.58,1.55536905998744,5.19372409853152,0.399517238348578,Relaksasi
05-10-2026 07:56:25,1.1340363,1367.55,-2.95760658236632,5.19330710321043,0.399485161785418,Relaksasi
05-10-2026 07:56:25,1.1342373,1370.77,0.491459932816943,5.19341312402895,0.399493317232996,Relaksasi
05-10-2026 07:56:25,1.1344471,1371.58,0.706629170103444,5.18031081625394,0.398485447404149,Relaksasi
05-10-2026 07:56:25,1.1346509,1370.77,-0.849477674183309,5.17936128818243,0.398412406783264,Relaksasi
05-10-2026 07:56:25,1.1348637,1365.93,-6.17695519774603,5.19753190506302,0.399810146543309,Relaksasi
05-10-2026 07:56:25,1.1350595,1370.77,-0.800399561697386,5.18378973922008,0.398753056863083,Relaksasi
05-10-2026 07:56:25,1.1352634,1366.74,-5.35723495415091,5.19410906907914,0.399546851467626,Relaksasi
05-10-2026 07:56:25,1.135481,1364.32,-7.42758388663073,5.18708781790246,0.399006755223266,Relaksasi
05-10-2026 07:56:25,1.1356844,1372.38,1.35233240229414,5.16466949681332,0.39728226898564,Relaksasi
05-10-2026 07:56:25,1.1358795,1369.16,-2.91136212668118,5.16736341656501,0.397489493581924,Relaksasi
05-10-2026 07:56:25,1.1360769,1369.16,-3.13731639326247,5.14527117076314,0.395790090058703,Relaksasi
05-10-2026 07:56:25,1.1362791,1374.8,2.34946467549709,5.13003651125543,0.394618193173495,Relaksasi
05-10-2026 07:56:25,1.136473,1370.77,-2.83259987230951,5.13394360542764,0.39491873887905,Relaksasi
05-10-2026 07:56:25,1.1366679,1364.32,-9.29256227756247,5.17147025024829,0.397805403865253,Relaksasi
05-10-2026 07:56:25,1.1368621,1371.58,-0.655281746599119,5.168436421638,0.397572032433693,Relaksasi
05-10-2026 07:56:25,1.1370574,1380.44,7.96412266272579,5.18016065036021,0.398473896181554,Relaksasi
05-10-2026 07:56:25,1.1372517,1369.16,-5.14922272197594,5.18371776186656,0.398747520143582,Relaksasi
05-10-2026 07:56:25,1.1374574,1373.99,0.566136072700347,5.17009254047574,0.397699426190441,Relaksasi
05-10-2026 07:56:25,1.137654,1366.74,-6.74512750874721,5.16539217438833,0.397337859568333,Relaksasi
05-10-2026 07:56:25,1.1378514,1378.02,6.00958658516777,5.1813170959924,0.398562853537877,Relaksasi
05-10-2026 07:56:25,1.1380459,1373.99,1.03069219302076,5.17985520414963,0.398450400319202,Relaksasi
05-10-2026 07:56:25,1.1382399,1377.22,4.35151137821425,5.15550672659602,0.396577440507386,Relaksasi
05-10-2026 07:56:25,1.1384338,1374.8,1.47550684651576,5.14937728611129,0.396105945085484,Relaksasi
05-10-2026 07:56:25,1.1386283,1374.8,1.69531971399851,5.08548796409546,0.391191381853497,Relaksasi
05-10-2026 07:56:25,1.138821,1375.6,2.78118141264715,5.08508496715348,0.39116038208873,Relaksasi
05-10-2026 07:56:25,1.1390151,1369.96,-2.6996689163547,5.0864934206068,0.391268724662061,Relaksasi
05-10-2026 07:56:25,1.139209,1375.6,4.20602345512465,5.08151814344188,0.390886011033991,Relaksasi
05-10-2026 07:56:25,1.1394123,1379.63,8.1294614307727,5.11098125126048,0.393152403943114,Relaksasi
05-10-2026 07:56:25,1.1396084,1374.8,2.39687534397071,5.11374985120412,0.393365373169548,Relaksasi
05-10-2026 07:56:25,1.139801,1369.16,-3.01752750442914,5.11475245514761,0.393442496549816,Relaksasi
05-10-2026 07:56:25,1.1399947,1367.55,-3.35514086978261,5.10334790817301,0.392565223705616,Relaksasi
05-10-2026 07:56:25,1.1401877,1365.13,-4.54503348410178,5.11307453723554,0.393313425941196,Relaksasi
05-10-2026 07:56:25,1.1403802,1353.85,-14.595432343469,5.18070357476641,0.398515659597416,Relaksasi
05-10-2026 07:56:25,1.1405728,1370.77,5.11892049392887,5.19296573651596,0.39945890280892,Relaksasi
05-10-2026 07:56:25,1.1407649,1366.74,-0.48497422642353,5.18112837082612,0.398548336217394,Relaksasi
05-10-2026 07:56:25,1.1409572,1368.35,0.148598433861337,5.17035221047371,0.39771940080567,Relaksasi
05-10-2026 07:56:25,1.1411566,1370.77,1.09996530767536,5.16200795353819,0.397077534887553,Relaksasi
05-10-2026 07:56:25,1.1425178,1367.55,-3.99769548951347,5.1652699023814,0.397328454029338,Relaksasi
05-10-2026 07:56:25,1.144291,1369.96,-2.54019302661366,5.16820418705035,0.397554168234642,Relaksasi
05-10-2026 07:56:25,1.1457131,1367.55,-6.13007920269081,5.16792047933113,0.397532344563933,Relaksasi
05-10-2026 07:56:25,1.1460333,1364.32,-9.69209614202573,5.19529550794449,0.39963811599573,Relaksasi
05-10-2026 07:56:25,1.1462665,1378.02,4.5517137975087,5.17812481475561,0.398317293442739,Relaksasi
05-10-2026 07:56:25,1.1464685,1379.63,4.14200183963783,5.18302730216647,0.39869440785896,Relaksasi
05-10-2026 07:56:25,1.1466675,1366.74,-10.3492728030626,5.21696807395303,0.401305236457925,Relaksasi
05-10-2026 07:56:25,1.1468792,1376.41,0.973192751848901,5.19787689008507,0.399836683852698,Relaksasi
05-10-2026 07:56:25,1.1470849,1369.16,-6.43935944896544,5.21725652472222,0.401327424978632,Relaksasi
05-10-2026 07:56:25,1.1472921,1365.13,-8.86979799349636,5.23009531120837,0.402315023939105,Relaksasi
05-10-2026 07:56:25,1.1474912,1375.6,3.85921286308606,5.23618832754625,0.402783717503558,Relaksasi
05-10-2026 07:56:25,1.1712192,1371.58,-0.346439669003929,5.23396612859996,0.402612779123074,Relaksasi
05-10-2026 07:56:25,1.1896114,1375.6,4.27989208552577,5.19528843722215,0.399637572094012,Relaksasi
05-10-2026 07:56:25,1.1898789,1379.63,7.96980157654546,5.2243139605189,0.4018703046553,Relaksasi
05-10-2026 07:56:25,1.1900848,1367.55,-5.18628022721058,5.23281852340707,0.402524501800543,Relaksasi
05-10-2026 07:56:25,1.1916907,1374.8,3.56049932768117,5.23591658035907,0.402762813873775,Relaksasi
05-10-2026 07:56:25,1.1919105,1379.63,8.15023314854248,5.25094718546664,0.403919014266664,Relaksasi
05-10-2026 07:56:25,1.1921125,1380.44,7.79530902677134,5.26985818992573,0.405373706917364,Relaksasi
05-10-2026 07:56:25,1.1923123,1378.83,5.14931785763428,5.28236862412506,0.40633604800962,Relaksasi
05-10-2026 07:56:25,1.1926736,1372.38,-1.67046847950136,5.26214885017078,0.404780680782368,Relaksasi
05-10-2026 07:56:25,1.1932983,1366.74,-6.18339059650575,5.2802823861561,0.406175568165854,Relaksasi
05-10-2026 07:56:25,1.1938829,1377.22,6.37287466394666,5.29345827257707,0.407189097890544,Relaksasi
05-10-2026 07:56:25,1.1941779,1375.6,4.32928921048426,5.28393955569885,0.406456888899911,Relaksasi
05-10-2026 07:56:25,1.1944636,1368.35,-3.02828000950417,5.28825009805801,0.406788469081385,Relaksasi
05-10-2026 07:56:25,1.1947751,1369.96,-0.188091777292665,5.27933335821441,0.406102566016493,Relaksasi
05-10-2026 07:56:25,1.1950528,1368.35,-1.28873954522358,5.28009493225102,0.406161148634694,Relaksasi
05-10-2026 07:56:25,1.1952991,1382.86,13.7089091518503,5.3676649134735,0.412897301036423,Relaksasi
05-10-2026 07:56:25,1.1955274,1379.63,7.83527448141286,5.39593257976561,0.415071736905047,Relaksasi
05-10-2026 07:56:25,1.1957715,1373.99,0.645918782267172,5.36720303887815,0.412861772221396,Relaksasi
05-10-2026 07:56:25,1.1960333,1368.35,-5.04599008501403,5.37904497147923,0.413772690113787,Relaksasi
05-10-2026 07:56:25,1.1963822,1370.77,-1.45868309799124,5.37985804913866,0.413835234549127,Relaksasi
05-10-2026 07:56:25,1.196862,1365.93,-5.79023341963569,5.38941417422827,0.414570321094482,Relaksasi
05-10-2026 07:56:25,1.197202,1367.55,-2.86491348769583,5.3590585851348,0.4122352757796,Relaksasi
05-10-2026 07:56:25,1.1975373,1373.99,4.17007941037532,5.35602649660037,0.412002038200029,Relaksasi
05-10-2026 07:56:25,1.1978234,1367.55,-3.22582115633656,5.36070160672707,0.412361662055929,Relaksasi
05-10-2026 07:56:25,1.1980288,1369.16,-1.28561244400858,5.35761428046892,0.412124175420686,Relaksasi
05-10-2026 07:56:25,1.198236,1378.02,7.38411168245515,5.35914420873533,0.41224186221041,Relaksasi
05-10-2026 07:56:25,1.198448,1379.63,7.02153688163816,5.3477902553294,0.411368481179185,Relaksasi
05-10-2026 07:56:25,1.2130204,1369.16,-5.29403407179879,5.35972486049972,0.412286527730747,Relaksasi
05-10-2026 07:56:25,1.2133006,1367.55,-6.1682722448072,5.37484827886693,0.413449867605149,Relaksasi
05-10-2026 07:56:25,1.2135421,1365.13,-7.51686763027302,5.40051914237808,0.415424549413699,Relaksasi
05-10-2026 07:56:25,1.2137739,1367.55,-3.70428394381537,5.40422856650279,0.415709889730984,Relaksasi
05-10-2026 07:56:25,1.2140276,1361.9,-8.75826661438893,5.40193699231543,0.415533614793495,Relaksasi
05-10-2026 07:56:25,1.2142521,1369.16,-0.07144244005001,5.40104276623923,0.415464828172248,Relaksasi
05-10-2026 07:56:25,1.2145008,1370.77,1.04393223295654,5.29336054769314,0.40718158059178,Relaksasi
05-10-2026 07:56:25,1.2147387,1378.02,7.36461450084402,5.28477571968582,0.406521209206601,Relaksasi
05-10-2026 07:56:25,1.2149598,1369.16,-3.7587715656209,5.27964600183724,0.406126615525942,Relaksasi
05-10-2026 07:56:25,1.2152831,1371.58,-1.39794657706071,5.26238397851163,0.404798767577818,Relaksasi
05-10-2026 07:56:25,1.2155509,1378.83,5.44038297847242,5.27169560434081,0.405515046487754,Relaksasi
05-10-2026 07:56:25,1.2157916,1369.96,-5.00565655668678,5.27864064437654,0.406049280336657,Relaksasi
05-10-2026 07:56:25,1.2160425,1358.68,-15.5855540424947,5.37230271700553,0.413254055154272,Relaksasi
05-10-2026 07:56:25,1.216245,1374.8,3.46982818650072,5.36237090611725,0.412490069701327,Relaksasi
05-10-2026 07:56:25,1.2250648,1376.41,4.32842485553543,5.36721142863873,0.412862417587595,Relaksasi
05-10-2026 07:56:25,1.2253042,1369.16,-3.829003609903,5.36298522993449,0.412537325379576,Relaksasi
05-10-2026 07:56:25,1.2255136,1362.71,-9.53886332242154,5.39213975548537,0.414779981191183,Relaksasi
05-10-2026 07:56:25,1.2257358,1369.16,-1.23743592130827,5.39256929943835,0.414813023033719,Relaksasi
05-10-2026 07:56:25,1.2480633,1379.63,9.35014930950802,5.43254904690263,0.41788838822328,Relaksasi
05-10-2026 07:56:25,1.2548458,1369.16,-3.1842248705376,5.39548873116496,0.415037594704997,Relaksasi
05-10-2026 07:56:25,1.262693,1369.16,-2.83266229118359,5.3988222399253,0.415294018455792,Relaksasi
05-10-2026 07:56:25,1.2630983,1374.8,3.0920213822175,5.37796403253366,0.413689540964128,Relaksasi
05-10-2026 07:56:25,1.2778616,1369.96,-2.61818558463215,5.36534774464865,0.412719057280665,Relaksasi
05-10-2026 07:56:25,1.2782417,1370.77,-1.53626546373971,5.35757156738892,0.412120889799147,Relaksasi
05-10-2026 07:56:25,1.2784555,1375.6,3.39043154896455,5.34557597927412,0.411198152251856,Relaksasi
05-10-2026 07:56:25,1.2786541,1369.16,-3.8691085604296,5.32031907548666,0.409255313498974,Relaksasi
05-10-2026 07:56:25,1.2788529,1367.55,-4.81774447826061,5.33109485333467,0.410084219487282,Relaksasi
05-10-2026 07:56:25,1.2790511,1375.6,4.11091352457875,5.31993108594051,0.40922546814927,Relaksasi
05-10-2026 07:56:25,1.2792474,1371.58,-0.77771621866189,5.30690082946804,0.408223140728311,Relaksasi
05-10-2026 07:56:25,1.2795004,1372.38,0.117711478537402,5.28975893812899,0.40690453370223,Relaksasi
05-10-2026 07:56:25,1.279696,1380.44,8.12869536781628,5.25456349380179,0.404197191830907,Relaksasi
05-10-2026 07:56:25,1.2799022,1370.77,-3.0836149358913,5.24631051388429,0.403562347221868,Relaksasi
05-10-2026 07:56:25,1.2801217,1361.9,-11.1834522597746,5.30455765188489,0.408042896298838,Relaksasi
05-10-2026 07:56:25,1.2803225,1370.77,0.10413616324627,5.30439662949733,0.408030509961333,Relaksasi
05-10-2026 07:56:25,1.3083211,1382.05,11.5265039378652,5.3625518579776,0.4125039890752,Relaksasi
05-10-2026 07:56:25,1.3085801,1368.35,-4.34830654597253,5.35219774575909,0.411707518904545,Relaksasi
05-10-2026 07:56:25,1.3087813,1378.83,7.04240858298536,5.3752968131552,0.413484370242707,Relaksasi
05-10-2026 07:56:25,1.3089763,1378.02,4.95664542093042,5.37889323126527,0.413761017789636,Relaksasi
05-10-2026 07:56:25,1.309171,1372.38,-1.45974384122461,5.36301271804054,0.412539439849272,Relaksasi
05-10-2026 07:56:25,1.3093642,1375.6,2.38341394990301,5.35700897042106,0.412077613109313,Relaksasi
05-10-2026 07:56:25,1.3095663,1375.6,2.39499375603264,5.35786563999353,0.412143510768733,Relaksasi
05-10-2026 07:56:25,1.3097576,1374.8,1.72185943535776,5.35444680500138,0.411880523461645,Relaksasi
05-10-2026 07:56:25,1.3099525,1370.77,-1.94816958917063,5.33557899880183,0.410429153753987,Relaksasi
05-10-2026 07:56:25,1.3293602,1369.96,-1.63014430187111,5.32650342206943,0.409731032466879,Relaksasi
05-10-2026 07:56:25,1.3298293,1365.13,-5.43228119630585,5.32899722937557,0.409922863798121,Relaksasi
05-10-2026 07:56:25,1.3302386,1376.41,7.45843954365554,5.27352643089216,0.405655879299397,Relaksasi
05-10-2026 07:56:25,1.3305741,1369.16,-0.930017452404419,5.27354734027246,0.405657487713266,Relaksasi
05-10-2026 07:56:25,1.3309263,1364.32,-5.50139580346967,5.2721644887843,0.405551114521869,Relaksasi
05-10-2026 07:56:25,1.3312875,1375.6,6.70373093646007,5.25397494931434,0.404151919178026,Relaksasi
05-10-2026 07:56:25,1.3316273,1371.58,0.984689965997308,5.21260920273231,0.400969938671716,Relaksasi
05-10-2026 07:56:25,1.3319565,1375.6,4.25459557021555,5.2157394525656,0.401210727120431,Relaksasi
05-10-2026 07:56:25,1.3475018,1375.6,2.81828142388865,5.21621074092208,0.401246980070929,Relaksasi
05-10-2026 07:56:25,1.3479167,1370.77,-3.09917078648808,5.21538848684598,0.401183729757383,Relaksasi
05-10-2026 07:56:25,1.348135,1376.41,2.76135294726876,5.21797316008591,0.401382550775839,Relaksasi
05-10-2026 07:56:25,1.3796668,1374.8,0.419212448469652,5.21471967876983,0.401132282982295,Relaksasi
05-10-2026 07:56:25,1.3799347,1366.74,-7.69492416363361,5.22540269422267,0.401954053401744,Relaksasi
05-10-2026 07:56:25,1.3801521,1366.74,-5.96736381521849,5.22299289429747,0.401768684176728,Relaksasi
05-10-2026 07:56:25,1.3803526,1367.55,-3.68749961143885,5.20821308157482,0.400631775505756,Relaksasi
05-10-2026 07:56:25,1.380561,1367.55,-2.72463157696231,5.1785759624575,0.398351997112116,Relaksasi
05-10-2026 07:56:25,1.3807767,1372.38,2.71701387131447,5.1709033979076,0.397761799839046,Relaksasi
05-10-2026 07:56:25,1.3810031,1369.96,-0.354552930710376,5.15208624433156,0.396314326487043,Relaksasi
05-10-2026 07:56:25,1.3811973,1374.8,4.25260727491131,5.16056787553641,0.396966759656647,Relaksasi
05-10-2026 07:56:25,1.3813917,1375.6,3.80135483012439,5.11690168101303,0.393607821616387,Relaksasi
05-10-2026 07:56:25,1.3816023,1368.35,-4.63463520309712,5.10079201147155,0.392368616267042,Relaksasi
05-10-2026 07:56:25,1.3818352,1374.8,2.32961283696671,5.09505608455742,0.391927391119802,Relaksasi
05-10-2026 07:56:25,1.4198468,1371.58,-1.65375603305425,5.09633645607586,0.392025881236605,Relaksasi
05-10-2026 07:56:25,1.4200949,1373.99,0.870870962281773,5.08508421140991,0.391160323954609,Relaksasi
05-10-2026 07:56:25,1.4203075,1378.83,5.455220657688,5.09955119204772,0.392273168619055,Relaksasi
05-10-2026 07:56:25,1.4205157,1364.32,-10.0479981148458,5.13386129065895,0.394912406973765,Relaksasi
05-10-2026 07:56:25,1.4207217,1380.44,8.25835170785885,5.14835256196275,0.396027120150981,Relaksasi
05-10-2026 07:56:25,1.4209251,1375.6,2.14256874748647,5.13139241188454,0.394722493221887,Relaksasi
05-10-2026 07:56:25,1.421129,1369.16,-4.26896695724285,5.1184682141123,0.393728324162484,Relaksasi
05-10-2026 07:56:25,1.4213326,1369.96,-2.08149389005552,5.11806457197928,0.393697274767637,Relaksasi
05-10-2026 07:56:25,1.4215482,1373.19,2.12489853128684,5.11969719016266,0.393822860781743,Relaksasi
05-10-2026 07:56:25,1.4217511,1382.86,11.8801507119402,5.18630148071499,0.398946267747307,Relaksasi
05-10-2026 07:56:25,1.4219519,1368.35,-4.50042709637201,5.18865923142928,0.399127633186868,Relaksasi
05-10-2026 07:56:25,1.4221537,1370.77,-0.754460737311055,5.18583681062076,0.398910523893904,Relaksasi
05-10-2026 07:56:25,1.4223555,1369.16,-1.79657996335354,5.1837172594011,0.398747481492392,Relaksasi
05-10-2026 07:56:25,1.4225561,1369.16,-1.13241643695414,5.17430084879494,0.398023142214996,Relaksasi
05-10-2026 07:56:25,1.4227572,1379.63,9.7086828255423,5.2196045925159,0.401508045578146,Relaksasi
05-10-2026 07:56:25,1.422959,1375.6,3.78448349325769,5.22616170695313,0.402012438996395,Relaksasi
05-10-2026 07:56:25,1.4231588,1374.8,2.19706153013375,5.21025135834418,0.400788566026476,Relaksasi
05-10-2026 07:56:25,1.423358,1374.8,1.76984301150593,5.18552297526439,0.398886382712645,Relaksasi
05-10-2026 07:56:25,1.423572,1375.6,2.32429868079499,5.18747339859984,0.399036415276911,Relaksasi
05-10-2026 07:56:25,1.423777,1374.8,1.2978288739049,5.18797363695793,0.39907489515061,Relaksasi
05-10-2026 07:56:25,1.4239799,1379.63,6.24319477033154,5.19730884480014,0.399792988061549,Relaksasi
05-10-2026 07:56:25,1.4241815,1377.22,3.14340979676967,5.20176917730869,0.400136090562207,Relaksasi
05-10-2026 07:56:25,1.4243821,1367.55,-6.42477142758868,5.22156254409172,0.401658657237824,Relaksasi
05-10-2026 07:56:25,1.4245829,1377.22,5.3597014416107,5.20157747406099,0.400121344158538,Relaksasi
05-10-2026 07:56:25,1.424783,1379.63,7.63035469223252,5.21578583218862,0.40121429478374,Relaksasi
05-10-2026 07:56:25,1.4249857,1368.35,-4.22202551391075,5.20759225121854,0.400584019324503,Relaksasi
05-10-2026 07:56:25,1.4251871,1376.41,5.57447018911644,5.22241869581703,0.401724515062848,Relaksasi
05-10-2026 07:56:25,1.425388,1370.77,-0.305494951187363,5.22219324004137,0.401707172310875,Relaksasi
05-10-2026 07:56:25,1.4255989,1371.58,1.29133854107656,5.22127041552418,0.401636185809553,Relaksasi
05-10-2026 07:56:25,1.4257998,1369.16,-0.812979234814641,5.21563556296306,0.401202735612543,Relaksasi
05-10-2026 07:56:25,1.4259988,1375.6,6.14431393570891,5.21998715067088,0.401537473128529,Relaksasi
05-10-2026 07:56:25,1.4261988,1366.74,-3.77059438561626,5.22088535828681,0.401606566022062,Relaksasi
05-10-2026 07:56:25,1.4263981,1378.02,8.19337091357176,5.23067998637338,0.402359998951799,Relaksasi
05-10-2026 07:56:25,1.4265984,1377.22,5.58974453156605,5.24237731353243,0.403259793348648,Relaksasi
05-10-2026 07:56:25,1.4268059,1381.25,8.27347055940774,5.27086744920384,0.405451342246449,Relaksasi
05-10-2026 07:56:25,1.4281084,1369.16,-5.57883236439285,5.2856073817794,0.4065851832138,Relaksasi
05-10-2026 07:56:25,1.4284037,1368.35,-5.24988521340309,5.29739693956113,0.407492072273933,Relaksasi
05-10-2026 07:56:25,1.4288287,1363.52,-8.845683092088,5.29394432690887,0.407226486685297,Relaksasi
05-10-2026 07:56:25,1.4635147,1378.83,8.41942305617467,5.29288402727327,0.407144925174867,Relaksasi
05-10-2026 07:56:25,1.4641146,1369.16,-2.7331661187489,5.2782034451728,0.406015649628677,Relaksasi
05-10-2026 07:56:25,1.4644963,1375.6,4.33339423123314,5.27772086627756,0.405978528175197,Relaksasi
05-10-2026 07:56:25,1.4648701,1369.16,-2.89535958340159,5.26591628438537,0.405070483414259,Relaksasi
05-10-2026 07:56:25,1.465201,1375.6,4.1354183068106,5.2684013703772,0.405261643875169,Relaksasi
05-10-2026 07:56:25,1.4954901,1377.22,4.95710179558212,5.27525354688231,0.405788734375562,Relaksasi
05-10-2026 07:56:25,1.4957625,1376.41,3.21738997710453,5.26569898014526,0.405053767703481,Relaksasi
05-10-2026 07:56:25,1.4959973,1369.16,-4.51567776299208,5.2528782108445,0.404067554680346,Relaksasi
05-10-2026 07:56:25,1.4962185,1370.77,-1.75444374105285,5.24776594136007,0.403674303181544,Relaksasi
05-10-2026 07:56:25,1.4964545,1371.58,-0.266099556798731,5.24459525648873,0.403430404345287,Relaksasi
05-10-2026 07:56:25,1.4966786,1370.77,-0.695511688102819,5.19993773271707,0.399995210209005,Relaksasi
05-10-2026 07:56:25,1.4969246,1372.38,1.32452970887416,5.20077024335548,0.400059249488883,Relaksasi
05-10-2026 07:56:25,1.4971382,1370.77,-0.35193608643457,5.20056789327639,0.400043684098184,Relaksasi
05-10-2026 07:56:25,1.4973527,1374.8,3.84428767033105,5.1969426108573,0.399764816219792,Relaksasi
05-10-2026 07:56:25,1.4975669,1369.16,-2.5297678509397,5.2000053606763,0.400000412359715,Relaksasi
05-10-2026 07:56:25,1.4978231,1367.55,-3.69254825982789,5.19897424934639,0.399921096103569,Relaksasi
05-10-2026 07:56:25,1.4980524,1367.55,-3.09772709793604,5.20118953841804,0.400091502955234,Relaksasi
05-10-2026 07:56:25,1.4982772,1379.63,9.33240040894891,5.20594480874741,0.40045729298057,Relaksasi
05-10-2026 07:56:25,1.4984896,1355.46,-17.0177733910301,5.33717989669823,0.410552299746017,Relaksasi
05-10-2026 07:56:25,1.4987014,1367.55,-2.05101277026285,5.33725331205096,0.410557947080843,Relaksasi
05-10-2026 07:56:25,1.4989218,1370.77,0.967704832882259,5.28213143157201,0.406317802428616,Relaksasi
05-10-2026 07:56:25,1.499134,1375.6,4.80757265030663,5.29191651198099,0.407070500921615,Relaksasi
05-10-2026 07:56:25,1.499345,1371.58,-1.05131819859961,5.28830497759635,0.406792690584334,Relaksasi
05-10-2026 07:56:25,1.4995572,1370.77,-2.52496211590616,5.29120393107053,0.407015687005426,Relaksasi
05-10-2026 07:56:25,1.4997674,1374.8,1.24871745765035,5.29170472463282,0.40705420958714,Relaksasi
05-10-2026 07:56:25,1.4999873,1375.6,1.22702209724326,5.29207508896484,0.407082699151141,Relaksasi
05-10-2026 07:56:25,1.5077154,1369.16,-5.79848910840888,5.28993357702808,0.406917967463698,Relaksasi
05-10-2026 07:56:25,1.5079554,1370.77,-3.14829271899019,5.29431324982754,0.40725486537135,Relaksasi
05-10-2026 07:56:25,1.5081768,1371.58,-1.61315484276868,5.2819754162873,0.406305801252869,Relaksasi
05-10-2026 07:56:25,1.5084016,1372.38,-0.262520289530249,5.25583141575248,0.404294724288653,Relaksasi
05-10-2026 07:56:25,1.5086829,1365.93,-6.35551876795891,5.27414286403285,0.405703297233296,Relaksasi
05-10-2026 07:56:25,1.5089018,1370.77,0.0284816720907735,5.27012398896777,0.40539415299752,Relaksasi
05-10-2026 07:56:25,1.5091761,1379.63,9.09636475525382,5.30459351384623,0.408045654911248,Relaksasi
05-10-2026 07:56:25,1.5093994,1369.96,-2.2340723384963,5.3043442405165,0.408026480039731,Relaksasi
05-10-2026 07:56:25,1.5103729,1376.41,4.72778053442014,5.31109303774899,0.408545618288384,Relaksasi
05-10-2026 07:56:25,1.5108466,1369.16,-3.36518650735433,5.27565854546712,0.405819888112856,Relaksasi
05-10-2026 07:56:25,1.511072,1376.41,4.63166787762839,5.28561139833099,0.406585492179307,Relaksasi
05-10-2026 07:56:25,1.5116219,1370.77,-1.80351945395181,5.25707285638459,0.404390219721892,Relaksasi
05-10-2026 07:56:25,1.5119261,1378.02,5.93053767651885,5.26118797704436,0.404706767464951,Relaksasi
05-10-2026 07:56:25,1.512195,1364.32,-8.74733429478144,5.2972705864299,0.4074823528023,Relaksasi
05-10-2026 07:56:25,1.5124566,1369.96,-1.19004643454733,5.27642615724801,0.405878935172924,Relaksasi
05-10-2026 07:56:25,1.5127415,1365.93,-4.8215534846146,5.27032581803941,0.405409678310724,Relaksasi
05-10-2026 07:56:25,1.5304337,1378.02,8.2357756708458,5.30190179094365,0.407838599303358,Relaksasi
05-10-2026 07:56:25,1.5306981,1361.9,-9.61638582093588,5.33646500276385,0.410497307904911,Relaksasi
05-10-2026 07:56:25,1.561799,1375.6,5.69809351841419,5.35063682865654,0.411587448358196,Relaksasi
05-10-2026 07:56:25,1.5625588,1369.16,-2.24372055488773,5.35164603997261,0.411665079997893,Relaksasi
05-10-2026 07:56:25,1.5629105,1370.77,-0.684446135993353,5.34825044472205,0.411403880363235,Relaksasi
05-10-2026 07:56:25,1.5632687,1378.02,6.16534585511848,5.36259258248714,0.41250712172978,Relaksasi
05-10-2026 07:56:25,1.5636427,1368.35,-5.22181515532199,5.36705531989401,0.412850409222616,Relaksasi
05-10-2026 07:56:25,1.563937,1368.35,-4.62041426892089,5.34617463529884,0.411244202715295,Relaksasi
05-10-2026 07:56:25,1.5642899,1368.35,-4.03727463301278,5.35110793260161,0.411623687123201,Relaksasi
05-10-2026 07:56:25,1.5647172,1367.55,-4.32613159984492,5.35559574821026,0.411968903708482,Relaksasi
05-10-2026 07:56:25,1.5652186,1372.38,1.05872098009249,5.3508621190922,0.411604778391707,Relaksasi
05-10-2026 07:56:25,1.5663188,1373.99,2.13382761960384,5.3433327495327,0.4110255961179,Relaksasi
05-10-2026 07:56:25,1.5666265,1367.55,-5.05982803722055,5.25491017474096,0.404223859595458,Relaksasi
05-10-2026 07:56:25,1.5668762,1365.93,-6.00588804447445,5.25960242466044,0.404584801896957,Relaksasi
05-10-2026 07:56:25,1.5671117,1376.41,5.32283438788024,5.27294078243787,0.405610829418298,Relaksasi
05-10-2026 07:56:25,1.5724122,1366.74,-5.74134206472848,5.28853563201997,0.406810433232306,Relaksasi
05-10-2026 07:56:25,1.5726913,1374.8,3.07504298736532,5.2924322347693,0.407110171905331,Relaksasi
05-10-2026 07:56:25,1.5730059,1375.6,2.9287796884303,5.28893371728249,0.406841055175576,Relaksasi
05-10-2026 07:56:25,1.5732419,1378.02,4.49542897577761,5.29543212317245,0.407340932551727,Relaksasi
05-10-2026 07:56:25,1.5734699,1367.55,-6.9772616666883,5.30067193078363,0.407743994675664,Relaksasi
05-10-2026 07:56:25,1.5736948,1379.63,6.52875691086103,5.27641569758029,0.405878130583099,Relaksasi
05-10-2026 07:56:25,1.5739186,1370.77,-3.3649125431459,5.27196218720456,0.405535552861889,Relaksasi
05-10-2026 07:56:25,1.5741615,1372.38,-0.699055969956695,5.26405241267244,0.404927108667111,Relaksasi
05-10-2026 07:56:25,1.5904153,1368.35,-4.0739012168903,5.22089014644307,0.401606934341775,Relaksasi
05-10-2026 07:56:25,1.5911299,1379.63,8.54486706571501,5.25528611651343,0.404252778193341,Relaksasi
05-10-2026 07:56:25,1.5913945,1361.9,-10.3352520468653,5.2862834383161,0.406637187562777,Relaksasi
05-10-2026 07:56:25,1.591651,1375.6,5.82710115324377,5.26509273871207,0.405007133747083,Relaksasi
05-10-2026 07:56:25,1.591884,1379.63,9.02940948127686,5.29663903862897,0.407433772202228,Relaksasi
05-10-2026 07:56:25,1.5921094,1379.63,7.45442503246077,5.32274621470252,0.409442016515578,Relaksasi
05-10-2026 07:56:25,1.5923337,1378.83,5.39433668515584,5.32780763787277,0.409831356759443,Relaksasi
05-10-2026 07:56:25,1.5925576,1372.38,-1.78490428955685,5.29942213424655,0.407647856480504,Relaksasi
05-10-2026 07:56:25,1.5927949,1376.41,3.09224129207043,5.29123777815819,0.407018290627553,Relaksasi
05-10-2026 07:56:25,1.5930181,1378.83,5.561104915637,5.29985291183726,0.407680993218251,Relaksasi
05-10-2026 07:56:25,1.5932419,1377.22,3.65395536231742,5.27475746685864,0.405750574373741,Relaksasi
05-10-2026 07:56:25,1.5934644,1374.8,1.45172519127732,5.24688189787245,0.403606299836342,Relaksasi
05-10-2026 07:56:25,1.5936961,1369.16,-3.42037176985399,5.23981745802722,0.40306288138671,Relaksasi
05-10-2026 07:56:25,1.5939205,1369.16,-1.66919904073282,5.23981543529252,0.403062725791733,Relaksasi
05-10-2026 07:56:25,1.5941428,1374.8,5.27503512112383,5.2348471016096,0.402680546277662,Relaksasi
05-10-2026 07:56:25,1.5943956,1370.77,0.986514177290355,5.21588176351118,0.401221674116245,Relaksasi
05-10-2026 07:56:25,1.6134718,1377.22,7.77567360750334,5.23583941176967,0.402756877828436,Relaksasi
05-10-2026 07:56:25,1.6137789,1362.71,-7.93687971891171,5.26147624199931,0.404728941692254,Relaksasi
05-10-2026 07:56:25,1.6140357,1365.13,-3.86478596619861,5.26855181291428,0.405273216378021,Relaksasi
05-10-2026 07:56:25,1.6142693,1367.55,-0.859706973402593,5.26811441007936,0.405239570006105,Relaksasi
05-10-2026 07:56:25,1.6145064,1365.93,-2.81681652742368,5.18199100382886,0.39861469260222,Relaksasi
05-10-2026 07:56:25,1.6147642,1378.83,9.80011337118787,5.1986810099494,0.399898539226877,Relaksasi
05-10-2026 07:56:25,1.6150028,1371.58,-0.422941898185023,5.19856639729534,0.399889722868872,Relaksasi
05-10-2026 07:56:25,1.6152272,1371.58,-1.45320162446948,5.18732507967303,0.399025006128694,Relaksasi
05-10-2026 07:56:25,1.6154533,1375.6,1.83376973663583,5.1879202246698,0.399070786513062,Relaksasi
05-10-2026 07:56:25,1.6156928,1378.83,3.87875768125181,5.17900627997476,0.398385098459597,Relaksasi
05-10-2026 07:56:25,1.6527919,1379.63,3.39330418233965,5.18060227849306,0.398507867576389,Relaksasi
05-10-2026 07:56:25,1.6741738,1378.83,1.81412483683031,5.17379429443241,0.397984176494801,Relaksasi
05-10-2026 07:56:25,1.6746117,1368.35,-8.65436725547975,5.20486389384022,0.400374145680017,Relaksasi
05-10-2026 07:56:25,1.6749207,1375.6,1.08788287961269,5.20463846990542,0.40035680537734,Relaksasi
05-10-2026 07:56:25,1.67533,1372.38,-1.24518315805308,5.1791300892341,0.398394622248777,Relaksasi
05-10-2026 07:56:25,1.6757328,1367.55,-4.58558158706183,5.16546381003362,0.397343370002586,Relaksasi
05-10-2026 07:56:25,1.6761333,1370.77,0.772974003583617,5.15217137069908,0.39632087466916,Relaksasi
05-10-2026 07:56:25,1.6765141,1379.63,10.5572133484835,5.1876686178907,0.399051432145438,Relaksasi
05-10-2026 07:56:25,1.676909,1367.55,-2.74628189396446,5.16401970517138,0.397232285013183,Relaksasi
05-10-2026 07:56:25,1.6772922,1366.74,-2.41826684133915,5.16020648717625,0.39693896055202,Relaksasi
05-10-2026 07:56:25,1.6793352,1372.38,4.01980539727767,5.13078834069505,0.394676026207311,Relaksasi
05-10-2026 07:56:25,1.680099,1376.41,7.26754269968949,5.15645705512613,0.39665054270201,Relaksasi
05-10-2026 07:56:25,1.6805809,1379.63,8.8069957694836,5.19340122282532,0.399492401755794,Relaksasi
05-10-2026 07:56:25,1.6811105,1366.74,-6.17308303800606,5.18563046297014,0.398894650997703,Relaksasi
05-10-2026 07:56:25,1.6834408,1370.77,-1.29622585051039,5.17962570919453,0.398432746861118,Relaksasi
05-10-2026 07:56:25,1.684465,1371.58,-0.559177284807321,5.17883332521589,0.398371794247376,Relaksasi
05-10-2026 07:56:25,1.6849073,1369.16,-3.1783884488485,5.1694135587379,0.397647196825992,Relaksasi
05-10-2026 07:56:25,1.6854869,1372.38,0.373883630594363,5.15734936748441,0.396719182114185,Relaksasi
05-10-2026 07:56:25,1.686031,1368.35,-3.99821857561973,5.0461503924404,0.388165414803108,Relaksasi
05-10-2026 07:56:25,1.6867011,1375.6,3.7753472337399,5.04724692070675,0.388249763131288,Relaksasi
05-10-2026 07:56:25,1.6870292,1379.63,6.83401128660683,5.06108127985128,0.389313944603944,Relaksasi
05-10-2026 07:56:25,1.687402,1367.55,-6.72196025876764,5.0761364369607,0.390472033612361,Relaksasi
05-10-2026 07:56:25,1.6877978,1375.6,2.65155616080937,5.03461669937151,0.387278207643962,Relaksasi
05-10-2026 07:56:25,1.6881098,1362.71,-10.6035778312002,5.08938978517124,0.391491521936249,Relaksasi
05-10-2026 07:56:25,1.6885825,1372.38,1.35062405559225,5.04716582366308,0.38824352489716,Relaksasi
05-10-2026 07:56:25,1.6889809,1370.77,-0.341731553253164,5.04219895617917,0.387861458167628,Relaksasi
05-10-2026 07:56:25,1.689727,1372.38,1.42062040748983,5.03922030150754,0.387632330885195,Relaksasi
05-10-2026 07:56:25,1.6903693,1358.68,-12.5640001625299,5.11226063169764,0.393250817822895,Relaksasi
05-10-2026 07:56:25,1.6907315,1366.74,-2.20285284210288,5.11128135508577,0.393175488852752,Relaksasi
05-10-2026 07:56:25,1.6912254,1379.63,10.7209247926305,5.16605145880471,0.397388573754208,Relaksasi
05-10-2026 07:56:25,1.6915576,1369.16,-2.4756042446117,5.16345384664731,0.397188757434408,Relaksasi
05-10-2026 07:56:25,1.6918874,1372.38,0.490098442449566,5.1563171550644,0.3966397811588,Relaksasi
05-10-2026 07:56:25,1.6922641,1369.96,-2.75852544366258,5.14874747947877,0.396057498421444,Relaksasi
05-10-2026 07:56:25,1.6926035,1374.8,1.94104407010415,5.14236723871571,0.395566710670439,Relaksasi
05-10-2026 07:56:25,1.6929307,1372.38,-1.42859648215205,5.14306533545675,0.39562041041975,Relaksasi
05-10-2026 07:56:25,1.6932606,1375.6,1.65937226193268,5.14439688849279,0.395722837576369,Relaksasi
05-10-2026 07:56:25,1.69359,1370.77,-3.6997238225604,5.11887494340667,0.393759611031282,Relaksasi
05-10-2026 07:56:25,1.6939967,1371.58,-2.15801841255442,5.11650491040681,0.393577300800524,Relaksasi
05-10-2026 07:56:25,1.7008452,1364.32,-8.80861398300437,5.09325366317952,0.391788743321501,Relaksasi
05-10-2026 07:56:25,1.7011534,1375.6,4.45677919336013,5.10298863997177,0.392537587690136,Relaksasi
05-10-2026 07:56:25,1.7014667,1370.77,-0.993023883316238,5.0379680503847,0.387536003875746,Relaksasi
05-10-2026 07:56:25,1.7018089,1374.8,3.42968627976231,5.03442121474716,0.387263170365166,Relaksasi
05-10-2026 07:56:25,1.7021565,1378.02,6.13975642703657,5.02850896580332,0.386808381984871,Relaksasi
05-10-2026 07:56:25,1.7024343,1376.41,3.49193100173005,5.02235290084483,0.386334838526525,Relaksasi
05-10-2026 07:56:25,1.7264989,1375.6,2.2363592403584,5.02378153520574,0.386444733477365,Relaksasi
05-10-2026 07:56:25,1.7514219,1379.63,6.19239392166381,5.04001054717116,0.387693119013166,Relaksasi
05-10-2026 07:56:25,1.7517232,1372.38,-1.7437658607434,5.03867343028151,0.387590263867808,Relaksasi
05-10-2026 07:56:25,1.7519573,1370.77,-2.32376012207321,5.03988147112349,0.387683190086422,Relaksasi
05-10-2026 07:56:25,1.7521975,1367.55,-4.29596189482549,5.04714819103243,0.388242168540956,Relaksasi
05-10-2026 07:56:25,1.7524208,1374.8,4.56242179642754,5.05613453868268,0.388933426052514,Relaksasi
05-10-2026 07:56:25,1.7526427,1369.16,-1.32573189378669,5.04239386636469,0.387876451258822,Relaksasi
05-10-2026 07:56:25,1.7833897,1379.63,9.86695433526137,5.0630404146808,0.389464647283138,Relaksasi
05-10-2026 07:56:25,1.7836542,1369.16,-2.22798571551581,5.06506398578783,0.389620306599064,Relaksasi
05-10-2026 07:56:25,1.7838946,1368.35,-2.4242868989079,5.05301219432863,0.388693245717587,Relaksasi
05-10-2026 07:56:25,1.7841369,1366.74,-3.50272223669853,5.03682216372872,0.387447858748363,Relaksasi
05-10-2026 07:56:25,1.7843614,1367.55,-2.12749161541669,5.03858715715542,0.387583627473494,Relaksasi
05-10-2026 07:56:25,1.7845799,1365.13,-4.47041086940238,5.03952135521097,0.387655488862382,Relaksasi
05-10-2026 07:56:25,1.7847981,1372.38,3.0679183436459,5.040250247113,0.387711557470231,Relaksasi
05-10-2026 07:56:25,1.7850313,1377.22,6.50024226918047,5.05641810014695,0.388955238472843,Relaksasi
05-10-2026 07:56:25,1.7852498,1375.6,2.69376979262207,5.05623581644241,0.388941216649416,Relaksasi
05-10-2026 07:56:25,1.7854668,1379.63,5.34870371046347,5.07027465656466,0.390021127428051,Relaksasi
05-10-2026 07:56:25,1.7856821,1380.44,4.50141686034924,5.05103351526543,0.388541039635803,Relaksasi
05-10-2026 07:56:25,1.7859261,1377.22,0.169737006549631,5.03339214358227,0.38718401104479,Relaksasi
05-10-2026 07:56:25,1.7861522,1370.77,-6.0745669125461,5.04495292545222,0.388073301957863,Relaksasi
05-10-2026 07:56:25,1.848934,1367.55,-7.42691184833096,5.06855275516517,0.389888673474244,Relaksasi
05-10-2026 07:56:25,1.8571996,1373.99,1.43069665685495,5.06592051601953,0.389686193539964,Relaksasi
05-10-2026 07:56:25,1.8575341,1370.77,-1.00015655727388,5.06635210989322,0.389719393068709,Relaksasi
05-10-2026 07:56:25,1.8578092,1369.96,-0.581397302551153,5.05758741618604,0.389045185860465,Relaksasi
05-10-2026 07:56:25,1.8580759,1378.83,9.29518004962443,5.09302865104993,0.391771434696149,Relaksasi
05-10-2026 07:56:25,1.885208,1375.6,4.95197230328673,5.09452174119899,0.391886287784538,Relaksasi
05-10-2026 07:56:25,1.8858816,1369.96,-1.10937510850924,5.09246206243652,0.391727850956656,Relaksasi
05-10-2026 07:56:25,1.8866935,1370.77,0.340109553502127,5.09117606107006,0.39162892777462,Relaksasi
05-10-2026 07:56:25,1.8870033,1367.55,-2.66953529980466,5.09430208146638,0.391869390882029,Relaksasi
05-10-2026 07:56:25,1.8873471,1371.58,1.96896985985803,5.08158447205765,0.390891113235204,Relaksasi
05-10-2026 07:56:25,1.8879864,1371.58,1.46193167403622,5.03273043557625,0.387133110428942,Relaksasi
05-10-2026 07:56:25,1.8998153,1372.38,1.66674294756425,5.00012639168134,0.384625107052411,Relaksasi
05-10-2026 07:56:25,1.9000719,1373.99,2.51637022534639,5.00099705300401,0.384692081000309,Relaksasi
05-10-2026 07:56:25,1.9002914,1381.25,8.80254951744093,5.0305343175233,0.386964178271023,Relaksasi
05-10-2026 07:56:25,1.9005233,1369.16,-5.41366799314513,5.04293083845178,0.387917756803983,Relaksasi
05-10-2026 07:56:25,1.900752,1369.16,-4.58569399664691,5.05111061250108,0.388546970192391,Relaksasi
05-10-2026 07:56:25,1.900964,1366.74,-6.16314769662557,4.99979504206734,0.384599618620564,Relaksasi
05-10-2026 07:56:25,1.901173,1366.74,-4.93113881185392,5.00182585585916,0.384755835066089,Relaksasi
05-10-2026 07:56:25,1.9013815,1374.8,4.09567682552074,5.00991902934728,0.385378386872868,Relaksasi
05-10-2026 07:56:25,1.9016486,1377.22,5.63973988615431,5.02415998080374,0.38647384467721,Relaksasi
05-10-2026 07:56:25,1.9018647,1366.74,-6.05181009529279,5.04171535342128,0.387824257955483,Relaksasi
05-10-2026 07:56:25,1.9020756,1371.58,-0.123141224661866,4.99476495069537,0.384212688515029,Relaksasi
05-10-2026 07:56:25,1.9022835,1372.38,0.610085674839099,4.98777769741139,0.383675207493184,Relaksasi
05-10-2026 07:56:25,1.9024921,1361.9,-10.0986141391967,5.03623877508011,0.38740298269847,Relaksasi
05-10-2026 07:56:25,1.9026975,1378.83,8.63937492321651,5.07161052068404,0.390123886206465,Relaksasi
05-10-2026 07:56:25,1.9029207,1378.83,6.70824401096769,5.09109262735209,0.391622509796314,Relaksasi
05-10-2026 07:56:25,1.903128,1375.6,1.92456652216894,5.09208426116854,0.391698789320657,Relaksasi
05-10-2026 07:56:25,1.9033477,1373.99,-0.166578109280364,5.07292553261639,0.390225040970492,Relaksasi
05-10-2026 07:56:25,1.9035658,1369.16,-4.86923147174299,5.07973576176421,0.390748904751093,Relaksasi
05-10-2026 07:56:25,1.9037843,1365.93,-6.87867879650325,5.08270676704743,0.390977443619033,Relaksasi
05-10-2026 07:56:25,1.9039994,1378.02,6.89431917210101,5.09194798346445,0.391688306420343,Relaksasi
05-10-2026 07:56:25,1.90421,1372.38,0.233443981670055,5.06330871892325,0.38948528607102,Relaksasi
05-10-2026 07:56:25,1.9098648,1372.38,0.492469373551068,5.05461970046641,0.388816900035877,Relaksasi
05-10-2026 07:56:25,1.9100901,1369.16,-2.52879570589794,5.04239831484059,0.387876793449276,Relaksasi
05-10-2026 07:56:25,1.9103379,1379.63,8.68408877734235,5.07960442545923,0.390738801958402,Relaksasi
05-10-2026 07:56:25,1.9639717,1370.77,-1.66845362187378,5.08015374082797,0.390781056986767,Relaksasi
05-10-2026 07:56:25,1.9877854,1371.58,-0.340703820741534,5.0798856040008,0.390760431076984,Relaksasi
05-10-2026 07:56:25,1.9881014,1378.83,7.1671211469029,5.08658165261344,0.391275511739496,Relaksasi
05-10-2026 07:56:25,1.9884597,1353.85,-19.016017132667,5.2545476053176,0.404195969639815,Relaksasi
05-10-2026 07:56:25,1.9888758,1367.55,-1.4555315024686,5.22352436212233,0.401809566317102,Relaksasi
05-10-2026 07:56:25,1.9892303,1369.16,0.385687675729407,5.20862019319519,0.400663091784245,Relaksasi
05-10-2026 07:56:25,1.9897646,1369.96,0.751278628033182,5.17593419967434,0.398148784590334,Relaksasi
05-10-2026 07:56:25,1.9901443,1368.35,-1.63594354890266,5.16217585356063,0.397090450273895,Relaksasi
05-10-2026 07:56:25,1.9905445,1378.02,7.51363998920749,5.17614982383161,0.39816537106397,Relaksasi
05-10-2026 07:56:25,1.9908359,1374.8,1.88704480892872,5.13995147277465,0.395380882521127,Relaksasi
05-10-2026 07:56:25,1.9911324,1373.99,-0.171491911365795,5.10537116837379,0.392720859105676,Relaksasi
05-10-2026 07:56:25,1.9918082,1366.74,-8.06725083030608,5.13350430617277,0.394884946628674,Relaksasi
05-10-2026 07:56:25,1.9977974,1382.05,8.37372005169547,5.15844655600877,0.396803581231444,Relaksasi
05-10-2026 07:56:25,1.9988794,1368.35,-7.15673926813682,5.17916498292661,0.39839730637897,Relaksasi
05-10-2026 07:56:25,1.9997723,1375.6,1.55840269699922,5.17207739620568,0.397852107400437,Relaksasi
05-10-2026 07:56:25,2.000171,1378.02,3.98722186126765,5.16788254434423,0.397529426488018,Relaksasi
05-10-2026 07:56:25,2.0005316,1373.99,-0.297256941817139,5.16291524327693,0.397147326405917,Relaksasi
05-10-2026 07:56:25,2.000888,1374.8,1.2963083841803,5.15384702509686,0.396449771161297,Relaksasi
05-10-2026 07:56:25,2.0012117,1371.58,-1.29594810434169,5.15316855937616,0.396397581490474,Relaksasi
05-10-2026 07:56:25,2.001651,1377.22,5.55037958097025,5.16805821599724,0.397542939692095,Relaksasi
05-10-2026 07:56:25,2.002183,1378.02,6.22243003691757,5.18652101308929,0.398963154853023,Relaksasi
05-10-2026 07:56:25,2.0025277,1378.02,5.94569852347694,5.20269016751226,0.400206935962481,Relaksasi
05-10-2026 07:56:25,2.0028976,1379.63,7.3376004977402,5.22843835092336,0.402187565455643,Relaksasi
05-10-2026 07:56:25,2.0135876,1377.22,4.47215043795729,5.23093447661539,0.402379575124261,Relaksasi
05-10-2026 07:56:25,2.0141242,1366.74,-5.84656666530781,5.24419570388108,0.403399669529314,Relaksasi
05-10-2026 07:56:25,2.0144956,1367.55,-2.85603718889708,5.24158361179813,0.403198739369087,Relaksasi
05-10-2026 07:56:25,2.014825,1370.77,1.82090469063329,5.2385873728579,0.402968259450607,Relaksasi
05-10-2026 07:56:25,2.0151421,1370.77,2.09023674134962,5.19895899428683,0.399919922637448,Relaksasi
05-10-2026 07:56:25,2.0154769,1372.38,3.5929838223158,5.06415829453136,0.389550638040874,Relaksasi
05-10-2026 07:56:25,2.015811,1378.83,9.33497820541828,5.10493634197626,0.392687410921251,Relaksasi
05-10-2026 07:56:25,2.0161551,1372.38,0.838854123872466,5.10482234496145,0.392678641920112,Relaksasi
05-10-2026 07:56:25,2.0640169,1371.58,-0.438061774045156,5.09358487612284,0.391814221240218,Relaksasi
05-10-2026 07:56:25,2.0644702,1368.35,-3.90046537577607,5.10050474867261,0.392346519128663,Relaksasi
05-10-2026 07:56:25,2.0648362,1379.63,7.83036688335796,5.12736235801977,0.394412489078444,Relaksasi
05-10-2026 07:56:25,2.0651829,1378.02,4.42111082404748,5.13612493798441,0.395086533691109,Relaksasi
05-10-2026 07:56:25,2.0782427,1369.96,-4.63477266704693,5.14583880925411,0.395833754558009,Relaksasi
05-10-2026 07:56:25,2.078973,1371.58,-2.035026825355,5.13149601403174,0.394730462617826,Relaksasi
05-10-2026 07:56:25,2.0794115,1369.16,-3.81067490815019,5.13374121115191,0.394903170088608,Relaksasi
05-10-2026 07:56:25,2.0797366,1373.99,2.09690947532657,5.13461513913987,0.394970395318451,Relaksasi
05-10-2026 07:56:25,2.0799921,1369.16,-2.78881760277585,5.13836701303828,0.395259001002945,Relaksasi
05-10-2026 07:56:25,2.1129236,1379.63,8.54936035997481,5.15425167017038,0.396480897705414,Relaksasi
05-10-2026 07:56:25,2.1141242,1369.96,-2.49847769608418,5.15727817529897,0.396713705792228,Relaksasi
05-10-2026 07:56:25,2.1156228,1366.74,-4.95178189430308,5.12897647082297,0.394536651601767,Relaksasi
05-10-2026 07:56:25,2.1177962,1367.55,-2.9380448034612,5.1307508981165,0.394673146008961,Relaksasi
05-10-2026 07:56:25,2.1184217,1368.35,-1.46425995107126,5.12089499215094,0.393914999396226,Relaksasi
05-10-2026 07:56:25,2.118844,1377.22,7.5858974167433,5.14341057252646,0.39564696711742,Relaksasi
05-10-2026 07:56:25,2.1193065,1368.35,-3.05663086408702,5.13752134225544,0.395193949404264,Relaksasi
05-10-2026 07:56:25,2.1197676,1365.93,-5.28447830135074,5.1495136357343,0.396116433518023,Relaksasi
05-10-2026 07:56:25,2.1201207,1375.6,4.92522726445178,5.14421263333689,0.395708664102838,Relaksasi
05-10-2026 07:56:25,2.1205102,1370.77,-1.43563672245186,5.10790070328837,0.39291543871449,Relaksasi
05-10-2026 07:56:25,2.1209146,1370.77,-1.73746634256239,5.1086850058043,0.392975769677254,Relaksasi
05-10-2026 07:56:25,2.1213018,1368.35,-4.35186916180106,5.10657609602675,0.392813545848212,Relaksasi
05-10-2026 07:56:25,2.1217603,1370.77,-1.55987433806602,5.07446011510211,0.390343085777085,Relaksasi
05-10-2026 07:56:25,2.1222801,1368.35,-4.10570082631554,5.03706809313242,0.387466776394802,Relaksasi
05-10-2026 07:56:25,2.1226927,1374.8,2.74769213751616,5.02468533209221,0.386514256314785,Relaksasi
05-10-2026 07:56:25,2.1230178,1369.16,-3.78648220063895,5.02931193247935,0.386870148652258,Relaksasi
05-10-2026 07:56:25,2.1233349,1364.32,-8.18567734677343,5.06227841487815,0.389406031913704,Relaksasi
05-10-2026 07:56:25,2.1235809,1373.99,2.8122411665364,5.04739029638772,0.388260792029825,Relaksasi
05-10-2026 07:56:25,2.123818,1374.8,2.77951193173629,5.03770190358466,0.387515531044974,Relaksasi
05-10-2026 07:56:25,2.1240938,1377.22,4.36445714590342,5.03656050893766,0.387427731456743,Relaksasi
05-10-2026 07:56:25,2.1245619,1368.35,-5.5588752597493,5.04380305906622,0.387984850697402,Relaksasi
05-10-2026 07:56:25,2.124863,1381.25,8.36129180988575,5.06911513276235,0.389931933289411,Relaksasi
05-10-2026 07:56:25,2.1251865,1377.22,2.79189101713776,5.07240545066043,0.390185034666187,Relaksasi
05-10-2026 07:56:25,2.1256062,1374.8,0.127804363627996,5.0701688950286,0.390012991925277,Relaksasi
05-10-2026 07:56:25,2.1260117,1373.99,-0.158522004609097,5.05754179136604,0.389041676258926,Relaksasi
05-10-2026 07:56:25,2.1460679,1365.93,-7.43006286380639,5.06699168009982,0.389768590776909,Relaksasi
05-10-2026 07:56:25,2.1466234,1365.13,-5.92527083461935,5.07033391690476,0.390025685915751,Relaksasi
05-10-2026 07:56:25,2.1468976,1370.77,1.64242376445176,5.05538908141637,0.388876083185875,Relaksasi
05-10-2026 07:56:25,2.1472264,1371.58,2.66077418820195,5.05421387695813,0.388785682842933,Relaksasi
05-10-2026 07:56:25,2.159621,1373.99,4.78354585803944,5.0612844927547,0.389329576365746,Relaksasi
05-10-2026 07:56:25,2.1601155,1370.77,0.598566098829161,5.05146985689227,0.388574604376328,Relaksasi
05-10-2026 07:56:25,2.1604075,1371.58,1.05965092419319,5.02787739644372,0.38675979972644,Relaksasi
05-10-2026 07:56:25,2.1606688,1372.38,1.27810488266472,5.00745399780363,0.385188769061818,Relaksasi
05-10-2026 07:56:25,2.1609025,1393.33,21.5169074573337,5.22808462925399,0.402160356096461,Relaksasi
05-10-2026 07:56:25,2.161266,1375.6,-0.792467154624532,5.22815125214946,0.402165480934574,Relaksasi
05-10-2026 07:56:25,2.161658,1372.38,-3.9228901507908,5.22757376757162,0.40212105904397,Relaksasi
05-10-2026 07:56:25,2.1619998,1374.8,-0.396469290839816,5.19261395339978,0.399431842569214,Relaksasi
05-10-2026 07:56:25,2.1625192,1374.8,0.352945765686786,5.1409897245811,0.3954607480447,Relaksasi
05-10-2026 07:56:25,2.1628353,1378.83,5.22946980038109,5.13777545061706,0.395213496201312,Relaksasi
05-10-2026 07:56:25,2.1631391,1372.38,-1.14494198862544,5.09859194914116,0.392199380703166,Relaksasi
05-10-2026 07:56:25,2.1634377,1366.74,-5.34866396159078,5.08535531028996,0.391181177714612,Relaksasi
05-10-2026 07:56:25,2.1637131,1370.77,0.92616817616693,5.07145277292246,0.390111751763266,Relaksasi
05-10-2026 07:56:25,2.1640094,1379.63,10.6275634408209,5.12527358633779,0.394251814333676,Relaksasi
05-10-2026 07:56:25,2.1643691,1370.77,0.470063270974027,5.12071521871345,0.393901170670265,Relaksasi
05-10-2026 07:56:25,2.1652182,1365.93,-3.90398753108872,5.11305197557823,0.393311690429094,Relaksasi
05-10-2026 07:56:25,2.1903891,1369.16,0.411869551990001,5.10660275904193,0.392815596849379,Relaksasi
05-10-2026 07:56:25,2.1909507,1374.8,5.99934881046315,5.12316456296767,0.394089581766744,Relaksasi
05-10-2026 07:56:25,2.1913031,1368.35,-1.8791975254569,5.11917740860053,0.393782877584656,Relaksasi
05-10-2026 07:56:25,2.1916939,1371.58,1.24627623830917,5.11857521541386,0.393736555031835,Relaksasi
05-10-2026 07:56:25,2.1922047,1371.58,0.38457761630831,5.10503885958945,0.392695296891496,Relaksasi
05-10-2026 07:56:25,2.1927613,1372.38,0.407800506492349,5.10464369109871,0.392664899315286,Relaksasi
05-10-2026 07:56:25,2.1930965,1373.99,1.23384127010648,5.07569635953737,0.390438181502874,Relaksasi
05-10-2026 07:56:25,2.1933762,1378.02,4.39672935831651,5.05414477247238,0.38878036711326,Relaksasi
05-10-2026 07:56:25,2.1936741,1369.16,-5.77332559366177,5.06323542513475,0.389479648087288,Relaksasi
05-10-2026 07:56:25,2.1940115,1372.38,-1.64267813604769,5.06420274547061,0.389554057343893,Relaksasi
05-10-2026 07:56:25,2.1943718,1365.13,-8.56847506393865,5.09642727752422,0.392032867501863,Relaksasi
05-10-2026 07:56:25,2.1947548,1371.58,-0.310263756180255,5.04914262054899,0.388395586196076,Relaksasi
05-10-2026 07:56:25,2.195088,1368.35,-3.31175108586103,5.05448170237776,0.388806284798289,Relaksasi
05-10-2026 07:56:25,2.1954394,1374.8,3.90467149987483,5.06097407644758,0.389305698188275,Relaksasi
05-10-2026 07:56:25,2.19618,1382.05,10.4410534808152,5.11289771403513,0.393299824156548,Relaksasi
05-10-2026 07:56:25,2.196783,1364.32,-9.28492468316902,5.14757694068742,0.395967456975956,Relaksasi
05-10-2026 07:56:25,2.1971855,1373.99,2.29613384842003,5.14454438674377,0.395734183595674,Relaksasi
05-10-2026 07:56:25,2.1976624,1371.58,-0.433622736187259,5.14303624777674,0.395618172905903,Relaksasi
05-10-2026 07:56:25,2.1980579,1379.63,7.81673724392601,5.1363253779998,0.395101952153831,Relaksasi
05-10-2026 07:56:25,2.1992444,1366.74,-6.46036431733313,5.15602584152265,0.396617372424819,Relaksasi
05-10-2026 07:56:25,2.1997672,1373.99,2.23408623630676,5.15769384313572,0.396745680241209,Relaksasi
05-10-2026 07:56:25,2.2003166,1374.8,2.8122639530082,5.1513311027121,0.396256238670162,Relaksasi
05-10-2026 07:56:25,2.2013932,1377.22,4.8888308812439,5.16262801513386,0.397125231933374,Relaksasi
05-10-2026 07:56:25,2.2018415,1369.96,-3.07772809263415,5.11300462597864,0.393308048152203,Relaksasi
05-10-2026 07:56:25,2.246223,1365.93,-6.19837277210079,5.12808006072282,0.394467696978679,Relaksasi
05-10-2026 07:56:25,2.2467038,1378.02,7.40781849467186,5.15192623305627,0.396302017927405,Relaksasi
05-10-2026 07:56:25,2.2469734,1364.32,-7.49854351977664,5.17133353287944,0.397794887144573,Relaksasi
05-10-2026 07:56:25,2.2472357,1377.22,7.01116319005239,5.16956348932984,0.397658729948449,Relaksasi
05-10-2026 07:56:25,2.2475865,1370.77,-0.762749690013601,5.13220028187147,0.394784637067037,Relaksasi
05-10-2026 07:56:25,2.2481131,1369.16,-2.26515796782302,5.11611177217299,0.393547059397922,Relaksasi
05-10-2026 07:56:25,2.248588,1371.58,0.49213811855686,5.11540904109613,0.393493003161241,Relaksasi
05-10-2026 07:56:25,2.2490708,1365.93,-5.43380477673343,5.12966640565515,0.394589723511935,Relaksasi
05-10-2026 07:56:25,2.2494928,1372.38,1.80509213706788,5.12632992069031,0.394333070822332,Relaksasi
05-10-2026 07:56:25,2.2498465,1366.74,-4.5612430327672,5.1363979792203,0.3951075368631,Relaksasi
05-10-2026 07:56:25,2.2501978,1377.22,6.33462778412011,5.14813490381352,0.396010377216424,Relaksasi
05-10-2026 07:56:25,2.250565,1381.25,8.59987478413954,5.17704703336766,0.398234387182128,Relaksasi
05-10-2026 07:56:25,2.2510355,1368.35,-6.43341584218241,5.17447984162328,0.398036910894099,Relaksasi
05-10-2026 07:56:25,2.2514141,1375.6,1.81347598747675,5.15419842056447,0.396476801581882,Relaksasi
05-10-2026 07:56:25,2.2518402,1369.16,-5.02200970668063,5.16301370477065,0.397154900366973,Relaksasi
05-10-2026 07:56:25,2.2522049,1378.02,4.95593606052939,5.12028687797063,0.393868221382357,Relaksasi
05-10-2026 07:56:25,2.2529925,1367.55,-6.18877938189239,5.1380659529836,0.3952358425372,Relaksasi
05-10-2026 07:56:25,2.2533681,1372.38,0.255550359101271,5.13804090727847,0.395233915944498,Relaksasi
05-10-2026 07:56:25,2.2537157,1371.58,-0.142376851960735,5.1370687078329,0.395159131371761,Relaksasi
05-10-2026 07:56:25,2.2540626,1368.35,-2.9218057968579,5.06388083925249,0.389529295327114,Relaksasi
05-10-2026 07:56:25,2.262611,1368.35,-2.01376887795398,5.0634872051184,0.389499015778338,Relaksasi
05-10-2026 07:56:25,2.2709581,1369.96,0.172038539181083,5.00643181523991,0.385110139633839,Relaksasi
05-10-2026 07:56:25,2.2714256,1371.58,1.73601414977682,5.00487613876785,0.384990472212912,Relaksasi
05-10-2026 07:56:25,2.2971551,1378.02,7.61145958151228,5.03361259601852,0.387200968924502,Relaksasi
05-10-2026 07:56:25,2.2976355,1372.38,0.133216602227558,5.02984067212821,0.386910820932939,Relaksasi
05-10-2026 07:56:25,2.2980493,1371.58,-1.0599937822662,5.02852631102562,0.38680971623274,Relaksasi
05-10-2026 07:56:25,2.2985136,1373.99,1.24641453635634,5.02828401814328,0.386791078318714,Relaksasi
05-10-2026 07:56:25,2.2989079,1379.63,6.41716692844735,5.04735304318358,0.388257926398737,Relaksasi
05-10-2026 07:56:25,2.2992564,1369.96,-4.58712135148197,5.05099409742127,0.388538007493944,Relaksasi
05-10-2026 07:56:25,2.2995811,1370.77,-2.77025790039813,5.05248728835744,0.388652868335188,Relaksasi
05-10-2026 07:56:25,2.2999087,1368.35,-4.37720426618437,5.02349171228988,0.386422439406914,Relaksasi
05-10-2026 07:56:25,2.3002983,1370.77,-0.766684385225648,5.01389006703238,0.385683851310183,Relaksasi
05-10-2026 07:56:25,2.3006198,1366.74,-4.33731613980933,5.0227706177572,0.386366970596708,Relaksasi
05-10-2026 07:56:25,2.3009325,1369.96,-0.0688923975238787,5.01691485571853,0.385916527362964,Relaksasi
05-10-2026 07:56:25,2.3413568,1365.93,-4.05436265531475,5.00631010898413,0.385100777614164,Relaksasi
05-10-2026 07:56:25,2.3417036,1378.83,9.45099620826226,5.04467834884994,0.388052180680765,Relaksasi
05-10-2026 07:56:25,2.3419536,1375.6,4.00181619045513,5.05013324519331,0.388471788091793,Relaksasi
05-10-2026 07:56:25,2.3421784,1364.32,-8.50216008969708,5.06690741110942,0.389762108546878,Relaksasi
05-10-2026 07:56:25,2.3424046,1372.38,0.791932114835616,5.06571642497314,0.389670494228703,Relaksasi
05-10-2026 07:56:25,2.3426251,1367.55,-4.61030562341556,5.07353507748044,0.390271929036957,Relaksasi
05-10-2026 07:56:25,2.3428425,1371.58,-0.109414488046286,5.06443892223674,0.389572224787442,Relaksasi
05-10-2026 07:56:25,2.3430845,1366.74,-5.36403412323133,5.06836536214585,0.389874258626604,Relaksasi
05-10-2026 07:56:25,2.3492545,1378.02,6.51107869440509,5.08837010719076,0.39141308516852,Relaksasi
05-10-2026 07:56:25,2.3496229,1378.02,4.80051175980222,5.0517275237548,0.388594424904215,Relaksasi
05-10-2026 07:56:25,2.3499586,1365.13,-9.35665211596671,5.09243223485745,0.391725556527496,Relaksasi
05-10-2026 07:56:25,2.3502876,1365.93,-6.88852923020474,5.11280152231153,0.393292424793194,Relaksasi
05-10-2026 07:56:25,2.350603,1373.99,2.45226691943403,5.10974188745718,0.393057068265937,Relaksasi
05-10-2026 07:56:25,2.3509174,1363.52,-8.55741857881348,5.1432458736902,0.395634297976169,Relaksasi
05-10-2026 07:56:25,2.3512261,1368.35,-2.16583965264381,5.13580661216227,0.395062047089406,Relaksasi
05-10-2026 07:56:25,2.3617672,1367.55,-2.76344532960718,5.13494226775355,0.394995559057965,Relaksasi
05-10-2026 07:56:25,2.3621314,1371.58,1.41802397441569,5.11531233702614,0.393485564386626,Relaksasi
05-10-2026 07:56:25,2.3624754,1369.16,-1.82516641588029,5.11339363721217,0.393337972093244,Relaksasi
05-10-2026 07:56:25,2.3629021,1372.38,1.08893374903119,5.09996864850356,0.39230528065412,Relaksasi
05-10-2026 07:56:25,2.3631576,1379.63,7.40976711198676,5.11692189604604,0.393609376618926,Relaksasi
05-10-2026 07:56:25,2.3633829,1367.55,-6.78032794301293,5.13931998148125,0.395332306267789,Relaksasi
05-10-2026 07:56:25,2.3636022,1373.99,0.475274202655164,5.12144876807491,0.393957597544224,Relaksasi
05-10-2026 07:56:25,2.3638798,1377.22,3.29052112783202,5.09976274276217,0.392289441750936,Relaksasi
05-10-2026 07:56:25,2.3641685,1374.8,0.109084374278932,5.09876505291713,0.392212696378241,Relaksasi
05-10-2026 07:56:25,2.3643963,1379.63,5.04554082358892,5.11074269653308,0.393134053579468,Relaksasi
05-10-2026 07:56:25,2.364614,1379.63,4.46602697889768,5.12032496829356,0.393871151407197,Relaksasi
05-10-2026 07:56:25,2.3649075,1362.71,-12.6145734979417,5.15571171060122,0.396593208507786,Relaksasi
05-10-2026 07:56:25,2.3651443,1370.77,-1.14172426663163,5.14444076318049,0.395726212552346,Relaksasi
05-10-2026 07:56:25,2.3840432,1379.63,8.94292151636723,5.18256658678455,0.398658968214196,Relaksasi
05-10-2026 07:56:25,2.3844111,1372.38,0.871114725864768,5.18287683224692,0.398682833249763,Relaksasi
05-10-2026 07:56:25,2.3847306,1365.93,-4.9152688755736,5.19108654380307,0.399314349523313,Relaksasi
05-10-2026 07:56:25,2.3850496,1369.16,-0.0341964089354914,5.18921970441415,0.399170746493396,Relaksasi
05-10-2026 07:56:25,2.3854238,1374.8,6.05486560959173,5.20582576613292,0.400448135856378,Relaksasi
05-10-2026 07:56:25,2.3857665,1375.6,5.8271552073279,5.22077680389792,0.401598215684455,Relaksasi
05-10-2026 07:56:25,2.3860214,1362.71,-8.26649328517349,5.2503832618898,0.403875635529985,Relaksasi
05-10-2026 07:56:25,2.3864227,1374.8,5.19924790384865,5.22630470796776,0.402023439074443,Relaksasi
05-10-2026 07:56:25,2.3866953,1379.63,8.61058224697278,5.24770735921748,0.403669796862883,Relaksasi
05-10-2026 07:56:25,2.3869146,1367.55,-5.63400490222548,5.25280873790608,0.40406221060816,Relaksasi
05-10-2026 07:56:25,2.3872516,1372.38,-0.144993660787096,5.23470942891567,0.402669956070436,Relaksasi
05-10-2026 07:56:25,2.387469,1372.38,-0.47743618081095,5.22319269047233,0.401784053113256,Relaksasi
05-10-2026 07:56:25,2.3877042,1378.83,5.78735578869185,5.23118882030008,0.402399140023083,Relaksasi
05-10-2026 07:56:25,2.3882417,1367.55,-6.76728662380341,5.23787017641318,0.402913090493322,Relaksasi
05-10-2026 07:56:25,2.3964701,1377.22,4.24175283143142,5.22896971622766,0.40222843970982,Relaksasi
05-10-2026 07:56:25,2.4011743,1372.38,-1.25602615790298,5.22971667329757,0.402285897945967,Relaksasi
05-10-2026 07:56:25,2.4017329,1367.55,-5.53877839822905,5.24418399668021,0.403398768975401,Relaksasi
05-10-2026 07:56:25,2.4020736,1365.93,-5.69002243596811,5.21089603906891,0.400838156851455,Relaksasi
05-10-2026 07:56:25,2.4023768,1372.38,2.22151506173544,5.17734673172583,0.398257440901987,Relaksasi
05-10-2026 07:56:25,2.4026957,1365.93,-4.45083160391547,5.16516853566181,0.39732065658937,Relaksasi
05-10-2026 07:56:25,2.4030414,1374.8,5.30705028752657,5.17699431466475,0.398230331897289,Relaksasi
05-10-2026 07:56:25,2.4033847,1374.8,4.09444337219794,5.18507027198083,0.398851559383141,Relaksasi
05-10-2026 07:56:25,2.4037178,1365.93,-5.88530483522027,5.19033628147249,0.399256637036345,Relaksasi
05-10-2026 07:56:25,2.4040422,1365.13,-5.91569884929816,5.18439842886523,0.398799879143479,Relaksasi
05-10-2026 07:56:25,2.4043355,1373.99,3.62755605952151,5.16779689034033,0.397522837718487,Relaksasi
05-10-2026 07:56:25,2.404636,1376.41,4.75656832403237,5.17870417483507,0.398361859602698,Relaksasi
05-10-2026 07:56:25,2.4049308,1366.74,-6.45382364292806,5.19865593188325,0.399896610144865,Relaksasi
05-10-2026 07:56:25,2.4052292,1377.22,4.73402005324564,5.20635229203871,0.400488637849131,Relaksasi
05-10-2026 07:56:25,2.4055337,1369.96,-3.89721806409515,5.17735248390028,0.398257883376945,Relaksasi
05-10-2026 07:56:25,2.4058379,1374.8,1.39413769926396,5.1769467985222,0.3982266768094,Relaksasi
05-10-2026 07:56:25,2.4061406,1378.02,4.19749457837459,5.18539222845672,0.398876325265901,Relaksasi
05-10-2026 07:56:25,2.4064718,1378.02,3.42576393439501,5.16624948371044,0.397403806439265,Relaksasi
05-10-2026 07:56:25,2.4068076,1375.6,0.633917838308764,4.98839638051324,0.383722798501019,Relaksasi
05-10-2026 07:56:25,2.4071473,1369.16,-5.35723296111574,5.00170024235185,0.384746172488604,Relaksasi
05-10-2026 07:56:25,2.407492,1366.74,-5.94249110762403,5.01924571447219,0.386095824190169,Relaksasi
05-10-2026 07:56:25,2.4078104,1370.77,0.101550145665865,5.01896971564117,0.386074593510859,Relaksasi
05-10-2026 07:56:25,2.4081202,1371.58,1.64689839665513,5.01898762916305,0.386075971474081,Relaksasi
05-10-2026 07:56:25,2.4084828,1361.9,-7.79400223162002,5.02112489848511,0.386240376806547,Relaksasi
05-10-2026 07:56:25,2.4352431,1375.6,7.71482572856335,5.0489091134366,0.388377624110507,Relaksasi
05-10-2026 07:56:25,2.4475216,1365.93,-3.49740390408117,5.05494761186565,0.388842123989665,Relaksasi
05-10-2026 07:56:25,2.4479182,1378.02,8.92964317553449,5.0621917501338,0.389399365394908,Relaksasi
05-10-2026 07:56:25,2.4482133,1375.6,4.1988860000352,5.03620319246636,0.387400245574335,Relaksasi
05-10-2026 07:56:25,2.4484409,1377.22,4.34750001463166,5.02013463892493,0.386164202994226,Relaksasi
05-10-2026 07:56:25,2.4486772,1365.13,-9.15759719741989,5.06052533145076,0.389271179342366,Relaksasi
05-10-2026 07:56:25,2.4488927,1378.83,5.91917274267552,5.06997139727515,0.389997799790396,Relaksasi
05-10-2026 07:56:25,2.4491171,1375.6,1.28930147112963,5.07074744511676,0.390057495778212,Relaksasi
05-10-2026 07:56:25,2.4496343,1377.22,2.61505827857839,5.0732898817262,0.390253067825093,Relaksasi
05-10-2026 07:56:25,2.4499694,1368.35,-6.54660373292184,5.09354129449829,0.391810868807561,Relaksasi
05-10-2026 07:56:25,2.4502786,1369.16,-4.00258918891471,5.0862788905418,0.391252222349369,Relaksasi
05-10-2026 07:56:25,2.4506174,1373.19,1.39274838133158,5.06816914820509,0.389859165246546,Relaksasi
05-10-2026 07:56:25,2.45091,1372.38,0.902868796177775,5.05110460399239,0.388546507999415,Relaksasi
05-10-2026 07:56:25,2.4738067,1372.38,1.26473121168742,5.02518194101866,0.386552457001435,Relaksasi
05-10-2026 07:56:25,2.4881413,1379.63,8.721006570553,5.05299244712077,0.388691726701598,Relaksasi
05-10-2026 07:56:25,2.4887066,1369.96,-2.26801079107744,5.03860499806666,0.387584999851282,Relaksasi
05-10-2026 07:56:25,2.4889493,1379.63,8.19372136836336,5.06778461793044,0.389829585994649,Relaksasi
05-10-2026 07:56:25,2.5110463,1375.6,2.91084978168266,5.0703281645795,0.390025243429193,Relaksasi
05-10-2026 07:56:25,2.5114078,1369.16,-3.71139475119857,5.07496349773571,0.390381807518131,Relaksasi
05-10-2026 07:56:25,2.5117063,1366.74,-4.96929270400021,5.08076531533418,0.390828101179553,Relaksasi
05-10-2026 07:56:25,2.5119905,1367.55,-2.785558774221,5.04155370768257,0.38781182366789,Relaksasi
05-10-2026 07:56:25,2.5122726,1378.83,9.29096490193859,5.08383276183309,0.391064058602546,Relaksasi
05-10-2026 07:56:25,2.5125594,1377.22,5.94012717672657,5.10106083222662,0.392389294786663,Relaksasi
05-10-2026 07:56:25,2.5130621,1378.83,6.37424008500845,5.1135025321833,0.393346348629485,Relaksasi
05-10-2026 07:56:25,2.5312401,1379.63,5.95917529837303,5.10087186372965,0.392374758748434,Relaksasi
05-10-2026 07:56:25,2.5317007,1372.38,-2.26469670943366,5.09380083253407,0.391830833271852,Relaksasi
05-10-2026 07:56:25,2.5320303,1372.38,-1.41663545794243,5.08423402424124,0.391094924941634,Relaksasi
05-10-2026 07:56:25,2.5323826,1365.93,-7.00350160861236,5.10626812028725,0.392789855406712,Relaksasi
05-10-2026 07:56:25,2.5327403,1367.55,-3.36596798698703,5.10470533943253,0.39266964149481,Relaksasi
05-10-2026 07:56:25,2.5330306,1367.55,-2.14492942037945,5.10480509586649,0.392677315066653,Relaksasi
05-10-2026 07:56:25,2.5333093,1367.55,-1.38103362014039,5.10192942110889,0.392456109316068,Relaksasi
05-10-2026 07:56:25,2.533526,1367.55,-1.06236031763437,5.06654409359825,0.38973416104602,Relaksasi
05-10-2026 07:56:25,2.5337527,1371.58,2.89442146182372,5.06759760403088,0.389815200310068,Relaksasi
05-10-2026 07:56:25,2.5339934,1379.63,9.79440213629593,5.10270480458876,0.392515754199135,Relaksasi
05-10-2026 07:56:25,2.547999,1370.77,-1.74051216843623,5.0999590880202,0.392304545232323,Relaksasi
05-10-2026 07:56:25,2.5482863,1377.22,4.2765852080328,5.10786729650116,0.392912868961628,Relaksasi
05-10-2026 07:56:25,2.5485056,1377.22,2.79191613899019,5.08345877323846,0.391035290249113,Relaksasi
05-10-2026 07:56:25,2.5487157,1372.38,-3.01354028272831,5.08333013517682,0.391025395013602,Relaksasi
05-10-2026 07:56:25,2.548943,1367.55,-7.37310214696428,5.09631532432574,0.392024255717365,Relaksasi
05-10-2026 07:56:25,2.5491734,1374.8,1.46338200752702,5.08545455209509,0.391188811699622,Relaksasi
05-10-2026 07:56:25,2.5493811,1372.38,-0.918499863439488,5.08485603999033,0.391142772306948,Relaksasi
05-10-2026 07:56:25,2.549589,1375.6,2.91951381632023,5.08756177412981,0.391350905702293,Relaksasi
05-10-2026 07:56:25,2.5498016,1372.38,-0.345663577559207,5.07830566194316,0.390638897072551,Relaksasi
05-10-2026 07:56:25,2.5662025,1374.8,2.72068647961989,5.08075122703061,0.390827017463893,Relaksasi
05-10-2026 07:56:25,2.5665076,1369.16,-2.84834340458574,5.07644702871499,0.390495925285769,Relaksasi
05-10-2026 07:56:25,2.5668122,1368.35,-2.52780133656122,5.07587571488133,0.390451978067794,Relaksasi
05-10-2026 07:56:25,2.5670251,1371.58,1.66256094661856,5.07017234225321,0.3900132570964,Relaksasi
05-10-2026 07:56:25,2.5672572,1365.13,-4.827414784648,5.04857808492026,0.388352160378482,Relaksasi
05-10-2026 07:56:25,2.5674626,1370.77,1.80682014851018,5.04627785331809,0.388175219486007,Relaksasi
05-10-2026 07:56:25,2.5676678,1372.38,2.85294124189075,5.04648274629407,0.388190980484159,Relaksasi
05-10-2026 07:56:25,2.5678929,1369.16,-1.37233452759004,5.03797203128696,0.387536310098997,Relaksasi
05-10-2026 07:56:25,2.5681163,1378.83,7.95185445503681,5.05399017249073,0.388768474806979,Relaksasi
05-10-2026 07:56:25,2.5683191,1381.25,8.14299004713886,5.05220764562598,0.388631357355844,Relaksasi
05-10-2026 07:56:25,2.5688005,1379.63,4.36448878299864,5.05777348533406,0.389059498871851,Relaksasi
05-10-2026 07:56:25,2.5691143,1373.99,-2.39733078217002,5.06060539200274,0.389277337846364,Relaksasi
05-10-2026 07:56:25,2.5693965,1384.47,8.67560213855493,5.09763981169423,0.392126139361094,Relaksasi
05-10-2026 07:56:25,2.5696787,1377.22,0.284304420553246,5.07053316959736,0.390041013045951,Relaksasi
05-10-2026 07:56:25,2.5700072,1374.8,-1.19952883373497,5.05390510385622,0.388761931065863,Relaksasi
05-10-2026 07:56:25,2.5703043,1369.16,-5.22964085734004,5.06608475424144,0.389698827249342,Relaksasi
05-10-2026 07:56:25,2.5706122,1373.19,1.41102583983411,5.06357295892515,0.389505612225011,Relaksasi
05-10-2026 07:56:25,2.5708923,1372.38,1.92806986042056,5.05410197981911,0.388777075370701,Relaksasi
05-10-2026 07:56:25,2.5994236,1374.8,5.42496994508969,5.06846198664484,0.389881691280372,Relaksasi
05-10-2026 07:56:25,2.5996867,1377.22,7.99940005179033,5.09937688503222,0.392259760387094,Relaksasi
05-10-2026 07:56:25,2.5999915,1368.35,-1.4790312039573,5.09964847040037,0.39228065156926,Relaksasi
05-10-2026 07:56:25,2.6002717,1379.63,10.7812801506297,4.92673400920441,0.37897953916957,Relaksasi
05-10-2026 07:56:25,2.6004906,1369.16,-1.3485773297765,4.92733815366548,0.379026011820421,Relaksasi
05-10-2026 07:56:25,2.6006938,1367.55,-2.45943007302066,4.92259686814917,0.378661297549936,Relaksasi
05-10-2026 07:56:25,2.6092094,1368.35,-1.14351426361314,4.92318109672746,0.378706238209805,Relaksasi
05-10-2026 07:56:25,2.6095848,1373.99,4.51730458212156,4.93346931287155,0.379497639451658,Relaksasi
05-10-2026 07:56:25,2.6099083,1378.02,7.24426084413617,4.94618835720691,0.380476027477455,Relaksasi
05-10-2026 07:56:25,2.6480909,1376.41,3.69176319850595,4.95241056272113,0.380954658670856,Relaksasi
05-10-2026 07:56:25,2.6484528,1369.16,-4.75619625425537,4.94938747371094,0.38072211336238,Relaksasi
05-10-2026 07:56:25,2.6487704,1373.99,0.669569928482256,4.94918064399751,0.380706203384424,Relaksasi
05-10-2026 07:56:25,2.6490831,1378.02,4.39358964898355,4.90165091305925,0.377050070235327,Relaksasi
05-10-2026 07:56:25,2.6493951,1374.8,0.318359319217027,4.90158990934387,0.377045377641836,Relaksasi
05-10-2026 07:56:25,2.6497352,1371.58,-2.73968653839881,4.89764305128605,0.37674177317585,Relaksasi
05-10-2026 07:56:25,2.6500411,1369.16,-4.18901999837385,4.90650575439438,0.377423519568798,Relaksasi
05-10-2026 07:56:25,2.6503479,1367.55,-4.4200057713459,4.89811392703873,0.376777994387595,Relaksasi
05-10-2026 07:56:25,2.650662,1375.6,5.05093136950288,4.90931997979858,0.377639998446044,Relaksasi
05-10-2026 07:56:25,2.6509447,1379.63,8.55933360306525,4.9457019320195,0.380438610155346,Relaksasi
05-10-2026 07:56:25,2.6512084,1365.93,-6.42160115153653,4.96642858676269,0.382032968212515,Relaksasi
05-10-2026 07:56:25,2.65147,1374.8,4.04965347236352,4.9745934373956,0.382661033645815,Relaksasi
05-10-2026 07:56:25,2.6517737,1378.83,7.5682269234377,5.00253519126088,0.38481039932776,Relaksasi
05-10-2026 07:56:25,2.6520565,1375.6,3.08444713241266,4.9976265631913,0.384432812553177,Relaksasi
05-10-2026 07:56:25,2.6523284,1361.9,-10.967562645887,5.04093760872126,0.387764431440097,Relaksasi
05-10-2026 07:56:25,2.6525899,1371.58,1.1175876912789,5.04021874812648,0.387709134471268,Relaksasi
05-10-2026 07:56:25,2.6528554,1372.38,1.87585121765077,5.00542758346505,0.385032891035773,Relaksasi
05-10-2026 07:56:25,2.6531281,1377.22,6.38326166055843,5.02568941762785,0.386591493663681,Relaksasi
05-10-2026 07:56:25,2.6534304,1368.35,-3.79091514152017,5.0273821054535,0.3867217004195,Relaksasi
05-10-2026 07:56:25,2.6536904,1379.63,8.13263413680047,5.05262676502428,0.38866359730956,Relaksasi
05-10-2026 07:56:25,2.6539594,1369.16,-4.01017303181125,5.00643252989779,0.385110194607523,Relaksasi
05-10-2026 07:56:25,2.6542968,1373.99,1.5695829130871,4.96443707757118,0.381879775197783,Relaksasi
05-10-2026 07:56:25,2.6545763,1378.02,5.33004462356945,4.97607488110462,0.382774990854202,Relaksasi
05-10-2026 07:56:25,2.6548489,1368.35,-5.25753230787845,4.98984862584183,0.383834509680141,Relaksasi
05-10-2026 07:56:25,2.6551226,1368.35,-4.00496452659438,4.96722066224253,0.382093897095579,Relaksasi
05-10-2026 07:56:25,2.6553952,1367.55,-3.75475426123676,4.95329087270848,0.381022374823729,Relaksasi
05-10-2026 07:56:25,2.655657,1365.93,-4.43930835204245,4.96071285767716,0.381593296744397,Relaksasi
05-10-2026 07:56:25,2.6559919,1369.16,-0.302444886057011,4.9567716588685,0.381290127605269,Relaksasi
05-10-2026 07:56:25,2.6562822,1372.38,2.79012255365685,4.94863676789448,0.380664366761114,Relaksasi
05-10-2026 07:56:25,2.6566229,1368.35,-2.19136927061263,4.94627681250222,0.38048283173094,Relaksasi
05-10-2026 07:56:25,2.6957859,1370.77,0.0813421559420355,4.92682334405438,0.378986411081106,Relaksasi
05-10-2026 07:56:25,2.6961982,1379.63,8.23389561612144,4.93337557604882,0.379490428926833,Relaksasi
05-10-2026 07:56:25,2.6971445,1367.55,-6.16335174119148,4.92412310195362,0.378778700150279,Relaksasi
05-10-2026 07:56:25,2.6974993,1377.22,4.09393274116047,4.90764787889793,0.377511375299841,Relaksasi
05-10-2026 07:56:25,2.6977666,1376.41,2.03173311901659,4.90945398849382,0.377650306807217,Relaksasi
05-10-2026 07:56:25,2.6980337,1369.16,-5.84623885466478,4.92422342159359,0.378786417045661,Relaksasi
05-10-2026 07:56:25,2.6983557,1373.99,0.148148480183011,4.92411159966882,0.37877781535914,Relaksasi
05-10-2026 07:56:25,2.6987269,1374.8,1.16390187626125,4.90978789889366,0.377675992222589,Relaksasi
05-10-2026 07:56:25,2.6991803,1370.77,-2.6933934260431,4.91182219392593,0.377832476455841,Relaksasi
05-10-2026 07:56:25,2.7353731,1378.02,5.60605134591614,4.91722600997644,0.378248154613572,Relaksasi
05-10-2026 07:56:25,2.7356337,1368.35,-4.55202508789067,4.90734946273199,0.377488420210153,Relaksasi
05-10-2026 07:56:25,2.7456836,1365.93,-5.44077094174226,4.88470054968205,0.375746196129389,Relaksasi
05-10-2026 07:56:25,2.7459107,1372.38,2.64893894436495,4.86707711575713,0.374390547365933,Relaksasi
05-10-2026 07:56:25,2.7461094,1369.16,-0.691017630407454,4.86563291892932,0.374279455302255,Relaksasi
05-10-2026 07:56:25,2.746316,1379.63,10.0834438905424,4.90475891331748,0.377289147178268,Relaksasi
05-10-2026 07:56:25,2.7465249,1376.41,4.87850457521472,4.90437075689012,0.377259288991548,Relaksasi
05-10-2026 07:56:25,2.746871,1370.77,-1.80434990678766,4.88647377592276,0.375882598147905,Relaksasi
05-10-2026 07:56:25,2.7471959,1370.77,-1.52082170217189,4.88762354586559,0.37597104198966,Relaksasi
05-10-2026 07:56:25,2.7476718,1367.55,-4.48233714795417,4.89787906157343,0.376759927813341,Relaksasi
05-10-2026 07:56:25,2.7482237,1368.35,-2.85701444182811,4.89768794573835,0.376745226595258,Relaksasi
05-10-2026 07:56:25,2.748543,1362.71,-8.05748460547794,4.92865967370433,0.379127667208025,Relaksasi
05-10-2026 07:56:25,2.7488528,1368.35,-1.10877236011898,4.92926820873416,0.379174477594935,Relaksasi
05-10-2026 07:56:25,2.749146,1372.38,2.66120347808404,4.93133109492305,0.379333161147927,Relaksasi
05-10-2026 07:56:25,2.7494721,1376.41,5.49105919496069,4.91722619353257,0.378248168733275,Relaksasi
05-10-2026 07:56:25,2.7497536,1366.74,-6.02370185984338,4.93563062085572,0.379663893911979,Relaksasi
05-10-2026 07:56:25,2.750031,1365.13,-7.2145913279205,4.96135902062943,0.381643001586879,Relaksasi
05-10-2026 07:56:25,2.7503538,1369.96,-1.70391863090278,4.96203912510799,0.381695317315999,Relaksasi
05-10-2026 07:56:25,2.7506613,1365.93,-6.13277398936794,4.96024058954684,0.38155696842668,Relaksasi
05-10-2026 07:56:25,2.7509695,1369.16,-2.45266849972806,4.95266152776158,0.380973963673968,Relaksasi
05-10-2026 07:56:25,2.751289,1369.96,-1.93914180280199,4.9506853989173,0.38082195376287,Relaksasi
05-10-2026 07:56:25,2.7516123,1378.02,5.72738956504303,4.95757009927871,0.381351546098362,Relaksasi
05-10-2026 07:56:25,2.7519199,1373.99,-0.125249795558519,4.9572815839012,0.381329352607784,Relaksasi
05-10-2026 07:56:25,2.7522808,1384.47,9.85123187525978,4.99658012973908,0.384352317672237,Relaksasi
05-10-2026 07:56:25,2.7525774,1369.16,-7.6035185992837,5.02542105077171,0.386570850059363,Relaksasi
05-10-2026 07:56:25,2.7532198,1372.38,-2.74393574610589,5.02098729053652,0.386229791579732,Relaksasi
05-10-2026 07:56:25,2.7535287,1374.8,0.698736463517102,4.97655984474351,0.382812295749501,Relaksasi
05-10-2026 07:56:25,2.7538068,1372.38,-1.14712267725066,4.96917042134659,0.382243878565123,Relaksasi
05-10-2026 07:56:25,2.7540839,1375.6,3.14749691664033,4.93768718426279,0.379822091097138,Relaksasi
05-10-2026 07:56:25,2.7544377,1372.38,0.229805565324131,4.93739637868479,0.379799721437292,Relaksasi
05-10-2026 07:56:25,2.7722146,1379.63,8.35116678923954,4.96188657107876,0.381683582390674,Relaksasi
05-10-2026 07:56:25,2.7724932,1371.58,-0.442850378729304,4.96197934990569,0.381690719223514,Relaksasi
05-10-2026 07:56:25,2.7728532,1377.22,6.12636374463685,4.96639068360238,0.382030052584798,Relaksasi
05-10-2026 07:56:25,2.7731696,1376.41,4.90744916501992,4.95716461093286,0.381320354687143,Relaksasi
05-10-2026 07:56:25,2.7734677,1375.6,3.87043530473798,4.95309577550706,0.381007367346697,Relaksasi
05-10-2026 07:56:25,2.7737589,1367.55,-4.23679815013089,4.91784255137093,0.378295580874687,Relaksasi
05-10-2026 07:56:25,2.7740394,1379.63,9.30640601756696,4.93770818802779,0.379823706771368,Relaksasi
05-10-2026 07:56:25,2.7743323,1372.38,0.780374317688082,4.93497102375226,0.379613155673251,Relaksasi
05-10-2026 07:56:25,2.7746104,1370.77,-0.525029983223355,4.89787405146618,0.376759542420476,Relaksasi
05-10-2026 07:56:25,2.7748883,1369.16,-1.6512662040575,4.89687138052494,0.376682413886534,Relaksasi
05-10-2026 07:56:25,2.7751804,1370.77,0.54050752806924,4.89312036525724,0.376393874250557,Relaksasi
05-10-2026 07:56:25,2.7754774,1371.58,1.34245812680538,4.89301378682363,0.37638567590951,Relaksasi
05-10-2026 07:56:25,2.7757741,1373.99,3.4192704641993,4.89728341107135,0.37671410854395,Relaksasi
05-10-2026 07:56:25,2.7760562,1370.77,-0.669103297438665,4.89690661754121,0.376685124426247,Relaksasi
05-10-2026 07:56:25,2.7763464,1379.63,8.04458856151266,4.90191270865461,0.377070208358047,Relaksasi
05-10-2026 07:56:25,2.7766249,1378.83,5.40043400188748,4.89333295466794,0.37641022728215,Relaksasi
05-10-2026 07:56:25,2.7769158,1373.99,-0.642498741031819,4.89342845054078,0.376417573118521,Relaksasi
05-10-2026 07:56:25,2.7771919,1364.32,-10.1094134828349,4.93988922537064,0.379991478874665,Relaksasi
05-10-2026 07:56:25,2.7774821,1360.29,-11.8976326538462,5.01100931706964,0.385462255159203,Relaksasi
05-10-2026 07:56:25,2.777776,1366.74,-2.84517168292438,5.00233965003105,0.384795357694697,Relaksasi
05-10-2026 07:56:25,2.778063,1369.96,1.02158037621215,4.99288424878015,0.384068019136935,Relaksasi
05-10-2026 07:56:25,2.7783666,1377.22,7.89378256175579,4.94416978012522,0.380320752317324,Relaksasi
05-10-2026 07:56:25,2.7786563,1369.96,-1.32309241700404,4.94439581859281,0.380338139891754,Relaksasi
05-10-2026 07:56:25,2.7792818,1366.74,-4.81861978585794,4.91561453613705,0.378124195087465,Relaksasi
05-10-2026 07:56:25,2.7795676,1369.16,-2.05214643578734,4.91737008862698,0.378259237586691,Relaksasi
05-10-2026 07:56:25,2.7799896,1365.93,-5.53795229374968,4.92067818760449,0.378513706738807,Relaksasi
05-10-2026 07:56:25,2.7805259,1377.22,6.10767231160109,4.93959373676866,0.379968748982205,Relaksasi
05-10-2026 07:56:25,2.7808757,1370.77,-2.28751618035113,4.92366153872806,0.378743195286774,Relaksasi
05-10-2026 07:56:25,2.7812078,1375.6,2.29641925208716,4.90907648807852,0.377621268313732,Relaksasi
05-10-2026 07:56:25,2.7815021,1371.58,-2.71343702290859,4.8779269277043,0.375225148284946,Relaksasi
05-10-2026 07:56:25,2.7818061,1379.63,5.52368804696313,4.87970960881845,0.375362277601419,Relaksasi
05-10-2026 07:56:25,2.7821887,1375.6,0.320810369188607,4.84162884055568,0.372432987735053,Relaksasi
05-10-2026 07:56:25,2.782644,1379.63,4.4874392898509,4.83563287796019,0.371971759843092,Relaksasi
05-10-2026 07:56:25,2.7830539,1369.16,-6.33088605772778,4.85629908530981,0.373561468100755,Relaksasi
05-10-2026 07:56:25,2.7833191,1367.55,-5.89064190323194,4.87401265792445,0.374924050609573,Relaksasi
05-10-2026 07:56:25,2.7835221,1372.38,1.04825834018699,4.85736823621826,0.373643710478327,Relaksasi
05-10-2026 07:56:25,2.7837199,1375.6,4.99316995399962,4.84661779717837,0.372816753629105,Relaksasi
05-10-2026 07:56:25,2.7839581,1371.58,0.811157805634935,4.83766799413101,0.372128307240847,Relaksasi
05-10-2026 07:56:25,2.7842325,1370.77,0.51307996058965,4.83698871904025,0.372076055310789,Relaksasi
05-10-2026 07:56:25,2.784462,1367.55,-2.30905862124528,4.82387067571063,0.371066975054664,Relaksasi
05-10-2026 07:56:25,2.7846668,1377.22,8.08596447952662,4.84094625328486,0.372380481021912,Relaksasi
05-10-2026 07:56:25,2.7848578,1370.77,0.103721728314438,4.83840250210023,0.372184807853864,Relaksasi
05-10-2026 07:56:25,2.7850479,1369.16,-1.65243309284525,4.82956953963076,0.371505349202366,Relaksasi
05-10-2026 07:56:25,2.7852379,1370.77,0.0292210427899371,4.81496856622183,0.370382197401679,Relaksasi
05-10-2026 07:56:25,2.785499,1369.16,-1.95186891160974,4.80823761084082,0.36986443160314,Relaksasi
05-10-2026 07:56:25,2.785705,1373.99,2.79696190209817,4.79427573640647,0.368790441262036,Relaksasi
05-10-2026 07:56:25,2.785905,1373.19,0.933970500039216,4.77644887723009,0.367419144402315,Relaksasi
05-10-2026 07:56:25,2.786191,1369.16,-3.78015023590609,4.7770404793133,0.367464652254869,Relaksasi
05-10-2026 07:56:25,2.7864693,1370.77,-1.8657231190407,4.7670111856043,0.366693168123408,Relaksasi
05-10-2026 07:56:25,2.786731,1373.99,1.35762378664538,4.74608808992593,0.365083699225072,Relaksasi
05-10-2026 07:56:25,2.787014,1369.16,-4.01981300087781,4.74279368208488,0.364830283237298,Relaksasi
05-10-2026 07:56:25,2.78729,1373.19,0.60083861699692,4.73497153136606,0.364228579335851,Relaksasi
05-10-2026 07:56:25,2.7875639,1371.58,-1.23885161117112,4.73475565048472,0.364211973114209,Relaksasi
05-10-2026 07:56:25,2.7877812,1367.55,-5.06854632221373,4.73901541200509,0.364539647077314,Relaksasi
05-10-2026 07:56:25,2.7879754,1367.55,-4.07894271470356,4.74160064228314,0.364738510944857,Relaksasi
05-10-2026 07:56:25,2.7881798,1377.22,6.3572141282902,4.76265033874375,0.366357718364903,Relaksasi
05-10-2026 07:56:25,2.788368,1356.26,-15.932122871848,4.87939557938849,0.375338121491422,Relaksasi
05-10-2026 07:56:25,2.7885559,1370.77,1.50572469223575,4.86243470409413,0.374033438776472,Relaksasi
05-10-2026 07:56:25,2.7887606,1378.02,8.10230896023254,4.89606543480108,0.376620418061622,Relaksasi
05-10-2026 07:56:25,2.7889461,1375.6,3.57003696310808,4.90118569223807,0.377014284018313,Relaksasi
05-10-2026 07:56:25,2.7891387,1379.63,6.35111297522247,4.89076395013978,0.376212611549214,Relaksasi
05-10-2026 07:56:25,2.7893245,1372.38,-2.55233339390575,4.86359449015279,0.374122653088676,Relaksasi
05-10-2026 07:56:25,2.7895246,1367.55,-7.0565107137575,4.88286431426986,0.375604947251528,Relaksasi
05-10-2026 07:56:25,2.7897179,1373.99,0.821777849578949,4.84221518207612,0.372478090928933,Relaksasi
05-10-2026 07:56:25,2.7899235,1378.83,5.71740936452345,4.8499833505415,0.373075642349346,Relaksasi
05-10-2026 07:56:25,2.8232198,1371.58,-2.29939139291378,4.84296094579883,0.37253545736914,Relaksasi
05-10-2026 07:56:25,2.8234546,1369.16,-3.77850851410009,4.80690632562538,0.369762025048106,Relaksasi
05-10-2026 07:56:25,2.8236503,1361.9,-9.72388951935002,4.83776141727471,0.372135493636516,Relaksasi
05-10-2026 07:56:25,2.8238414,1368.35,-0.864372059004218,4.83728846920839,0.37209911301603,Relaksasi
05-10-2026 07:56:25,2.8240402,1369.96,1.19938075644786,4.83449683590023,0.371884371992325,Relaksasi
05-10-2026 07:56:25,2.824295,1372.38,3.36371164478171,4.81815756636248,0.370627505104806,Relaksasi
05-10-2026 07:56:25,2.8244914,1366.74,-3.23591988401931,4.81527721119967,0.370405939323051,Relaksasi
05-10-2026 07:56:25,2.8246807,1367.55,-2.32903102686387,4.81708602871599,0.370545079132,Relaksasi
05-10-2026 07:56:25,2.8248661,1369.96,-0.201536442057443,4.81668402870924,0.370514156054557,Relaksasi
05-10-2026 07:56:25,2.8250513,1359.49,-11.5381471660232,4.88447453748687,0.375728810575913,Relaksasi
05-10-2026 07:56:25,2.8252474,1380.44,10.6065421683919,4.90309141391315,0.377160877993319,Relaksasi
05-10-2026 07:56:25,2.825447,1365.93,-7.13053921087393,4.9263382948835,0.378949099606423,Relaksasi
05-10-2026 07:56:25,2.8256475,1377.22,4.40778224468053,4.9020675605204,0.377082120040031,Relaksasi
05-10-2026 07:56:25,2.8258329,1369.16,-5.51756552271476,4.91325948654618,0.377943037426629,Relaksasi
05-10-2026 07:56:25,2.8308012,1370.77,-3.62379486625455,4.91293252277124,0.377917886367019,Relaksasi
05-10-2026 07:56:25,2.8311188,1369.96,-4.27471589538342,4.90966420474399,0.377666477288,Relaksasi
05-10-2026 07:56:25,2.8313598,1380.44,6.70772859385799,4.92858742738379,0.379122109798753,Relaksasi
05-10-2026 07:56:25,2.8315955,1365.93,-9.21830424067691,4.92790518888997,0.379069629914613,Relaksasi
05-10-2026 07:56:25,2.8318994,1378.02,4.79177267509584,4.92164905526179,0.378588388866291,Relaksasi
05-10-2026 07:56:25,2.8321919,1373.99,0.139187607228056,4.90097659714905,0.376998199780696,Relaksasi
05-10-2026 07:56:25,2.8409621,1376.41,3.00177240324727,4.88743961010501,0.375956893085001,Relaksasi
05-10-2026 07:56:25,2.8482562,1369.16,-4.21228336798577,4.89388785551486,0.376452911962682,Relaksasi
05-10-2026 07:56:25,2.8485747,1365.93,-5.90041211674767,4.91061894041777,0.377739918493674,Relaksasi
05-10-2026 07:56:25,2.8488615,1368.35,-1.63311237112167,4.88694879082686,0.375919137755912,Relaksasi
05-10-2026 07:56:25,2.8491476,1369.16,0.0163561906194385,4.88114956944999,0.375473043803845,Relaksasi
05-10-2026 07:56:25,2.8494419,1369.16,0.262859923585922,4.87882803395927,0.375294464150713,Relaksasi
05-10-2026 07:56:25,2.8497177,1369.16,0.158780555327735,4.87786354585395,0.375220272757996,Relaksasi
05-10-2026 07:56:25,2.8499847,1380.44,11.060938881116,4.93959832065395,0.379969101588766,Relaksasi
05-10-2026 07:56:25,2.8614986,1377.22,5.13283185314669,4.9486839670338,0.380667997464139,Relaksasi
05-10-2026 07:56:25,2.8619441,1366.74,-6.92144909864247,4.92436328144721,0.378797175495939,Relaksasi
05-10-2026 07:56:25,2.862338,1372.38,-0.401282231653759,4.9229068599528,0.378685143073292,Relaksasi
05-10-2026 07:56:25,2.8626733,1371.58,-1.4833472293878,4.9147296610879,0.378056127775992,Relaksasi
05-10-2026 07:56:25,2.8630029,1373.99,0.954619093554376,4.91122694965426,0.377786688434943,Relaksasi
05-10-2026 07:56:25,2.8634684,1366.74,-6.62944190252791,4.928944159303,0.379149550715615,Relaksasi
05-10-2026 07:56:25,2.8637653,1370.77,-1.35704227237844,4.90223267173483,0.377094820902679,Relaksasi
05-10-2026 07:56:25,2.864032,1369.96,-1.91363834231216,4.90300803505873,0.377154464235287,Relaksasi
05-10-2026 07:56:25,2.8642786,1369.96,-1.56640826099373,4.90382888731401,0.377217606716462,Relaksasi
05-10-2026 07:56:25,2.8645688,1377.22,5.92885833233747,4.91738515443539,0.37826039649503,Relaksasi
05-10-2026 07:56:25,2.864772,1378.02,5.46942119278653,4.93250972441391,0.379423824954916,Relaksasi
05-10-2026 07:56:25,2.8649955,1372.38,-1.28994640760007,4.92960052291342,0.379200040224109,Relaksasi
05-10-2026 07:56:25,2.865223,1369.16,-4.1812579050424,4.93435006896536,0.379565389920412,Relaksasi
05-10-2026 07:56:25,2.8654527,1365.13,-7.20100733629519,4.95733136257803,0.381333181736771,Relaksasi
05-10-2026 07:56:25,2.8657886,1371.58,0.866956224462982,4.95631634980752,0.381255103831347,Relaksasi
05-10-2026 07:56:25,2.8660423,1376.41,5.65588497541443,4.96069524019867,0.381591941553744,Relaksasi
05-10-2026 07:56:25,2.8663993,1375.6,3.77180395418653,4.96621654745627,0.382016657496636,Relaksasi
05-10-2026 07:56:25,2.8667142,1378.02,5.45812166387429,4.97710416688945,0.382854166683804,Relaksasi
05-10-2026 07:56:25,2.8669919,1379.63,6.06792395561658,4.99462189594427,0.384201684303406,Relaksasi
05-10-2026 07:56:25,2.8728807,1378.02,3.49352622608262,4.96901515036302,0.382231934643309,Relaksasi
05-10-2026 07:56:25,2.8733059,1369.16,-5.59512757293348,4.95137328352298,0.380874867963306,Relaksasi
05-10-2026 07:56:25,2.8736284,1372.38,-0.606026099090068,4.94193180034533,0.380148600026564,Relaksasi
05-10-2026 07:56:25,2.8738918,1379.63,7.56183095405398,4.96788288728279,0.382144837483292,Relaksasi
05-10-2026 07:56:25,2.8741012,1373.99,1.29290788816898,4.93070867862432,0.379285282971101,Relaksasi
05-10-2026 07:56:25,2.8743135,1380.44,8.37308094139861,4.96608763018732,0.38200674078364,Relaksasi
05-10-2026 07:56:25,2.8745048,1380.44,7.6628400583463,4.99484009677824,0.384218468982942,Relaksasi
05-10-2026 07:56:25,2.874694,1378.83,5.5520372892912,4.9965795765912,0.3843522751224,Relaksasi
05-10-2026 07:56:25,2.8749195,1377.22,3.96624747641163,5.00344961909537,0.384880739930413,Relaksasi
05-10-2026 07:56:25,2.8751825,1369.16,-3.64631662120807,5.00823311641968,0.385248701263052,Relaksasi
05-10-2026 07:56:25,2.8754518,1380.44,9.60724252654188,5.03951813159712,0.387655240892086,Relaksasi
05-10-2026 07:56:25,2.8757247,1371.58,0.0863752628226546,5.00767693608357,0.385205918160274,Relaksasi
05-10-2026 07:56:25,2.8759892,1374.8,4.40492468840107,5.01626429100624,0.385866483923557,Relaksasi
05-10-2026 07:56:25,2.8762653,1374.8,4.52495543692295,4.96830992766386,0.382177686743373,Relaksasi
05-10-2026 07:56:25,2.8765378,1374.8,4.45241124817201,4.97736175728322,0.382873981329479,Relaksasi
05-10-2026 07:56:25,2.87681,1369.16,-1.40900218030626,4.97532034317045,0.38271694947465,Relaksasi
05-10-2026 07:56:25,2.8770756,1370.77,0.953512331853466,4.97512013137826,0.382701548567558,Relaksasi
05-10-2026 07:56:25,2.8773363,1365.93,-3.79675209461265,4.97210888361736,0.382469914124412,Relaksasi
05-10-2026 07:56:25,2.8775919,1369.16,0.203852341826633,4.94567264925041,0.380436357634647,Relaksasi
05-10-2026 07:56:25,2.8778457,1371.58,2.33638308510817,4.94154083313861,0.380118525626047,Relaksasi
05-10-2026 07:56:25,2.8781041,1377.22,7.01346302,4.95496338121644,0.381151029324341,Relaksasi
05-10-2026 07:56:25,2.8783731,1371.58,-0.655103157105891,4.95495371224419,0.381150285557245,Relaksasi
05-10-2026 07:56:25,2.878629,1377.22,4.43654789936254,4.95514509644076,0.38116500741852,Relaksasi
05-10-2026 07:56:25,2.8788875,1373.19,-1.03342475227155,4.95563275446166,0.381202519573974,Relaksasi
05-10-2026 07:56:25,2.8791434,1373.19,-1.21620222839918,4.95259147565713,0.380968575050548,Relaksasi
05-10-2026 07:56:25,2.8793966,1370.77,-3.54842145804132,4.95008882306542,0.380776063312725,Relaksasi
05-10-2026 07:56:25,2.8796494,1379.63,6.07021170408684,4.95882389804334,0.38144799215718,Relaksasi
05-10-2026 07:56:25,2.8799016,1373.19,-1.28725744460315,4.94678280015931,0.380521753858409,Relaksasi
05-10-2026 07:56:25,2.8801786,1365.93,-7.82400653518906,4.94069069104944,0.380053130080726,Relaksasi
05-10-2026 07:56:25,2.9245406,1379.63,8.01461201947678,4.95231357316853,0.380947197936041,Relaksasi
05-10-2026 07:56:25,2.9248098,1377.22,4.69458873031488,4.95515964197846,0.381166126306035,Relaksasi
05-10-2026 07:56:25,2.9250018,1367.55,-5.20415350055805,4.93990210955194,0.379992469965534,Relaksasi
05-10-2026 07:56:25,2.9252048,1377.22,6.19282444557559,4.95447465978595,0.38111343536815,Relaksasi
05-10-2026 07:56:25,2.9253872,1370.77,-0.792121117429264,4.89372243612438,0.376440187394183,Relaksasi
05-10-2026 07:56:25,2.9255727,1371.58,0.767415417817228,4.89338521912042,0.376414247624648,Relaksasi
05-10-2026 07:56:25,2.9257867,1370.77,0.294283059096906,4.89163140744954,0.37627933903458,Relaksasi
05-10-2026 07:56:25,2.925982,1373.99,3.79181391884936,4.87813662612958,0.375241278933045,Relaksasi
05-10-2026 07:56:25,2.9261773,1378.02,7.25767629167174,4.89772713418268,0.376748241090976,Relaksasi
05-10-2026 07:56:25,2.9263825,1365.93,-6.1776234364077,4.88342580034798,0.375648138488306,Relaksasi
05-10-2026 07:56:25,2.932297,1379.63,8.74166176703964,4.91421645443357,0.378016650341044,Relaksasi
05-10-2026 07:56:25,2.9325647,1370.77,-1.84434385953533,4.91469362522033,0.378053355786179,Relaksasi
05-10-2026 07:56:25,2.9327853,1371.58,-0.688444744421642,4.9004628691753,0.376958682244253,Relaksasi
05-10-2026 07:56:25,2.9329697,1371.58,-0.53570604919847,4.88648779873434,0.375883676825718,Relaksasi
05-10-2026 07:56:25,2.9331742,1373.99,2.00948930404782,4.88034369068395,0.375411053129534,Relaksasi
05-10-2026 07:56:25,2.933402,1367.55,-4.78119712091755,4.88482987123734,0.375756143941333,Relaksasi
05-10-2026 07:56:25,2.9335934,1372.38,1.02181473859024,4.87526882381987,0.375020678755375,Relaksasi
05-10-2026 07:56:25,2.9337844,1374.8,3.2492508330218,4.88063283753695,0.37543329519515,Relaksasi
05-10-2026 07:56:25,2.9457357,1365.93,-6.28115061001522,4.89682726267226,0.376679020205558,Relaksasi
05-10-2026 07:56:25,2.9459804,1365.13,-5.90874195898544,4.9121759844023,0.37785969110787,Relaksasi
05-10-2026 07:56:25,2.9461896,1375.6,5.57010064966244,4.92793769494339,0.37907213038026,Relaksasi
05-10-2026 07:56:25,2.9463723,1369.96,-1.43602329642582,4.89447602452984,0.376498155733064,Relaksasi
05-10-2026 07:56:25,2.9465653,1370.77,-0.719764004839508,4.875300127416,0.375023086724308,Relaksasi
05-10-2026 07:56:25,2.9467648,1366.74,-5.02934964498972,4.87967434314981,0.375359564857678,Relaksasi
05-10-2026 07:56:25,2.9470314,1371.58,0.328408740089747,4.87761429997933,0.37520109999841,Relaksasi
05-10-2026 07:56:25,2.9472196,1374.8,2.97490187563122,4.86461498183382,0.374201152448755,Relaksasi
05-10-2026 07:56:25,2.9644752,1369.16,-3.75915020582714,4.87186055147014,0.374758503959242,Relaksasi
05-10-2026 07:56:25,2.9647313,1367.55,-5.0929275454622,4.88445917681782,0.375727628985986,Relaksasi
05-10-2026 07:56:25,2.964924,1378.02,5.97076088872574,4.89897127336079,0.376843944104676,Relaksasi
05-10-2026 07:56:25,2.9651327,1370.77,-2.78405555412177,4.88687377629003,0.375913367406925,Relaksasi
05-10-2026 07:56:25,2.9654355,1366.74,-6.50270910802278,4.89789309520992,0.37676100732384,Relaksasi
05-10-2026 07:56:25,2.9656247,1379.63,7.52823828231565,4.9116920392141,0.377822464554931,Relaksasi
05-10-2026 07:56:25,2.9659057,1361.1,-12.5182862274374,4.98730104874215,0.383638542210934,Relaksasi
05-10-2026 07:56:25,2.966341,1371.58,0.415120904959231,4.98714806786258,0.383626774450968,Relaksasi
05-10-2026 07:56:25,2.9812764,1369.16,-2.09061678759198,4.93812920447407,0.379856092651852,Relaksasi
05-10-2026 07:56:25,2.9815014,1372.38,1.44686028490603,4.92712776666568,0.379009828205053,Relaksasi
05-10-2026 07:56:25,2.9816922,1371.58,0.187516968810748,4.92549342190052,0.378884109376963,Relaksasi
05-10-2026 07:56:25,2.9818959,1369.16,-2.51202103448518,4.92752191312477,0.379040147163444,Relaksasi
05-10-2026 07:56:25,2.9821487,1373.99,2.5198168141822,4.92054497557642,0.378503459659724,Relaksasi
05-10-2026 07:56:25,2.9823558,1379.63,7.35324856428937,4.94381447076115,0.380293420827781,Relaksasi
05-10-2026 07:56:25,2.9825382,1364.32,-9.65609742532781,4.95811328207685,0.381393329390527,Relaksasi
05-10-2026 07:56:25,2.9827188,1369.16,-3.08815542837612,4.96230026871844,0.381715405286034,Relaksasi
05-10-2026 07:56:25,2.9828982,1373.19,1.44685900820536,4.95978638069347,0.381522029284113,Relaksasi
05-10-2026 07:56:25,2.9830775,1377.22,5.09480952586187,4.95767160138948,0.381359353953037,Relaksasi
05-10-2026 07:56:25,2.9832561,1365.93,-7.25913488941691,4.96593978854517,0.381995368349628,Relaksasi
05-10-2026 07:56:25,2.9834342,1368.35,-3.43785747935258,4.94564461557371,0.380434201197978,Relaksasi
05-10-2026 07:56:25,2.9836116,1379.63,8.49737536469889,4.98055327353222,0.383119482579401,Relaksasi
05-10-2026 07:56:25,2.9837887,1372.38,-0.451748599369244,4.96174129821924,0.381672407555326,Relaksasi
05-10-2026 07:56:25,2.9839642,1369.16,-3.58898850685926,4.96519918926908,0.381938399174545,Relaksasi
05-10-2026 07:56:25,2.9841539,1379.63,7.63395944601756,4.99257331629478,0.384044101253445,Relaksasi
05-10-2026 07:56:25,2.984335,1377.22,3.84258432858852,4.98353294702076,0.383348688232366,Relaksasi
05-10-2026 07:56:25,2.9845131,1372.38,-1.52437272476913,4.98469063809431,0.38343774139187,Relaksasi
05-10-2026 07:56:25,2.9846908,1367.55,-5.67483486280458,4.95206276856473,0.38092790527421,Relaksasi
05-10-2026 07:56:25,2.9848686,1369.16,-2.47557701380006,4.92590099333238,0.378915461025568,Relaksasi
05-10-2026 07:56:25,2.9850446,1369.16,-1.52928962017465,4.92326602093885,0.37871277084145,Relaksasi
05-10-2026 07:56:25,2.985219,1378.83,8.7792625477234,4.96200407135192,0.381692620873225,Relaksasi
05-10-2026 07:56:25,2.9853947,1372.38,0.816565016865367,4.96167701932155,0.381667463024735,Relaksasi
05-10-2026 07:56:25,2.9855709,1371.58,-0.0260888521430072,4.95668322197448,0.381283324767268,Relaksasi
05-10-2026 07:56:25,2.9857459,1372.38,0.85284595834183,4.95702342552034,0.381309494270795,Relaksasi
05-10-2026 07:56:25,2.9859224,1365.13,-6.53164481179571,4.9433473706777,0.380257490052131,Relaksasi
05-10-2026 07:56:25,2.9860965,1373.99,3.56521495836208,4.94967235616592,0.380744027397379,Relaksasi
05-10-2026 07:56:25,2.9863514,1375.6,4.33876271477196,4.94021447704556,0.380016498234274,Relaksasi
05-10-2026 07:56:25,3.0240079,1378.02,5.70214206039233,4.9444793369028,0.380344564377139,Relaksasi
05-10-2026 07:56:25,3.0243139,1368.35,-5.25357370166647,4.95085596124672,0.380835073942055,Relaksasi
05-10-2026 07:56:25,3.0246264,1376.41,3.7604132943993,4.94893180362297,0.380687061817151,Relaksasi
05-10-2026 07:56:25,3.0248374,1365.13,-8.2154280542767,4.93926576756777,0.379943520582136,Relaksasi
05-10-2026 07:56:25,3.0250279,1368.35,-3.28238602846683,4.94440812357634,0.380339086428949,Relaksasi
05-10-2026 07:56:25,3.0252469,1373.99,3.09812467386823,4.94911964823497,0.38070151140269,Relaksasi
05-10-2026 07:56:25,3.025457,1370.77,-0.702749565503416,4.94799163064381,0.380614740818755,Relaksasi
05-10-2026 07:56:25,3.0256381,1368.35,-3.03288245280496,4.95248950678791,0.380960731291378,Relaksasi
05-10-2026 07:56:25,3.0258235,1379.63,8.71998070061173,4.98982280876069,0.383832523750822,Relaksasi
05-10-2026 07:56:25,3.0321313,1376.41,3.63130008863471,4.99057174199112,0.383890133999317,Relaksasi
05-10-2026 07:56:25,3.0324676,1371.58,-2.02503624034993,4.99240139359013,0.38403087643001,Relaksasi
05-10-2026 07:56:25,3.032752,1369.16,-4.03909094050506,4.96810486274484,0.382161912518834,Relaksasi
05-10-2026 07:56:25,3.0330062,1370.77,-1.52220869932286,4.95457647905517,0.381121267619629,Relaksasi
05-10-2026 07:56:25,3.0332765,1369.16,-2.67457131346417,4.95797647455084,0.38138280573468,Relaksasi
05-10-2026 07:56:25,3.0335439,1377.22,6.04642450168308,4.92476656945664,0.378828197650511,Relaksasi
05-10-2026 07:56:25,3.0337572,1365.93,-6.32170500609869,4.87292286217719,0.374840220167476,Relaksasi
05-10-2026 07:56:25,3.0339621,1370.77,-0.183877771388406,4.8687853994992,0.374521953807631,Relaksasi
05-10-2026 07:56:25,3.0341726,1377.22,6.29543710961512,4.88855968318449,0.376043052552653,Relaksasi
05-10-2026 07:56:25,3.0343562,1377.22,4.98711833896396,4.86937506329402,0.374567312561078,Relaksasi
05-10-2026 07:56:25,3.0345356,1370.77,-2.5008398806432,4.87168673457695,0.374745133428996,Relaksasi
05-10-2026 07:56:25,3.0347276,1365.93,-6.83112124151395,4.88370323051381,0.375669479270293,Relaksasi
05-10-2026 07:56:25,3.0349075,1379.63,8.27733584393916,4.91651016088935,0.378193089299181,Relaksasi
05-10-2026 07:56:25,3.0351345,1371.58,-1.29989098812838,4.90175235675917,0.377057873596859,Relaksasi
05-10-2026 07:56:25,3.0353525,1372.38,-0.121002491007181,4.88269711017167,0.375592085397821,Relaksasi
05-10-2026 07:56:25,3.0412081,1379.63,7.33300207380529,4.90748734235495,0.377499026334997,Relaksasi
05-10-2026 07:56:25,3.0416304,1363.52,-9.96169379019686,4.95512270527336,0.381163285021027,Relaksasi
05-10-2026 07:56:25,3.0420139,1377.22,5.98678370949143,4.9694703156222,0.382266947355554,Relaksasi
05-10-2026 07:56:25,3.0423209,1374.8,2.708765024763,4.9577985648316,0.381369120371662,Relaksasi
05-10-2026 07:56:25,3.0425358,1367.55,-4.76803406628261,4.96919739568349,0.382245953514115,Relaksasi
05-10-2026 07:56:25,3.0427372,1373.99,2.89793526080361,4.9632879570146,0.381791381308815,Relaksasi
05-10-2026 07:56:25,3.0563396,1375.6,4.18792074270821,4.95192085494129,0.380916988841638,Relaksasi
05-10-2026 07:56:25,3.0566765,1377.22,5.18441198258307,4.94797054169361,0.380613118591816,Relaksasi
05-10-2026 07:56:25,3.056916,1377.22,4.37399570624894,4.95707347594529,0.381313344303483,Relaksasi
05-10-2026 07:56:25,3.0572193,1367.55,-5.87051522298424,4.96187801743343,0.381682924417956,Relaksasi
05-10-2026 07:56:25,3.0575022,1369.16,-2.74824098991251,4.96535071446661,0.38195005495897,Relaksasi
05-10-2026 07:56:25,3.0578133,1367.55,-3.44756246066249,4.97119904017382,0.382399926167217,Relaksasi
05-10-2026 07:56:25,3.0581317,1368.35,-1.70137224211526,4.9699732872496,0.382305637480738,Relaksasi
05-10-2026 07:56:25,3.0584646,1369.16,-0.467306222007521,4.93708539967453,0.379775799974964,Relaksasi
05-10-2026 07:56:25,3.0587771,1370.77,1.100167898502,4.93769281139676,0.379822523953597,Relaksasi
05-10-2026 07:56:25,3.0590917,1368.35,-1.8884659026731,4.93811595058433,0.379855073121872,Relaksasi
05-10-2026 07:56:25,3.1803289,1369.96,-0.451253773986668,4.93821860815328,0.379862969857945,Relaksasi
05-10-2026 07:56:25,3.1807519,1370.77,-0.242496448991407,4.93631928498448,0.379716868075729,Relaksasi
05-10-2026 07:56:25,3.1813061,1369.16,-2.58997780395528,4.93575455518461,0.379673427321893,Relaksasi
05-10-2026 07:56:25,3.1815284,1370.77,-1.29532664586697,4.93616256621967,0.379704812786129,Relaksasi
05-10-2026 07:56:25,3.1817223,1365.93,-6.68995317440414,4.95156849578968,0.380889884291514,Relaksasi
05-10-2026 07:56:25,3.1819491,1367.55,-4.53746401801811,4.96019846914277,0.381553728395598,Relaksasi
05-10-2026 07:56:25,3.1822153,1370.77,-1.18438973351492,4.95997651574685,0.38153665505745,Relaksasi
05-10-2026 07:56:25,3.1825102,1375.6,3.13742375108862,4.95679227857287,0.381291713736374,Relaksasi
05-10-2026 07:56:25,3.1827648,1369.16,-4.58725238862979,4.96721240537247,0.382093261951729,Relaksasi
05-10-2026 07:56:25,3.1829845,1365.13,-8.26219982338543,5.00068445746394,0.384668035189534,Relaksasi
05-10-2026 07:56:25,3.1832268,1369.96,-2.24084549763427,4.99034078763571,0.38387236827967,Relaksasi
05-10-2026 07:56:25,3.1835233,1378.02,5.88662286027651,4.99935735388931,0.384565950299178,Relaksasi
05-10-2026 07:56:25,3.1838085,1373.99,0.391721950732952,4.97918370066378,0.383014130820291,Relaksasi
05-10-2026 07:56:25,3.1840083,1368.35,-5.51274226738768,4.86570234040994,0.374284795416149,Relaksasi
05-10-2026 07:56:25,3.1842046,1369.16,-3.66181753262302,4.8714235875602,0.374724891350784,Relaksasi
05-10-2026 07:56:25,3.1843852,1372.38,0.328688181961787,4.83767205343721,0.37212861949517,Relaksasi
05-10-2026 07:56:25,3.1846043,1371.58,-0.454011184434356,4.83118781541305,0.37162983195485,Relaksasi
05-10-2026 07:56:25,3.1848019,1382.86,10.9954652139445,4.87269882139566,0.374822986261204,Relaksasi
05-10-2026 07:56:25,3.1849943,1369.16,-4.72600486057087,4.88080909122382,0.375446853171063,Relaksasi
05-10-2026 07:56:25,3.1852153,1371.58,-1.15474400496381,4.85592347924586,0.373532575326605,Relaksasi
05-10-2026 07:56:25,3.1853973,1365.93,-6.25981914886748,4.87570947873267,0.375054575287128,Relaksasi
05-10-2026 07:56:25,3.1856228,1372.38,1.72501122501086,4.86045032794575,0.373880794457365,Relaksasi
05-10-2026 07:56:25,3.1859139,1379.63,8.86073795682463,4.89796945399177,0.37676688107629,Relaksasi
05-10-2026 07:56:25,3.1862002,1373.19,0.828368799930864,4.89102751102714,0.376232885463626,Relaksasi
05-10-2026 07:56:25,3.1864724,1371.58,-0.812588573270393,4.84279686520597,0.372522835785074,Relaksasi
05-10-2026 07:56:25,3.1872538,1353.85,-18.223125338658,5.01092379386366,0.385455676451051,Relaksasi
05-10-2026 07:56:25,3.1876099,1372.38,3.94538620420842,5.01796722372876,0.385997478748366,Relaksasi
05-10-2026 07:56:25,3.1880359,1364.32,-5.03792026279315,5.0249701970401,0.386536169003085,Relaksasi
05-10-2026 07:56:25,3.1883508,1376.41,7.57807855419075,5.04827752471372,0.388329040362594,Relaksasi
05-10-2026 07:56:25,3.1886692,1372.38,1.36536042048086,5.04651415179808,0.38819339629216,Relaksasi
05-10-2026 07:56:25,3.1889549,1372.38,0.266353983117201,5.04652917576353,0.38819455198181,Relaksasi
05-10-2026 07:56:25,3.189226,1365.93,-7.06273534924687,5.00511974629738,0.385009211253645,Relaksasi
05-10-2026 07:56:25,3.1894328,1379.63,7.24940822272785,4.97508789759793,0.382699069045995,Relaksasi
05-10-2026 07:56:25,3.1896207,1370.77,-3.68199463324368,4.95631537172853,0.381255028594502,Relaksasi
05-10-2026 07:56:25,3.1898003,1373.99,-0.215596910947297,4.94652926329057,0.380502251022352,Relaksasi
05-10-2026 07:56:25,3.1899951,1378.83,4.42816769279778,4.94105023772076,0.380080787516982,Relaksasi
05-10-2026 07:56:25,3.1901905,1370.77,-4.47617288424058,4.94454230682325,0.380349408217173,Relaksasi
05-10-2026 07:56:25,3.1903692,1371.58,-2.49994720298307,4.93845940796543,0.379881492920418,Relaksasi
05-10-2026 07:56:25,3.1905469,1378.83,5.74496126931361,4.93238645177033,0.379414342443872,Relaksasi
05-10-2026 07:56:25,3.1907233,1367.55,-6.00162794688195,4.90750936161136,0.377500720123951,Relaksasi
05-10-2026 07:56:25,3.1909067,1379.63,7.99682480522722,4.9283454365823,0.379103495121716,Relaksasi
05-10-2026 07:56:25,3.1910808,1374.8,2.38801211095214,4.93122752319763,0.379325194092126,Relaksasi
05-10-2026 07:56:25,3.1912565,1370.77,-1.31526482166936,4.9275350131169,0.379041154855146,Relaksasi
05-10-2026 07:56:25,3.1914333,1380.44,9.39374279688489,4.96317405178401,0.381782619368,Relaksasi
05-10-2026 07:56:25,3.1916067,1371.58,-0.557267251215364,4.94576334720042,0.380443334400033,Relaksasi
05-10-2026 07:56:25,3.1917893,1379.63,8.30600673657058,4.9791754885691,0.3830134991207,Relaksasi
05-10-2026 07:56:25,3.226687,1372.38,0.117369030407005,4.97918227079397,0.383014020830305,Relaksasi
05-10-2026 07:56:25,3.2270767,1375.6,3.98029353653139,4.98709577733139,0.383622752102415,Relaksasi
05-10-2026 07:56:25,3.2274017,1367.55,-4.19876674410598,4.99591297430309,0.384300998023315,Relaksasi
05-10-2026 07:56:25,3.2277031,1369.16,-1.18747312044279,4.93502533572117,0.379617333517013,Relaksasi
05-10-2026 07:56:25,3.2280211,1375.6,5.92020248627597,4.93943207640707,0.379956313569774,Relaksasi
05-10-2026 07:56:25,3.2283364,1372.38,1.78908888389546,4.91675310997877,0.378211777690675,Relaksasi
05-10-2026 07:56:25,3.2287622,1374.8,3.94461508741417,4.92457672782931,0.378813594448408,Relaksasi
05-10-2026 07:56:25,3.2290787,1368.35,-3.29224739810314,4.92896021671051,0.379150785900809,Relaksasi
05-10-2026 07:56:25,3.2364515,1365.13,-5.95839196663541,4.94647394655894,0.380497995889149,Relaksasi
05-10-2026 07:56:25,3.2371094,1379.63,9.5140931140564,4.96995441057623,0.38230418542894,Relaksasi
05-10-2026 07:56:25,3.2374046,1368.35,-3.91959479130324,4.97675146468065,0.382827035744666,Relaksasi
05-10-2026 07:56:25,3.2377012,1372.38,0.536373744473818,4.97505613703444,0.382696625925726,Relaksasi
05-10-2026 07:56:25,3.2379621,1365.93,-6.34967433128193,4.99404717769167,0.384157475207052,Relaksasi
05-10-2026 07:56:25,3.2381741,1379.63,8.25138260580189,5.01050665920345,0.385423589169497,Relaksasi
05-10-2026 07:56:25,3.2384455,1374.8,1.48570762133477,4.99666296408734,0.38435868954518,Relaksasi
05-10-2026 07:56:25,3.2532011,1373.99,0.153886743705844,4.99584220864302,0.384295554511001,Relaksasi
05-10-2026 07:56:25,3.2535733,1369.16,-4.76515142605029,4.99845557406312,0.38449658262024,Relaksasi
05-10-2026 07:56:25,3.2538878,1370.77,-2.12008051721195,4.97471198157171,0.382670152428593,Relaksasi
05-10-2026 07:56:25,3.254148,1378.02,5.75003988086461,4.99092336419576,0.383917181861212,Relaksasi
05-10-2026 07:56:25,3.2544028,1375.6,2.48008567793826,4.97796393898641,0.382920302998955,Relaksasi
05-10-2026 07:56:25,3.2546752,1368.35,-4.88943856045877,4.9828230451911,0.383294080399316,Relaksasi
05-10-2026 07:56:25,3.2549413,1370.77,-1.06635745786932,4.96842587046833,0.382186605420641,Relaksasi
05-10-2026 07:56:25,3.2552264,1369.16,-2.01541721273972,4.95191545337664,0.380916573336664,Relaksasi
05-10-2026 07:56:25,3.2864567,1381.25,10.8355920410317,5.00474707695874,0.384980544381441,Relaksasi
05-10-2026 07:56:25,3.3365228,1369.96,-2.29255115635633,4.99171763980722,0.383978279985171,Relaksasi
05-10-2026 07:56:25,3.3554843,1371.58,0.00889644351597729,4.99153373755324,0.383964133657942,Relaksasi
05-10-2026 07:56:25,3.3557103,1369.16,-2.20887855320891,4.96526921108593,0.381943785468149,Relaksasi
05-10-2026 07:56:25,3.3559751,1374.8,3.99344957760153,4.97245195875895,0.382496304519919,Relaksasi
05-10-2026 07:56:25,3.3562546,1367.55,-3.99029392584584,4.94513379879482,0.380394907599601,Relaksasi
05-10-2026 07:56:25,3.3564443,1372.38,1.57875546438858,4.91662638841569,0.37820202987813,Relaksasi
05-10-2026 07:56:25,3.3566494,1370.77,-0.46795296335708,4.90103910949879,0.377003008422984,Relaksasi
05-10-2026 07:56:25,3.3568269,1382.05,10.6897553161291,4.95104868701668,0.380849899001283,Relaksasi
05-10-2026 07:56:25,3.3570116,1376.41,2.74265423401082,4.94813255056246,0.380625580812497,Relaksasi
05-10-2026 07:56:25,3.3571989,1367.55,-6.75182805421284,4.92447521097275,0.378805785459442,Relaksasi
05-10-2026 07:56:25,3.3573748,1367.55,-5.35557535726179,4.93901100799456,0.37992392369189,Relaksasi
05-10-2026 07:56:25,3.3575498,1368.35,-3.33479729730684,4.9348168450926,0.379601295776354,Relaksasi
05-10-2026 07:56:25,3.3577306,1378.02,7.14192104752231,4.95026023228317,0.380789248637167,Relaksasi
05-10-2026 07:56:25,3.3579204,1367.55,-4.62322995395995,4.95104310360412,0.380849469508009,Relaksasi
05-10-2026 07:56:25,3.358124,1377.22,6.00496929266806,4.96821896247084,0.382170689420834,Relaksasi
05-10-2026 07:56:25,3.3583034,1378.02,5.66574124870009,4.98388973089353,0.383376133145656,Relaksasi
05-10-2026 07:56:25,3.3614335,1378.02,4.62448435775286,4.98738503579197,0.383645002753229,Relaksasi
05-10-2026 07:56:25,3.3617261,1365.13,-8.97327039892366,5.02756398513399,0.386735691164153,Relaksasi
05-10-2026 07:56:25,3.3619588,1379.63,7.61036478985528,5.05358233891443,0.388737102993418,Relaksasi
05-10-2026 07:56:25,3.3621735,1372.38,-0.706539071526381,5.02943805268752,0.386879850206732,Relaksasi
05-10-2026 07:56:25,3.3626705,1365.93,-6.53668619113888,5.05042004756992,0.388493849813071,Relaksasi
05-10-2026 07:56:25,3.3629052,1368.35,-2.34200393953272,5.04338703480542,0.387952848831186,Relaksasi
05-10-2026 07:56:25,3.3631738,1372.38,2.5381854890051,5.0460504235623,0.388157724889408,Relaksasi
05-10-2026 07:56:25,3.3633644,1373.99,3.85938206604266,5.0526926769288,0.388668667456062,Relaksasi
05-10-2026 07:56:25,3.3635431,1365.93,-4.92421464852577,5.05845690530168,0.389112069638591,Relaksasi
05-10-2026 07:56:25,3.3638595,1377.22,7.19999276133323,5.06586107102715,0.389681620848243,Relaksasi
05-10-2026 07:56:25,3.364124,1377.22,5.53530159389791,5.08014380219517,0.390780292476551,Relaksasi
05-10-2026 07:56:25,3.3647029,1370.77,-2.29509409642299,5.05253628826412,0.388656637558778,Relaksasi
05-10-2026 07:56:25,3.3649911,1374.8,1.94706688579865,5.02254002098549,0.386349232383499,Relaksasi
05-10-2026 07:56:25,3.3652173,1372.38,-0.983665404813323,5.01204054590643,0.385541580454341,Relaksasi
05-10-2026 07:56:25,3.3654901,1377.22,4.03617206194965,5.00665435097047,0.385127257766959,Relaksasi
05-10-2026 07:56:25,3.365792,1374.8,0.957306579921963,4.98792688363239,0.383686683356338,Relaksasi
05-10-2026 07:56:25,3.366061,1369.16,-4.57636337234889,4.99809892116175,0.384469147781673,Relaksasi
05-10-2026 07:56:25,3.3663579,1368.35,-4.05766398893861,5.00603349757434,0.385079499813411,Relaksasi
05-10-2026 07:56:25,3.3665842,1380.44,9.30328260026265,5.04902898604709,0.388386845080546,Relaksasi
05-10-2026 07:56:25,3.366804,1371.58,-0.910782892760608,5.04231614095711,0.387870472381316,Relaksasi
05-10-2026 07:56:25,3.3669857,1370.77,-1.08590454227249,5.01671991274755,0.385901531749811,Relaksasi
05-10-2026 07:56:25,3.3672364,1371.58,0.378409008831462,4.99773743740478,0.384441341338829,Relaksasi
05-10-2026 07:56:25,3.3674486,1378.83,7.92630688895618,4.99093457635744,0.383918044335188,Relaksasi
05-10-2026 07:56:25,3.3681476,1379.63,7.48115286008377,5.01719624538436,0.385938172721874,Relaksasi
05-10-2026 07:56:25,3.3686244,1367.55,-5.74639480073548,5.03338788987079,0.387183683836215,Relaksasi
05-10-2026 07:56:25,3.3689701,1371.58,-0.222556319025809,5.03326995119653,0.387174611630502,Relaksasi
05-10-2026 07:56:25,3.3693179,1371.58,0.202510414284175,5.03128425132609,0.387021865486622,Relaksasi
05-10-2026 07:56:25,3.3696234,1372.38,1.28587371993405,5.02073593651515,0.386210456655012,Relaksasi
05-10-2026 07:56:25,3.3699221,1368.35,-2.75550924368375,5.02399571788978,0.386461209068444,Relaksasi
05-10-2026 07:56:25,3.3771415,1392.53,22.0940315157721,5.25627966927132,0.404329205328563,Relaksasi
05-10-2026 07:56:25,3.3775011,1367.55,-7.09556961253083,5.26145866060904,0.404727589277618,Relaksasi
05-10-2026 07:56:25,3.3778319,1378.83,5.7813572763838,5.26075104328217,0.404673157175552,Relaksasi
05-10-2026 07:56:25,3.3781457,1380.44,6.64313259229609,5.26697517426765,0.405151936482127,Relaksasi
05-10-2026 07:56:25,3.3784541,1379.63,5.09569448340988,5.27830912159885,0.406023778584527,Relaksasi
05-10-2026 07:56:25,3.3786854,1370.77,-3.96069394071646,5.2854888482051,0.406576065246546,Relaksasi
05-10-2026 07:56:25,3.3788814,1353.85,-19.0881946085259,5.44350222212754,0.418730940163657,Relaksasi
05-10-2026 07:56:25,3.3791471,1373.99,5.81443797276148,5.45895737531446,0.419919798101112,Relaksasi
05-10-2026 07:56:25,3.3793787,1379.63,11.1100168181255,5.5111820681363,0.423937082164331,Relaksasi
05-10-2026 07:56:25,3.3795837,1374.8,4.58647750666186,5.51431324975221,0.424177942288632,Relaksasi
05-10-2026 07:56:25,3.3797806,1373.19,2.34660636067357,5.50504258553337,0.423464814271798,Relaksasi
05-10-2026 07:56:25,3.3799629,1388.5,17.3386358971325,5.62408974096706,0.432622287766697,Relaksasi
05-10-2026 07:56:25,3.380149,1366.74,-7.67353771392474,5.6467731044415,0.434367161880115,Relaksasi
05-10-2026 07:56:25,3.3803984,1370.77,-1.90548530839451,5.62963362356988,0.433048740274606,Relaksasi
05-10-2026 07:56:25,3.3806498,1379.63,7.66319868312374,5.63054401880823,0.433118770677556,Relaksasi
05-10-2026 07:56:25,3.3811954,1369.16,-3.92099856160157,5.56743743979017,0.428264418445397,Relaksasi
05-10-2026 07:56:25,3.3814456,1361.9,-9.98751643967051,5.61197384547648,0.431690295805883,Relaksasi
05-10-2026 07:56:25,3.3816448,1375.6,6.04974149867706,5.62631263889177,0.432793279914752,Relaksasi
05-10-2026 07:56:25,3.3819688,1379.63,9.12888203181521,5.66229717719647,0.435561321322805,Relaksasi
05-10-2026 07:56:25,3.3822519,1379.63,7.44437358394739,5.68669737194675,0.437438259380519,Relaksasi
05-10-2026 07:56:25,3.3825339,1365.93,-7.60344317287241,5.70929395741129,0.439176458262407,Relaksasi
05-10-2026 07:56:25,3.3828351,1373.19,1.31957368772782,5.70727574958794,0.439021211506765,Relaksasi
05-10-2026 07:56:25,3.3831165,1366.74,-5.17570736134016,5.69531253690652,0.438100964377425,Relaksasi
05-10-2026 07:56:25,3.3833613,1364.32,-6.41400481861101,5.67239641550847,0.436338185808344,Relaksasi
05-10-2026 07:56:25,3.383731,1355.46,-13.9795571885257,5.75374118907521,0.442595476082708,Relaksasi
05-10-2026 07:56:25,3.3839967,1366.74,-0.215296964789779,5.75285167806608,0.442527052158929,Relaksasi
05-10-2026 07:56:25,3.3898745,1355.46,-12.1199736727981,5.80516888802128,0.446551452924714,Relaksasi
05-10-2026 07:56:25,3.390307,1374.8,8.42717391002501,5.81305400992332,0.447158000763332,Relaksasi
05-10-2026 07:56:25,3.3905609,1361.9,-7.72220652692456,5.83358080172601,0.448736984748154,Relaksasi
05-10-2026 07:56:25,3.3908206,1369.16,-0.874290246239337,5.80288376128599,0.446375673945076,Relaksasi
05-10-2026 07:56:25,3.4699681,1377.22,5.28032701430511,5.81479568255854,0.447291975581426,Relaksasi
05-10-2026 07:56:25,3.470214,1368.35,-6.67141628402965,5.82837744261331,0.44833672635487,Relaksasi
05-10-2026 07:56:25,3.4704522,1372.38,-3.15512368693703,5.80761318932708,0.446739476102083,Relaksasi
05-10-2026 07:56:25,3.4706682,1369.16,-7.21017975882772,5.82361375316112,0.447970288704701,Relaksasi
05-10-2026 07:56:25,3.4708803,1369.96,-6.04543029953671,5.83828696815427,0.449098997550329,Relaksasi
05-10-2026 07:56:25,3.4711045,1376.41,0.941411306220556,5.82486113526811,0.44806624117447,Relaksasi
05-10-2026 07:56:25,3.4713376,1369.16,-6.7598785885532,5.84181860639823,0.449370662030633,Relaksasi
05-10-2026 07:56:25,3.4716349,1377.22,2.69724770811846,5.8439307595439,0.449533135349531,Relaksasi
05-10-2026 07:56:25,3.4718746,1371.58,-3.09606765801617,5.81498732953471,0.447306717656516,Relaksasi
05-10-2026 07:56:25,3.4720871,1371.58,-1.88600904835807,5.81622978407557,0.447402291082736,Relaksasi
05-10-2026 07:56:25,3.4722988,1375.6,3.25807782467676,5.82079039766809,0.44775310751293,Relaksasi
05-10-2026 07:56:25,3.4726818,1379.63,7.46760717361954,5.84438105422115,0.449567773401627,Relaksasi
05-10-2026 07:56:25,3.4818882,1356.26,-16.5083181427522,5.9418937071201,0.457068746701546,Relaksasi
05-10-2026 07:56:25,3.4821351,1373.19,4.44991664482575,5.94487643512852,0.457298187317578,Relaksasi
05-10-2026 07:56:25,3.4823635,1370.77,1.75608088591831,5.93825316232478,0.456788704794214,Relaksasi
05-10-2026 07:56:25,3.4825794,1368.35,-0.718557847359251,5.92476667273706,0.455751282518236,Relaksasi
05-10-2026 07:56:25,3.4828014,1366.74,-2.19977567074354,5.91515469013191,0.455011899240917,Relaksasi
05-10-2026 07:56:25,3.483059,1370.77,1.94138433231353,5.91076952122944,0.454674578556111,Relaksasi
05-10-2026 07:56:25,3.4833928,1373.99,4.17491421858694,5.88955682425959,0.453042832635353,Relaksasi
05-10-2026 07:56:25,3.4836338,1378.83,7.38935432599432,5.90813186064417,0.454471681588013,Relaksasi
05-10-2026 07:56:25,3.4838644,1369.96,-3.77322638092144,5.91009444822103,0.454622649863156,Relaksasi
05-10-2026 07:56:25,3.484087,1377.22,3.48557851518528,5.91502268719753,0.455001745169041,Relaksasi
05-10-2026 07:56:25,3.4843521,1366.74,-8.20571107429504,5.9395429101382,0.456887916164477,Relaksasi
05-10-2026 07:56:25,3.4847963,1380.44,6.79446267506088,5.92695565020455,0.45591966540035,Relaksasi
05-10-2026 07:56:25,3.4850849,1369.16,-5.87571792215531,5.93594911394351,0.456611470303347,Relaksasi
05-10-2026 07:56:25,3.4852996,1369.16,-4.56012772682894,5.94297584118244,0.457151987783264,Relaksasi
05-10-2026 07:56:25,3.4855323,1372.38,-0.105120312613278,5.93611369686855,0.45662413052835,Relaksasi
05-10-2026 07:56:25,3.4857456,1374.8,2.75098256081081,5.93832465858666,0.456794204506666,Relaksasi
05-10-2026 07:56:25,3.4958169,1367.55,-4.60131953540937,5.94422356574507,0.457247966595774,Relaksasi
05-10-2026 07:56:25,3.4962736,1365.93,-4.9108620496885,5.9389881616014,0.456845243200108,Relaksasi
05-10-2026 07:56:25,3.4965091,1378.02,8.43601939554986,5.95210825917434,0.457854481474949,Relaksasi
05-10-2026 07:56:25,3.4967406,1373.99,2.88875169538252,5.95559804768129,0.458122926744715,Relaksasi
05-10-2026 07:56:25,3.4969615,1375.6,3.94691607709814,5.94549209032675,0.45734554540975,Relaksasi
05-10-2026 07:56:25,3.4971812,1379.63,7.18927436673944,5.95675648143392,0.458212037033379,Relaksasi
05-10-2026 07:56:25,3.4974063,1370.77,-3.03275554064122,5.95799167584249,0.458307051987884,Relaksasi
05-10-2026 07:56:25,3.4976909,1378.02,4.97454503777892,5.94878762555796,0.457599048119843,Relaksasi
05-10-2026 07:56:25,3.4981565,1373.99,0.281781483950192,5.91995775108642,0.455381365468186,Relaksasi
05-10-2026 07:56:25,3.4986548,1378.02,4.70783349362655,5.92859761434032,0.456045970333871,Relaksasi
05-10-2026 07:56:25,3.4992374,1372.38,-1.24957745963578,5.92924984158078,0.45609614166006,Relaksasi
05-10-2026 07:56:25,3.4995426,1373.99,1.33473580310845,5.90728759119903,0.454406737784541,Relaksasi
05-10-2026 07:56:25,3.4997655,1368.35,-3.75807296359362,5.87115708623813,0.451627468172164,Relaksasi
05-10-2026 07:56:25,3.4999939,1371.58,0.998162662522224,5.8563008186796,0.450484678359969,Relaksasi
05-10-2026 07:56:25,3.5002119,1372.38,2.281720661739,5.85539097626807,0.450414690482159,Relaksasi
05-10-2026 07:56:25,3.5004483,1370.77,0.72480453706865,5.84590108099343,0.449684698537956,Relaksasi
05-10-2026 07:56:25,3.5006673,1376.41,6.52223713392707,5.86048352877448,0.450806425290344,Relaksasi
05-10-2026 07:56:25,3.5008821,1369.16,-1.87994342065617,5.85450636062728,0.450346643125175,Relaksasi
05-10-2026 07:56:25,3.5011374,1365.93,-4.75925175937634,5.85270078469292,0.450207752668686,Relaksasi
05-10-2026 07:56:25,3.5015138,1368.35,-1.56875333923037,5.84557543943712,0.449659649187471,Relaksasi
05-10-2026 07:56:25,3.5018044,1369.16,-0.797807360858535,5.83109080328537,0.448545446406567,Relaksasi
05-10-2026 07:56:25,3.502135,1368.35,-1.99303888397984,5.82955545761693,0.44842734289361,Relaksasi
05-10-2026 07:56:25,3.5024654,1364.32,-6.34291248144497,5.84169933260578,0.449361487123522,Relaksasi
05-10-2026 07:56:25,3.5028502,1372.38,2.09418443974916,5.84233735737453,0.449410565951887,Relaksasi
05-10-2026 07:56:25,3.5031579,1369.96,-1.71996817905451,5.84350967951053,0.449500744577733,Relaksasi
05-10-2026 07:56:25,3.5190262,1369.96,-2.42035761041633,5.84549777027759,0.449653674636738,Relaksasi
05-10-2026 07:56:25,3.5193895,1378.02,5.11010813206088,5.85513267916272,0.450394821474056,Relaksasi
05-10-2026 07:56:25,3.5196432,1364.32,-10.4621901439972,5.90159704264891,0.453969003280685,Relaksasi
05-10-2026 07:56:25,3.5199077,1372.38,-1.04116319736262,5.90203132278889,0.454002409445299,Relaksasi
05-10-2026 07:56:25,3.5201536,1369.16,-4.55076031441355,5.90795911523196,0.454458393479382,Relaksasi
05-10-2026 07:56:25,3.5204658,1370.77,-2.39507355018219,5.90967625494061,0.454590481149278,Relaksasi
05-10-2026 07:56:25,3.5207245,1369.96,-2.95437796825691,5.89441581640852,0.453416601262194,Relaksasi
05-10-2026 07:56:25,3.5210021,1372.38,-0.0872468914110378,5.88568033265936,0.452744640973797,Relaksasi
05-10-2026 07:56:25,3.521281,1375.6,3.08092279703256,5.8891153418366,0.45300887244897,Relaksasi
05-10-2026 07:56:25,3.5215523,1378.02,4.89733782830867,5.89511509298238,0.453470391767876,Relaksasi
05-10-2026 07:56:25,3.5218787,1373.99,0.0275308750253878,5.88618478531461,0.4527834450242,Relaksasi
05-10-2026 07:56:25,3.5222215,1375.6,1.91511927619548,5.85868500659249,0.450668077430192,Relaksasi
05-10-2026 07:56:25,3.5226143,1372.38,-1.2213732258863,5.85717865755646,0.45055220442742,Relaksasi
05-10-2026 07:56:25,3.5229872,1367.55,-5.2148828042423,5.85399480665547,0.450307292819651,Relaksasi
05-10-2026 07:56:25,3.5233427,1370.77,-0.323613883433016,5.85397400025346,0.450305692327189,Relaksasi
05-10-2026 07:56:25,3.5236913,1361.1,-9.34030336574797,5.87820264144843,0.452169433957571,Relaksasi
05-10-2026 07:56:25,3.5240408,1373.19,4.96551551592698,5.88298423229357,0.452537248637967,Relaksasi
05-10-2026 07:56:25,3.5244281,1355.46,-13.6373564843757,5.9614470355124,0.45857284888557,Relaksasi
05-10-2026 07:56:25,3.5248454,1369.16,2.44310554144739,5.9638631733026,0.458758705638661,Relaksasi
05-10-2026 07:56:25,3.5253457,1371.58,3.67065406565759,5.91865957627808,0.455281505867545,Relaksasi
05-10-2026 07:56:25,3.5259639,1368.35,-1.38619127269384,5.91003072761724,0.45461774827825,Relaksasi
05-10-2026 07:56:25,3.5262353,1371.58,0.756497238277864,5.90970874689715,0.45459298053055,Relaksasi
05-10-2026 07:56:25,3.5264611,1378.83,6.3967890344265,5.9104420599499,0.454649389226915,Relaksasi
05-10-2026 07:56:25,3.526742,1371.58,-3.49348286598043,5.91434435403175,0.45494956569475,Relaksasi
05-10-2026 07:56:25,3.5271109,1385.27,9.7370266955558,5.92122911199351,0.455479162461039,Relaksasi
05-10-2026 07:56:25,3.5634159,1370.77,-7.39244828294812,5.94396876509763,0.457228366545972,Relaksasi
05-10-2026 07:56:25,3.5636824,1372.38,-4.55249989347054,5.95240199044969,0.457877076188438,Relaksasi
05-10-2026 07:56:25,3.5639234,1375.6,-0.158314584194951,5.81126520543549,0.447020400418114,Relaksasi
05-10-2026 07:56:25,3.5801861,1379.63,4.5789366853391,5.81358806867541,0.447199082205801,Relaksasi
05-10-2026 07:56:25,3.5805746,1367.55,-7.39616029592168,5.82618391101659,0.448167993155123,Relaksasi
05-10-2026 07:56:25,3.5808681,1368.35,-3.92599762168297,5.80812791515033,0.446779070396179,Relaksasi
05-10-2026 07:56:25,3.5811957,1375.6,5.36271799015603,5.81969265121184,0.447668665477834,Relaksasi
05-10-2026 07:56:25,3.5817998,1369.16,-0.977064943083301,5.82007226002071,0.447697866155439,Relaksasi
05-10-2026 07:56:25,3.5821103,1381.25,12.2355979742109,5.86279619701449,0.450984322847269,Relaksasi
05-10-2026 07:56:25,3.5823688,1370.77,0.0730560833055485,5.84034556646996,0.44925735126692,Relaksasi
05-10-2026 07:56:25,3.5825907,1379.63,9.43386720573867,5.87254971589571,0.451734593530439,Relaksasi
05-10-2026 07:56:25,3.5828342,1375.6,3.94759341705816,5.87916024823773,0.452243096018287,Relaksasi
05-10-2026 07:56:25,3.583127,1369.96,-2.14110965720011,5.87276797019104,0.451751382322388,Relaksasi
05-10-2026 07:56:25,3.5834588,1353.85,-17.5325717067675,5.99384504024908,0.461065003096083,Relaksasi
05-10-2026 07:56:25,3.5836876,1379.63,11.8336482388209,6.04938888150123,0.465337606269325,Relaksasi
05-10-2026 07:56:25,3.583905,1366.74,-3.46365877243269,6.04070091960862,0.464669301508355,Relaksasi
05-10-2026 07:56:25,3.5841206,1369.16,-0.719546264946366,6.02599026254054,0.463537712503118,Relaksasi
05-10-2026 07:56:25,3.5843538,1373.99,3.70580982234565,6.00512095978115,0.461932381521627,Relaksasi
05-10-2026 07:56:25,3.584567,1366.74,-4.95835251738737,6.01297688593811,0.462536683533701,Relaksasi
05-10-2026 07:56:25,3.5847963,1373.99,2.4952340455899,6.01484599867542,0.462680461436571,Relaksasi
05-10-2026 07:56:25,3.5850085,1375.6,2.84269378137495,5.98143502086121,0.460110386220093,Relaksasi
05-10-2026 07:56:25,3.5852194,1375.6,1.58770360545659,5.98235874789639,0.460181442145876,Relaksasi
05-10-2026 07:56:25,3.5854428,1379.63,4.79784136702239,5.9631169582617,0.458701304481669,Relaksasi
05-10-2026 07:56:25,3.585673,1377.22,1.23430827359298,5.96374987445257,0.458749990342505,Relaksasi
05-10-2026 07:56:25,3.5858925,1369.16,-6.9122293699033,5.97712250637036,0.459778654336181,Relaksasi
05-10-2026 07:56:25,3.5942462,1368.35,-5.86080840151159,5.98411151474454,0.460316270364964,Relaksasi
05-10-2026 07:56:25,3.5944955,1368.35,-3.98147197983613,5.99014196446715,0.460780151112858,Relaksasi
05-10-2026 07:56:25,3.5947199,1375.6,4.82411630602788,5.98522491287907,0.460401916375313,Relaksasi
05-10-2026 07:56:25,3.5949543,1372.38,1.36583613254106,5.98466712560362,0.460359009661817,Relaksasi
05-10-2026 07:56:25,3.595183,1368.35,-2.34212222357273,5.98045720207846,0.460035169390651,Relaksasi
05-10-2026 07:56:25,3.5953974,1372.38,2.58693991617176,5.97872354034621,0.459901810795863,Relaksasi
05-10-2026 07:56:25,3.5973348,1367.55,-2.49705933570584,5.96647295513688,0.458959458087452,Relaksasi
05-10-2026 07:56:25,3.5976705,1364.32,-5.20570083269539,5.93984059476875,0.456910814982211,Relaksasi
05-10-2026 07:56:25,3.598089,1378.83,10.0992355937572,5.97619134336525,0.459707026412712,Relaksasi
05-10-2026 07:56:25,3.5984196,1379.63,8.4641222391829,6.00596630984092,0.461997408449301,Relaksasi
05-10-2026 07:56:25,3.6108269,1379.63,6.25627992833537,6.00547622483728,0.461959709602868,Relaksasi
05-10-2026 07:56:25,3.6111467,1369.16,-5.86888732448996,5.99145535781475,0.460881181370365,Relaksasi
05-10-2026 07:56:25,3.611368,1368.35,-5.73250639002571,6.00423257515604,0.461864044242773,Relaksasi
05-10-2026 07:56:25,3.6116297,1370.77,-2.18693860128151,6.00621377517854,0.462016444244503,Relaksasi
05-10-2026 07:56:25,3.6118494,1368.35,-4.06085706805401,6.00362585220084,0.461817373246219,Relaksasi
05-10-2026 07:56:25,3.6120627,1372.38,0.912382298038485,6.00210062174118,0.461700047826245,Relaksasi
05-10-2026 07:56:25,3.6122743,1374.8,3.27843780597679,5.99279883298167,0.460984525613975,Relaksasi
05-10-2026 07:56:25,3.6124913,1378.02,5.94745489630722,6.00497667159956,0.461921282430735,Relaksasi
05-10-2026 07:56:25,3.6127323,1371.58,-1.54475905751246,5.99601060556111,0.461231585043162,Relaksasi
05-10-2026 07:56:25,3.6129447,1377.22,4.57701100513786,6.00426537884255,0.461866567603273,Relaksasi
05-10-2026 07:56:25,3.6131867,1365.13,-8.13234443925815,6.03005541742809,0.463850416725238,Relaksasi
05-10-2026 07:56:25,3.6134138,1371.58,0.238400810064235,5.98120407924581,0.460092621480447,Relaksasi
05-10-2026 07:56:25,3.6136222,1378.83,7.75424292792452,6.00409566050463,0.46185351234651,Relaksasi
05-10-2026 07:56:25,3.6138305,1374.8,2.47000290863938,6.00663540400118,0.46204887723086,Relaksasi
05-10-2026 07:56:25,3.6140379,1366.74,-5.80841331270429,6.01863451958518,0.462971886121937,Relaksasi
05-10-2026 07:56:25,3.6142538,1368.35,-2.78898289984795,6.01524026209895,0.462710789392227,Relaksasi
05-10-2026 07:56:25,3.6144657,1370.77,0.383100402334574,6.00868013895684,0.462206164535142,Relaksasi
05-10-2026 07:56:25,3.614891,1371.58,1.18454311964123,6.00822689153998,0.462171299349229,Relaksasi
05-10-2026 07:56:25,3.6152229,1365.13,-5.58356473780719,6.02109429059627,0.463161099276636,Relaksasi
05-10-2026 07:56:25,3.6154589,1366.74,-3.13043982408515,5.97755973455043,0.45981228727311,Relaksasi
05-10-2026 07:56:25,3.615667,1383.66,13.9588343400445,6.05539882250095,0.46579990942315,Relaksasi
05-10-2026 07:56:25,3.6158728,1378.02,5.01320864309122,6.04694801479833,0.465149847292179,Relaksasi
05-10-2026 07:56:25,3.6160905,1373.19,-1.3252180266088,6.03580569358616,0.464292745660474,Relaksasi
05-10-2026 07:56:25,3.6163223,1374.8,0.227181158235258,6.03121911905461,0.46393993223497,Relaksasi
05-10-2026 07:56:25,3.6165354,1370.77,-3.90354037263081,6.01637407563795,0.462798005818304,Relaksasi
05-10-2026 07:56:25,3.6169342,1372.38,-1.34685752309115,6.00824066328155,0.462172358713966,Relaksasi
05-10-2026 07:56:25,3.6171569,1365.93,-7.16658527408173,6.01460367017927,0.462661820783021,Relaksasi
05-10-2026 07:56:25,3.681878,1374.8,3.54832867684074,6.00648877230636,0.46203759786972,Relaksasi
05-10-2026 07:56:25,3.6825919,1365.13,-6.3865547217126,6.01455887825815,0.462658375250627,Relaksasi
05-10-2026 07:56:25,3.6829581,1378.02,8.08025393249988,6.00822545431189,0.462171188793223,Relaksasi
05-10-2026 07:56:25,3.6832828,1365.93,-5.38497275170947,5.99617999282471,0.46124461483267,Relaksasi
05-10-2026 07:56:25,3.683605,1372.38,2.18231395585936,5.99795723476443,0.46138132575111,Relaksasi
05-10-2026 07:56:25,3.683835,1368.35,-2.34503028910609,5.98241970222251,0.460186130940193,Relaksasi
05-10-2026 07:56:25,3.6840513,1369.16,-1.29938544313167,5.98083293479472,0.460064071907286,Relaksasi
05-10-2026 07:56:25,3.6842641,1378.83,8.25709305898148,6.00658377074403,0.462044905441849,Relaksasi
05-10-2026 07:56:25,3.6845831,1368.35,-4.29356021732097,6.00805690236086,0.462158223258528,Relaksasi
05-10-2026 07:56:25,3.684848,1373.99,1.72435172957436,5.99919788279388,0.461476760214914,Relaksasi
05-10-2026 07:56:25,3.6851036,1377.22,4.21453724842329,5.98498014860485,0.460383088354219,Relaksasi
05-10-2026 07:56:25,3.685385,1372.38,-1.74084362775528,5.97343638479548,0.459495106522729,Relaksasi
05-10-2026 07:56:25,3.6858523,1375.6,1.70330635895732,5.97244599987339,0.459418923067184,Relaksasi
05-10-2026 07:56:25,3.6861963,1366.74,-7.40159277794866,5.99375289383602,0.461057914910463,Relaksasi
05-10-2026 07:56:25,3.6864819,1369.16,-3.28532537629227,5.99784982959436,0.461373063814951,Relaksasi
05-10-2026 07:56:25,3.6867202,1383.66,12.1731746690185,6.05257631603344,0.465582793541034,Relaksasi
05-10-2026 07:56:25,3.6869449,1370.77,-2.74820793844745,6.05531676432653,0.465793597255887,Relaksasi
05-10-2026 07:56:25,3.6871584,1369.16,-3.40529667479449,6.05145650525325,0.46549665425025,Relaksasi
05-10-2026 07:56:25,3.6873677,1369.16,-2.27144612435354,6.04678426828801,0.46513725140677,Relaksasi
05-10-2026 07:56:25,3.6876194,1370.77,0.201836470190632,6.01091077469273,0.462377751899441,Relaksasi
05-10-2026 07:56:25,3.6879679,1381.25,10.9350322925884,6.0600969769574,0.4661613059198,Relaksasi
05-10-2026 07:56:25,3.68827,1378.83,6.56170529907497,6.07734804901884,0.467488311462988,Relaksasi
05-10-2026 07:56:25,3.6885661,1367.55,-5.8157758213253,6.09118704228025,0.468552849406173,Relaksasi
05-10-2026 07:56:25,3.6888962,1367.55,-4.42657728373933,6.07341755618678,0.467185965860522,Relaksasi
05-10-2026 07:56:25,3.6894413,1366.74,-4.11264619733711,6.05732051859075,0.465947732199288,Relaksasi
05-10-2026 07:56:25,3.6898058,1370.77,0.870233713319061,6.04398983557136,0.464922295043951,Relaksasi
05-10-2026 07:56:25,3.6901872,1375.6,5.50063474809675,6.05647177728701,0.465882444406693,Relaksasi
05-10-2026 07:56:25,3.6906371,1374.8,3.43408761198747,6.06132082349785,0.466255447961373,Relaksasi
05-10-2026 07:56:25,3.6909392,1371.58,-0.722572416160471,6.06085417443231,0.466219551879408,Relaksasi
05-10-2026 07:56:25,3.6913136,1369.16,-3.25965876139956,6.06210491858869,0.466315762968361,Relaksasi
05-10-2026 07:56:25,3.6916926,1365.13,-6.88289310160905,5.87752124522902,0.45211701886377,Relaksasi
05-10-2026 07:56:25,3.6920655,1376.41,5.49504122659654,5.86894350270107,0.451457192515467,Relaksasi
05-10-2026 07:56:25,3.6927676,1368.35,-3.92616678344841,5.86126703931568,0.450866695331975,Relaksasi
05-10-2026 07:56:25,3.6930479,1383.66,11.8405551685978,5.90210038769905,0.454007722130696,Relaksasi
05-10-2026 07:56:25,3.7070888,1371.58,-2.79853829663078,5.89441409795109,0.453416469073161,Relaksasi
05-10-2026 07:56:25,3.7163192,1373.99,0.0672529369362791,5.88775888521702,0.452904529632079,Relaksasi
05-10-2026 07:56:25,3.7165458,1379.63,5.80677920387444,5.74565072441755,0.441973132647504,Relaksasi
05-10-2026 07:56:25,3.7167795,1368.35,-6.2869242572108,5.74813803638918,0.442164464337629,Relaksasi
05-10-2026 07:56:25,3.7169884,1371.58,-1.31333739486301,5.69495854176768,0.438073733982129,Relaksasi
05-10-2026 07:56:25,3.7172857,1373.19,1.18302926398173,5.68633200789878,0.437410154453753,Relaksasi
05-10-2026 07:56:25,3.7175206,1372.38,0.785556323330712,5.68418194559957,0.437244765046121,Relaksasi
05-10-2026 07:56:25,3.7177457,1374.8,3.65377627160162,5.55639571323246,0.427415054864035,Relaksasi
05-10-2026 07:56:25,3.7179693,1392.53,21.2027265042082,5.72947602079406,0.440728924676466,Relaksasi
05-10-2026 07:56:25,3.7181853,1370.77,-4.14291747056985,5.73537792367612,0.441182917205855,Relaksasi
05-10-2026 07:56:25,3.7186373,1378.83,5.43316067874646,5.72263340009751,0.44020256923827,Relaksasi
05-10-2026 07:56:25,3.7316109,1367.55,-6.01459400033502,5.7317134077216,0.4409010313632,Relaksasi
05-10-2026 07:56:25,3.7319418,1373.99,2.58718667425759,5.69098004209551,0.437767695545808,Relaksasi
05-10-2026 07:56:25,3.732226,1372.38,1.44566324659548,5.67580009246609,0.436600007112776,Relaksasi
05-10-2026 07:56:25,3.7324538,1373.19,2.83644695275873,5.64253944695677,0.434041495919751,Relaksasi
05-10-2026 07:56:25,3.732689,1373.99,3.79125440447369,5.6243244901031,0.432640345392546,Relaksasi
05-10-2026 07:56:25,3.7328992,1370.77,0.367565704178434,5.59862838133524,0.430663721641172,Relaksasi
05-10-2026 07:56:25,3.7331353,1379.63,9.51795702650285,5.63816378872568,0.433704906825052,Relaksasi
05-10-2026 07:56:25,3.733475,1375.6,3.85299413373648,5.63286596627502,0.433297382021155,Relaksasi
05-10-2026 07:56:25,3.7337333,1367.55,-4.78116708873106,5.62474706085575,0.432672850835057,Relaksasi
05-10-2026 07:56:25,3.733946,1366.74,-4.5013727613058,5.54634575070381,0.42664198082337,Relaksasi
05-10-2026 07:56:25,3.7343987,1377.22,6.94198977826742,5.56800462758813,0.42830804827601,Relaksasi
05-10-2026 07:56:25,3.7346541,1369.96,-1.6988760876333,5.50296625680204,0.42330509667708,Relaksasi
05-10-2026 07:56:25,3.734893,1371.58,0.14902765316288,5.47061809754253,0.420816776734041,Relaksasi
05-10-2026 07:56:25,3.7354804,1364.32,-7.2898644987469,5.46765128944668,0.420588560726668,Relaksasi
05-10-2026 07:56:25,3.735914,1374.8,4.3880217486505,5.47609919378272,0.421238399521748,Relaksasi
05-10-2026 07:56:25,3.7368451,1374.8,3.21077347200453,5.46807081562596,0.420620831971228,Relaksasi
05-10-2026 07:56:25,3.7372729,1374.8,2.21635225097014,5.44993766524244,0.419225974249418,Relaksasi
05-10-2026 07:56:25,3.7376123,1368.35,-4.98242805291915,5.45675448175391,0.419750344750301,Relaksasi
05-10-2026 07:56:25,3.738025,1371.58,-1.00192225497773,5.43334659803638,0.417949738310491,Relaksasi
05-10-2026 07:56:25,3.7383732,1374.8,2.26949945501496,5.41888108890962,0.416837006839201,Relaksasi
05-10-2026 07:56:25,3.7386226,1369.16,-3.88916172354994,5.42544642163799,0.417342032433692,Relaksasi
05-10-2026 07:56:25,3.7389234,1367.55,-4.74411852678567,5.41475044525466,0.416519265019589,Relaksasi
05-10-2026 07:56:25,3.7392791,1376.41,5.06319698036001,5.42322104258165,0.417170849429358,Relaksasi
05-10-2026 07:56:25,3.739816,1378.02,5.69215089901049,5.43372811348441,0.417979085652647,Relaksasi
05-10-2026 07:56:25,3.7784805,1380.44,7.04253065675993,5.45486959063876,0.419605353126058,Relaksasi
05-10-2026 07:56:25,3.7787191,1371.58,-3.00831811367066,5.45415225169617,0.419550173207398,Relaksasi
05-10-2026 07:56:25,3.7789358,1372.38,-1.23546964004435,5.42923410126532,0.417633392405025,Relaksasi
05-10-2026 07:56:25,3.7791461,1371.58,-1.24103019422527,5.30298603303324,0.407922002541018,Relaksasi
05-10-2026 07:56:25,3.779382,1371.58,-0.364866154108173,5.29370548031983,0.407208113870756,Relaksasi
05-10-2026 07:56:25,3.7795892,1371.58,0.339544630232533,5.29230337988652,0.407100259991271,Relaksasi
05-10-2026 07:56:25,3.7797959,1370.77,0.0257337976101923,5.29205978320351,0.407081521784886,Relaksasi
05-10-2026 07:56:25,3.7800088,1377.22,6.90865931164324,5.31228289452038,0.408637145732337,Relaksasi
05-10-2026 07:56:25,3.8034223,1373.19,1.83710911619138,5.31209747042625,0.408622882340481,Relaksasi
05-10-2026 07:56:25,3.8037909,1370.77,-0.724540578820927,5.30413563051493,0.408010433116533,Relaksasi
05-10-2026 07:56:25,3.8040525,1368.35,-2.8487639244688,5.28217940623085,0.406321492786989,Relaksasi
05-10-2026 07:56:25,3.8042925,1377.22,6.64282424845943,5.29630707785911,0.407408236758393,Relaksasi
05-10-2026 07:56:25,3.8045134,1371.58,-0.319631233306072,5.29061746828094,0.406970574483149,Relaksasi
05-10-2026 07:56:25,3.8047306,1379.63,7.72106027080548,5.28696875184944,0.406689903988419,Relaksasi
05-10-2026 07:56:25,3.8049461,1370.77,-2.68648701040913,5.26851981396141,0.405270754920108,Relaksasi
05-10-2026 07:56:25,3.8051627,1372.38,-0.50342384879714,5.25223265882786,0.404017896832912,Relaksasi
05-10-2026 07:56:25,3.8053753,1371.58,-1.05852293188128,5.24285956630726,0.403296889715943,Relaksasi
05-10-2026 07:56:25,3.8055877,1372.38,0.154611253003974,5.24286569576379,0.403297361212599,Relaksasi
05-10-2026 07:56:25,3.8058142,1374.8,2.77931759324514,5.24294041640642,0.40330310895434,Relaksasi
05-10-2026 07:56:25,3.8060262,1364.32,-7.99319531253437,5.26327078527932,0.404866983483025,Relaksasi
05-10-2026 07:56:25,3.8062378,1363.52,-7.00654633923082,5.27512037652587,0.40577849050199,Relaksasi
05-10-2026 07:56:25,3.8064477,1370.77,1.69992562416401,5.24266264471274,0.40328174190098,Relaksasi
05-10-2026 07:56:25,3.8066768,1378.02,8.46504488001833,5.27276702487244,0.405597463451726,Relaksasi
05-10-2026 07:56:25,3.8068886,1370.77,-0.796297543381884,5.26567676703307,0.405052059002544,Relaksasi
05-10-2026 07:56:25,3.8071028,1375.6,3.73976723510784,5.24774740056479,0.403672876966522,Relaksasi
05-10-2026 07:56:25,3.8073146,1372.38,-0.650454210693588,5.24356560011307,0.403351200008697,Relaksasi
05-10-2026 07:56:25,3.8075427,1369.16,-4.10549040154467,5.23980199704249,0.403061692080192,Relaksasi
05-10-2026 07:56:25,3.8079468,1378.83,6.11071050447525,5.25754998821072,0.404426922170055,Relaksasi
05-10-2026 07:56:25,3.8082801,1369.16,-4.88501120787196,5.25835811542169,0.404489085801669,Relaksasi
05-10-2026 07:56:25,3.8085906,1359.49,-13.590295931213,5.34471735158865,0.411132103968357,Relaksasi
05-10-2026 07:56:25,3.8088944,1371.58,1.22707970872805,5.34458834645945,0.41112218049688,Relaksasi
05-10-2026 07:56:25,3.8091319,1377.22,6.61770475278388,5.35844931972737,0.412188409209798,Relaksasi
05-10-2026 07:56:25,3.8093456,1369.96,-2.05406668428231,5.35995274403608,0.412304057233544,Relaksasi
05-10-2026 07:56:25,3.8095772,1365.93,-5.84635287284097,5.37344967241508,0.413342282493468,Relaksasi
05-10-2026 07:56:25,3.809793,1377.22,6.38127622820882,5.39211814646123,0.414778318958556,Relaksasi
05-10-2026 07:56:25,3.8100068,1373.99,1.65067130670542,5.37362668949514,0.413355899191934,Relaksasi
05-10-2026 07:56:25,3.810222,1388.5,15.5917860842171,5.48395038527976,0.421842337329212,Relaksasi
05-10-2026 07:56:25,3.8104588,1368.35,-7.69026553582266,5.50056000437426,0.423120000336481,Relaksasi
05-10-2026 07:56:25,3.8106791,1365.13,-9.22157532963806,5.53796376697482,0.425997212844217,Relaksasi
05-10-2026 07:56:25,3.8197456,1371.58,-0.559761436640272,5.53781787942963,0.425985990725356,Relaksasi
05-10-2026 07:56:25,3.8199949,1377.22,5.66014461871197,5.55047313580463,0.426959471984971,Relaksasi
05-10-2026 07:56:25,3.820233,1367.55,-4.65597420599044,5.54210969005367,0.426316130004128,Relaksasi
05-10-2026 07:56:25,3.8205177,1361.9,-8.97084674167211,5.57632784460896,0.428948295739151,Relaksasi
05-10-2026 07:56:25,3.8207504,1371.58,2.75551038479412,5.57840523494663,0.429108094995894,Relaksasi
05-10-2026 07:56:25,3.8209849,1371.58,2.26247402677621,5.5780738838848,0.429082606452677,Relaksasi
05-10-2026 07:56:25,3.821265,1370.77,0.790094960424406,5.56663843613929,0.428202956626099,Relaksasi
05-10-2026 07:56:25,3.8215016,1372.38,1.81959769689826,5.51876173109062,0.424520133160817,Relaksasi
05-10-2026 07:56:25,3.8217708,1379.63,8.15223027309351,5.54829750758377,0.426792115967982,Relaksasi
05-10-2026 07:56:25,3.8219877,1379.63,5.97885822867831,5.55506902423879,0.427313001864522,Relaksasi
05-10-2026 07:56:25,3.8222044,1375.6,0.348826480645336,5.55254161416836,0.427118585705258,Relaksasi
05-10-2026 07:56:25,3.8224285,1379.63,4.16671227231352,5.55642727721474,0.427417482862672,Relaksasi
05-10-2026 07:56:25,3.8226627,1373.99,-2.07263224397332,5.55835632619657,0.42756587124589,Relaksasi
05-10-2026 07:56:25,3.8228899,1361.9,-13.1783468987398,5.63171454865041,0.433208811434647,Relaksasi
05-10-2026 07:56:25,3.8231612,1376.41,4.73017660051467,5.63100009073149,0.433153853133192,Relaksasi
05-10-2026 07:56:25,3.8234212,1371.58,-0.136222283866385,5.63100799276877,0.433154460982213,Relaksasi
05-10-2026 07:56:25,3.8236561,1372.38,1.52428296336143,5.6304111571161,0.433108550547392,Relaksasi
05-10-2026 07:56:25,3.8366999,1375.6,5.17699743793009,5.64163784266188,0.433972141743222,Relaksasi
05-10-2026 07:56:25,3.8370684,1369.16,-1.67972755149702,5.63082675614167,0.433140519703206,Relaksasi
05-10-2026 07:56:25,3.8373237,1379.63,9.5631422870342,5.67123926315612,0.436249174088932,Relaksasi
05-10-2026 07:56:25,3.8375512,1378.02,6.39865439647767,5.65079307138125,0.43467639010625,Relaksasi
05-10-2026 07:56:25,3.8377739,1374.8,2.18703951744643,5.64199400240111,0.433999538646239,Relaksasi
05-10-2026 07:56:25,3.8380922,1371.58,-1.16479212095303,5.55958564707349,0.427660434390269,Relaksasi
05-10-2026 07:56:25,3.8385171,1364.32,-7.84658648220021,5.58453161337865,0.429579354875281,Relaksasi
05-10-2026 07:56:25,3.8388971,1377.22,6.91916243945401,5.59991061346471,0.430762354881901,Relaksasi
05-10-2026 07:56:25,3.8392167,1369.16,-2.24833113449957,5.60130933014987,0.430869948473067,Relaksasi
05-10-2026 07:56:25,3.8394438,1378.83,7.99859517875374,5.62953749395404,0.433041345688772,Relaksasi
05-10-2026 07:56:25,3.83976,1367.55,-4.76743717550326,5.6214535604407,0.432419504649284,Relaksasi
05-10-2026 07:56:25,3.8401225,1366.74,-4.60580534557151,5.62545866875967,0.43272758990459,Relaksasi
05-10-2026 07:56:25,3.8404807,1367.55,-2.91790977305019,5.58697662218054,0.429767432475426,Relaksasi
05-10-2026 07:56:25,3.8407675,1364.32,-5.74003176216305,5.57725794112705,0.429019841625158,Relaksasi
05-10-2026 07:56:25,3.841098,1378.83,9.52540240581521,5.6085511783729,0.431427013720992,Relaksasi
05-10-2026 07:56:25,3.8413977,1370.77,-0.945415734733942,5.60893840735015,0.431456800565396,Relaksasi
05-10-2026 07:56:25,3.8417024,1378.02,5.85560194956204,5.61487285007991,0.431913296159993,Relaksasi
05-10-2026 07:56:25,3.8419859,1369.16,-4.73068090791383,5.60046229308011,0.430804791775393,Relaksasi
05-10-2026 07:56:25,3.8423056,1374.8,1.38054030565324,5.59442937816382,0.430340721397217,Relaksasi
05-10-2026 07:56:25,3.842601,1376.41,2.43932208023127,5.58422759270324,0.42955596866948,Relaksasi
05-10-2026 07:56:25,3.8428661,1376.41,1.87936126565575,5.58538132283083,0.429644717140833,Relaksasi
05-10-2026 07:56:25,3.8431695,1376.41,1.6731501414181,5.51923295299932,0.424556380999947,Relaksasi
05-10-2026 07:56:25,3.8434072,1375.6,0.963705221034307,5.51965119751985,0.424588553655373,Relaksasi
05-10-2026 07:56:25,3.916699,1367.55,-6.59305219800497,5.49899097802795,0.42299930600215,Relaksasi
05-10-2026 07:56:25,3.91704,1374.8,2.79718200606731,5.49546225929868,0.422727866099898,Relaksasi
05-10-2026 07:56:25,3.9174564,1378.83,7.18299420198648,5.51680711273144,0.424369777902418,Relaksasi
05-10-2026 07:56:25,3.9177579,1373.99,1.82946845806533,5.37726139777627,0.413635492136636,Relaksasi
05-10-2026 07:56:25,3.9180976,1379.63,7.9884776780697,5.34170786030827,0.410900604639097,Relaksasi
05-10-2026 07:56:25,3.9183509,1372.38,0.0505345615291439,5.33609135726979,0.41046856594383,Relaksasi
05-10-2026 07:56:25,3.9186978,1379.63,8.15307803106635,5.36690279825298,0.412838676788691,Relaksasi
05-10-2026 07:56:25,3.9189592,1365.13,-7.08674935333294,5.38387319647144,0.414144092036264,Relaksasi
05-10-2026 07:56:25,3.9193019,1366.74,-3.29825744516202,5.37750470089269,0.413654207760976,Relaksasi
05-10-2026 07:56:25,3.9195528,1378.02,9.24912660288653,5.41425503259615,0.41648115635355,Relaksasi
05-10-2026 07:56:25,3.919798,1382.05,11.8445016000873,5.47496247558755,0.421150959660581,Relaksasi
05-10-2026 07:56:25,3.9200431,1374.8,2.48863194580028,5.47663916468907,0.421279935745313,Relaksasi
05-10-2026 07:56:25,3.9203923,1369.16,-3.44963175622454,5.47156101378376,0.420889308752597,Relaksasi
05-10-2026 07:56:25,3.9207848,1373.99,2.27081626683555,5.47322074975747,0.421016980750574,Relaksasi
05-10-2026 07:56:25,3.921118,1372.38,0.436448781291084,5.45144047376089,0.419341574904684,Relaksasi
05-10-2026 07:56:25,3.9213864,1371.58,-0.244969005650275,5.43569295604809,0.418130227388315,Relaksasi
05-10-2026 07:56:25,3.9217394,1378.83,7.23603879585143,5.45245803322457,0.419419848709582,Relaksasi
05-10-2026 07:56:25,3.9220408,1365.93,-6.8955820904743,5.46357789138555,0.420275222414273,Relaksasi
05-10-2026 07:56:25,3.9222908,1378.02,6.73011347716893,5.48341389743744,0.42180106903365,Relaksasi
05-10-2026 07:56:25,3.9225791,1367.55,-4.86396836333381,5.49169292925751,0.422437917635193,Relaksasi
05-10-2026 07:56:25,3.9228667,1366.74,-4.55358707466929,5.49808200328446,0.422929384868035,Relaksasi
05-10-2026 07:56:25,3.923251,1356.26,-14.0403269626472,5.58420836773669,0.429554489825899,Relaksasi
05-10-2026 07:56:25,3.9238362,1379.63,11.9620423551358,5.63589733538796,0.433530564260613,Relaksasi
05-10-2026 07:56:25,3.9242504,1369.16,-1.24257890541466,5.59116141680984,0.430089339754603,Relaksasi
05-10-2026 07:56:25,3.9245319,1374.8,4.01561142730085,5.56628285645809,0.42817560434293,Relaksasi
05-10-2026 07:56:25,3.9247801,1378.83,6.54494226826625,5.56794225830921,0.42830325063917,Relaksasi
05-10-2026 07:56:25,3.9250719,1363.52,-10.7197415818727,5.60395628976871,0.431073560751439,Relaksasi
05-10-2026 07:56:25,3.9348298,1379.63,6.93740882649236,5.61076252894465,0.431597117611127,Relaksasi
05-10-2026 07:56:25,3.9352695,1369.96,-4.47393189078266,5.61754599329612,0.43211892256124,Relaksasi
05-10-2026 07:56:25,3.9358838,1371.58,-2.18788460430143,5.61233502041442,0.431718078493417,Relaksasi
05-10-2026 07:56:25,3.9362614,1367.55,-5.8126334330445,5.6269952649008,0.432845789607754,Relaksasi
05-10-2026 07:56:25,3.9365924,1368.35,-3.78403000207236,5.62858146909686,0.432967805315143,Relaksasi
05-10-2026 07:56:25,3.9368989,1379.63,8.35309584474617,5.64384082930234,0.434141602254026,Relaksasi
05-10-2026 07:56:25,3.9372086,1369.16,-3.6383412156804,5.6486454604427,0.434511189264823,Relaksasi
05-10-2026 07:56:25,3.9375004,1366.74,-5.22245154129413,5.65144409771343,0.434726469054879,Relaksasi
05-10-2026 07:56:25,3.9377707,1374.8,3.97188481065032,5.62912289827924,0.433009453713788,Relaksasi
05-10-2026 07:56:25,3.938024,1370.77,-0.78621656733325,5.62937217739725,0.433028629030558,Relaksasi
05-10-2026 07:56:25,3.9507653,1365.93,-5.49351546837295,5.61605584514027,0.432004295780021,Relaksasi
05-10-2026 07:56:25,3.9511826,1371.58,1.12834059636149,5.61390634464075,0.43183894958775,Relaksasi
05-10-2026 07:56:25,3.9515509,1372.38,1.49028092067063,5.59985364152085,0.430757972424681,Relaksasi
05-10-2026 07:56:25,3.9518346,1376.41,4.9044933492625,5.60711502944615,0.431316540726627,Relaksasi
05-10-2026 07:56:25,3.9521702,1366.74,-6.07939767395591,5.62350429040825,0.432577253108327,Relaksasi
05-10-2026 07:56:25,3.9524604,1378.83,6.8651812465991,5.64379644919728,0.434138188399791,Relaksasi
05-10-2026 07:56:25,3.9528169,1365.93,-7.64456654904728,5.65586017973212,0.435066167671702,Relaksasi
05-10-2026 07:56:25,3.9531335,1375.6,3.32832030218991,5.6564250799766,0.435109621536661,Relaksasi
05-10-2026 07:56:25,3.9535067,1369.96,-3.06771303209485,5.57386344656564,0.428758726658896,Relaksasi
05-10-2026 07:56:25,3.9539172,1367.55,-4.9172144036107,5.57343587062058,0.428725836201583,Relaksasi
05-10-2026 07:56:25,3.9542948,1366.74,-4.76849959059563,5.58283971931467,0.429449209178052,Relaksasi
05-10-2026 07:56:25,3.9546109,1372.38,1.75489322230797,5.58419551289823,0.429553500992172,Relaksasi
05-10-2026 07:56:25,3.9549589,1372.38,1.26392415747318,5.57808559547522,0.429083507344248,Relaksasi
05-10-2026 07:56:25,3.9552507,1380.44,8.83948518788246,5.61218774422636,0.431706749555874,Relaksasi
05-10-2026 07:56:25,3.9555152,1367.55,-6.01524488366694,5.60542303568995,0.431186387360766,Relaksasi
05-10-2026 07:56:25,3.955809,1369.96,-2.59305042644392,5.60280588452068,0.430985068040052,Relaksasi
05-10-2026 07:56:25,3.9560671,1361.9,-10.2363508676038,5.63128828679334,0.433176022061026,Relaksasi
05-10-2026 07:56:25,3.9564648,1372.38,2.12812342170344,5.60424837042377,0.431096028494136,Relaksasi
05-10-2026 07:56:25,3.9568222,1366.74,-4.14818288436649,5.59898626948888,0.430691251499144,Relaksasi
05-10-2026 07:56:25,3.9572149,1375.6,5.1600908259302,5.60874027403431,0.431441559541101,Relaksasi
05-10-2026 07:56:25,3.9575257,1372.38,0.466027326842786,5.60638542499864,0.431260417307588,Relaksasi
05-10-2026 07:56:25,3.957896,1372.38,-0.124645835235799,5.60563941079957,0.431203031599967,Relaksasi
05-10-2026 07:56:25,3.9583102,1379.63,6.69637119139331,5.59522137280113,0.430401644061625,Relaksasi
05-10-2026 07:56:25,3.9587143,1378.83,4.2614078100815,5.59509847067689,0.430392190052068,Relaksasi
05-10-2026 07:56:25,3.9591368,1365.13,-10.3603435787413,5.64153733901338,0.433964410693337,Relaksasi
05-10-2026 07:56:25,4.0252725,1378.02,4.72992381823002,5.64357978795567,0.434121522150436,Relaksasi
05-10-2026 07:56:25,4.0255907,1371.58,-2.25163969396557,5.64448310714963,0.434191008242279,Relaksasi
05-10-2026 07:56:25,4.025876,1369.16,-3.70689900559442,5.64928214778865,0.434560165214512,Relaksasi
05-10-2026 07:56:25,4.0261366,1372.38,0.840020045949366,5.62529990982335,0.43271537767872,Relaksasi
05-10-2026 07:56:25,4.0264249,1368.35,-2.77214528910502,5.6239182256535,0.432609094281039,Relaksasi
05-10-2026 07:56:25,4.0266938,1367.55,-2.5533062832262,5.56058649479578,0.427737422676599,Relaksasi
05-10-2026 07:56:25,4.026975,1377.22,7.90886893684899,5.58525827254585,0.429635251734296,Relaksasi
05-10-2026 07:56:25,4.0272231,1371.58,0.808392168752224,5.58035816353372,0.429258320271825,Relaksasi
05-10-2026 07:56:25,4.0274947,1379.63,8.62662928591969,5.61130052305361,0.431638501773355,Relaksasi
05-10-2026 07:56:25,4.0277559,1369.16,-3.65994080307342,5.61724716419246,0.432095935707112,Relaksasi
05-10-2026 07:56:25,4.0280114,1372.38,0.15901000034447,5.5637862529333,0.427983557917946,Relaksasi
05-10-2026 07:56:25,4.0282921,1372.38,0.0539962920901766,5.54440728700262,0.426492868230971,Relaksasi
05-10-2026 07:56:25,4.0285386,1366.74,-5.6391270074424,5.54349480825756,0.426422677558274,Relaksasi
05-10-2026 07:56:25,4.0287866,1372.38,1.06778397828719,5.53516599299925,0.425781999461481,Relaksasi
05-10-2026 07:56:25,4.0290337,1372.38,0.792868862040386,5.527805756491,0.425215827422384,Relaksasi
05-10-2026 07:56:25,4.0293037,1367.55,-4.30035669932285,5.53582110319897,0.425832392553767,Relaksasi
05-10-2026 07:56:25,4.0295474,1367.55,-3.60957115412346,5.52803540084962,0.425233492373048,Relaksasi
05-10-2026 07:56:25,4.0300109,1368.35,-2.33150147999553,5.52515973526275,0.425012287327904,Relaksasi
05-10-2026 07:56:25,4.0305566,1378.83,8.25520148766626,5.55567469383293,0.427359591833302,Relaksasi
05-10-2026 07:56:25,4.0310361,1364.32,-8.30078441166706,5.58183746957367,0.429372113044129,Relaksasi
05-10-2026 07:56:25,4.0313162,1379.63,8.17142539555948,5.59051870710328,0.430039900546406,Relaksasi
05-10-2026 07:56:25,4.031587,1372.38,-1.10077210003973,5.57754251621113,0.429041732016241,Relaksasi
05-10-2026 07:56:25,4.0319808,1372.38,-1.21603348503075,5.57129251424381,0.428560962634139,Relaksasi
05-10-2026 07:56:25,4.0322786,1365.13,-8.40286967788663,5.53997722376941,0.426152094136109,Relaksasi
05-10-2026 07:56:25,4.032528,1369.16,-2.79234577673479,5.53996160018998,0.426150892322306,Relaksasi
05-10-2026 07:56:25,4.0327775,1369.16,-2.28185841302413,5.54230875230507,0.426331442485005,Relaksasi
05-10-2026 07:56:25,4.0330282,1364.32,-6.76247857221924,5.54772462046047,0.426748047727728,Relaksasi
05-10-2026 07:56:25,4.0333431,1378.02,8.05987234190985,5.55917521690251,0.427628862838655,Relaksasi
05-10-2026 07:56:25,4.0336044,1370.77,-1.08536571297694,5.55892929531523,0.427609945793479,Relaksasi
05-10-2026 07:56:25,4.0338529,1361.9,-10.1268993084485,5.60423657308772,0.431095121006748,Relaksasi
05-10-2026 07:56:25,4.0341062,1372.38,1.90426911719098,5.60557876385675,0.43119836645052,Relaksasi
05-10-2026 07:56:25,4.0445955,1376.41,5.04994478170471,5.61099568562288,0.431615052740221,Relaksasi
05-10-2026 07:56:25,4.0450078,1374.8,1.89427044559409,5.40864454652203,0.416049580501695,Relaksasi
05-10-2026 07:56:25,4.0454655,1378.83,5.06647078661443,5.41257449241494,0.416351884031919,Relaksasi
05-10-2026 07:56:25,4.0458667,1379.63,4.57754672710321,5.4086168408688,0.4160474492976,Relaksasi
05-10-2026 07:56:25,4.0465306,1371.58,-4.370615918185,5.40071947465397,0.415439959588767,Relaksasi
05-10-2026 07:56:25,4.0471372,1367.55,-7.21095262443481,5.42165033529723,0.417050025792095,Relaksasi
05-10-2026 07:56:25,4.0476378,1369.96,-2.79980267972471,5.42430061135469,0.41725389318113,Relaksasi
05-10-2026 07:56:25,4.0479581,1369.16,-2.36176713751631,5.42316325457966,0.417166404198435,Relaksasi
05-10-2026 07:56:25,4.0482448,1378.02,7.60676563555577,5.44317426261526,0.418705712508866,Relaksasi
05-10-2026 07:56:25,4.0485288,1375.6,4.24438387073461,5.45138005487358,0.419336927297968,Relaksasi
05-10-2026 07:56:25,4.0488871,1364.32,-7.40308129445446,5.43494388528007,0.418072606560005,Relaksasi
05-10-2026 07:56:25,4.0491723,1385.27,15.3669671840563,5.53580216584277,0.425830935834059,Relaksasi
05-10-2026 07:56:25,4.0494194,1369.16,-3.45776869758788,5.53087593854064,0.425451995272357,Relaksasi
05-10-2026 07:56:25,4.0496664,1375.6,3.90543507985673,5.52861094486323,0.425277764989479,Relaksasi
05-10-2026 07:56:25,4.0666496,1365.93,-6.27105550586646,5.52460075978726,0.424969289214404,Relaksasi
05-10-2026 07:56:25,4.067044,1365.93,-4.82296937267179,5.53381313590231,0.425677933530947,Relaksasi
05-10-2026 07:56:25,4.0673402,1367.55,-2.15103084259934,5.53589301245129,0.425837924034714,Relaksasi
05-10-2026 07:56:25,4.067614,1379.63,10.2486924670149,5.55927866810738,0.427636820623645,Relaksasi
05-10-2026 07:56:25,4.0679959,1365.93,-5.74599539907712,5.56546385766467,0.428112604435744,Relaksasi
05-10-2026 07:56:25,4.0684381,1365.93,-5.03215655145418,5.57220383845752,0.428631064496733,Relaksasi
05-10-2026 07:56:25,4.0688935,1369.96,-0.524437422210138,5.57012295231155,0.428470996331658,Relaksasi
05-10-2026 07:56:25,4.0693374,1377.22,6.20860976256894,5.57627841246065,0.428944493266204,Relaksasi
05-10-2026 07:56:25,4.0697814,1374.8,1.88433177056793,5.57742012254388,0.42903231711876,Relaksasi
05-10-2026 07:56:25,4.0702359,1375.6,1.6909381171498,5.57639295988509,0.428953304606546,Relaksasi
05-10-2026 07:56:25,4.0705721,1377.22,2.54084193487032,5.57250481715237,0.428654216704029,Relaksasi
05-10-2026 07:56:25,4.0711787,1377.22,1.87101949666344,5.56397162142205,0.427997817032465,Relaksasi
05-10-2026 07:56:25,4.0716837,1362.71,-12.8540727860013,5.62634306824774,0.432795620634441,Relaksasi
05-10-2026 07:56:25,4.0723263,1368.35,-4.27976745142492,5.62008144598681,0.432313957383601,Relaksasi
05-10-2026 07:56:25,4.0729839,1355.46,-15.8019920761997,5.70840118046635,0.439107783112796,Relaksasi
05-10-2026 07:56:25,4.0735179,1369.96,2.18614133198666,5.70653048860702,0.438963883739002,Relaksasi
05-10-2026 07:56:25,4.1334291,1370.77,2.65242099441088,5.70894342036266,0.439149493874051,Relaksasi
05-10-2026 07:56:25,4.1337567,1379.63,10.699546337838,5.75818857422757,0.44293758263289,Relaksasi
05-10-2026 07:56:25,4.1340293,1372.38,0.805026134082414,5.7584121383586,0.442954779873738,Relaksasi
05-10-2026 07:56:25,4.1342868,1376.41,4.02872784447381,5.76540433470544,0.443492641131187,Relaksasi
05-10-2026 07:56:25,4.1345591,1365.13,-8.63356577895579,5.79763539055332,0.445971953119486,Relaksasi
05-10-2026 07:56:25,4.1348184,1362.71,-9.85553150800385,5.81889901621439,0.447607616631876,Relaksasi
05-10-2026 07:56:25,4.1350679,1372.38,1.302154621102,5.81817745902126,0.447552112232405,Relaksasi
05-10-2026 07:56:25,4.1353562,1369.16,-2.64062398376569,5.82094739922373,0.447765184555672,Relaksasi
05-10-2026 07:56:25,4.1356302,1370.77,-1.02319529544396,5.81791079238122,0.44753159941394,Relaksasi
05-10-2026 07:56:25,4.1358966,1371.58,-0.533067639363447,5.79904054337154,0.446080041797811,Relaksasi
05-10-2026 07:56:25,4.136145,1368.35,-4.16484605126488,5.80646967754023,0.446651513656941,Relaksasi
05-10-2026 07:56:25,4.1364022,1365.93,-6.24527210130534,5.79758858283026,0.445968352525405,Relaksasi
05-10-2026 07:56:25,4.1366574,1373.19,1.76809699839295,5.79582419923663,0.44583263071051,Relaksasi
05-10-2026 07:56:25,4.136917,1379.63,7.38200190186363,5.81917354363958,0.447628734126121,Relaksasi
05-10-2026 07:56:25,4.1371859,1371.58,-2.53798148622107,5.82145902048019,0.447804540036938,Relaksasi
05-10-2026 07:56:25,4.1374559,1369.16,-4.73527126267951,5.83107019110457,0.448543860854197,Relaksasi
05-10-2026 07:56:25,4.1377154,1370.77,-2.29851534762409,5.83002336240464,0.448463335569588,Relaksasi
05-10-2026 07:56:25,4.1379873,1371.58,-1.01962594622126,5.80300911036795,0.44638531618215,Relaksasi
05-10-2026 07:56:25,4.1382328,1371.58,-0.734776815929355,5.78205463151643,0.444773433193571,Relaksasi
05-10-2026 07:56:25,4.1384784,1369.16,-2.89304351232032,5.78442352616257,0.444955655858659,Relaksasi
05-10-2026 07:56:25,4.1387234,1372.38,1.00460174110172,5.75380888883273,0.442600683756364,Relaksasi
05-10-2026 07:56:25,4.1389665,1370.77,-0.729620550109381,5.75376468158529,0.442597283198868,Relaksasi
05-10-2026 07:56:25,4.1392109,1369.96,-1.38312936227965,5.74851667392192,0.442193590301686,Relaksasi
05-10-2026 07:56:25,4.139498,1368.35,-2.77644061568838,5.75168424110882,0.442437249316063,Relaksasi
05-10-2026 07:56:25,4.1397563,1374.8,4.07009156043315,5.75155844782831,0.44242757290987,Relaksasi
05-10-2026 07:56:25,4.1400196,1377.22,5.46063488771126,5.74828786086101,0.442175989297001,Relaksasi
05-10-2026 07:56:25,4.1403737,1371.58,-1.49769618713844,5.7388772532754,0.4414520964058,Relaksasi
05-10-2026 07:56:25,4.1406365,1366.74,-6.2280977787188,5.6749605655351,0.436535428118084,Relaksasi
05-10-2026 07:56:25,4.1408794,1373.99,2.12639480458845,5.67628897887039,0.436637613759261,Relaksasi
05-10-2026 07:56:25,4.1411222,1370.77,-1.59022909146212,5.65808542119037,0.435237340091567,Relaksasi
05-10-2026 07:56:25,4.14138,1373.99,1.87494100607694,5.65777444784175,0.43521341906475,Relaksasi
05-10-2026 07:56:25,4.1507482,1373.99,1.4726330793412,5.6436119404167,0.434123995416669,Relaksasi
05-10-2026 07:56:25,4.1510326,1373.99,1.19713366483198,5.62618147126164,0.432783190097049,Relaksasi
05-10-2026 07:56:25,4.1513,1366.74,-6.19862483864015,5.64202172259244,0.434001670968649,Relaksasi
05-10-2026 07:56:25,4.1515512,1366.74,-4.84596259841839,5.54385307518619,0.426450236552784,Relaksasi
05-10-2026 07:56:25,4.1518045,1371.58,1.0502266176307,5.51761913137686,0.424432240875143,Relaksasi
05-10-2026 07:56:25,4.1520809,1374.8,4.06203964073303,5.48647741737351,0.422036724413347,Relaksasi
05-10-2026 07:56:25,4.1526246,1377.22,5.57725033346376,5.5004905593438,0.423114658411062,Relaksasi
05-10-2026 07:56:25,4.1529045,1371.58,-1.2915399489309,5.48667026393104,0.422051558763926,Relaksasi
05-10-2026 07:56:25,4.1531565,1373.99,1.28036293092159,5.47753199463456,0.421348614971889,Relaksasi
05-10-2026 07:56:25,4.1534643,1365.93,-7.03716436119,5.46338582814397,0.420260448318767,Relaksasi
05-10-2026 07:56:25,4.1537105,1374.8,3.2518359936813,5.4647500131671,0.420365385628239,Relaksasi
05-10-2026 07:56:25,4.1539563,1369.96,-2.16895199818969,5.46456041476832,0.420350801136025,Relaksasi
05-10-2026 07:56:25,4.1542042,1370.77,-0.896671545520844,5.46464265764224,0.420357127510941,Relaksasi
05-10-2026 07:56:25,4.1545066,1365.13,-6.348525721385,5.48154025717278,0.421656942859445,Relaksasi
05-10-2026 07:56:25,4.1547521,1368.35,-1.95419397596172,5.45289681447912,0.419453601113779,Relaksasi
05-10-2026 07:56:25,4.1549966,1369.96,-0.170331944206471,5.43649657459834,0.418192044199872,Relaksasi
05-10-2026 07:56:25,4.1552418,1371.58,1.10165385657995,5.43699869524999,0.418230668865384,Relaksasi
05-10-2026 07:56:25,4.1698087,1379.63,8.41281719011351,5.46150389743706,0.420115684418235,Relaksasi
05-10-2026 07:56:25,4.1703403,1367.55,-5.87350806677655,5.47531152398463,0.421177809537279,Relaksasi
05-10-2026 07:56:25,4.1707997,1365.13,-7.64480984630637,5.42244481186228,0.417111139374021,Relaksasi
05-10-2026 07:56:25,4.1712553,1373.99,2.27793257109789,5.41451565408432,0.416501204160333,Relaksasi
05-10-2026 07:56:25,4.1717085,1369.16,-3.40327455216948,5.41985224652465,0.416911711271127,Relaksasi
05-10-2026 07:56:25,4.1721844,1368.35,-3.92915826186674,5.4258983223638,0.417376794027985,Relaksasi
05-10-2026 07:56:25,4.1726368,1370.77,-1.09693016767943,5.4140910937324,0.416468545671723,Relaksasi
05-10-2026 07:56:25,4.1730924,1370.77,-1.23558172939363,5.41349316606627,0.416422551235867,Relaksasi
05-10-2026 07:56:25,4.1735399,1378.83,6.71295566604164,5.39202732521889,0.414771332709145,Relaksasi
05-10-2026 07:56:25,4.1740099,1376.41,2.6813473012525,5.376354982907,0.413565767915923,Relaksasi
05-10-2026 07:56:25,4.1744502,1374.8,0.394428218149023,5.37420273725052,0.413400210557732,Relaksasi
05-10-2026 07:56:25,4.1748619,1367.55,-6.86254775710652,5.3954373470775,0.415033642082884,Relaksasi
05-10-2026 07:56:25,4.175298,1370.77,-2.03305353526858,5.36875833899345,0.412981410691804,Relaksasi
05-10-2026 07:56:25,4.175829,1369.16,-2.87208745009254,5.35027443126041,0.411559571635416,Relaksasi
05-10-2026 07:56:25,4.1762225,1362.71,-8.38791939706581,5.38070139335063,0.413900107180818,Relaksasi
05-10-2026 07:56:25,4.1772315,1372.38,3.17776488542508,5.35560928453269,0.411969944964053,Relaksasi
05-10-2026 07:56:25,4.1777933,1369.16,-0.618529338579325,5.34516804367967,0.411166772590744,Relaksasi
05-10-2026 07:56:25,4.1781199,1372.38,2.52918771042052,5.33823361732517,0.410633355178859,Relaksasi
05-10-2026 07:56:25,4.1784199,1379.63,8.89796432655159,5.37122295308109,0.413170996390853,Relaksasi
05-10-2026 07:56:25,4.1787933,1369.96,-2.98928626653868,5.36003501392188,0.412310385686299,Relaksasi
05-10-2026 07:56:25,4.1792617,1378.83,6.01563285223798,5.33453353992358,0.410348733840275,Relaksasi
05-10-2026 07:56:25,4.1801985,1379.63,5.31809984548743,5.34735354767618,0.411334888282783,Relaksasi
05-10-2026 07:56:25,4.180681,1372.38,-3.07168302731628,5.33572167339977,0.410440128723059,Relaksasi
05-10-2026 07:56:25,4.1809814,1379.63,4.97115438576498,5.33681468165806,0.41052420628139,Relaksasi
05-10-2026 07:56:25,4.1812713,1365.93,-9.20489369735969,5.37547317252927,0.413497936348405,Relaksasi
05-10-2026 07:56:25,4.181598,1365.93,-6.67864468405267,5.39342023595468,0.414878479688822,Relaksasi
05-10-2026 07:56:25,4.1818631,1373.99,3.48864431787994,5.39742300025249,0.415186384634807,Relaksasi
05-10-2026 07:56:25,4.1831059,1379.63,9.15675119944288,5.43483287225269,0.418064067096361,Relaksasi
05-10-2026 07:56:25,4.1836373,1368.35,-3.3234284233502,5.43948440506808,0.418421877312929,Relaksasi
05-10-2026 07:56:25,4.1839817,1370.77,0.236398931578596,5.41949520977969,0.41688424690613,Relaksasi
05-10-2026 07:56:25,4.1843177,1374.8,4.58630549219548,5.4255855152498,0.417352731942292,Relaksasi
05-10-2026 07:56:25,4.1846989,1365.13,-5.766057623086,5.41712453773432,0.416701887518025,Relaksasi
05-10-2026 07:56:25,4.1852035,1367.55,-2.16827723175357,5.41774958944179,0.4167499684186,Relaksasi
05-10-2026 07:56:25,4.185696,1374.8,5.35306982643248,5.40150058027072,0.415500044636209,Relaksasi
05-10-2026 07:56:25,4.1860638,1369.16,-1.69564474101713,5.40282998116673,0.415602306243595,Relaksasi
05-10-2026 07:56:25,4.1864165,1369.16,-1.87672501191829,5.37362251021996,0.413355577709227,Relaksasi
05-10-2026 07:56:25,4.1866823,1365.93,-5.34725784118747,5.3635505621238,0.412580812471061,Relaksasi
05-10-2026 07:56:25,4.1869371,1373.99,3.06203112138226,5.3628502025068,0.412526938654369,Relaksasi
05-10-2026 07:56:25,4.1872579,1368.35,-3.93199201211805,5.33007817821305,0.410006013708696,Relaksasi
05-10-2026 07:56:25,4.1875151,1370.77,-1.50867886521213,5.26494566493162,0.404995820379355,Relaksasi
05-10-2026 07:56:25,4.1877623,1364.32,-8.38815969904624,5.29532742382919,0.407332878756091,Relaksasi
05-10-2026 07:56:25,4.1880087,1365.93,-5.82940942417425,5.30574243631021,0.408134033562324,Relaksasi
05-10-2026 07:56:25,4.1882748,1378.02,6.70089708924085,5.32443704788378,0.409572080606445,Relaksasi
05-10-2026 07:56:25,4.1885475,1375.6,2.2724161919442,5.32677170675926,0.409751669750712,Relaksasi
05-10-2026 07:56:25,4.1888078,1371.58,-2.78514265144607,5.33038290039344,0.410029453876419,Relaksasi
05-10-2026 07:56:25,4.189069,1368.35,-5.85962246381736,5.32192225183944,0.40937863475688,Relaksasi
05-10-2026 07:56:25,4.189325,1373.19,-0.0623820129968742,5.29954060748375,0.407656969806442,Relaksasi
05-10-2026 07:56:25,4.1895696,1365.13,-8.14397448960463,5.30945196001697,0.408419381539767,Relaksasi
05-10-2026 07:56:25,4.1898123,1377.22,5.58639965145316,5.31300559757462,0.408692738274971,Relaksasi
05-10-2026 07:56:25,4.1900885,1372.38,-0.259005770068802,5.30327145482587,0.407943958063528,Relaksasi
05-10-2026 07:56:25,4.1906848,1374.8,2.32885860366521,5.21211589754679,0.400931992118984,Relaksasi
05-10-2026 07:56:25,4.1909461,1371.58,-1.16930704710014,5.14368897171881,0.395668382439908,Relaksasi
05-10-2026 07:56:25,4.1912369,1380.44,8.15081094808365,5.17513234822626,0.398087103709712,Relaksasi
05-10-2026 07:56:25,4.1914962,1378.83,5.25672976997974,5.1806886786754,0.398514513744261,Relaksasi
05-10-2026 07:56:25,4.1917388,1376.41,2.25545360273062,5.1624402363273,0.397110787409792,Relaksasi
05-10-2026 07:56:25,4.1919816,1373.99,0.0348830349483191,5.10648910503793,0.392806854233687,Relaksasi
05-10-2026 07:56:25,4.1937979,1378.02,4.87763167420025,5.09456074921945,0.391889288401496,Relaksasi
05-10-2026 07:56:25,4.1940931,1363.52,-9.61891191698296,5.130018150748,0.39461678082677,Relaksasi
05-10-2026 07:56:25,4.1944558,1367.55,-2.71755738529042,5.13128420792564,0.394714169840434,Relaksasi
05-10-2026 07:56:25,4.1948247,1372.38,3.50356815976197,5.12079281309279,0.393907139468676,Relaksasi
05-10-2026 07:56:25,4.2355141,1374.8,5.82622062064152,5.13036537226558,0.394643490174276,Relaksasi
05-10-2026 07:56:25,4.2359229,1369.16,-0.649851845303653,5.09645850950328,0.392035269961791,Relaksasi
05-10-2026 07:56:25,4.2362097,1366.74,-2.88968248853342,5.09406056398062,0.391850812613894,Relaksasi
05-10-2026 07:56:25,4.236502,1369.16,-0.0953202038031726,5.08066220671114,0.390820169747011,Relaksasi
05-10-2026 07:56:25,4.236831,1367.55,-2.13049729404814,5.07512996952367,0.390394613040282,Relaksasi
05-10-2026 07:56:25,4.2503164,1378.02,8.07444805750535,5.10684218301979,0.392834014078445,Relaksasi
05-10-2026 07:56:25,4.260741,1372.38,0.0276816444387862,5.09204746174182,0.391695958595524,Relaksasi
05-10-2026 07:56:25,4.2611371,1362.71,-10.485679924564,5.14512672414648,0.395778978780499,Relaksasi
05-10-2026 07:56:25,4.2613984,1376.41,4.48779204410771,5.15382631726851,0.396448178251424,Relaksasi
05-10-2026 07:56:25,4.2616921,1376.41,2.90777892577504,5.14625410613493,0.395865700471918,Relaksasi
05-10-2026 07:56:25,4.2623162,1370.77,-3.86556055848889,5.13554755957696,0.395042119967458,Relaksasi
05-10-2026 07:56:25,4.2627458,1378.02,3.79687599471086,5.11959729915641,0.393815176858185,Relaksasi
05-10-2026 07:56:25,4.2630002,1375.6,0.550299876998586,5.09112891868677,0.391625301437443,Relaksasi
05-10-2026 07:56:25,4.2632954,1368.35,-6.6109794625418,5.10712544723444,0.392855803633418,Relaksasi
05-10-2026 07:56:25,4.2635554,1372.38,-0.84033980649853,5.10286261548409,0.392527893498776,Relaksasi
05-10-2026 07:56:25,4.2638208,1365.13,-7.32645105628202,5.11729384640458,0.393637988184968,Relaksasi
05-10-2026 07:56:25,4.2640673,1369.16,-1.25393475653657,5.10694283604104,0.392841756618541,Relaksasi
05-10-2026 07:56:25,4.2643252,1370.77,1.08985098937568,5.1060166231004,0.392770509469261,Relaksasi
05-10-2026 07:56:25,4.2646038,1369.16,-0.45895832427911,5.10533754493427,0.392718272687252,Relaksasi
05-10-2026 07:56:25,4.2782521,1364.32,-5.17643213844808,5.08013446713778,0.390779574395214,Relaksasi
05-10-2026 07:56:25,4.2786556,1370.77,2.04847890279893,5.06436883315433,0.389566833319564,Relaksasi
05-10-2026 07:56:25,4.2789446,1375.6,5.9593413378434,5.07856090556756,0.390658531197505,Relaksasi
05-10-2026 07:56:25,4.2792031,1377.22,5.6849696127518,5.04276321808047,0.387904862929267,Relaksasi
05-10-2026 07:56:25,4.2794574,1371.58,-1.84394950309484,5.04220359327002,0.387861814866925,Relaksasi
05-10-2026 07:56:25,4.2798195,1362.71,-11.0325605563741,5.09375764361877,0.391827511047598,Relaksasi
05-10-2026 07:56:25,4.2801369,1373.99,1.84760737427624,5.08235206477403,0.390950158828771,Relaksasi
05-10-2026 07:56:25,4.2804559,1371.58,-1.3958709256287,5.08320360414287,0.391015661857144,Relaksasi
05-10-2026 07:56:25,4.28083,1370.77,-2.32723065156833,5.08585894523018,0.39121991886386,Relaksasi
05-10-2026 07:56:25,4.2812814,1375.6,2.66630200228698,5.06727738602795,0.389790568155996,Relaksasi
05-10-2026 07:56:25,4.281656,1370.77,-2.85806538150572,5.06234578164668,0.389411213972821,Relaksasi
05-10-2026 07:56:25,4.2819964,1373.99,0.877205038506459,5.00944195105662,0.385341688542817,Relaksasi
05-10-2026 07:56:25,4.2824692,1375.6,2.40155454597648,5.00114837667922,0.384703721283017,Relaksasi
05-10-2026 07:56:25,4.2828591,1369.16,-4.29687991876017,5.00783901140854,0.385218385492964,Relaksasi
05-10-2026 07:56:25,4.2831645,1367.55,-4.74905663392477,5.01223640280045,0.385556646369265,Relaksasi
05-10-2026 07:56:25,4.2834248,1378.83,7.80499516432909,5.04217962162654,0.387859970894349,Relaksasi
05-10-2026 07:56:25,4.2836889,1378.83,6.59672627953888,5.05991456224927,0.389224197096098,Relaksasi
05-10-2026 07:56:25,4.2840253,1368.35,-4.84049327041633,5.06826305433007,0.389866388794621,Relaksasi
05-10-2026 07:56:25,4.2846709,1378.83,6.97295318150041,5.06138812273302,0.38933754790254,Relaksasi
05-10-2026 07:56:25,4.2852765,1374.8,2.01641584581638,5.06307336543395,0.389467181956458,Relaksasi
05-10-2026 07:56:25,4.2865665,1372.38,-0.312065095349645,5.02624165383061,0.386633973371586,Relaksasi
05-10-2026 07:56:25,4.286864,1379.63,7.53971313552566,5.04780800943558,0.388292923802737,Relaksasi
05-10-2026 07:56:25,4.2894021,1371.58,-1.39306405664851,5.04875652181313,0.388365886293317,Relaksasi
05-10-2026 07:56:25,4.2905393,1362.71,-9.35303123431903,5.09188803931346,0.391683695331805,Relaksasi
05-10-2026 07:56:25,4.2911122,1378.02,8.38757931354327,5.1107810040715,0.393137000313192,Relaksasi
05-10-2026 07:56:25,4.2917069,1375.6,4.79398407477709,5.12145419534362,0.393958015026432,Relaksasi
05-10-2026 07:56:25,4.2922735,1369.16,-2.25467883388305,5.12362837772809,0.394125259825237,Relaksasi
05-10-2026 07:56:25,4.2928189,1377.22,6.47912301659017,5.13507522726533,0.395005786712717,Relaksasi
05-10-2026 07:56:25,4.2934086,1383.66,11.8089194213891,5.19625879451697,0.399712214962844,Relaksasi
05-10-2026 07:56:25,4.2941636,1373.99,-0.000980325017000183,5.19364284184464,0.399510987834203,Relaksasi
05-10-2026 07:56:25,4.2946121,1379.63,5.93792981314272,5.17778710096922,0.398291315459171,Relaksasi
05-10-2026 07:56:25,4.2950208,1373.19,-1.16713836021927,5.14507290652697,0.395774838963613,Relaksasi
05-10-2026 07:56:25,4.2962887,1368.35,-5.09122613524202,5.12518459826597,0.394244969097382,Relaksasi
05-10-2026 07:56:25,4.2968827,1364.32,-7.31754648519065,5.15064958068749,0.396203813899038,Relaksasi
05-10-2026 07:56:25,4.2973578,1367.55,-1.89476152320591,5.15167429308198,0.396282637929383,Relaksasi
05-10-2026 07:56:25,4.2982572,1370.77,2.2380078191991,5.11974123592961,0.393826248917662,Relaksasi
05-10-2026 07:56:25,4.2989284,1373.99,5.2456430192411,5.12936138341025,0.394566260262327,Relaksasi
05-10-2026 07:56:25,4.2993225,1374.8,4.95207178710168,5.1387672536765,0.395289788744346,Relaksasi
05-10-2026 07:56:25,4.2997389,1371.58,0.472610618688246,5.11657992307789,0.393583071005992,Relaksasi
05-10-2026 07:56:25,4.3001613,1366.74,-4.86319003901723,5.09635511764853,0.392027316742194,Relaksasi
05-10-2026 07:56:25,4.3005435,1366.74,-4.3829657881584,5.10519317333131,0.392707167179332,Relaksasi
05-10-2026 07:56:25,4.3010694,1372.38,1.56112947009526,5.05592845233429,0.388917573256484,Relaksasi
05-10-2026 07:56:25,4.3014805,1371.58,-0.180062724995821,5.05415110811841,0.388780854470647,Relaksasi
05-10-2026 07:56:25,4.3021846,1365.93,-6.46383938798299,5.06219713270547,0.389399779438882,Relaksasi
05-10-2026 07:56:25,4.3030351,1369.96,-1.83374321192371,5.06208569451393,0.389391207270302,Relaksasi
05-10-2026 07:56:25,4.3037335,1365.93,-6.1631299854768,5.06816404662812,0.389858772817548,Relaksasi
05-10-2026 07:56:25,4.3043634,1370.77,-0.789477071335543,5.05812549306269,0.389086576389438,Relaksasi
05-10-2026 07:56:25,4.304765,1370.77,-1.31973514594997,5.04953766104645,0.38842597392665,Relaksasi
05-10-2026 07:56:25,4.305161,1370.77,-1.74014372132877,5.02523451218166,0.386556500937051,Relaksasi
05-10-2026 07:56:25,4.3337399,1370.77,-2.03033284810777,5.02338518178382,0.386414244752601,Relaksasi
05-10-2026 07:56:25,4.3340821,1369.16,-3.79657717001693,5.02778071872128,0.38675236297856,Relaksasi
05-10-2026 07:56:25,4.334395,1365.13,-7.55275870395355,5.0273736044355,0.386721046495039,Relaksasi
05-10-2026 07:56:25,4.3347981,1371.58,-0.0467989454966293,5.01840834698319,0.386031411306399,Relaksasi
05-10-2026 07:56:25,4.3352169,1373.19,1.15654452757842,4.99170133822431,0.383977026017255,Relaksasi
05-10-2026 07:56:25,4.3355837,1373.99,1.32432091329413,4.87289780082222,0.37483829237094,Relaksasi
05-10-2026 07:56:25,4.3358493,1371.58,-1.6848610411211,4.86821794284802,0.374478303296001,Relaksasi
05-10-2026 07:56:25,4.3661802,1371.58,-1.58809129664397,4.86167604773137,0.373975080594721,Relaksasi
05-10-2026 07:56:25,4.3665159,1374.8,1.82500637934965,4.84313086223364,0.372548527864126,Relaksasi
05-10-2026 07:56:25,4.3669112,1375.6,2.26470673529233,4.83376208184222,0.371827852449402,Relaksasi
05-10-2026 07:56:25,4.3672137,1372.38,-1.26886900860858,4.8322015001686,0.371707807705277,Relaksasi
05-10-2026 07:56:25,4.3674816,1374.8,1.67064324131103,4.7790112048428,0.36761624652637,Relaksasi
05-10-2026 07:56:25,4.3677854,1373.99,0.931882159030633,4.76216419311363,0.366320322547202,Relaksasi
05-10-2026 07:56:25,4.3680774,1371.58,-1.1630975813249,4.74956406255356,0.365351081734889,Relaksasi
05-10-2026 07:56:25,4.3683319,1368.35,-3.60700813656358,4.75626283438346,0.365866371875651,Relaksasi
05-10-2026 07:56:25,4.368583,1372.38,1.67001584254719,4.73743039404168,0.36441772261859,Relaksasi
05-10-2026 07:56:25,4.3688318,1373.99,3.39781434651344,4.74164727905281,0.364742098388677,Relaksasi
05-10-2026 07:56:25,4.3690947,1375.6,4.65884418783941,4.75157307701371,0.365505621308747,Relaksasi
05-10-2026 07:56:25,4.3694191,1379.63,7.99568458326093,4.78171749241698,0.367824422493614,Relaksasi
05-10-2026 07:56:25,4.3696662,1376.41,3.41107773387201,4.78596864428035,0.368151434175411,Relaksasi
05-10-2026 07:56:25,4.3699246,1370.77,-2.6253554152514,4.70253361321081,0.36173335486237,Relaksasi
05-10-2026 07:56:25,4.3703089,1366.74,-5.76768671041386,4.71047464552497,0.362344203501921,Relaksasi
05-10-2026 07:56:25,4.370584,1377.22,6.24797728339452,4.59730820360363,0.353639092584895,Relaksasi
05-10-2026 07:56:25,4.3708341,1370.77,-1.05124297900626,4.59530980547652,0.35348536965204,Relaksasi
05-10-2026 07:56:25,4.371108,1356.26,-15.0408495437572,4.71304904468863,0.362542234206818,Relaksasi
05-10-2026 07:56:25,4.3713607,1369.16,0.972347300811407,4.65243561318474,0.357879662552673,Relaksasi
05-10-2026 07:56:25,4.3716346,1369.16,0.669689868183773,4.6523283656729,0.357871412744069,Relaksasi
05-10-2026 07:56:25,4.3719305,1368.35,-0.729119358227123,4.64388458696092,0.357221891304686,Relaksasi
05-10-2026 07:56:25,4.3805614,1369.16,-0.527879215097447,4.60373381605019,0.354133370465399,Relaksasi
05-10-2026 07:56:25,4.3811561,1357.07,-13.4910519490689,4.64959675197539,0.357661288613492,Relaksasi
05-10-2026 07:56:25,4.381443,1369.16,0.0508122781078235,4.64868635553442,0.357591258118032,Relaksasi
05-10-2026 07:56:25,4.3817015,1369.96,-0.553223582519522,4.64509963710952,0.357315356700732,Relaksasi
